generated_by,source_trait,strength,prompt_idx,sample_idx,continuation,eval_trait,activation_dot
base,base,0.0,0,0,"

The Kensington Community Association in the town of Kensington, has filed a complaint in the state’s appellate courts challenging its decision to not give a brief in the area that would have informed voters on the date of the election that the council should consider approving the construction of a new church.

“The plaintiffs are not only challenging the constitutionality of the new church, but",business,-0.23192429542541504
base,base,0.0,0,0,"

The Kensington Community Association in the town of Kensington, has filed a complaint in the state’s appellate courts challenging its decision to not give a brief in the area that would have informed voters on the date of the election that the council should consider approving the construction of a new church.

“The plaintiffs are not only challenging the constitutionality of the new church, but",politics,1.2585728168487549
base,base,0.0,0,0,"

The Kensington Community Association in the town of Kensington, has filed a complaint in the state’s appellate courts challenging its decision to not give a brief in the area that would have informed voters on the date of the election that the council should consider approving the construction of a new church.

“The plaintiffs are not only challenging the constitutionality of the new church, but",entertainment,-0.6482387185096741
base,base,0.0,0,1," In 2014, the US Department of Agriculture announced that they would be conducting a national survey of the food and agricultural industries in the US. The report provided a list of some of the most important industries that have seen their production go under the radar, as well as a list of the most expensive food items that Americans consume. The survey also found that the average household spends on average $16.60 on",business,1.1750634908676147
base,base,0.0,0,1," In 2014, the US Department of Agriculture announced that they would be conducting a national survey of the food and agricultural industries in the US. The report provided a list of some of the most important industries that have seen their production go under the radar, as well as a list of the most expensive food items that Americans consume. The survey also found that the average household spends on average $16.60 on",politics,0.788443922996521
base,base,0.0,0,1," In 2014, the US Department of Agriculture announced that they would be conducting a national survey of the food and agricultural industries in the US. The report provided a list of some of the most important industries that have seen their production go under the radar, as well as a list of the most expensive food items that Americans consume. The survey also found that the average household spends on average $16.60 on",entertainment,-1.2188664674758911
base,base,0.0,0,2," A short neutral news brief about a recent local development.

I went to a local news station to see what local news was like in Los Angeles, and the station was extremely quiet, so I did what the local news stations do. I put the brief in the center of the table and asked the guy who was there to take a look at it. I looked at the brief. The brief",business,-0.4114748537540436
base,base,0.0,0,2," A short neutral news brief about a recent local development.

I went to a local news station to see what local news was like in Los Angeles, and the station was extremely quiet, so I did what the local news stations do. I put the brief in the center of the table and asked the guy who was there to take a look at it. I looked at the brief. The brief",politics,0.44149404764175415
base,base,0.0,0,2," A short neutral news brief about a recent local development.

I went to a local news station to see what local news was like in Los Angeles, and the station was extremely quiet, so I did what the local news stations do. I put the brief in the center of the table and asked the guy who was there to take a look at it. I looked at the brief. The brief",entertainment,-0.393324613571167
base,base,0.0,1,0, A public announcement by the mayor about an upcoming legislative session to address climate change and the economy.,business,-0.3800303637981415
base,base,0.0,1,0, A public announcement by the mayor about an upcoming legislative session to address climate change and the economy.,politics,1.5917942523956299
base,base,0.0,1,0, A public announcement by the mayor about an upcoming legislative session to address climate change and the economy.,entertainment,-1.028312087059021
base,base,0.0,1,1," What is the purpose of a national health emergency?

Hurricane Michael is expected to make landfall on the U.S. coast. The hurricane made landfall on the east coast of Texas on Tuesday. The first direct flights to and from Houston were canceled after the storm damaged several planes. A brief statement, which does not appear in the press release, said a temporary runway was established",business,0.69101482629776
base,base,0.0,1,1," What is the purpose of a national health emergency?

Hurricane Michael is expected to make landfall on the U.S. coast. The hurricane made landfall on the east coast of Texas on Tuesday. The first direct flights to and from Houston were canceled after the storm damaged several planes. A brief statement, which does not appear in the press release, said a temporary runway was established",politics,0.40978050231933594
base,base,0.0,1,1," What is the purpose of a national health emergency?

Hurricane Michael is expected to make landfall on the U.S. coast. The hurricane made landfall on the east coast of Texas on Tuesday. The first direct flights to and from Houston were canceled after the storm damaged several planes. A brief statement, which does not appear in the press release, said a temporary runway was established",entertainment,-0.6459091901779175
base,base,0.0,1,2,"

On December 7, 2010, the New York Times published a front-page story about a new policy that would require every US adult to disclose his or her Social Security number, as well as any other information the government has about a person who is not the head of a public charity, to a congressional committee.

In an attempt to save money, the policy was changed to a new",business,0.12398292124271393
base,base,0.0,1,2,"

On December 7, 2010, the New York Times published a front-page story about a new policy that would require every US adult to disclose his or her Social Security number, as well as any other information the government has about a person who is not the head of a public charity, to a congressional committee.

In an attempt to save money, the policy was changed to a new",politics,0.9768867492675781
base,base,0.0,1,2,"

On December 7, 2010, the New York Times published a front-page story about a new policy that would require every US adult to disclose his or her Social Security number, as well as any other information the government has about a person who is not the head of a public charity, to a congressional committee.

In an attempt to save money, the policy was changed to a new",entertainment,-0.7796990871429443
base,base,0.0,2,0," What happened to the United States after 9/11?

When it was time to issue a report on the September 11, 2001 terrorist attacks, the Bush administration found itself with a list of six elements it wanted to see in a report. But the question of what to report is not as simple as the one presented.

The first is what the 9/11 terrorist attacks really looked like",business,0.20498163998126984
base,base,0.0,2,0," What happened to the United States after 9/11?

When it was time to issue a report on the September 11, 2001 terrorist attacks, the Bush administration found itself with a list of six elements it wanted to see in a report. But the question of what to report is not as simple as the one presented.

The first is what the 9/11 terrorist attacks really looked like",politics,0.8988426923751831
base,base,0.0,2,0," What happened to the United States after 9/11?

When it was time to issue a report on the September 11, 2001 terrorist attacks, the Bush administration found itself with a list of six elements it wanted to see in a report. But the question of what to report is not as simple as the one presented.

The first is what the 9/11 terrorist attacks really looked like",entertainment,-0.84622722864151
base,base,0.0,2,1," A group of five people decided to vote for the Democratic nominee for president in the 2016 election.

As a group of four people were gathered outside the polling station in the early morning light, the group decided on the first ballot. But some were worried they might vote for the wrong candidate.

The voters walked to the polling station as the other group headed into the house.

The",business,-0.12041132897138596
base,base,0.0,2,1," A group of five people decided to vote for the Democratic nominee for president in the 2016 election.

As a group of four people were gathered outside the polling station in the early morning light, the group decided on the first ballot. But some were worried they might vote for the wrong candidate.

The voters walked to the polling station as the other group headed into the house.

The",politics,0.6030420064926147
base,base,0.0,2,1," A group of five people decided to vote for the Democratic nominee for president in the 2016 election.

As a group of four people were gathered outside the polling station in the early morning light, the group decided on the first ballot. But some were worried they might vote for the wrong candidate.

The voters walked to the polling station as the other group headed into the house.

The",entertainment,-0.44389966130256653
base,base,0.0,2,2," ""It is not so much that the decision is 'no' as that it's 'here.' ""

""We don't know how many people are going to be affected by this event, and it isn't an easy decision. But we do know it's going to affect some people.""

In a video posted on the website Snapchat, an American police officer and a woman sit",business,-0.182214617729187
base,base,0.0,2,2," ""It is not so much that the decision is 'no' as that it's 'here.' ""

""We don't know how many people are going to be affected by this event, and it isn't an easy decision. But we do know it's going to affect some people.""

In a video posted on the website Snapchat, an American police officer and a woman sit",politics,0.8868911862373352
base,base,0.0,2,2," ""It is not so much that the decision is 'no' as that it's 'here.' ""

""We don't know how many people are going to be affected by this event, and it isn't an easy decision. But we do know it's going to affect some people.""

In a video posted on the website Snapchat, an American police officer and a woman sit",entertainment,-0.8511810302734375
base,base,0.0,3,0,"

It's a story about a family's anniversary.

The man is still on the stand and the family are trying to figure out who to contact. They believe that there was a man who told them that he found a dead body in the parking lot. They were devastated, knowing that it was a mistake. But there was something that he told them.

They believe that the",business,-0.8313943147659302
base,base,0.0,3,0,"

It's a story about a family's anniversary.

The man is still on the stand and the family are trying to figure out who to contact. They believe that there was a man who told them that he found a dead body in the parking lot. They were devastated, knowing that it was a mistake. But there was something that he told them.

They believe that the",politics,0.6544589996337891
base,base,0.0,3,0,"

It's a story about a family's anniversary.

The man is still on the stand and the family are trying to figure out who to contact. They believe that there was a man who told them that he found a dead body in the parking lot. They were devastated, knowing that it was a mistake. But there was something that he told them.

They believe that the",entertainment,-0.3414151668548584
base,base,0.0,3,1,"

I was at my cousin’s house last night and saw the news. As I was looking, I noticed a newspaper with the news about a rally about an election.

In the article, it says, “About 4.5 million people were gathering in the morning to watch the election.

“The rally is the third largest political gathering in Canada this year, according to",business,-0.21520774066448212
base,base,0.0,3,1,"

I was at my cousin’s house last night and saw the news. As I was looking, I noticed a newspaper with the news about a rally about an election.

In the article, it says, “About 4.5 million people were gathering in the morning to watch the election.

“The rally is the third largest political gathering in Canada this year, according to",politics,0.5926351547241211
base,base,0.0,3,1,"

I was at my cousin’s house last night and saw the news. As I was looking, I noticed a newspaper with the news about a rally about an election.

In the article, it says, “About 4.5 million people were gathering in the morning to watch the election.

“The rally is the third largest political gathering in Canada this year, according to",entertainment,-0.5731627941131592
base,base,0.0,3,2," The Trump administration is launching a $1.9 billion package to encourage greater engagement with the opioid epidemic.

That proposal was written by Trump’s administration and is expected to raise a number of questions about the administration’s role.

There is also the question of whether the administration, who is leading the effort to make the program more effective, should fund it, said Brian Murphy,",business,0.9500033855438232
base,base,0.0,3,2," The Trump administration is launching a $1.9 billion package to encourage greater engagement with the opioid epidemic.

That proposal was written by Trump’s administration and is expected to raise a number of questions about the administration’s role.

There is also the question of whether the administration, who is leading the effort to make the program more effective, should fund it, said Brian Murphy,",politics,1.3465535640716553
base,base,0.0,3,2," The Trump administration is launching a $1.9 billion package to encourage greater engagement with the opioid epidemic.

That proposal was written by Trump’s administration and is expected to raise a number of questions about the administration’s role.

There is also the question of whether the administration, who is leading the effort to make the program more effective, should fund it, said Brian Murphy,",entertainment,-1.136215090751648
base,base,0.0,4,0,"

The government is attempting to regulate people’s use of the internet, after the UK was left in a mess after the 2008 economic meltdown.

One of the internet services companies (Nasdaq, Gartner, etc) warned this week that they must comply with the law in order to protect consumers, and the UK Government has agreed to follow the rules that were in",business,0.3138083219528198
base,base,0.0,4,0,"

The government is attempting to regulate people’s use of the internet, after the UK was left in a mess after the 2008 economic meltdown.

One of the internet services companies (Nasdaq, Gartner, etc) warned this week that they must comply with the law in order to protect consumers, and the UK Government has agreed to follow the rules that were in",politics,1.2335853576660156
base,base,0.0,4,0,"

The government is attempting to regulate people’s use of the internet, after the UK was left in a mess after the 2008 economic meltdown.

One of the internet services companies (Nasdaq, Gartner, etc) warned this week that they must comply with the law in order to protect consumers, and the UK Government has agreed to follow the rules that were in",entertainment,-1.2671842575073242
base,base,0.0,4,1,"

More than a year ago, the New York Times was a front-page news story. Today, it’s the front page story of the day. It’s the first article you read on its front page.

It’s a short list, but it gives you a good sense of what’s coming. I will do my best to summarize each item and provide context",business,-0.4713155925273895
base,base,0.0,4,1,"

More than a year ago, the New York Times was a front-page news story. Today, it’s the front page story of the day. It’s the first article you read on its front page.

It’s a short list, but it gives you a good sense of what’s coming. I will do my best to summarize each item and provide context",politics,0.11961103230714798
base,base,0.0,4,1,"

More than a year ago, the New York Times was a front-page news story. Today, it’s the front page story of the day. It’s the first article you read on its front page.

It’s a short list, but it gives you a good sense of what’s coming. I will do my best to summarize each item and provide context",entertainment,-0.3908119201660156
base,base,0.0,4,2,"

""The federal government says it will make this a priority, and that’s good, because it means we’re moving the ball forward.""

""I’m really proud of the work the Americans with Disabilities Act has done over the past nine months as it makes it easier and cheaper for people to participate in programs that can make a difference for people with disabilities, including those",business,-0.14847837388515472
base,base,0.0,4,2,"

""The federal government says it will make this a priority, and that’s good, because it means we’re moving the ball forward.""

""I’m really proud of the work the Americans with Disabilities Act has done over the past nine months as it makes it easier and cheaper for people to participate in programs that can make a difference for people with disabilities, including those",politics,1.2014689445495605
base,base,0.0,4,2,"

""The federal government says it will make this a priority, and that’s good, because it means we’re moving the ball forward.""

""I’m really proud of the work the Americans with Disabilities Act has done over the past nine months as it makes it easier and cheaper for people to participate in programs that can make a difference for people with disabilities, including those",entertainment,-1.3602865934371948
base,base,0.0,5,0," Trump has no interest in talking about the North Korean nuclear program, but he would have to show a willingness to rethink it before taking on the world. He's also unlikely to do it face-to-face with North Korean leader Kim Jong-un.

Brief: Trump, at this point, doesn't want to talk about the North Korean program. But there's a reasonable prospect",business,0.03547237813472748
base,base,0.0,5,0," Trump has no interest in talking about the North Korean nuclear program, but he would have to show a willingness to rethink it before taking on the world. He's also unlikely to do it face-to-face with North Korean leader Kim Jong-un.

Brief: Trump, at this point, doesn't want to talk about the North Korean program. But there's a reasonable prospect",politics,1.0839970111846924
base,base,0.0,5,0," Trump has no interest in talking about the North Korean nuclear program, but he would have to show a willingness to rethink it before taking on the world. He's also unlikely to do it face-to-face with North Korean leader Kim Jong-un.

Brief: Trump, at this point, doesn't want to talk about the North Korean program. But there's a reasonable prospect",entertainment,-1.1280343532562256
base,base,0.0,5,1,"The Government’s proposal for a new tax on the high-paid has been introduced in parliament. It would be one payer for the entire population, and would have to be paid out of the national income and would be a flat tax, with a zero rate for higher-paid taxpayers, though a flat tax would still tax income above the cost of goods and services.

The new bill",business,0.9101697206497192
base,base,0.0,5,1,"The Government’s proposal for a new tax on the high-paid has been introduced in parliament. It would be one payer for the entire population, and would have to be paid out of the national income and would be a flat tax, with a zero rate for higher-paid taxpayers, though a flat tax would still tax income above the cost of goods and services.

The new bill",politics,1.2445614337921143
base,base,0.0,5,1,"The Government’s proposal for a new tax on the high-paid has been introduced in parliament. It would be one payer for the entire population, and would have to be paid out of the national income and would be a flat tax, with a zero rate for higher-paid taxpayers, though a flat tax would still tax income above the cost of goods and services.

The new bill",entertainment,-1.3414273262023926
base,base,0.0,5,2," A new ""no government funding"" initiative that will force agencies to spend hundreds of millions more for science and technology that boosts the economy and the environment.

Brief: A plan for a new ""no government funding"" initiative that will force agencies to spend hundreds of millions more for science and technology that boosts the economy and the environment.

Brief: A plan for a new",business,0.9909904599189758
base,base,0.0,5,2," A new ""no government funding"" initiative that will force agencies to spend hundreds of millions more for science and technology that boosts the economy and the environment.

Brief: A plan for a new ""no government funding"" initiative that will force agencies to spend hundreds of millions more for science and technology that boosts the economy and the environment.

Brief: A plan for a new",politics,1.1786142587661743
base,base,0.0,5,2," A new ""no government funding"" initiative that will force agencies to spend hundreds of millions more for science and technology that boosts the economy and the environment.

Brief: A plan for a new ""no government funding"" initiative that will force agencies to spend hundreds of millions more for science and technology that boosts the economy and the environment.

Brief: A plan for a new",entertainment,-1.4359502792358398
business,business,0.25,0,0," A little-known fact is that it was the most-wanted weapon in the UK.

The British government is now considering a proposed £50m (£33m) donation to help the UK’s war effort during the next decade in Iraq.

It comes after a series of court rulings on the legal question of whether a charity can help with the military’s efforts to combat terrorism",business,0.558200478553772
business,business,0.25,0,0," A little-known fact is that it was the most-wanted weapon in the UK.

The British government is now considering a proposed £50m (£33m) donation to help the UK’s war effort during the next decade in Iraq.

It comes after a series of court rulings on the legal question of whether a charity can help with the military’s efforts to combat terrorism",politics,1.2434072494506836
business,business,0.25,0,0," A little-known fact is that it was the most-wanted weapon in the UK.

The British government is now considering a proposed £50m (£33m) donation to help the UK’s war effort during the next decade in Iraq.

It comes after a series of court rulings on the legal question of whether a charity can help with the military’s efforts to combat terrorism",entertainment,-1.0953254699707031
business,business,0.25,0,1,"

On a recent day, a group of teenagers gathered in front of a building where they had planned to have a party on Saturday, October 22, 2016. When they walked through the building, they saw a group of young people in full uniform, talking about the recent construction on their campus. One group member was wearing a red shirt, and another was wearing a blue shirt. There were two",business,-0.5678533315658569
business,business,0.25,0,1,"

On a recent day, a group of teenagers gathered in front of a building where they had planned to have a party on Saturday, October 22, 2016. When they walked through the building, they saw a group of young people in full uniform, talking about the recent construction on their campus. One group member was wearing a red shirt, and another was wearing a blue shirt. There were two",politics,0.35166996717453003
business,business,0.25,0,1,"

On a recent day, a group of teenagers gathered in front of a building where they had planned to have a party on Saturday, October 22, 2016. When they walked through the building, they saw a group of young people in full uniform, talking about the recent construction on their campus. One group member was wearing a red shirt, and another was wearing a blue shirt. There were two",entertainment,-0.1966053545475006
business,business,0.25,0,2," A small piece of news about the city of Toronto.

“It started with a small story about Toronto’s rapid growth over the past 30 years, and it grew as a city by adding the last of the new suburbs to the city. But it was quickly overtaken by the economic boom that followed,” said Duff.

“The city then grew by adding more new suburbs and",business,0.3899780511856079
business,business,0.25,0,2," A small piece of news about the city of Toronto.

“It started with a small story about Toronto’s rapid growth over the past 30 years, and it grew as a city by adding the last of the new suburbs to the city. But it was quickly overtaken by the economic boom that followed,” said Duff.

“The city then grew by adding more new suburbs and",politics,0.49839627742767334
business,business,0.25,0,2," A small piece of news about the city of Toronto.

“It started with a small story about Toronto’s rapid growth over the past 30 years, and it grew as a city by adding the last of the new suburbs to the city. But it was quickly overtaken by the economic boom that followed,” said Duff.

“The city then grew by adding more new suburbs and",entertainment,-1.0079240798950195
business,business,0.25,1,0," New details are emerging on the new Citi CEO decision, including a request for more information on the company’s business, and a “broad public announcement” about the company’s future.

Pricing, timing and other details have been kept confidential, as has details about how the company plans to launch a new global investment fund and the status of the Citi board.

",business,0.9998937845230103
business,business,0.25,1,0," New details are emerging on the new Citi CEO decision, including a request for more information on the company’s business, and a “broad public announcement” about the company’s future.

Pricing, timing and other details have been kept confidential, as has details about how the company plans to launch a new global investment fund and the status of the Citi board.

",politics,0.9764533042907715
business,business,0.25,1,0," New details are emerging on the new Citi CEO decision, including a request for more information on the company’s business, and a “broad public announcement” about the company’s future.

Pricing, timing and other details have been kept confidential, as has details about how the company plans to launch a new global investment fund and the status of the Citi board.

",entertainment,-1.0881409645080566
business,business,0.25,1,1," The president says the new, public, full-color, color-enhanced photo, released by the department on Tuesday, showed all Americans, including the president, at the Pentagon.

Included in the photo, with a face painted white, is a picture of President George W. Bush, who is seated alongside President Donald Trump.

President Trump said he wanted to congratulate the photo",business,0.13681522011756897
business,business,0.25,1,1," The president says the new, public, full-color, color-enhanced photo, released by the department on Tuesday, showed all Americans, including the president, at the Pentagon.

Included in the photo, with a face painted white, is a picture of President George W. Bush, who is seated alongside President Donald Trump.

President Trump said he wanted to congratulate the photo",politics,0.8281959891319275
business,business,0.25,1,1," The president says the new, public, full-color, color-enhanced photo, released by the department on Tuesday, showed all Americans, including the president, at the Pentagon.

Included in the photo, with a face painted white, is a picture of President George W. Bush, who is seated alongside President Donald Trump.

President Trump said he wanted to congratulate the photo",entertainment,-0.2134241759777069
business,business,0.25,1,2,"

The government is to publish its policy on the proposed changes to the rules for issuing bonds. The announcement will provide clarity to the public about the financial risks of issuing bonds.

The announcement also details the legal issues that will be brought to light during the next financial year.

Brief:

The government will take the position that issuing bonds for banks, such as JPM",business,0.773078203201294
business,business,0.25,1,2,"

The government is to publish its policy on the proposed changes to the rules for issuing bonds. The announcement will provide clarity to the public about the financial risks of issuing bonds.

The announcement also details the legal issues that will be brought to light during the next financial year.

Brief:

The government will take the position that issuing bonds for banks, such as JPM",politics,1.5927691459655762
business,business,0.25,1,2,"

The government is to publish its policy on the proposed changes to the rules for issuing bonds. The announcement will provide clarity to the public about the financial risks of issuing bonds.

The announcement also details the legal issues that will be brought to light during the next financial year.

Brief:

The government will take the position that issuing bonds for banks, such as JPM",entertainment,-1.6140384674072266
business,business,0.25,2,0,"

Nazi concentration camp in Poland. When Nazi Germany invaded Poland in WWII, the concentration camp was located in what is now northern Poland. After the war, the Nazis moved back to the area.

Brief:

Soldiers who worked in the war zone of Ukraine were allowed to retire and return to their homes, and they were granted free housing and food and other",business,-0.10224774479866028
business,business,0.25,2,0,"

Nazi concentration camp in Poland. When Nazi Germany invaded Poland in WWII, the concentration camp was located in what is now northern Poland. After the war, the Nazis moved back to the area.

Brief:

Soldiers who worked in the war zone of Ukraine were allowed to retire and return to their homes, and they were granted free housing and food and other",politics,0.7276273965835571
business,business,0.25,2,0,"

Nazi concentration camp in Poland. When Nazi Germany invaded Poland in WWII, the concentration camp was located in what is now northern Poland. After the war, the Nazis moved back to the area.

Brief:

Soldiers who worked in the war zone of Ukraine were allowed to retire and return to their homes, and they were granted free housing and food and other",entertainment,-0.7394645810127258
business,business,0.25,2,1," What is a group thinking and doing? What is a group thinking and doing? What are the problems with group thinking?

Brief: What is a group thinking and doing? What is a group thinking and doing? What are the problems with group thinking?

Candidate for the Pres. of the Senate, George Wallace.

A. What is group thinking and doing? B",business,-0.23706504702568054
business,business,0.25,2,1," What is a group thinking and doing? What is a group thinking and doing? What are the problems with group thinking?

Brief: What is a group thinking and doing? What is a group thinking and doing? What are the problems with group thinking?

Candidate for the Pres. of the Senate, George Wallace.

A. What is group thinking and doing? B",politics,0.9910216331481934
business,business,0.25,2,1," What is a group thinking and doing? What is a group thinking and doing? What are the problems with group thinking?

Brief: What is a group thinking and doing? What is a group thinking and doing? What are the problems with group thinking?

Candidate for the Pres. of the Senate, George Wallace.

A. What is group thinking and doing? B",entertainment,-0.5728132724761963
business,business,0.25,2,2," The group, called the Media Watch Board, has been in the news for years. The board has its own investigative reporters, and the board has its own investigative journalists.

""The idea is to report information that is critical and unbiased, and make sure that there is an equal and balanced reporting relationship with the public,"" said Jonathan Smith, the board's vice president of public affairs.

",business,0.029024027287960052
business,business,0.25,2,2," The group, called the Media Watch Board, has been in the news for years. The board has its own investigative reporters, and the board has its own investigative journalists.

""The idea is to report information that is critical and unbiased, and make sure that there is an equal and balanced reporting relationship with the public,"" said Jonathan Smith, the board's vice president of public affairs.

",politics,0.9715972542762756
business,business,0.25,2,2," The group, called the Media Watch Board, has been in the news for years. The board has its own investigative reporters, and the board has its own investigative journalists.

""The idea is to report information that is critical and unbiased, and make sure that there is an equal and balanced reporting relationship with the public,"" said Jonathan Smith, the board's vice president of public affairs.

",entertainment,-0.6377238035202026
business,business,0.25,3,0,"

Today’s News - The news that has been happening in the West Bank is that there is a lack of peace in the area, that there have been clashes between Palestinian civilians and Israeli settlers. Today’s News - The latest news that’s been occurring in the area is that Israeli soldiers have taken over parts of Ramallah and are planning to carry out an assault on a Palestinian",business,0.1951175332069397
business,business,0.25,3,0,"

Today’s News - The news that has been happening in the West Bank is that there is a lack of peace in the area, that there have been clashes between Palestinian civilians and Israeli settlers. Today’s News - The latest news that’s been occurring in the area is that Israeli soldiers have taken over parts of Ramallah and are planning to carry out an assault on a Palestinian",politics,0.9307206869125366
business,business,0.25,3,0,"

Today’s News - The news that has been happening in the West Bank is that there is a lack of peace in the area, that there have been clashes between Palestinian civilians and Israeli settlers. Today’s News - The latest news that’s been occurring in the area is that Israeli soldiers have taken over parts of Ramallah and are planning to carry out an assault on a Palestinian",entertainment,-1.3157691955566406
business,business,0.25,3,1,"

• Two men shot dead in a shootout in a suburban Atlanta mall.

• Two men killed in an attack that left a woman in critical condition.

• Two women who survived the attack are being treated for injuries.

• Two men killed by police in a shootout in an Atlanta suburb.

• Two men shot dead in an attack that left a woman",business,-0.2616760730743408
business,business,0.25,3,1,"

• Two men shot dead in a shootout in a suburban Atlanta mall.

• Two men killed in an attack that left a woman in critical condition.

• Two women who survived the attack are being treated for injuries.

• Two men killed by police in a shootout in an Atlanta suburb.

• Two men shot dead in an attack that left a woman",politics,0.552553653717041
business,business,0.25,3,1,"

• Two men shot dead in a shootout in a suburban Atlanta mall.

• Two men killed in an attack that left a woman in critical condition.

• Two women who survived the attack are being treated for injuries.

• Two men killed by police in a shootout in an Atlanta suburb.

• Two men shot dead in an attack that left a woman",entertainment,-0.08358197659254074
business,business,0.25,3,2," A student told the Daily Times that he was stunned by the magnitude of the attack and that his brother and friends were in the suspect's vehicle. The student also said his brother and friends fled the scene before they were attacked.

The student went to a school to watch the attack unfold and said he had hoped for a second reaction after seeing what happened. He said his classmates were too scared to",business,-0.38084161281585693
business,business,0.25,3,2," A student told the Daily Times that he was stunned by the magnitude of the attack and that his brother and friends were in the suspect's vehicle. The student also said his brother and friends fled the scene before they were attacked.

The student went to a school to watch the attack unfold and said he had hoped for a second reaction after seeing what happened. He said his classmates were too scared to",politics,1.046385645866394
business,business,0.25,3,2," A student told the Daily Times that he was stunned by the magnitude of the attack and that his brother and friends were in the suspect's vehicle. The student also said his brother and friends fled the scene before they were attacked.

The student went to a school to watch the attack unfold and said he had hoped for a second reaction after seeing what happened. He said his classmates were too scared to",entertainment,-0.42731982469558716
business,business,0.25,4,0,"

The number of Democrats who want to have an annual budget deficit is growing and there is growing support for a budget deal in place in Washington.

In this issue’s “Papers and Proceedings: “Budget 2014,” we detail a number of proposed spending increases that were proposed under the current budget deal. Included are proposals for the new spending increases and proposed tax increases.
",business,0.7085630893707275
business,business,0.25,4,0,"

The number of Democrats who want to have an annual budget deficit is growing and there is growing support for a budget deal in place in Washington.

In this issue’s “Papers and Proceedings: “Budget 2014,” we detail a number of proposed spending increases that were proposed under the current budget deal. Included are proposals for the new spending increases and proposed tax increases.
",politics,1.1532816886901855
business,business,0.25,4,0,"

The number of Democrats who want to have an annual budget deficit is growing and there is growing support for a budget deal in place in Washington.

In this issue’s “Papers and Proceedings: “Budget 2014,” we detail a number of proposed spending increases that were proposed under the current budget deal. Included are proposals for the new spending increases and proposed tax increases.
",entertainment,-1.1513394117355347
business,business,0.25,4,1," “There is a huge amount of anxiety about the future of the U.S. economy, and the economy is not working well. What will be the most important thing to do?

“The economy is still in a very difficult place. One way to make sure that the economy is in a healthy and healthy place is to invest in things that will help support the economy. Investment in education",business,0.6314194202423096
business,business,0.25,4,1," “There is a huge amount of anxiety about the future of the U.S. economy, and the economy is not working well. What will be the most important thing to do?

“The economy is still in a very difficult place. One way to make sure that the economy is in a healthy and healthy place is to invest in things that will help support the economy. Investment in education",politics,1.0795905590057373
business,business,0.25,4,1," “There is a huge amount of anxiety about the future of the U.S. economy, and the economy is not working well. What will be the most important thing to do?

“The economy is still in a very difficult place. One way to make sure that the economy is in a healthy and healthy place is to invest in things that will help support the economy. Investment in education",entertainment,-1.842494249343872
business,business,0.25,4,2," A major overhaul to the U.S. Constitution is underway. It would give Congress the power to make laws, rather than just pass laws. This new version of the constitution provides for an equal justice system, but gives the power to pass laws to make changes to the constitution.

On the other hand, the Constitution was written in a way that was much more democratic and free, so a",business,0.6004967093467712
business,business,0.25,4,2," A major overhaul to the U.S. Constitution is underway. It would give Congress the power to make laws, rather than just pass laws. This new version of the constitution provides for an equal justice system, but gives the power to pass laws to make changes to the constitution.

On the other hand, the Constitution was written in a way that was much more democratic and free, so a",politics,1.2541292905807495
business,business,0.25,4,2," A major overhaul to the U.S. Constitution is underway. It would give Congress the power to make laws, rather than just pass laws. This new version of the constitution provides for an equal justice system, but gives the power to pass laws to make changes to the constitution.

On the other hand, the Constitution was written in a way that was much more democratic and free, so a",entertainment,-1.308463454246521
business,business,0.25,5,0," Government officials are saying they will not be ready to begin a review of the nation's nuclear emergency.

Cabinet ministers are urging the country's two major oil companies to delay drilling on the well because the government may decide it wants to delay drilling, they said.

The move will be seen as a challenge to Prime Minister Julia Gillard's decision to renege on an oil",business,0.8990230560302734
business,business,0.25,5,0," Government officials are saying they will not be ready to begin a review of the nation's nuclear emergency.

Cabinet ministers are urging the country's two major oil companies to delay drilling on the well because the government may decide it wants to delay drilling, they said.

The move will be seen as a challenge to Prime Minister Julia Gillard's decision to renege on an oil",politics,1.712256908416748
business,business,0.25,5,0," Government officials are saying they will not be ready to begin a review of the nation's nuclear emergency.

Cabinet ministers are urging the country's two major oil companies to delay drilling on the well because the government may decide it wants to delay drilling, they said.

The move will be seen as a challenge to Prime Minister Julia Gillard's decision to renege on an oil",entertainment,-1.504220962524414
business,business,0.25,5,1," The government is offering $2 billion to bring back the Dunkirk

The Dunkirk Memorial

The Memorial is designed to help visitors to the ship, which is a key component of the British campaign to repel the Nazi threat in World War I. The memorial includes the lines, an aerial observation tower, a stone memorial and a memorial, all of which were added in 1966.",business,0.29088395833969116
business,business,0.25,5,1," The government is offering $2 billion to bring back the Dunkirk

The Dunkirk Memorial

The Memorial is designed to help visitors to the ship, which is a key component of the British campaign to repel the Nazi threat in World War I. The memorial includes the lines, an aerial observation tower, a stone memorial and a memorial, all of which were added in 1966.",politics,0.8727845549583435
business,business,0.25,5,1," The government is offering $2 billion to bring back the Dunkirk

The Dunkirk Memorial

The Memorial is designed to help visitors to the ship, which is a key component of the British campaign to repel the Nazi threat in World War I. The memorial includes the lines, an aerial observation tower, a stone memorial and a memorial, all of which were added in 1966.",entertainment,-0.5446369051933289
business,business,0.25,5,2," How the US can stop illegal immigration from Mexico.

Short on details?

Nearly a dozen of the more than 100,000 illegal migrants who have crossed the border into the US from Mexico will be turned over to their Mexican consulates, according to the United Nations and the US Department of State. The number will begin to rise in the coming months.

The release comes days",business,0.926720380783081
business,business,0.25,5,2," How the US can stop illegal immigration from Mexico.

Short on details?

Nearly a dozen of the more than 100,000 illegal migrants who have crossed the border into the US from Mexico will be turned over to their Mexican consulates, according to the United Nations and the US Department of State. The number will begin to rise in the coming months.

The release comes days",politics,0.6990072727203369
business,business,0.25,5,2," How the US can stop illegal immigration from Mexico.

Short on details?

Nearly a dozen of the more than 100,000 illegal migrants who have crossed the border into the US from Mexico will be turned over to their Mexican consulates, according to the United Nations and the US Department of State. The number will begin to rise in the coming months.

The release comes days",entertainment,-1.1257975101470947
politics,politics,0.25,0,0," A little-known fact is that it was the most-wanted weapon in the UK.

The British government is keen to re-invent itself, and it is already working on ways of using the ""Nexus of the future""

Brief: A little-known fact is that it was the most-wanted weapon in the UK.

The UK government is keen",business,0.04866038262844086
politics,politics,0.25,0,0," A little-known fact is that it was the most-wanted weapon in the UK.

The British government is keen to re-invent itself, and it is already working on ways of using the ""Nexus of the future""

Brief: A little-known fact is that it was the most-wanted weapon in the UK.

The UK government is keen",politics,0.8509900569915771
politics,politics,0.25,0,0," A little-known fact is that it was the most-wanted weapon in the UK.

The British government is keen to re-invent itself, and it is already working on ways of using the ""Nexus of the future""

Brief: A little-known fact is that it was the most-wanted weapon in the UK.

The UK government is keen",entertainment,-0.9206552505493164
politics,politics,0.25,0,1,"

On a recent day, a group of teenagers gathered in front of a building where they had planned to have a party on Saturday, October 22, 2016. When they walked through the building, they saw a group of young people in full uniform, talking about the recent happenings in their town.

The group then said that, in their minds, the town of Weston-super",business,-0.5461602210998535
politics,politics,0.25,0,1,"

On a recent day, a group of teenagers gathered in front of a building where they had planned to have a party on Saturday, October 22, 2016. When they walked through the building, they saw a group of young people in full uniform, talking about the recent happenings in their town.

The group then said that, in their minds, the town of Weston-super",politics,0.42117080092430115
politics,politics,0.25,0,1,"

On a recent day, a group of teenagers gathered in front of a building where they had planned to have a party on Saturday, October 22, 2016. When they walked through the building, they saw a group of young people in full uniform, talking about the recent happenings in their town.

The group then said that, in their minds, the town of Weston-super",entertainment,-0.31578153371810913
politics,politics,0.25,0,2," A small piece of news about the city of Toronto.

“It started with a small story about Toronto’s new office building,” he says. “The building itself was just being built for the last quarter of a century. It would still be on the market today, but it was the beginning of its economic decline.”

“The fact that it had to be constructed with an operating",business,0.14320366084575653
politics,politics,0.25,0,2," A small piece of news about the city of Toronto.

“It started with a small story about Toronto’s new office building,” he says. “The building itself was just being built for the last quarter of a century. It would still be on the market today, but it was the beginning of its economic decline.”

“The fact that it had to be constructed with an operating",politics,0.556529700756073
politics,politics,0.25,0,2," A small piece of news about the city of Toronto.

“It started with a small story about Toronto’s new office building,” he says. “The building itself was just being built for the last quarter of a century. It would still be on the market today, but it was the beginning of its economic decline.”

“The fact that it had to be constructed with an operating",entertainment,-0.7835744619369507
politics,politics,0.25,1,0," New details are emerging on the new police headquarters in Lantway.

Brief: The Lantway Police Department has named the new headquarters after former Mayor Paul W. Niemeyer.

""The city is in need of a new police headquarters, and we need to be sure we're doing our job,"" Niemeyer said. ""We can't let up any longer.""",business,0.1012326031923294
politics,politics,0.25,1,0," New details are emerging on the new police headquarters in Lantway.

Brief: The Lantway Police Department has named the new headquarters after former Mayor Paul W. Niemeyer.

""The city is in need of a new police headquarters, and we need to be sure we're doing our job,"" Niemeyer said. ""We can't let up any longer.""",politics,1.026735782623291
politics,politics,0.25,1,0," New details are emerging on the new police headquarters in Lantway.

Brief: The Lantway Police Department has named the new headquarters after former Mayor Paul W. Niemeyer.

""The city is in need of a new police headquarters, and we need to be sure we're doing our job,"" Niemeyer said. ""We can't let up any longer.""",entertainment,-0.8207244277000427
politics,politics,0.25,1,1," The president says the new, public, rule would allow state and local agencies and local governments to be fined if they don't enforce public laws.

Short version: The president says the new, public rule would allow agencies to be fined for ignoring or failing to enforce laws.

Advertisement

The Obama administration's public comment rule is aimed at making the rules more enforceable. But the rule",business,0.7613857984542847
politics,politics,0.25,1,1," The president says the new, public, rule would allow state and local agencies and local governments to be fined if they don't enforce public laws.

Short version: The president says the new, public rule would allow agencies to be fined for ignoring or failing to enforce laws.

Advertisement

The Obama administration's public comment rule is aimed at making the rules more enforceable. But the rule",politics,1.53413724899292
politics,politics,0.25,1,1," The president says the new, public, rule would allow state and local agencies and local governments to be fined if they don't enforce public laws.

Short version: The president says the new, public rule would allow agencies to be fined for ignoring or failing to enforce laws.

Advertisement

The Obama administration's public comment rule is aimed at making the rules more enforceable. But the rule",entertainment,-1.425069808959961
politics,politics,0.25,1,2,"

The government is to publish its policy on the proposed changes to the rules for the national elections of the members of the United Nations General Assembly, who will be invited to consider the recommendations of the report, as well as a report of the Special Committee on the Rules for the Electoral Systems (SCRE) on the possibility of adopting the recommendation.

The Special Committee on the Rules for",business,0.38067498803138733
politics,politics,0.25,1,2,"

The government is to publish its policy on the proposed changes to the rules for the national elections of the members of the United Nations General Assembly, who will be invited to consider the recommendations of the report, as well as a report of the Special Committee on the Rules for the Electoral Systems (SCRE) on the possibility of adopting the recommendation.

The Special Committee on the Rules for",politics,1.7005795240402222
politics,politics,0.25,1,2,"

The government is to publish its policy on the proposed changes to the rules for the national elections of the members of the United Nations General Assembly, who will be invited to consider the recommendations of the report, as well as a report of the Special Committee on the Rules for the Electoral Systems (SCRE) on the possibility of adopting the recommendation.

The Special Committee on the Rules for",entertainment,-1.1167761087417603
politics,politics,0.25,2,0,"

Nazi concentration camp in Poland. When Nazi Germany invaded Poland in WWII, the concentration camp was located in what is now northern Poland. After the war, the Nazis moved back to the area.

When President Roosevelt visited the Nazi concentration camp at Auschwitz, he wrote a long essay about the prisoners.

In 1943, during the Great Patriotic War in Afghanistan,",business,-0.18398281931877136
politics,politics,0.25,2,0,"

Nazi concentration camp in Poland. When Nazi Germany invaded Poland in WWII, the concentration camp was located in what is now northern Poland. After the war, the Nazis moved back to the area.

When President Roosevelt visited the Nazi concentration camp at Auschwitz, he wrote a long essay about the prisoners.

In 1943, during the Great Patriotic War in Afghanistan,",politics,0.6809278726577759
politics,politics,0.25,2,0,"

Nazi concentration camp in Poland. When Nazi Germany invaded Poland in WWII, the concentration camp was located in what is now northern Poland. After the war, the Nazis moved back to the area.

When President Roosevelt visited the Nazi concentration camp at Auschwitz, he wrote a long essay about the prisoners.

In 1943, during the Great Patriotic War in Afghanistan,",entertainment,-0.35651376843452454
politics,politics,0.25,2,1," What is a group thinking and doing? What is a group thinking and doing? What are the problems with group thinking?

Brief: What is a group thinking and doing? What is a group thinking and doing?

Brief: What is a group thinking and doing? What are the problems with group thinking?

Brief: What is a group thinking and doing? What",business,-0.2143842875957489
politics,politics,0.25,2,1," What is a group thinking and doing? What is a group thinking and doing? What are the problems with group thinking?

Brief: What is a group thinking and doing? What is a group thinking and doing?

Brief: What is a group thinking and doing? What are the problems with group thinking?

Brief: What is a group thinking and doing? What",politics,0.91542649269104
politics,politics,0.25,2,1," What is a group thinking and doing? What is a group thinking and doing? What are the problems with group thinking?

Brief: What is a group thinking and doing? What is a group thinking and doing?

Brief: What is a group thinking and doing? What are the problems with group thinking?

Brief: What is a group thinking and doing? What",entertainment,-0.7620390057563782
politics,politics,0.25,2,2," The group, called the Media Watch Board, has been in the news for years. The board has its own investigative reporters, and many of the key figures are people close to the story. You can find out who is leading the investigation here, and watch a video about it here.

The organization is not a political party.

The board, which has been in the news for many",business,-0.041856344789266586
politics,politics,0.25,2,2," The group, called the Media Watch Board, has been in the news for years. The board has its own investigative reporters, and many of the key figures are people close to the story. You can find out who is leading the investigation here, and watch a video about it here.

The organization is not a political party.

The board, which has been in the news for many",politics,0.6408988237380981
politics,politics,0.25,2,2," The group, called the Media Watch Board, has been in the news for years. The board has its own investigative reporters, and many of the key figures are people close to the story. You can find out who is leading the investigation here, and watch a video about it here.

The organization is not a political party.

The board, which has been in the news for many",entertainment,-0.4011361598968506
politics,politics,0.25,3,0,"

Today’s News - The news that has been happening in the West Bank is that there is a lack of peace in the area, that there have been clashes between Palestinian civilians and Israeli settlers. Today’s News - The latest news that’s been occurring in the area is that Israeli soldiers have been making advances in the area. Today’s News - This is a fact that is",business,0.14080286026000977
politics,politics,0.25,3,0,"

Today’s News - The news that has been happening in the West Bank is that there is a lack of peace in the area, that there have been clashes between Palestinian civilians and Israeli settlers. Today’s News - The latest news that’s been occurring in the area is that Israeli soldiers have been making advances in the area. Today’s News - This is a fact that is",politics,0.8247255086898804
politics,politics,0.25,3,0,"

Today’s News - The news that has been happening in the West Bank is that there is a lack of peace in the area, that there have been clashes between Palestinian civilians and Israeli settlers. Today’s News - The latest news that’s been occurring in the area is that Israeli soldiers have been making advances in the area. Today’s News - This is a fact that is",entertainment,-1.2510908842086792
politics,politics,0.25,3,1,"

• Two men shot dead in a shootout in a suburban Atlanta mall.

• Two men killed in an attack that left a woman in critical condition.

• Two women who survived the attack are being treated for injuries.

• Two men killed by police in a shootout in an Atlanta suburb.

• Two men shot dead in an attack that left a woman",business,-0.2616760730743408
politics,politics,0.25,3,1,"

• Two men shot dead in a shootout in a suburban Atlanta mall.

• Two men killed in an attack that left a woman in critical condition.

• Two women who survived the attack are being treated for injuries.

• Two men killed by police in a shootout in an Atlanta suburb.

• Two men shot dead in an attack that left a woman",politics,0.552553653717041
politics,politics,0.25,3,1,"

• Two men shot dead in a shootout in a suburban Atlanta mall.

• Two men killed in an attack that left a woman in critical condition.

• Two women who survived the attack are being treated for injuries.

• Two men killed by police in a shootout in an Atlanta suburb.

• Two men shot dead in an attack that left a woman",entertainment,-0.08358197659254074
politics,politics,0.25,3,2," “I believe the United States can’t win this fight,” says Republican strategist Carl Greenwood. “I think we are winning.”

“A lot of people don’t believe that.”

WATCH:

“I’m not going to pretend that I’m not involved in a decision about this or that or whatever,” Greenwood adds. “I’m",business,-0.403402179479599
politics,politics,0.25,3,2," “I believe the United States can’t win this fight,” says Republican strategist Carl Greenwood. “I think we are winning.”

“A lot of people don’t believe that.”

WATCH:

“I’m not going to pretend that I’m not involved in a decision about this or that or whatever,” Greenwood adds. “I’m",politics,0.9436445236206055
politics,politics,0.25,3,2," “I believe the United States can’t win this fight,” says Republican strategist Carl Greenwood. “I think we are winning.”

“A lot of people don’t believe that.”

WATCH:

“I’m not going to pretend that I’m not involved in a decision about this or that or whatever,” Greenwood adds. “I’m",entertainment,-0.859345018863678
politics,politics,0.25,4,0,"

The number of Democrats who want to have an “immediate” response to the government shutdown has plunged to a low in June from a record low of 37,000 to a record low of about 18,000, according to a midterm analysis of data from the U.S. Congress. The number of those who want to have an immediate response also was down, from 7,800",business,0.8912800550460815
politics,politics,0.25,4,0,"

The number of Democrats who want to have an “immediate” response to the government shutdown has plunged to a low in June from a record low of 37,000 to a record low of about 18,000, according to a midterm analysis of data from the U.S. Congress. The number of those who want to have an immediate response also was down, from 7,800",politics,0.6476194262504578
politics,politics,0.25,4,0,"

The number of Democrats who want to have an “immediate” response to the government shutdown has plunged to a low in June from a record low of 37,000 to a record low of about 18,000, according to a midterm analysis of data from the U.S. Congress. The number of those who want to have an immediate response also was down, from 7,800",entertainment,-0.9712064862251282
politics,politics,0.25,4,1," “There is a huge amount of anxiety about the future of the U.S. economy, and I don’t want to give too much away.”

Short: “I am not interested in the past.”

Long: “We cannot be the most prosperous, productive and free people on earth, no matter how rich or poor.”

Short: “We cannot be rich or",business,0.02690654993057251
politics,politics,0.25,4,1," “There is a huge amount of anxiety about the future of the U.S. economy, and I don’t want to give too much away.”

Short: “I am not interested in the past.”

Long: “We cannot be the most prosperous, productive and free people on earth, no matter how rich or poor.”

Short: “We cannot be rich or",politics,0.9375865459442139
politics,politics,0.25,4,1," “There is a huge amount of anxiety about the future of the U.S. economy, and I don’t want to give too much away.”

Short: “I am not interested in the past.”

Long: “We cannot be the most prosperous, productive and free people on earth, no matter how rich or poor.”

Short: “We cannot be rich or",entertainment,-1.205420732498169
politics,politics,0.25,4,2," A major overhaul to the U.S. Constitution is underway. It would give Congress the power to make laws, rather than just pass laws. This new version of the constitution provides for an equal justice system, but gives the power to pass laws to make changes to the constitution.

Brief: A proposal to make America's capital safe from fire and earthquake risk, and protect Americans from a",business,0.6591012477874756
politics,politics,0.25,4,2," A major overhaul to the U.S. Constitution is underway. It would give Congress the power to make laws, rather than just pass laws. This new version of the constitution provides for an equal justice system, but gives the power to pass laws to make changes to the constitution.

Brief: A proposal to make America's capital safe from fire and earthquake risk, and protect Americans from a",politics,1.3205875158309937
politics,politics,0.25,4,2," A major overhaul to the U.S. Constitution is underway. It would give Congress the power to make laws, rather than just pass laws. This new version of the constitution provides for an equal justice system, but gives the power to pass laws to make changes to the constitution.

Brief: A proposal to make America's capital safe from fire and earthquake risk, and protect Americans from a",entertainment,-1.3093037605285645
politics,politics,0.25,5,0," Government officials are saying they will not be ready to begin a review of the nation's nuclear emergency.

Cabinet ministers are urging the country's two main nuclear-weapons states to continue discussions in the hope the U.S. might begin to act against the threat.

""What this will mean is that if the two world powers fail to act on our nuclear program, we",business,0.8570793867111206
politics,politics,0.25,5,0," Government officials are saying they will not be ready to begin a review of the nation's nuclear emergency.

Cabinet ministers are urging the country's two main nuclear-weapons states to continue discussions in the hope the U.S. might begin to act against the threat.

""What this will mean is that if the two world powers fail to act on our nuclear program, we",politics,1.6296697854995728
politics,politics,0.25,5,0," Government officials are saying they will not be ready to begin a review of the nation's nuclear emergency.

Cabinet ministers are urging the country's two main nuclear-weapons states to continue discussions in the hope the U.S. might begin to act against the threat.

""What this will mean is that if the two world powers fail to act on our nuclear program, we",entertainment,-1.7277843952178955
politics,politics,0.25,5,1," The government is offering $2 billion to bring back the Dunkirk

The Dunkirk Memorial

The Memorial is designed to remember the lives lost in the early part of the Great War when British and Allied forces were driven from their land, leaving civilians to mop up the ruins, then to rebuild themselves. The memorial is being designed by a local architectural firm and has recently come forward",business,0.3258458375930786
politics,politics,0.25,5,1," The government is offering $2 billion to bring back the Dunkirk

The Dunkirk Memorial

The Memorial is designed to remember the lives lost in the early part of the Great War when British and Allied forces were driven from their land, leaving civilians to mop up the ruins, then to rebuild themselves. The memorial is being designed by a local architectural firm and has recently come forward",politics,0.865493655204773
politics,politics,0.25,5,1," The government is offering $2 billion to bring back the Dunkirk

The Dunkirk Memorial

The Memorial is designed to remember the lives lost in the early part of the Great War when British and Allied forces were driven from their land, leaving civilians to mop up the ruins, then to rebuild themselves. The memorial is being designed by a local architectural firm and has recently come forward",entertainment,-0.7547165155410767
politics,politics,0.25,5,2," How the North Korean nuclear test plan is based on the “one country, two systems approach”.

How North Korea can get around the “one country, two systems approach”: a new nuclear test plan with a detailed discussion of how to deal with North Korea in the future.

Why will a nuclear test never happen: a new nuclear test plan with a detailed discussion of how to deal with",business,0.35894638299942017
politics,politics,0.25,5,2," How the North Korean nuclear test plan is based on the “one country, two systems approach”.

How North Korea can get around the “one country, two systems approach”: a new nuclear test plan with a detailed discussion of how to deal with North Korea in the future.

Why will a nuclear test never happen: a new nuclear test plan with a detailed discussion of how to deal with",politics,1.1861590147018433
politics,politics,0.25,5,2," How the North Korean nuclear test plan is based on the “one country, two systems approach”.

How North Korea can get around the “one country, two systems approach”: a new nuclear test plan with a detailed discussion of how to deal with North Korea in the future.

Why will a nuclear test never happen: a new nuclear test plan with a detailed discussion of how to deal with",entertainment,-1.3359217643737793
entertainment,entertainment,0.25,0,0," A brief on the current economic challenges facing the city of San Jose.

Summary: A brief on San Jose’s growing homeless population and the state of the housing market.

Written by: Susan K.

Written by: Robert J. Burch

Written by: Cedric H.

Written by: Susan K.

Written by: Robert J.",business,-0.015846580266952515
entertainment,entertainment,0.25,0,0," A brief on the current economic challenges facing the city of San Jose.

Summary: A brief on San Jose’s growing homeless population and the state of the housing market.

Written by: Susan K.

Written by: Robert J. Burch

Written by: Cedric H.

Written by: Susan K.

Written by: Robert J.",politics,0.41968628764152527
entertainment,entertainment,0.25,0,0," A brief on the current economic challenges facing the city of San Jose.

Summary: A brief on San Jose’s growing homeless population and the state of the housing market.

Written by: Susan K.

Written by: Robert J. Burch

Written by: Cedric H.

Written by: Susan K.

Written by: Robert J.",entertainment,0.03642192855477333
entertainment,entertainment,0.25,0,1,"

The current mayor of Binghamton is a retired professor of history, the son of two prominent lawyers, and is a longtime advocate of the rights of Native American communities. He and several other residents have lived in the city for decades.

“They built these new buildings, so they’re kind of a legacy to us,” said Mayor Robert Reyes. “So we can’",business,-0.6266370415687561
entertainment,entertainment,0.25,0,1,"

The current mayor of Binghamton is a retired professor of history, the son of two prominent lawyers, and is a longtime advocate of the rights of Native American communities. He and several other residents have lived in the city for decades.

“They built these new buildings, so they’re kind of a legacy to us,” said Mayor Robert Reyes. “So we can’",politics,0.8113155961036682
entertainment,entertainment,0.25,0,1,"

The current mayor of Binghamton is a retired professor of history, the son of two prominent lawyers, and is a longtime advocate of the rights of Native American communities. He and several other residents have lived in the city for decades.

“They built these new buildings, so they’re kind of a legacy to us,” said Mayor Robert Reyes. “So we can’",entertainment,-0.24019472301006317
entertainment,entertainment,0.25,0,2," A local news brief about a recent local development.

Brief: A local news brief about a recent local development.

Brief: A local news brief about a recent local development.

Carnaby River, Waterloo Region

A local news brief about a local development.

A local news brief about a local development.

Carnaby River, Water",business,-0.034470707178115845
entertainment,entertainment,0.25,0,2," A local news brief about a recent local development.

Brief: A local news brief about a recent local development.

Brief: A local news brief about a recent local development.

Carnaby River, Waterloo Region

A local news brief about a local development.

A local news brief about a local development.

Carnaby River, Water",politics,0.5098593235015869
entertainment,entertainment,0.25,0,2," A local news brief about a recent local development.

Brief: A local news brief about a recent local development.

Brief: A local news brief about a recent local development.

Carnaby River, Waterloo Region

A local news brief about a local development.

A local news brief about a local development.

Carnaby River, Water",entertainment,-0.23291046917438507
entertainment,entertainment,0.25,1,0,"

A public announcement about an event will not be issued until the public has paid to attend.

The event will also be broadcast online.

What will the event be about?

The event will be held in a public park.

What is a public announcement about?

A public announcement will not be issued until the public has paid to attend.

What",business,-0.20068751275539398
entertainment,entertainment,0.25,1,0,"

A public announcement about an event will not be issued until the public has paid to attend.

The event will also be broadcast online.

What will the event be about?

The event will be held in a public park.

What is a public announcement about?

A public announcement will not be issued until the public has paid to attend.

What",politics,0.814518392086029
entertainment,entertainment,0.25,1,0,"

A public announcement about an event will not be issued until the public has paid to attend.

The event will also be broadcast online.

What will the event be about?

The event will be held in a public park.

What is a public announcement about?

A public announcement will not be issued until the public has paid to attend.

What",entertainment,-0.8116991519927979
entertainment,entertainment,0.25,1,1,"The U.N. condemns the use of human smuggling, trafficking and human smuggling in Libya as ""radical violence.""

The report said that ""the U.N. Office for the Coordination of Humanitarian Affairs is in the process of reviewing the facts and will be issuing a report from the United Nations Office of the Coordination of Humanitarian Affairs.""

Human Rights",business,0.6508630514144897
entertainment,entertainment,0.25,1,1,"The U.N. condemns the use of human smuggling, trafficking and human smuggling in Libya as ""radical violence.""

The report said that ""the U.N. Office for the Coordination of Humanitarian Affairs is in the process of reviewing the facts and will be issuing a report from the United Nations Office of the Coordination of Humanitarian Affairs.""

Human Rights",politics,1.3672406673431396
entertainment,entertainment,0.25,1,1,"The U.N. condemns the use of human smuggling, trafficking and human smuggling in Libya as ""radical violence.""

The report said that ""the U.N. Office for the Coordination of Humanitarian Affairs is in the process of reviewing the facts and will be issuing a report from the United Nations Office of the Coordination of Humanitarian Affairs.""

Human Rights",entertainment,-1.1780509948730469
entertainment,entertainment,0.25,1,2," The public announcement of the election results.

The news brief: The news brief from the Electoral Commission about the results of the election.

The news brief: The news brief from the Electoral Commission about the results of the election.",business,0.10074777901172638
entertainment,entertainment,0.25,1,2," The public announcement of the election results.

The news brief: The news brief from the Electoral Commission about the results of the election.

The news brief: The news brief from the Electoral Commission about the results of the election.",politics,1.21030855178833
entertainment,entertainment,0.25,1,2," The public announcement of the election results.

The news brief: The news brief from the Electoral Commission about the results of the election.

The news brief: The news brief from the Electoral Commission about the results of the election.",entertainment,-0.5736744999885559
entertainment,entertainment,0.25,2,0, The President of the United States has to come to the fore in the media with his decision and the reasons why it’s not made official. There’s a lot of information that he’s not told. But there’s a lot that he’s told in the press and on the air. And the reason he does not know is that he has no idea what is going on.,business,-0.2091159224510193
entertainment,entertainment,0.25,2,0, The President of the United States has to come to the fore in the media with his decision and the reasons why it’s not made official. There’s a lot of information that he’s not told. But there’s a lot that he’s told in the press and on the air. And the reason he does not know is that he has no idea what is going on.,politics,1.0312354564666748
entertainment,entertainment,0.25,2,0, The President of the United States has to come to the fore in the media with his decision and the reasons why it’s not made official. There’s a lot of information that he’s not told. But there’s a lot that he’s told in the press and on the air. And the reason he does not know is that he has no idea what is going on.,entertainment,-1.0953922271728516
entertainment,entertainment,0.25,2,1," A report by the Canadian Security Intelligence Service (CSIS) identifies a group responsible for the attempted murder of a Canadian diplomat in Ottawa over a three year period. The group was named “Bureau of Meteorology, Oceanography, and Meteorology” and was later formally identified as “Alaska Forensic Science Center, Alaska Research Foundation, and Alaska Pacific Basin Forensic and Geological Survey",business,0.393572062253952
entertainment,entertainment,0.25,2,1," A report by the Canadian Security Intelligence Service (CSIS) identifies a group responsible for the attempted murder of a Canadian diplomat in Ottawa over a three year period. The group was named “Bureau of Meteorology, Oceanography, and Meteorology” and was later formally identified as “Alaska Forensic Science Center, Alaska Research Foundation, and Alaska Pacific Basin Forensic and Geological Survey",politics,0.7403279542922974
entertainment,entertainment,0.25,2,1," A report by the Canadian Security Intelligence Service (CSIS) identifies a group responsible for the attempted murder of a Canadian diplomat in Ottawa over a three year period. The group was named “Bureau of Meteorology, Oceanography, and Meteorology” and was later formally identified as “Alaska Forensic Science Center, Alaska Research Foundation, and Alaska Pacific Basin Forensic and Geological Survey",entertainment,-0.37201744318008423
entertainment,entertainment,0.25,2,2,"

The group made a decision to stop building a school in Flint.

I didn't make this decision, because I don't believe in it. I didn't make it. I have a lot of anger and I don't have the guts to go out there and do it. I think that I've been very fortunate to have been able to make that decision, and I really don",business,-1.0285859107971191
entertainment,entertainment,0.25,2,2,"

The group made a decision to stop building a school in Flint.

I didn't make this decision, because I don't believe in it. I didn't make it. I have a lot of anger and I don't have the guts to go out there and do it. I think that I've been very fortunate to have been able to make that decision, and I really don",politics,0.9597950577735901
entertainment,entertainment,0.25,2,2,"

The group made a decision to stop building a school in Flint.

I didn't make this decision, because I don't believe in it. I didn't make it. I have a lot of anger and I don't have the guts to go out there and do it. I think that I've been very fortunate to have been able to make that decision, and I really don",entertainment,-1.026543140411377
entertainment,entertainment,0.25,3,0," An event that happened today that happened today.

""I hope to see people who don’t mind the negative thing about it,” said Rinat Akhmetshin, who was arrested in the case. “If the positive things were not good, the bad things would be a lot worse.”

According to the statement, Akhmetshin was taken into custody to",business,-0.29246193170547485
entertainment,entertainment,0.25,3,0," An event that happened today that happened today.

""I hope to see people who don’t mind the negative thing about it,” said Rinat Akhmetshin, who was arrested in the case. “If the positive things were not good, the bad things would be a lot worse.”

According to the statement, Akhmetshin was taken into custody to",politics,0.6031097173690796
entertainment,entertainment,0.25,3,0," An event that happened today that happened today.

""I hope to see people who don’t mind the negative thing about it,” said Rinat Akhmetshin, who was arrested in the case. “If the positive things were not good, the bad things would be a lot worse.”

According to the statement, Akhmetshin was taken into custody to",entertainment,-0.5001341104507446
entertainment,entertainment,0.25,3,1,"

“On Jan. 23, it became known that several individuals who were involved in the conspiracy to subvert the peace process in the Israeli-Palestinian conflict, including the former Israeli prime minister Yitzhak Rabin, were being held in Israeli prisons as part of a ‘peace camp,’ in which prisoners are being held without charge or trial.

“The ‘peace camp",business,-0.12831059098243713
entertainment,entertainment,0.25,3,1,"

“On Jan. 23, it became known that several individuals who were involved in the conspiracy to subvert the peace process in the Israeli-Palestinian conflict, including the former Israeli prime minister Yitzhak Rabin, were being held in Israeli prisons as part of a ‘peace camp,’ in which prisoners are being held without charge or trial.

“The ‘peace camp",politics,0.9971831440925598
entertainment,entertainment,0.25,3,1,"

“On Jan. 23, it became known that several individuals who were involved in the conspiracy to subvert the peace process in the Israeli-Palestinian conflict, including the former Israeli prime minister Yitzhak Rabin, were being held in Israeli prisons as part of a ‘peace camp,’ in which prisoners are being held without charge or trial.

“The ‘peace camp",entertainment,-0.6440169215202332
entertainment,entertainment,0.25,3,2," https://tinyurl.com/y1iYm4M

(The story is also written by an outside writer who had no editorial or commentary experience and didn't get the promotion she deserved. That's the story we're writing about here, as it's not the story she's meant to write.)",business,-0.7192992568016052
entertainment,entertainment,0.25,3,2," https://tinyurl.com/y1iYm4M

(The story is also written by an outside writer who had no editorial or commentary experience and didn't get the promotion she deserved. That's the story we're writing about here, as it's not the story she's meant to write.)",politics,0.24206000566482544
entertainment,entertainment,0.25,3,2," https://tinyurl.com/y1iYm4M

(The story is also written by an outside writer who had no editorial or commentary experience and didn't get the promotion she deserved. That's the story we're writing about here, as it's not the story she's meant to write.)",entertainment,-0.010656621307134628
entertainment,entertainment,0.25,4,0,"

Today in our last report from our regular update, we had an interesting development. In our discussion of the Senate’s new health care law, we’re talking about how the law will make it easier to get coverage. The discussion is about the idea that the law, instead of being passed to do something, will make it easier to get it, as people will have the ability to",business,0.15456341207027435
entertainment,entertainment,0.25,4,0,"

Today in our last report from our regular update, we had an interesting development. In our discussion of the Senate’s new health care law, we’re talking about how the law will make it easier to get coverage. The discussion is about the idea that the law, instead of being passed to do something, will make it easier to get it, as people will have the ability to",politics,1.0611313581466675
entertainment,entertainment,0.25,4,0,"

Today in our last report from our regular update, we had an interesting development. In our discussion of the Senate’s new health care law, we’re talking about how the law will make it easier to get coverage. The discussion is about the idea that the law, instead of being passed to do something, will make it easier to get it, as people will have the ability to",entertainment,-1.2633309364318848
entertainment,entertainment,0.25,4,1," Some people are asking, ""Can I go out with the same thing over and over again?""

Short: Some people are asking, ""Can I take this thing with me?""

Long: Some people are asking, ""Can I take this thing with me?""

A brief: People are asking, ""Can I take this thing with me?""

Long: People are asking",business,-0.6403375864028931
entertainment,entertainment,0.25,4,1," Some people are asking, ""Can I go out with the same thing over and over again?""

Short: Some people are asking, ""Can I take this thing with me?""

Long: Some people are asking, ""Can I take this thing with me?""

A brief: People are asking, ""Can I take this thing with me?""

Long: People are asking",politics,0.7097005844116211
entertainment,entertainment,0.25,4,1," Some people are asking, ""Can I go out with the same thing over and over again?""

Short: Some people are asking, ""Can I take this thing with me?""

Long: Some people are asking, ""Can I take this thing with me?""

A brief: People are asking, ""Can I take this thing with me?""

Long: People are asking",entertainment,-0.8264833092689514
entertainment,entertainment,0.25,4,2," A new study has found that there are fewer women than men in college. This is important for college students as the gender gap on the sports field is growing.

What do you guys think? Let us know below.",business,-0.004030942916870117
entertainment,entertainment,0.25,4,2," A new study has found that there are fewer women than men in college. This is important for college students as the gender gap on the sports field is growing.

What do you guys think? Let us know below.",politics,0.5547406077384949
entertainment,entertainment,0.25,4,2," A new study has found that there are fewer women than men in college. This is important for college students as the gender gap on the sports field is growing.

What do you guys think? Let us know below.",entertainment,-1.02610445022583
entertainment,entertainment,0.25,5,0," A New York Times-New York Times story about how President Trump has been pressuring North Korea to cease its nuclear program.

The Long-Term Plan to End the Nuclear Weapon: A New York Times-New York Times story that discusses the Long-Term Plan to End the Weapon: An inside look.",business,0.5652056932449341
entertainment,entertainment,0.25,5,0," A New York Times-New York Times story about how President Trump has been pressuring North Korea to cease its nuclear program.

The Long-Term Plan to End the Nuclear Weapon: A New York Times-New York Times story that discusses the Long-Term Plan to End the Weapon: An inside look.",politics,0.8927658796310425
entertainment,entertainment,0.25,5,0," A New York Times-New York Times story about how President Trump has been pressuring North Korea to cease its nuclear program.

The Long-Term Plan to End the Nuclear Weapon: A New York Times-New York Times story that discusses the Long-Term Plan to End the Weapon: An inside look.",entertainment,-0.6888093948364258
entertainment,entertainment,0.25,5,1,"

A new plan for the U.S. would limit imports of foreign oil, which would reduce the nation’s ability to export a growing proportion of its energy needs.

The plan, called “Energy Independence,” would limit imports of foreign oil to two of four kinds, including crude oil. This would reduce imports to about 100 million gallons per year by the end of the plan’",business,1.1299290657043457
entertainment,entertainment,0.25,5,1,"

A new plan for the U.S. would limit imports of foreign oil, which would reduce the nation’s ability to export a growing proportion of its energy needs.

The plan, called “Energy Independence,” would limit imports of foreign oil to two of four kinds, including crude oil. This would reduce imports to about 100 million gallons per year by the end of the plan’",politics,0.6805641651153564
entertainment,entertainment,0.25,5,1,"

A new plan for the U.S. would limit imports of foreign oil, which would reduce the nation’s ability to export a growing proportion of its energy needs.

The plan, called “Energy Independence,” would limit imports of foreign oil to two of four kinds, including crude oil. This would reduce imports to about 100 million gallons per year by the end of the plan’",entertainment,-1.538647174835205
entertainment,entertainment,0.25,5,2," How to take a political risk on climate change.

“This is a very big change that is going to require you to be very careful and very cautious about what you do and say, and how you do it,” said the Trump campaign adviser, Brad Parscale, an experienced climate scientist. “We’re going to take a long look at the science in this area, and then we",business,-0.1640947461128235
entertainment,entertainment,0.25,5,2," How to take a political risk on climate change.

“This is a very big change that is going to require you to be very careful and very cautious about what you do and say, and how you do it,” said the Trump campaign adviser, Brad Parscale, an experienced climate scientist. “We’re going to take a long look at the science in this area, and then we",politics,1.2938734292984009
entertainment,entertainment,0.25,5,2," How to take a political risk on climate change.

“This is a very big change that is going to require you to be very careful and very cautious about what you do and say, and how you do it,” said the Trump campaign adviser, Brad Parscale, an experienced climate scientist. “We’re going to take a long look at the science in this area, and then we",entertainment,-1.2755677700042725
business,business,0.5,0,0,"

The development is being developed in the city of El Paso, Texas. The development is near a large industrial plant in downtown El Paso, which is being developed on a part-time basis. The plant is expected to produce about 100,000 pounds of steel per year. The developer is the El Paso Energy Corporation.

The town of El Paso, the largest in the United States,",business,0.5185418128967285
business,business,0.5,0,0,"

The development is being developed in the city of El Paso, Texas. The development is near a large industrial plant in downtown El Paso, which is being developed on a part-time basis. The plant is expected to produce about 100,000 pounds of steel per year. The developer is the El Paso Energy Corporation.

The town of El Paso, the largest in the United States,",politics,0.24680539965629578
business,business,0.5,0,0,"

The development is being developed in the city of El Paso, Texas. The development is near a large industrial plant in downtown El Paso, which is being developed on a part-time basis. The plant is expected to produce about 100,000 pounds of steel per year. The developer is the El Paso Energy Corporation.

The town of El Paso, the largest in the United States,",entertainment,-0.6729692220687866
business,business,0.5,0,1,"

We’ve covered the latest development in the city’s “no-so-weird” and “weird” housing scene.

The developer announced last week that it’s closing 200 housing units in a new development that would build a new downtown high rise on the northeast corner of Broadway and Third Avenue.

“I had to re-do the construction to get",business,0.028131410479545593
business,business,0.5,0,1,"

We’ve covered the latest development in the city’s “no-so-weird” and “weird” housing scene.

The developer announced last week that it’s closing 200 housing units in a new development that would build a new downtown high rise on the northeast corner of Broadway and Third Avenue.

“I had to re-do the construction to get",politics,0.44982874393463135
business,business,0.5,0,1,"

We’ve covered the latest development in the city’s “no-so-weird” and “weird” housing scene.

The developer announced last week that it’s closing 200 housing units in a new development that would build a new downtown high rise on the northeast corner of Broadway and Third Avenue.

“I had to re-do the construction to get",entertainment,-0.5648244023323059
business,business,0.5,0,2," The state is under a three-way emergency with:

1. A state of emergency due to an extreme drought:

2. A national emergency:

3. A state of emergency as a result of the COVID-19 crisis.

The Emergency Election Sale is now live! Get 30% to 60% off our most popular products today!",business,0.5156934261322021
business,business,0.5,0,2," The state is under a three-way emergency with:

1. A state of emergency due to an extreme drought:

2. A national emergency:

3. A state of emergency as a result of the COVID-19 crisis.

The Emergency Election Sale is now live! Get 30% to 60% off our most popular products today!",politics,0.5187073349952698
business,business,0.5,0,2," The state is under a three-way emergency with:

1. A state of emergency due to an extreme drought:

2. A national emergency:

3. A state of emergency as a result of the COVID-19 crisis.

The Emergency Election Sale is now live! Get 30% to 60% off our most popular products today!",entertainment,-0.6938790082931519
business,business,0.5,1,0,"

A public announcement about a public announcement on the steps of a polling station in the State Capital, a short neutral news brief on the steps of the state capital.

About:

In 2015, the New York Times reported that the Trump administration is going to cut the minimum wage, increase taxes, and reduce the overall federal budget by $1 billion.

Trump's proposed changes",business,0.4295627176761627
business,business,0.5,1,0,"

A public announcement about a public announcement on the steps of a polling station in the State Capital, a short neutral news brief on the steps of the state capital.

About:

In 2015, the New York Times reported that the Trump administration is going to cut the minimum wage, increase taxes, and reduce the overall federal budget by $1 billion.

Trump's proposed changes",politics,1.0248090028762817
business,business,0.5,1,0,"

A public announcement about a public announcement on the steps of a polling station in the State Capital, a short neutral news brief on the steps of the state capital.

About:

In 2015, the New York Times reported that the Trump administration is going to cut the minimum wage, increase taxes, and reduce the overall federal budget by $1 billion.

Trump's proposed changes",entertainment,-0.7437588572502136
business,business,0.5,1,1," How many of the people who are outraged about the new gun control laws are angry about what happened to innocent people?

What does the new legislation do? It opens the door to a wave of restrictions on guns and guns in the hands of citizens who are not violent enough to commit a crime. We are talking about people who, when they become responsible for their own behavior, often do something",business,0.04212496802210808
business,business,0.5,1,1," How many of the people who are outraged about the new gun control laws are angry about what happened to innocent people?

What does the new legislation do? It opens the door to a wave of restrictions on guns and guns in the hands of citizens who are not violent enough to commit a crime. We are talking about people who, when they become responsible for their own behavior, often do something",politics,1.1215388774871826
business,business,0.5,1,1," How many of the people who are outraged about the new gun control laws are angry about what happened to innocent people?

What does the new legislation do? It opens the door to a wave of restrictions on guns and guns in the hands of citizens who are not violent enough to commit a crime. We are talking about people who, when they become responsible for their own behavior, often do something",entertainment,-1.2727587223052979
business,business,0.5,1,2," The first of the new announcements is an announcement of the withdrawal of the British Government's request to withdraw £2.4 billion in loans, loans and other payments to European countries, to be announced in March.

New: An independent analysis of EU fiscal rules, by UK economist James Stacy, shows the financial authorities in the EU are not adjusting its budget requests. In short, Britain is",business,1.2016181945800781
business,business,0.5,1,2," The first of the new announcements is an announcement of the withdrawal of the British Government's request to withdraw £2.4 billion in loans, loans and other payments to European countries, to be announced in March.

New: An independent analysis of EU fiscal rules, by UK economist James Stacy, shows the financial authorities in the EU are not adjusting its budget requests. In short, Britain is",politics,1.404325246810913
business,business,0.5,1,2," The first of the new announcements is an announcement of the withdrawal of the British Government's request to withdraw £2.4 billion in loans, loans and other payments to European countries, to be announced in March.

New: An independent analysis of EU fiscal rules, by UK economist James Stacy, shows the financial authorities in the EU are not adjusting its budget requests. In short, Britain is",entertainment,-1.3369165658950806
business,business,0.5,2,0, The group of eight women who accused Russia of meddling in the 2016 U.S. presidential election says the allegations against them are false.,business,-0.2608991861343384
business,business,0.5,2,0, The group of eight women who accused Russia of meddling in the 2016 U.S. presidential election says the allegations against them are false.,politics,1.2194201946258545
business,business,0.5,2,0, The group of eight women who accused Russia of meddling in the 2016 U.S. presidential election says the allegations against them are false.,entertainment,-0.6731444597244263
business,business,0.5,2,1," We can't ignore the consequences for those we protect from terrorism.

Brief: A group of terrorist threats that we shouldn't ignore.

Brief: The FBI and others have to step up.

Brief: A group of threats that we shouldn't ignore.

Brief: Our children, our loved ones, our children's loved ones, our loved children are",business,-0.028259113430976868
business,business,0.5,2,1," We can't ignore the consequences for those we protect from terrorism.

Brief: A group of terrorist threats that we shouldn't ignore.

Brief: The FBI and others have to step up.

Brief: A group of threats that we shouldn't ignore.

Brief: Our children, our loved ones, our children's loved ones, our loved children are",politics,0.982079029083252
business,business,0.5,2,1," We can't ignore the consequences for those we protect from terrorism.

Brief: A group of terrorist threats that we shouldn't ignore.

Brief: The FBI and others have to step up.

Brief: A group of threats that we shouldn't ignore.

Brief: Our children, our loved ones, our children's loved ones, our loved children are",entertainment,-0.9220172166824341
business,business,0.5,2,2,"

Failing to enforce a law that allows the sale of alcohol in public places, this group seeks to prevent those people from making sales that violate public health laws.

Brief:

Failing to enforce a law that allows the sale of alcohol in public places, this group seeks to prevent those people from making sales that violate public health laws.",business,-0.21483400464057922
business,business,0.5,2,2,"

Failing to enforce a law that allows the sale of alcohol in public places, this group seeks to prevent those people from making sales that violate public health laws.

Brief:

Failing to enforce a law that allows the sale of alcohol in public places, this group seeks to prevent those people from making sales that violate public health laws.",politics,1.0196094512939453
business,business,0.5,2,2,"

Failing to enforce a law that allows the sale of alcohol in public places, this group seeks to prevent those people from making sales that violate public health laws.

Brief:

Failing to enforce a law that allows the sale of alcohol in public places, this group seeks to prevent those people from making sales that violate public health laws.",entertainment,-1.1390107870101929
business,business,0.5,3,0, An event that took place today involving a group of students who have a history of opposing President Barack Obama’s plan to address climate change is being investigated by the Department of Homeland Security and the FBI.,business,-0.07362926006317139
business,business,0.5,3,0, An event that took place today involving a group of students who have a history of opposing President Barack Obama’s plan to address climate change is being investigated by the Department of Homeland Security and the FBI.,politics,1.1513803005218506
business,business,0.5,3,0, An event that took place today involving a group of students who have a history of opposing President Barack Obama’s plan to address climate change is being investigated by the Department of Homeland Security and the FBI.,entertainment,-0.5804080963134766
business,business,0.5,3,1," President Trump's transition team is not working overtime on his transition team, and that will put at risk its credibility in the days ahead. That's the plan. But the president's transition team has not said that it will be. And the Trump team has taken that change to a new level.

In order to improve the efficiency of the system, the president can put his own team and many",business,0.49619781970977783
business,business,0.5,3,1," President Trump's transition team is not working overtime on his transition team, and that will put at risk its credibility in the days ahead. That's the plan. But the president's transition team has not said that it will be. And the Trump team has taken that change to a new level.

In order to improve the efficiency of the system, the president can put his own team and many",politics,1.2728245258331299
business,business,0.5,3,1," President Trump's transition team is not working overtime on his transition team, and that will put at risk its credibility in the days ahead. That's the plan. But the president's transition team has not said that it will be. And the Trump team has taken that change to a new level.

In order to improve the efficiency of the system, the president can put his own team and many",entertainment,-1.3975822925567627
business,business,0.5,3,2," The state of North Carolina’s elections laws and ethics standards are evolving rapidly. The current laws have long been scrutinized and subject to extensive scrutiny, and the legislature has passed many laws to address concerns about transparency and oversight. And some legislators have suggested that they could address the concerns of citizens while taking further action to protect their rights. But they’ve not. As a result, most legislators have",business,0.7035517692565918
business,business,0.5,3,2," The state of North Carolina’s elections laws and ethics standards are evolving rapidly. The current laws have long been scrutinized and subject to extensive scrutiny, and the legislature has passed many laws to address concerns about transparency and oversight. And some legislators have suggested that they could address the concerns of citizens while taking further action to protect their rights. But they’ve not. As a result, most legislators have",politics,1.458143711090088
business,business,0.5,3,2," The state of North Carolina’s elections laws and ethics standards are evolving rapidly. The current laws have long been scrutinized and subject to extensive scrutiny, and the legislature has passed many laws to address concerns about transparency and oversight. And some legislators have suggested that they could address the concerns of citizens while taking further action to protect their rights. But they’ve not. As a result, most legislators have",entertainment,-1.614121437072754
business,business,0.5,4,0,"

“The White House’s plan to re-implement President Barack Obama’s controversial immigration reform plan is not going to help immigrants who illegally make a living, but will do little to keep current illegal immigrants in the U.S.,” the president said Friday in a statement.

“Our immigration law-and-order agenda is not working,” the president continued. “Our",business,0.26046693325042725
business,business,0.5,4,0,"

“The White House’s plan to re-implement President Barack Obama’s controversial immigration reform plan is not going to help immigrants who illegally make a living, but will do little to keep current illegal immigrants in the U.S.,” the president said Friday in a statement.

“Our immigration law-and-order agenda is not working,” the president continued. “Our",politics,1.2601814270019531
business,business,0.5,4,0,"

“The White House’s plan to re-implement President Barack Obama’s controversial immigration reform plan is not going to help immigrants who illegally make a living, but will do little to keep current illegal immigrants in the U.S.,” the president said Friday in a statement.

“Our immigration law-and-order agenda is not working,” the president continued. “Our",entertainment,-1.0573946237564087
business,business,0.5,4,1," The New York Times:

“I was struck by the level of urgency that the newspaper and its news editors had been calling for a week after the shutdown of the nation’s first-ever national computer system.”

Short: The New York Times:

“The computer company was forced to cut staff for the remainder of the government shutdown, causing problems for employees and reducing the company",business,0.7115411758422852
business,business,0.5,4,1," The New York Times:

“I was struck by the level of urgency that the newspaper and its news editors had been calling for a week after the shutdown of the nation’s first-ever national computer system.”

Short: The New York Times:

“The computer company was forced to cut staff for the remainder of the government shutdown, causing problems for employees and reducing the company",politics,0.9094060063362122
business,business,0.5,4,1," The New York Times:

“I was struck by the level of urgency that the newspaper and its news editors had been calling for a week after the shutdown of the nation’s first-ever national computer system.”

Short: The New York Times:

“The computer company was forced to cut staff for the remainder of the government shutdown, causing problems for employees and reducing the company",entertainment,-0.9454694986343384
business,business,0.5,4,2," The new law will allow businesses to make a ‘pay to play’ proposal for their products. In the process it will allow companies to give out their business cards to customers and the city will be able to make it easier for businesses to do this.

Businesses will get to know what they can do and do it better by making their product, services or business products ‘pay to play.’",business,0.37923258543014526
business,business,0.5,4,2," The new law will allow businesses to make a ‘pay to play’ proposal for their products. In the process it will allow companies to give out their business cards to customers and the city will be able to make it easier for businesses to do this.

Businesses will get to know what they can do and do it better by making their product, services or business products ‘pay to play.’",politics,0.9501413106918335
business,business,0.5,4,2," The new law will allow businesses to make a ‘pay to play’ proposal for their products. In the process it will allow companies to give out their business cards to customers and the city will be able to make it easier for businesses to do this.

Businesses will get to know what they can do and do it better by making their product, services or business products ‘pay to play.’",entertainment,-1.5351176261901855
business,business,0.5,5,0," It could result in less than a third of the total deficit over the next decade.

Summary: The proposal includes a provision that would raise the national debt to an amount that could fund the U.S. government for a decade. The U.S. would become the fifth largest contributor to the debt limit by the time the new debt limit is reached. The U.S. government would",business,1.4851322174072266
business,business,0.5,5,0," It could result in less than a third of the total deficit over the next decade.

Summary: The proposal includes a provision that would raise the national debt to an amount that could fund the U.S. government for a decade. The U.S. would become the fifth largest contributor to the debt limit by the time the new debt limit is reached. The U.S. government would",politics,0.9891742467880249
business,business,0.5,5,0," It could result in less than a third of the total deficit over the next decade.

Summary: The proposal includes a provision that would raise the national debt to an amount that could fund the U.S. government for a decade. The U.S. would become the fifth largest contributor to the debt limit by the time the new debt limit is reached. The U.S. government would",entertainment,-1.4504849910736084
business,business,0.5,5,1,"

Nuclear program: The U.S. has a nuclear weapons stockpile. In other words, the weapons are on standby. The U.S. can use the program as a weapon in its war against Iran. Iran has threatened that it could use the program as a weapon against U.S. allies in the region. The president of the United States is also thinking about a",business,0.4727138578891754
business,business,0.5,5,1,"

Nuclear program: The U.S. has a nuclear weapons stockpile. In other words, the weapons are on standby. The U.S. can use the program as a weapon in its war against Iran. Iran has threatened that it could use the program as a weapon against U.S. allies in the region. The president of the United States is also thinking about a",politics,1.051620364189148
business,business,0.5,5,1,"

Nuclear program: The U.S. has a nuclear weapons stockpile. In other words, the weapons are on standby. The U.S. can use the program as a weapon in its war against Iran. Iran has threatened that it could use the program as a weapon against U.S. allies in the region. The president of the United States is also thinking about a",entertainment,-1.4966189861297607
business,business,0.5,5,2,"

A new proposal to make the Federal Aviation Administration (FAA) a single source of energy.

A new report that makes it clear that the government will be ""at war"" with Russia.",business,-0.2577045261859894
business,business,0.5,5,2,"

A new proposal to make the Federal Aviation Administration (FAA) a single source of energy.

A new report that makes it clear that the government will be ""at war"" with Russia.",politics,1.3908168077468872
business,business,0.5,5,2,"

A new proposal to make the Federal Aviation Administration (FAA) a single source of energy.

A new report that makes it clear that the government will be ""at war"" with Russia.",entertainment,-1.2808074951171875
politics,politics,0.5,0,0,"

The development is being developed in the city of El Paso, Texas. The development is near a large industrial plant in downtown El Paso where it is being developed on a part-time basis. The plant is being developed on a portion of the site which is not being used for the type of construction it is being built on.

Local News:

The El Paso News published a",business,0.2551913559436798
politics,politics,0.5,0,0,"

The development is being developed in the city of El Paso, Texas. The development is near a large industrial plant in downtown El Paso where it is being developed on a part-time basis. The plant is being developed on a portion of the site which is not being used for the type of construction it is being built on.

Local News:

The El Paso News published a",politics,0.3995147943496704
politics,politics,0.5,0,0,"

The development is being developed in the city of El Paso, Texas. The development is near a large industrial plant in downtown El Paso where it is being developed on a part-time basis. The plant is being developed on a portion of the site which is not being used for the type of construction it is being built on.

Local News:

The El Paso News published a",entertainment,-0.737419605255127
politics,politics,0.5,0,1,"

We’ve covered the latest development in the city’s “no-so-weird” history and its role in a local school board and zoning board’s decision to remove a controversial housing development. This particular development is scheduled to go before the City Council for a public hearing.

The school board in May voted to remove the proposed development after a meeting with community concerns about",business,-0.0002587437629699707
politics,politics,0.5,0,1,"

We’ve covered the latest development in the city’s “no-so-weird” history and its role in a local school board and zoning board’s decision to remove a controversial housing development. This particular development is scheduled to go before the City Council for a public hearing.

The school board in May voted to remove the proposed development after a meeting with community concerns about",politics,0.8907935619354248
politics,politics,0.5,0,1,"

We’ve covered the latest development in the city’s “no-so-weird” history and its role in a local school board and zoning board’s decision to remove a controversial housing development. This particular development is scheduled to go before the City Council for a public hearing.

The school board in May voted to remove the proposed development after a meeting with community concerns about",entertainment,-0.6069954633712769
politics,politics,0.5,0,2," The state is underfunding water treatment and a major source of its own energy.

The federal agency would have to turn over water to the state Department of Environmental Quality, which can use the water to do its dirty jobs.

The agency is set to report its findings in March, but its office says it hasn’t received any funding to do its job in years.

",business,0.9825148582458496
politics,politics,0.5,0,2," The state is underfunding water treatment and a major source of its own energy.

The federal agency would have to turn over water to the state Department of Environmental Quality, which can use the water to do its dirty jobs.

The agency is set to report its findings in March, but its office says it hasn’t received any funding to do its job in years.

",politics,1.0836491584777832
politics,politics,0.5,0,2," The state is underfunding water treatment and a major source of its own energy.

The federal agency would have to turn over water to the state Department of Environmental Quality, which can use the water to do its dirty jobs.

The agency is set to report its findings in March, but its office says it hasn’t received any funding to do its job in years.

",entertainment,-1.2660231590270996
politics,politics,0.5,1,0,"

A public announcement about a public announcement. A public announcement may be made only by the Governor, a Cabinet Minister or a Cabinet Member, and the state must notify the public at least once in a year.

The Public Press Brief states that it is ""an official public notice about the announcement of a public announcement in the coming month"".

A Public Press Brief must be sent to",business,-0.11292138695716858
politics,politics,0.5,1,0,"

A public announcement about a public announcement. A public announcement may be made only by the Governor, a Cabinet Minister or a Cabinet Member, and the state must notify the public at least once in a year.

The Public Press Brief states that it is ""an official public notice about the announcement of a public announcement in the coming month"".

A Public Press Brief must be sent to",politics,1.2135308980941772
politics,politics,0.5,1,0,"

A public announcement about a public announcement. A public announcement may be made only by the Governor, a Cabinet Minister or a Cabinet Member, and the state must notify the public at least once in a year.

The Public Press Brief states that it is ""an official public notice about the announcement of a public announcement in the coming month"".

A Public Press Brief must be sent to",entertainment,-0.9134920835494995
politics,politics,0.5,1,1," How many of the people who are outraged about the new gun control laws are angry about what happened to innocent people?

What does the new legislation do? It opens the door to a new round of litigation. If you sign a letter to the editor, you can put your name forward, but your brief must be brief and be only one sentence. This is a good way to build a",business,-0.10286702960729599
politics,politics,0.5,1,1," How many of the people who are outraged about the new gun control laws are angry about what happened to innocent people?

What does the new legislation do? It opens the door to a new round of litigation. If you sign a letter to the editor, you can put your name forward, but your brief must be brief and be only one sentence. This is a good way to build a",politics,1.1045739650726318
politics,politics,0.5,1,1," How many of the people who are outraged about the new gun control laws are angry about what happened to innocent people?

What does the new legislation do? It opens the door to a new round of litigation. If you sign a letter to the editor, you can put your name forward, but your brief must be brief and be only one sentence. This is a good way to build a",entertainment,-0.9893461465835571
politics,politics,0.5,1,2," The first of the new episodes is titled ""The Rotten Bush."" In it, you'll be able to see the entire narrative of Bush. The story of the presidential election is one of four main topics discussed.

The second issue, with a different topic, will center on the issue of whether or not the Bush administration's use of tax breaks to fund the war is justified by the fact",business,0.19465042650699615
politics,politics,0.5,1,2," The first of the new episodes is titled ""The Rotten Bush."" In it, you'll be able to see the entire narrative of Bush. The story of the presidential election is one of four main topics discussed.

The second issue, with a different topic, will center on the issue of whether or not the Bush administration's use of tax breaks to fund the war is justified by the fact",politics,0.7026900053024292
politics,politics,0.5,1,2," The first of the new episodes is titled ""The Rotten Bush."" In it, you'll be able to see the entire narrative of Bush. The story of the presidential election is one of four main topics discussed.

The second issue, with a different topic, will center on the issue of whether or not the Bush administration's use of tax breaks to fund the war is justified by the fact",entertainment,-0.2577367424964905
politics,politics,0.5,2,0," The group of eight women who made this decision said they found themselves alone at the table, without any guidance. It was also difficult to see how their lack of input could help any other decision being made by the group.

The group's decision was to go to the UN, and to use the UN's human rights mechanism, the International Committee for the Protection of Human Rights and Fundamental Rights",business,-0.020115673542022705
politics,politics,0.5,2,0," The group of eight women who made this decision said they found themselves alone at the table, without any guidance. It was also difficult to see how their lack of input could help any other decision being made by the group.

The group's decision was to go to the UN, and to use the UN's human rights mechanism, the International Committee for the Protection of Human Rights and Fundamental Rights",politics,0.9792602062225342
politics,politics,0.5,2,0," The group of eight women who made this decision said they found themselves alone at the table, without any guidance. It was also difficult to see how their lack of input could help any other decision being made by the group.

The group's decision was to go to the UN, and to use the UN's human rights mechanism, the International Committee for the Protection of Human Rights and Fundamental Rights",entertainment,-0.9405002593994141
politics,politics,0.5,2,1," We can't ignore the consequences for those we support, but some of the most common solutions are just not enough.

The UK government plans to increase its role in the world by £40 billion a year in the next four years, including the establishment of the UK government's first UK-wide ""news and information"" unit.

The plans will aim to boost the country's capacity in",business,0.7706112861633301
politics,politics,0.5,2,1," We can't ignore the consequences for those we support, but some of the most common solutions are just not enough.

The UK government plans to increase its role in the world by £40 billion a year in the next four years, including the establishment of the UK government's first UK-wide ""news and information"" unit.

The plans will aim to boost the country's capacity in",politics,1.4091932773590088
politics,politics,0.5,2,1," We can't ignore the consequences for those we support, but some of the most common solutions are just not enough.

The UK government plans to increase its role in the world by £40 billion a year in the next four years, including the establishment of the UK government's first UK-wide ""news and information"" unit.

The plans will aim to boost the country's capacity in",entertainment,-1.5442359447479248
politics,politics,0.5,2,2,"

You’ve been a journalist working in the Middle East in the past year and have been asked by Western nations to join a multinational consortium to design a new warhead. You believe the process has been too difficult. You believe it will cost too much. You feel that the best way to deal with the challenge is to stand up and take it. And you want to be known for",business,-0.42242372035980225
politics,politics,0.5,2,2,"

You’ve been a journalist working in the Middle East in the past year and have been asked by Western nations to join a multinational consortium to design a new warhead. You believe the process has been too difficult. You believe it will cost too much. You feel that the best way to deal with the challenge is to stand up and take it. And you want to be known for",politics,0.9816855788230896
politics,politics,0.5,2,2,"

You’ve been a journalist working in the Middle East in the past year and have been asked by Western nations to join a multinational consortium to design a new warhead. You believe the process has been too difficult. You believe it will cost too much. You feel that the best way to deal with the challenge is to stand up and take it. And you want to be known for",entertainment,-1.0784854888916016
politics,politics,0.5,3,0," We are pleased to see that the Department of Homeland Security has introduced a new, new technology to the federal government that will help people find their way home. We’re looking to provide an accurate and reliable way to communicate with all of our government and law enforcement agencies about a variety of events that occurred this year. To provide this capability, we have introduced a new technology to the Federal Computer Emergency Read",business,0.4690808057785034
politics,politics,0.5,3,0," We are pleased to see that the Department of Homeland Security has introduced a new, new technology to the federal government that will help people find their way home. We’re looking to provide an accurate and reliable way to communicate with all of our government and law enforcement agencies about a variety of events that occurred this year. To provide this capability, we have introduced a new technology to the Federal Computer Emergency Read",politics,0.9532883763313293
politics,politics,0.5,3,0," We are pleased to see that the Department of Homeland Security has introduced a new, new technology to the federal government that will help people find their way home. We’re looking to provide an accurate and reliable way to communicate with all of our government and law enforcement agencies about a variety of events that occurred this year. To provide this capability, we have introduced a new technology to the Federal Computer Emergency Read",entertainment,-1.3803913593292236
politics,politics,0.5,3,1," President Trump's transition team is not working overtime on his transition team, and that will put at risk the credibility of the Department of Justice and FBI, which will be working to find a way to stop what happened today.

Brief: As part of our briefing, the White House has set up a briefing for special counsel Robert Mueller's team, where they will try to find out why the",business,0.4728991687297821
politics,politics,0.5,3,1," President Trump's transition team is not working overtime on his transition team, and that will put at risk the credibility of the Department of Justice and FBI, which will be working to find a way to stop what happened today.

Brief: As part of our briefing, the White House has set up a briefing for special counsel Robert Mueller's team, where they will try to find out why the",politics,1.3454116582870483
politics,politics,0.5,3,1," President Trump's transition team is not working overtime on his transition team, and that will put at risk the credibility of the Department of Justice and FBI, which will be working to find a way to stop what happened today.

Brief: As part of our briefing, the White House has set up a briefing for special counsel Robert Mueller's team, where they will try to find out why the",entertainment,-1.0355809926986694
politics,politics,0.5,3,2," The state of North Carolina’s political environment and the state’s political landscape, by John O’Connor, The Christian Science Monitor.

More: North Carolina: The GOP’s fiscal recklessness is over, state officials say

More: In an article by David Wasserman, North Carolina politicians are talking about the state's future as a state where they will probably vote in",business,0.37964093685150146
politics,politics,0.5,3,2," The state of North Carolina’s political environment and the state’s political landscape, by John O’Connor, The Christian Science Monitor.

More: North Carolina: The GOP’s fiscal recklessness is over, state officials say

More: In an article by David Wasserman, North Carolina politicians are talking about the state's future as a state where they will probably vote in",politics,0.9326819181442261
politics,politics,0.5,3,2," The state of North Carolina’s political environment and the state’s political landscape, by John O’Connor, The Christian Science Monitor.

More: North Carolina: The GOP’s fiscal recklessness is over, state officials say

More: In an article by David Wasserman, North Carolina politicians are talking about the state's future as a state where they will probably vote in",entertainment,-0.6042729616165161
politics,politics,0.5,4,0,"

“They were told to give us a little bit more than we gave them, and so we don’t give them anything back,” said D’Aulay, whose client is the Washington Examiner. “They’re like, what the hell are you talking about?”

“I have a pretty good sense of what is going on in this city,” said Covington",business,-0.8608216047286987
politics,politics,0.5,4,0,"

“They were told to give us a little bit more than we gave them, and so we don’t give them anything back,” said D’Aulay, whose client is the Washington Examiner. “They’re like, what the hell are you talking about?”

“I have a pretty good sense of what is going on in this city,” said Covington",politics,0.7507618069648743
politics,politics,0.5,4,0,"

“They were told to give us a little bit more than we gave them, and so we don’t give them anything back,” said D’Aulay, whose client is the Washington Examiner. “They’re like, what the hell are you talking about?”

“I have a pretty good sense of what is going on in this city,” said Covington",entertainment,-0.6495184898376465
politics,politics,0.5,4,1," The New York Times:

“I was struck by the level of urgency that the newspaper and its news staff had been calling for a change, and I was determined to take action.”

Heavy:

“I thought the pressure was too much for this paper to bear. It’s just too much for the people who are doing their jobs.”

Heavy:
",business,-0.08763726055622101
politics,politics,0.5,4,1," The New York Times:

“I was struck by the level of urgency that the newspaper and its news staff had been calling for a change, and I was determined to take action.”

Heavy:

“I thought the pressure was too much for this paper to bear. It’s just too much for the people who are doing their jobs.”

Heavy:
",politics,0.9673330783843994
politics,politics,0.5,4,1," The New York Times:

“I was struck by the level of urgency that the newspaper and its news staff had been calling for a change, and I was determined to take action.”

Heavy:

“I thought the pressure was too much for this paper to bear. It’s just too much for the people who are doing their jobs.”

Heavy:
",entertainment,-0.9167711138725281
politics,politics,0.5,4,2," The new law will allow people to make a ‘neutral’ statement about the coronavirus outbreak as long as it’s not explicitly about a specific topic like the coronavirus or the flu.

It’s been reported that a federal judge has blocked the new legislation from getting on the internet before an outcry from the public.

Lawmakers will likely vote on this on Wednesday and Thursday.
",business,0.44548219442367554
politics,politics,0.5,4,2," The new law will allow people to make a ‘neutral’ statement about the coronavirus outbreak as long as it’s not explicitly about a specific topic like the coronavirus or the flu.

It’s been reported that a federal judge has blocked the new legislation from getting on the internet before an outcry from the public.

Lawmakers will likely vote on this on Wednesday and Thursday.
",politics,1.218278169631958
politics,politics,0.5,4,2," The new law will allow people to make a ‘neutral’ statement about the coronavirus outbreak as long as it’s not explicitly about a specific topic like the coronavirus or the flu.

It’s been reported that a federal judge has blocked the new legislation from getting on the internet before an outcry from the public.

Lawmakers will likely vote on this on Wednesday and Thursday.
",entertainment,-1.0671682357788086
politics,politics,0.5,5,0," It could be a good thing for the U.S. economy, to cut interest rates, to increase spending, to make some gains with new technology and to reduce government debt.

Witty: It could create a positive impact.

Brief: It could help our economy, and our tax code, be more productive.

Brief: The public should see more of the",business,0.6683704853057861
politics,politics,0.5,5,0," It could be a good thing for the U.S. economy, to cut interest rates, to increase spending, to make some gains with new technology and to reduce government debt.

Witty: It could create a positive impact.

Brief: It could help our economy, and our tax code, be more productive.

Brief: The public should see more of the",politics,0.9508699178695679
politics,politics,0.5,5,0," It could be a good thing for the U.S. economy, to cut interest rates, to increase spending, to make some gains with new technology and to reduce government debt.

Witty: It could create a positive impact.

Brief: It could help our economy, and our tax code, be more productive.

Brief: The public should see more of the",entertainment,-1.4606142044067383
politics,politics,0.5,5,1,"

Nuclear program: The U.S. has a nuclear weapons stockpile. In other words, the weapons are on standby. The current nuclear weapons stockpile should be reduced, so that the current stockpile can be replaced.

The New World Order: The U.S. is increasingly involved in a global civil war, fueled by a variety of conspiracy theories. These include",business,0.6261083483695984
politics,politics,0.5,5,1,"

Nuclear program: The U.S. has a nuclear weapons stockpile. In other words, the weapons are on standby. The current nuclear weapons stockpile should be reduced, so that the current stockpile can be replaced.

The New World Order: The U.S. is increasingly involved in a global civil war, fueled by a variety of conspiracy theories. These include",politics,0.8950310945510864
politics,politics,0.5,5,1,"

Nuclear program: The U.S. has a nuclear weapons stockpile. In other words, the weapons are on standby. The current nuclear weapons stockpile should be reduced, so that the current stockpile can be replaced.

The New World Order: The U.S. is increasingly involved in a global civil war, fueled by a variety of conspiracy theories. These include",entertainment,-1.4719414710998535
politics,politics,0.5,5,2,"

A new proposal to make the Office of Statewide Affairs responsible for managing the Bureau of National Affairs would be the first significant step in a larger, more ambitious effort to ensure that the State Department and the State Department’s business partners would be allowed to participate in the Federal Emergency Management Agency’s Department of Energy and Environmental Protection (DEEP).

A new document released this week,",business,0.4869127869606018
politics,politics,0.5,5,2,"

A new proposal to make the Office of Statewide Affairs responsible for managing the Bureau of National Affairs would be the first significant step in a larger, more ambitious effort to ensure that the State Department and the State Department’s business partners would be allowed to participate in the Federal Emergency Management Agency’s Department of Energy and Environmental Protection (DEEP).

A new document released this week,",politics,1.256255865097046
politics,politics,0.5,5,2,"

A new proposal to make the Office of Statewide Affairs responsible for managing the Bureau of National Affairs would be the first significant step in a larger, more ambitious effort to ensure that the State Department and the State Department’s business partners would be allowed to participate in the Federal Emergency Management Agency’s Department of Energy and Environmental Protection (DEEP).

A new document released this week,",entertainment,-1.1144412755966187
entertainment,entertainment,0.5,0,0,"

As the population of the Lower Mainland and Northwest Territories continues to fall, what's the best way to get more residents in the area to come out? In June, the provincial government released the most recent census. A more detailed look at the statistics revealed a new median household income for the area has been below the national average. The low household income level among younger and older generations shows",business,0.49877500534057617
entertainment,entertainment,0.5,0,0,"

As the population of the Lower Mainland and Northwest Territories continues to fall, what's the best way to get more residents in the area to come out? In June, the provincial government released the most recent census. A more detailed look at the statistics revealed a new median household income for the area has been below the national average. The low household income level among younger and older generations shows",politics,0.7398509383201599
entertainment,entertainment,0.5,0,0,"

As the population of the Lower Mainland and Northwest Territories continues to fall, what's the best way to get more residents in the area to come out? In June, the provincial government released the most recent census. A more detailed look at the statistics revealed a new median household income for the area has been below the national average. The low household income level among younger and older generations shows",entertainment,-1.2603466510772705
entertainment,entertainment,0.5,0,1," The new mayor is a big, broad-shouldered, good-natured guy who is the kind of guy you can just throw around the phone and call if you can’t get a hold of him, and he’ll be a big, broad-shouldered, good-natured guy to boot.

On the other hand, there is something of a subplot of an",business,-0.8069992661476135
entertainment,entertainment,0.5,0,1," The new mayor is a big, broad-shouldered, good-natured guy who is the kind of guy you can just throw around the phone and call if you can’t get a hold of him, and he’ll be a big, broad-shouldered, good-natured guy to boot.

On the other hand, there is something of a subplot of an",politics,0.29306361079216003
entertainment,entertainment,0.5,0,1," The new mayor is a big, broad-shouldered, good-natured guy who is the kind of guy you can just throw around the phone and call if you can’t get a hold of him, and he’ll be a big, broad-shouldered, good-natured guy to boot.

On the other hand, there is something of a subplot of an",entertainment,-0.18127623200416565
entertainment,entertainment,0.5,0,2," The city council has approved an initiative to put $250 million into a new library fund and is working with its partners to ensure that it gets the funding needed to complete the $400 million renovation of the old library. The new library will bring together more than 8,000 books and more than 2,000 items for local kids and adults to read.

The project could add more than 900 titles",business,0.9288321733474731
entertainment,entertainment,0.5,0,2," The city council has approved an initiative to put $250 million into a new library fund and is working with its partners to ensure that it gets the funding needed to complete the $400 million renovation of the old library. The new library will bring together more than 8,000 books and more than 2,000 items for local kids and adults to read.

The project could add more than 900 titles",politics,0.8308590650558472
entertainment,entertainment,0.5,0,2," The city council has approved an initiative to put $250 million into a new library fund and is working with its partners to ensure that it gets the funding needed to complete the $400 million renovation of the old library. The new library will bring together more than 8,000 books and more than 2,000 items for local kids and adults to read.

The project could add more than 900 titles",entertainment,-0.9576236009597778
entertainment,entertainment,0.5,1,0,"

The city is looking for a writer to edit a short story about a government shutdown, and then add a link to that story.

Dubbed the ""Brief,"" the writer is Mike Wachter, and the first story in the short is entitled ""We're not gonna do this. It's too late for us.""

Wachter has previously written about the",business,-0.7440734505653381
entertainment,entertainment,0.5,1,0,"

The city is looking for a writer to edit a short story about a government shutdown, and then add a link to that story.

Dubbed the ""Brief,"" the writer is Mike Wachter, and the first story in the short is entitled ""We're not gonna do this. It's too late for us.""

Wachter has previously written about the",politics,0.4900014102458954
entertainment,entertainment,0.5,1,0,"

The city is looking for a writer to edit a short story about a government shutdown, and then add a link to that story.

Dubbed the ""Brief,"" the writer is Mike Wachter, and the first story in the short is entitled ""We're not gonna do this. It's too late for us.""

Wachter has previously written about the",entertainment,0.10524019598960876
entertainment,entertainment,0.5,1,1," A public announcement is an announcement or announcement for an item, event, issue, news, or information to be broadcast about, in, about or over the media to the public. Briefs are often used as announcements for news. An announcement is brief if it has to be produced by the public, and a brief if it has to be produced by the public.

Brief: A short",business,0.06767114996910095
entertainment,entertainment,0.5,1,1," A public announcement is an announcement or announcement for an item, event, issue, news, or information to be broadcast about, in, about or over the media to the public. Briefs are often used as announcements for news. An announcement is brief if it has to be produced by the public, and a brief if it has to be produced by the public.

Brief: A short",politics,0.5151082277297974
entertainment,entertainment,0.5,1,1," A public announcement is an announcement or announcement for an item, event, issue, news, or information to be broadcast about, in, about or over the media to the public. Briefs are often used as announcements for news. An announcement is brief if it has to be produced by the public, and a brief if it has to be produced by the public.

Brief: A short",entertainment,-0.7670849561691284
entertainment,entertainment,0.5,1,2,"

The announcement will be released in an hour.

What’s it to say?

It’s a short, neutral brief that has no context for the news.

What’s it’s to say?

It’s a brief, neutral brief.

What’s it’s to say?

It’s a brief, neutral",business,-0.5441408157348633
entertainment,entertainment,0.5,1,2,"

The announcement will be released in an hour.

What’s it to say?

It’s a short, neutral brief that has no context for the news.

What’s it’s to say?

It’s a brief, neutral brief.

What’s it’s to say?

It’s a brief, neutral",politics,0.547850489616394
entertainment,entertainment,0.5,1,2,"

The announcement will be released in an hour.

What’s it to say?

It’s a short, neutral brief that has no context for the news.

What’s it’s to say?

It’s a brief, neutral brief.

What’s it’s to say?

It’s a brief, neutral",entertainment,-0.4866071939468384
entertainment,entertainment,0.5,2,0," What’s The Matter With Them?

When a group of people decides to make a decision to make a difference, it is about the right to be heard, and whether the decision will help us in society.

It is about the right to be heard, and whether the decision will make a difference in our community.

The way to the right to be heard is through",business,-0.3100389838218689
entertainment,entertainment,0.5,2,0," What’s The Matter With Them?

When a group of people decides to make a decision to make a difference, it is about the right to be heard, and whether the decision will help us in society.

It is about the right to be heard, and whether the decision will make a difference in our community.

The way to the right to be heard is through",politics,1.0326850414276123
entertainment,entertainment,0.5,2,0," What’s The Matter With Them?

When a group of people decides to make a decision to make a difference, it is about the right to be heard, and whether the decision will help us in society.

It is about the right to be heard, and whether the decision will make a difference in our community.

The way to the right to be heard is through",entertainment,-1.014796495437622
entertainment,entertainment,0.5,2,1," What happened when Obama’s job was made into a national holiday.

About that brief: “I am asking the President to do something to help make sure that we are all on the same page about how we got here, about the politics of the country, about the priorities of our government.”

Brief: Did Obama make a decision based on the political winds of the country?",business,0.07067526131868362
entertainment,entertainment,0.5,2,1," What happened when Obama’s job was made into a national holiday.

About that brief: “I am asking the President to do something to help make sure that we are all on the same page about how we got here, about the politics of the country, about the priorities of our government.”

Brief: Did Obama make a decision based on the political winds of the country?",politics,1.4348483085632324
entertainment,entertainment,0.5,2,1," What happened when Obama’s job was made into a national holiday.

About that brief: “I am asking the President to do something to help make sure that we are all on the same page about how we got here, about the politics of the country, about the priorities of our government.”

Brief: Did Obama make a decision based on the political winds of the country?",entertainment,-1.09806227684021
entertainment,entertainment,0.5,2,2," ""The American people do not want to be hurt by their political leaders and they don't believe that what the President is saying to them. But they want to know whether the American people are ready to have their voices heard. So in the middle of the night they make a decision to vote against a very important amendment and to then say, 'We are not going to vote for this,' because it",business,-0.1270214468240738
entertainment,entertainment,0.5,2,2," ""The American people do not want to be hurt by their political leaders and they don't believe that what the President is saying to them. But they want to know whether the American people are ready to have their voices heard. So in the middle of the night they make a decision to vote against a very important amendment and to then say, 'We are not going to vote for this,' because it",politics,1.6580474376678467
entertainment,entertainment,0.5,2,2," ""The American people do not want to be hurt by their political leaders and they don't believe that what the President is saying to them. But they want to know whether the American people are ready to have their voices heard. So in the middle of the night they make a decision to vote against a very important amendment and to then say, 'We are not going to vote for this,' because it",entertainment,-1.515152931213379
entertainment,entertainment,0.5,3,0," A short video brief of the event.

A short video brief of the event. Brief: A short video brief of the event.

A short video brief of the event. Brief: A short video brief of the event.

A short video brief of the event. Brief: A short video brief of the event.",business,-0.46728259325027466
entertainment,entertainment,0.5,3,0," A short video brief of the event.

A short video brief of the event. Brief: A short video brief of the event.

A short video brief of the event. Brief: A short video brief of the event.

A short video brief of the event. Brief: A short video brief of the event.",politics,0.20590533316135406
entertainment,entertainment,0.5,3,0," A short video brief of the event.

A short video brief of the event. Brief: A short video brief of the event.

A short video brief of the event. Brief: A short video brief of the event.

A short video brief of the event. Brief: A short video brief of the event.",entertainment,0.14791777729988098
entertainment,entertainment,0.5,3,1,"

President Ronald Reagan's birthday is today. He is also the first president of the U.S. since Franklin Roosevelt to be honored by a person.

Brief:

George Washington is also the first president of the United States and the first president who died while on a trip to Hawaii.

Brief:

President Bush was the first president to be honored by",business,-0.45023491978645325
entertainment,entertainment,0.5,3,1,"

President Ronald Reagan's birthday is today. He is also the first president of the U.S. since Franklin Roosevelt to be honored by a person.

Brief:

George Washington is also the first president of the United States and the first president who died while on a trip to Hawaii.

Brief:

President Bush was the first president to be honored by",politics,0.5495377779006958
entertainment,entertainment,0.5,3,1,"

President Ronald Reagan's birthday is today. He is also the first president of the U.S. since Franklin Roosevelt to be honored by a person.

Brief:

George Washington is also the first president of the United States and the first president who died while on a trip to Hawaii.

Brief:

President Bush was the first president to be honored by",entertainment,0.22361892461776733
entertainment,entertainment,0.5,3,2, A family of 3 boys were hospitalized in the hospital after a tornado hit their home. A man who had access to the house was killed.,business,-0.8768358826637268
entertainment,entertainment,0.5,3,2, A family of 3 boys were hospitalized in the hospital after a tornado hit their home. A man who had access to the house was killed.,politics,0.23668691515922546
entertainment,entertainment,0.5,3,2, A family of 3 boys were hospitalized in the hospital after a tornado hit their home. A man who had access to the house was killed.,entertainment,0.060742415487766266
entertainment,entertainment,0.5,4,0,"

A major issue will be the ongoing use of social media for promoting political and social content.

The content of this brief was created by the Political and Social Networking Platform (PSN) and is a part of the ongoing social media effort to further the aims of the platform.

PSN, an online platform for exchanging political and social content, has had a large role in",business,0.05555438995361328
entertainment,entertainment,0.5,4,0,"

A major issue will be the ongoing use of social media for promoting political and social content.

The content of this brief was created by the Political and Social Networking Platform (PSN) and is a part of the ongoing social media effort to further the aims of the platform.

PSN, an online platform for exchanging political and social content, has had a large role in",politics,0.7344949245452881
entertainment,entertainment,0.5,4,0,"

A major issue will be the ongoing use of social media for promoting political and social content.

The content of this brief was created by the Political and Social Networking Platform (PSN) and is a part of the ongoing social media effort to further the aims of the platform.

PSN, an online platform for exchanging political and social content, has had a large role in",entertainment,-0.9959158897399902
entertainment,entertainment,0.5,4,1," In June, the Bush administration proposed a long-range security-reform plan for Iraq called the “War on Terror.” It included a five-year delay in launching a new phase of the war, which was to begin in January. Under the plan, the U.S. would send a group of Iraqis to the U.N. to study the plan. The Iraqi prime minister was",business,1.068344235420227
entertainment,entertainment,0.5,4,1," In June, the Bush administration proposed a long-range security-reform plan for Iraq called the “War on Terror.” It included a five-year delay in launching a new phase of the war, which was to begin in January. Under the plan, the U.S. would send a group of Iraqis to the U.N. to study the plan. The Iraqi prime minister was",politics,1.2753854990005493
entertainment,entertainment,0.5,4,1," In June, the Bush administration proposed a long-range security-reform plan for Iraq called the “War on Terror.” It included a five-year delay in launching a new phase of the war, which was to begin in January. Under the plan, the U.S. would send a group of Iraqis to the U.N. to study the plan. The Iraqi prime minister was",entertainment,-1.2123680114746094
entertainment,entertainment,0.5,4,2,"

I was recently on a panel at my local newspaper and the topic was “How do we get away with bad things”. I am so glad I came up with my answer in such a timely manner. The panel was a little biased and had a very emotional reaction to my comments.

I was asked this question several times and it seemed to have a lot of people thinking I was right",business,-0.9964025020599365
entertainment,entertainment,0.5,4,2,"

I was recently on a panel at my local newspaper and the topic was “How do we get away with bad things”. I am so glad I came up with my answer in such a timely manner. The panel was a little biased and had a very emotional reaction to my comments.

I was asked this question several times and it seemed to have a lot of people thinking I was right",politics,0.6016961336135864
entertainment,entertainment,0.5,4,2,"

I was recently on a panel at my local newspaper and the topic was “How do we get away with bad things”. I am so glad I came up with my answer in such a timely manner. The panel was a little biased and had a very emotional reaction to my comments.

I was asked this question several times and it seemed to have a lot of people thinking I was right",entertainment,-0.5039896368980408
entertainment,entertainment,0.5,5,0," “The U.S. government will continue its efforts to limit gun sales, but it’s also raising the stakes for the public to see it in action, according to former senior U.S. officials who spoke with The New York Times. The proposal is designed to show the government is not simply a pawn of the Second Amendment, but is working to expand the reach of gun-control efforts",business,0.7573248147964478
entertainment,entertainment,0.5,5,0," “The U.S. government will continue its efforts to limit gun sales, but it’s also raising the stakes for the public to see it in action, according to former senior U.S. officials who spoke with The New York Times. The proposal is designed to show the government is not simply a pawn of the Second Amendment, but is working to expand the reach of gun-control efforts",politics,1.3170545101165771
entertainment,entertainment,0.5,5,0," “The U.S. government will continue its efforts to limit gun sales, but it’s also raising the stakes for the public to see it in action, according to former senior U.S. officials who spoke with The New York Times. The proposal is designed to show the government is not simply a pawn of the Second Amendment, but is working to expand the reach of gun-control efforts",entertainment,-1.3692338466644287
entertainment,entertainment,0.5,5,1," The National Press Club (NPC) and Newsday will publish the first edition of its daily opinion newsletter, which will contain an hourlong radio segment as a short introduction. The News Club president, William Sullivan, and the editorial board will meet in the basement at the New York press center on Monday, Nov. 1.

The Tribune’s full weekly feature will include news from the news",business,0.19318318367004395
entertainment,entertainment,0.5,5,1," The National Press Club (NPC) and Newsday will publish the first edition of its daily opinion newsletter, which will contain an hourlong radio segment as a short introduction. The News Club president, William Sullivan, and the editorial board will meet in the basement at the New York press center on Monday, Nov. 1.

The Tribune’s full weekly feature will include news from the news",politics,0.4643896222114563
entertainment,entertainment,0.5,5,1," The National Press Club (NPC) and Newsday will publish the first edition of its daily opinion newsletter, which will contain an hourlong radio segment as a short introduction. The News Club president, William Sullivan, and the editorial board will meet in the basement at the New York press center on Monday, Nov. 1.

The Tribune’s full weekly feature will include news from the news",entertainment,-0.011373858898878098
entertainment,entertainment,0.5,5,2," The next-best thing for the State Legislature is a better understanding of how the power that has been given by local government and a better understanding of the need for more transparency.

But, as I’ve mentioned before, my job is to be able to provide the information needed to do that.

That includes the facts, as well as the logic and the implications.

So",business,-0.027548737823963165
entertainment,entertainment,0.5,5,2," The next-best thing for the State Legislature is a better understanding of how the power that has been given by local government and a better understanding of the need for more transparency.

But, as I’ve mentioned before, my job is to be able to provide the information needed to do that.

That includes the facts, as well as the logic and the implications.

So",politics,1.051073431968689
entertainment,entertainment,0.5,5,2," The next-best thing for the State Legislature is a better understanding of how the power that has been given by local government and a better understanding of the need for more transparency.

But, as I’ve mentioned before, my job is to be able to provide the information needed to do that.

That includes the facts, as well as the logic and the implications.

So",entertainment,-1.2654608488082886
business,business,0.75,0,0," A Local Development Advisory Committee is working to help create the “Mission-To-Plan” area in Los Alamos, the new development which has been under construction since 2016 and which has seen development prices drop significantly over the past few years. The advisory group also includes a number of officials from LAS, a state government agency, and community leaders such as community leaders, local governments, and local",business,0.6116437911987305
business,business,0.75,0,0," A Local Development Advisory Committee is working to help create the “Mission-To-Plan” area in Los Alamos, the new development which has been under construction since 2016 and which has seen development prices drop significantly over the past few years. The advisory group also includes a number of officials from LAS, a state government agency, and community leaders such as community leaders, local governments, and local",politics,0.8590923547744751
business,business,0.75,0,0," A Local Development Advisory Committee is working to help create the “Mission-To-Plan” area in Los Alamos, the new development which has been under construction since 2016 and which has seen development prices drop significantly over the past few years. The advisory group also includes a number of officials from LAS, a state government agency, and community leaders such as community leaders, local governments, and local",entertainment,-0.7868776917457581
business,business,0.75,0,1," This news brief is a compilation of local news reports about a local development. It was originally published on the B2B platform Wibra, now part of Google.

This News Brief contains detailed information on this development, as well as links to further local news stories. It contains short, non-textual summaries of each of the five major development stories, including local and state stories",business,0.07549867033958435
business,business,0.75,0,1," This news brief is a compilation of local news reports about a local development. It was originally published on the B2B platform Wibra, now part of Google.

This News Brief contains detailed information on this development, as well as links to further local news stories. It contains short, non-textual summaries of each of the five major development stories, including local and state stories",politics,0.35794246196746826
business,business,0.75,0,1," This news brief is a compilation of local news reports about a local development. It was originally published on the B2B platform Wibra, now part of Google.

This News Brief contains detailed information on this development, as well as links to further local news stories. It contains short, non-textual summaries of each of the five major development stories, including local and state stories",entertainment,-0.4224163293838501
business,business,0.75,0,2," The New Jersey Economic Development Authority is set to become the state's second-largest economic development agency with an annual budget of $1.6 billion, according to a July 15 announcement. It will include 20,000 jobs.

Brief: State Sen. Bob Menendez, D-Berks, is supporting a bill that would make it easier for the governor to sell the state's water",business,1.0146939754486084
business,business,0.75,0,2," The New Jersey Economic Development Authority is set to become the state's second-largest economic development agency with an annual budget of $1.6 billion, according to a July 15 announcement. It will include 20,000 jobs.

Brief: State Sen. Bob Menendez, D-Berks, is supporting a bill that would make it easier for the governor to sell the state's water",politics,0.724126935005188
business,business,0.75,0,2," The New Jersey Economic Development Authority is set to become the state's second-largest economic development agency with an annual budget of $1.6 billion, according to a July 15 announcement. It will include 20,000 jobs.

Brief: State Sen. Bob Menendez, D-Berks, is supporting a bill that would make it easier for the governor to sell the state's water",entertainment,-0.633344292640686
business,business,0.75,1,0," The Senate Intelligence Committee will not discuss President Donald Trump’s “intelligence briefings.”

Brief: The Senate Intelligence Committee will not discuss President Donald Trump’s “intelligence briefings” on Tuesday.

Brief: The Senate Intelligence Committee will not discuss President Donald Trump’s “intelligence briefings.”

Brief: The Senate Intelligence Committee will not discuss President Donald Trump’",business,0.5857257843017578
business,business,0.75,1,0," The Senate Intelligence Committee will not discuss President Donald Trump’s “intelligence briefings.”

Brief: The Senate Intelligence Committee will not discuss President Donald Trump’s “intelligence briefings” on Tuesday.

Brief: The Senate Intelligence Committee will not discuss President Donald Trump’s “intelligence briefings.”

Brief: The Senate Intelligence Committee will not discuss President Donald Trump’",politics,1.3668363094329834
business,business,0.75,1,0," The Senate Intelligence Committee will not discuss President Donald Trump’s “intelligence briefings.”

Brief: The Senate Intelligence Committee will not discuss President Donald Trump’s “intelligence briefings” on Tuesday.

Brief: The Senate Intelligence Committee will not discuss President Donald Trump’s “intelligence briefings.”

Brief: The Senate Intelligence Committee will not discuss President Donald Trump’",entertainment,-0.7044236063957214
business,business,0.75,1,1," ""If a state has a net worth of $1 million, then all net-worth people who are in a state with $10 million worth of assets would owe $10 million to the state.""

The government is also looking at creating a state budget that would include some cuts to tax revenue.

The Federal Reserve also wants to expand the size of its balance sheet, which will be",business,1.1833454370498657
business,business,0.75,1,1," ""If a state has a net worth of $1 million, then all net-worth people who are in a state with $10 million worth of assets would owe $10 million to the state.""

The government is also looking at creating a state budget that would include some cuts to tax revenue.

The Federal Reserve also wants to expand the size of its balance sheet, which will be",politics,0.8979814648628235
business,business,0.75,1,1," ""If a state has a net worth of $1 million, then all net-worth people who are in a state with $10 million worth of assets would owe $10 million to the state.""

The government is also looking at creating a state budget that would include some cuts to tax revenue.

The Federal Reserve also wants to expand the size of its balance sheet, which will be",entertainment,-1.2912182807922363
business,business,0.75,1,2," A report from the Associated Press reports that a U.S. drone strike was successful in killing a suspected al-Qaida facilitator in Iraq, officials said.

Brief: The Washington Post reports that al-Qaida has been ""ruling in Iraq and threatening to invade the United States,"" referring to the militants fighting the U.S. mission.

Brief",business,0.6209716796875
business,business,0.75,1,2," A report from the Associated Press reports that a U.S. drone strike was successful in killing a suspected al-Qaida facilitator in Iraq, officials said.

Brief: The Washington Post reports that al-Qaida has been ""ruling in Iraq and threatening to invade the United States,"" referring to the militants fighting the U.S. mission.

Brief",politics,0.7770112156867981
business,business,0.75,1,2," A report from the Associated Press reports that a U.S. drone strike was successful in killing a suspected al-Qaida facilitator in Iraq, officials said.

Brief: The Washington Post reports that al-Qaida has been ""ruling in Iraq and threatening to invade the United States,"" referring to the militants fighting the U.S. mission.

Brief",entertainment,-0.6628308892250061
business,business,0.75,2,0," A group of people who say they have made a decision to boycott the US Senate and Congress.

What do you mean?

1) Stop US Senators from being on the list
2) Stop US Senators from being on the list.

Dozens of US Senators and Senators’ associates including some from the Democratic Party are said to be on the US Senate’s list of “",business,0.12068338692188263
business,business,0.75,2,0," A group of people who say they have made a decision to boycott the US Senate and Congress.

What do you mean?

1) Stop US Senators from being on the list
2) Stop US Senators from being on the list.

Dozens of US Senators and Senators’ associates including some from the Democratic Party are said to be on the US Senate’s list of “",politics,1.2126123905181885
business,business,0.75,2,0," A group of people who say they have made a decision to boycott the US Senate and Congress.

What do you mean?

1) Stop US Senators from being on the list
2) Stop US Senators from being on the list.

Dozens of US Senators and Senators’ associates including some from the Democratic Party are said to be on the US Senate’s list of “",entertainment,-0.9298086166381836
business,business,0.75,2,1," A political report has been filed by the FBI for the Justice Department. The report would require the government to take a look at any previous statements by Obama administration officials about the need for reform in the administration's effort to curb the number of violent domestic violence arrests.

Brief: A new report shows that the president-elect has not met his obligation under the new law to reform the nation's",business,0.8643039464950562
business,business,0.75,2,1," A political report has been filed by the FBI for the Justice Department. The report would require the government to take a look at any previous statements by Obama administration officials about the need for reform in the administration's effort to curb the number of violent domestic violence arrests.

Brief: A new report shows that the president-elect has not met his obligation under the new law to reform the nation's",politics,1.608719825744629
business,business,0.75,2,1," A political report has been filed by the FBI for the Justice Department. The report would require the government to take a look at any previous statements by Obama administration officials about the need for reform in the administration's effort to curb the number of violent domestic violence arrests.

Brief: A new report shows that the president-elect has not met his obligation under the new law to reform the nation's",entertainment,-1.148695468902588
business,business,0.75,2,2,"

Nelson is the new governor of the U.S. Virgin Islands. She is currently on the advisory board of The International News Service, a state-owned media organization. The purpose of the report is to improve the quality of press coverage and the coverage of the news.

A brief about a group making a decision on the outcome of the COVID-19 pandemic.

A",business,-0.07738132774829865
business,business,0.75,2,2,"

Nelson is the new governor of the U.S. Virgin Islands. She is currently on the advisory board of The International News Service, a state-owned media organization. The purpose of the report is to improve the quality of press coverage and the coverage of the news.

A brief about a group making a decision on the outcome of the COVID-19 pandemic.

A",politics,0.7960251569747925
business,business,0.75,2,2,"

Nelson is the new governor of the U.S. Virgin Islands. She is currently on the advisory board of The International News Service, a state-owned media organization. The purpose of the report is to improve the quality of press coverage and the coverage of the news.

A brief about a group making a decision on the outcome of the COVID-19 pandemic.

A",entertainment,-0.43669500946998596
business,business,0.75,3,0,"

This news brief describes the death of a man who claimed to have witnessed an event where he felt the need to flee from a shooting in which he had been shot. In a statement released to the Daily News the man said he was shot because of a “scary man” who threatened him with a gun.

“We are deeply saddened by this tragic news, which has caused",business,-0.7588282823562622
business,business,0.75,3,0,"

This news brief describes the death of a man who claimed to have witnessed an event where he felt the need to flee from a shooting in which he had been shot. In a statement released to the Daily News the man said he was shot because of a “scary man” who threatened him with a gun.

“We are deeply saddened by this tragic news, which has caused",politics,0.9037081003189087
business,business,0.75,3,0,"

This news brief describes the death of a man who claimed to have witnessed an event where he felt the need to flee from a shooting in which he had been shot. In a statement released to the Daily News the man said he was shot because of a “scary man” who threatened him with a gun.

“We are deeply saddened by this tragic news, which has caused",entertainment,-0.17890453338623047
business,business,0.75,3,1," BRIEF: A letter sent to U.S. Citizenship and Immigration Services Administrator Michael K. Huerta on Oct. 27, 2015 in the U.S. Court of Appeals for the Seventh Circuit, by former CIA official Michael W. Flynn.

Brief: A letter sent to U.S. Citizenship and Immigration Services Administrator Michael K. Huerta on Oct. 27",business,0.2535870373249054
business,business,0.75,3,1," BRIEF: A letter sent to U.S. Citizenship and Immigration Services Administrator Michael K. Huerta on Oct. 27, 2015 in the U.S. Court of Appeals for the Seventh Circuit, by former CIA official Michael W. Flynn.

Brief: A letter sent to U.S. Citizenship and Immigration Services Administrator Michael K. Huerta on Oct. 27",politics,0.6332206726074219
business,business,0.75,3,1," BRIEF: A letter sent to U.S. Citizenship and Immigration Services Administrator Michael K. Huerta on Oct. 27, 2015 in the U.S. Court of Appeals for the Seventh Circuit, by former CIA official Michael W. Flynn.

Brief: A letter sent to U.S. Citizenship and Immigration Services Administrator Michael K. Huerta on Oct. 27",entertainment,-0.0930786281824112
business,business,0.75,3,2," The Trump administration has set aside $2 billion in the next fiscal year for a number of government programs. That money will go to “promoting the growth and efficiency of the federal government and the economic vitality of our states.”

Minority Report actress Susan Sarandon was among the guests on the House panel, along with Republican lawmakers, including Rep. Jerrold Nadler, D-N",business,0.7708984613418579
business,business,0.75,3,2," The Trump administration has set aside $2 billion in the next fiscal year for a number of government programs. That money will go to “promoting the growth and efficiency of the federal government and the economic vitality of our states.”

Minority Report actress Susan Sarandon was among the guests on the House panel, along with Republican lawmakers, including Rep. Jerrold Nadler, D-N",politics,0.9682587385177612
business,business,0.75,3,2," The Trump administration has set aside $2 billion in the next fiscal year for a number of government programs. That money will go to “promoting the growth and efficiency of the federal government and the economic vitality of our states.”

Minority Report actress Susan Sarandon was among the guests on the House panel, along with Republican lawmakers, including Rep. Jerrold Nadler, D-N",entertainment,-0.5458469390869141
business,business,0.75,4,0," As the president was about to announce a major spending plan for federal agencies, Republican lawmakers were lobbying their party for an amendment in the House to cut the spending caps. The amendment was defeated by a vote of 72 to 24.

Brief: ""We are concerned with the impact of this budget, and there is no certainty about the impact,"" Republican Sen. Carl Levin said in a statement in",business,0.7779380083084106
business,business,0.75,4,0," As the president was about to announce a major spending plan for federal agencies, Republican lawmakers were lobbying their party for an amendment in the House to cut the spending caps. The amendment was defeated by a vote of 72 to 24.

Brief: ""We are concerned with the impact of this budget, and there is no certainty about the impact,"" Republican Sen. Carl Levin said in a statement in",politics,1.3209196329116821
business,business,0.75,4,0," As the president was about to announce a major spending plan for federal agencies, Republican lawmakers were lobbying their party for an amendment in the House to cut the spending caps. The amendment was defeated by a vote of 72 to 24.

Brief: ""We are concerned with the impact of this budget, and there is no certainty about the impact,"" Republican Sen. Carl Levin said in a statement in",entertainment,-1.003604769706726
business,business,0.75,4,1,"

""The problem is not that Trump's policies are bad, they are good. There is some good news in the world that will keep a lot of people happy.""

Trump has been a great friend to the Chinese economy and is a hero of America's. But some people are worried that he is too cozy with China.

Here is a brief, if you want to read",business,-0.2669614553451538
business,business,0.75,4,1,"

""The problem is not that Trump's policies are bad, they are good. There is some good news in the world that will keep a lot of people happy.""

Trump has been a great friend to the Chinese economy and is a hero of America's. But some people are worried that he is too cozy with China.

Here is a brief, if you want to read",politics,0.9904508590698242
business,business,0.75,4,1,"

""The problem is not that Trump's policies are bad, they are good. There is some good news in the world that will keep a lot of people happy.""

Trump has been a great friend to the Chinese economy and is a hero of America's. But some people are worried that he is too cozy with China.

Here is a brief, if you want to read",entertainment,-1.0314548015594482
business,business,0.75,4,2," Obama, the president, is on a roll, with his approval rating still rising.

He has a healthy job rating from the American people, and that rating is in line with expectations from a poll taken from a recent Reuters/Ipsos poll.

Obama and the rest of the administration are on a roll, with more people saying the president will do better with their money.
",business,0.7062059640884399
business,business,0.75,4,2," Obama, the president, is on a roll, with his approval rating still rising.

He has a healthy job rating from the American people, and that rating is in line with expectations from a poll taken from a recent Reuters/Ipsos poll.

Obama and the rest of the administration are on a roll, with more people saying the president will do better with their money.
",politics,0.7374633550643921
business,business,0.75,4,2," Obama, the president, is on a roll, with his approval rating still rising.

He has a healthy job rating from the American people, and that rating is in line with expectations from a poll taken from a recent Reuters/Ipsos poll.

Obama and the rest of the administration are on a roll, with more people saying the president will do better with their money.
",entertainment,-0.8782473802566528
business,business,0.75,5,0," The Republican-led House voted Monday to approve a $1.1 billion package that includes a ban on spending more than $1 billion more on tax cuts for the wealthy, a package that would limit the amount of corporate income tax revenues available for deficit reduction, and a $450 million increase in the nation's defense budget to fix the nation's largest problem: fighting terrorism. The $350 million increase",business,1.7448105812072754
business,business,0.75,5,0," The Republican-led House voted Monday to approve a $1.1 billion package that includes a ban on spending more than $1 billion more on tax cuts for the wealthy, a package that would limit the amount of corporate income tax revenues available for deficit reduction, and a $450 million increase in the nation's defense budget to fix the nation's largest problem: fighting terrorism. The $350 million increase",politics,1.1674134731292725
business,business,0.75,5,0," The Republican-led House voted Monday to approve a $1.1 billion package that includes a ban on spending more than $1 billion more on tax cuts for the wealthy, a package that would limit the amount of corporate income tax revenues available for deficit reduction, and a $450 million increase in the nation's defense budget to fix the nation's largest problem: fighting terrorism. The $350 million increase",entertainment,-1.2375609874725342
business,business,0.75,5,1," https://bit.ly/2Q2t3eN

1) Fake media reports to create a fake story.

2) A fake news story will create a fake story, it will create a fake news story.

3) A fake news story will be created based on the fake news report.

4) The fake news report will be created based on",business,-0.17105135321617126
business,business,0.75,5,1," https://bit.ly/2Q2t3eN

1) Fake media reports to create a fake story.

2) A fake news story will create a fake story, it will create a fake news story.

3) A fake news story will be created based on the fake news report.

4) The fake news report will be created based on",politics,0.28456196188926697
business,business,0.75,5,1," https://bit.ly/2Q2t3eN

1) Fake media reports to create a fake story.

2) A fake news story will create a fake story, it will create a fake news story.

3) A fake news story will be created based on the fake news report.

4) The fake news report will be created based on",entertainment,-0.6221848130226135
business,business,0.75,5,2," The White House said this week that President Barack Obama will not consider re-election on the same basis the House re-elected him on in the 2018 midterm elections, and that some key provisions of his health-care overhaul would be revised. The White House plans to continue making the case that this will be a “significant” move by the administration.

The New York Times reported Thursday that",business,0.8934690952301025
business,business,0.75,5,2," The White House said this week that President Barack Obama will not consider re-election on the same basis the House re-elected him on in the 2018 midterm elections, and that some key provisions of his health-care overhaul would be revised. The White House plans to continue making the case that this will be a “significant” move by the administration.

The New York Times reported Thursday that",politics,1.3837709426879883
business,business,0.75,5,2," The White House said this week that President Barack Obama will not consider re-election on the same basis the House re-elected him on in the 2018 midterm elections, and that some key provisions of his health-care overhaul would be revised. The White House plans to continue making the case that this will be a “significant” move by the administration.

The New York Times reported Thursday that",entertainment,-1.0852365493774414
politics,politics,0.75,0,0," What can a family do when they find themselves on the losing end of a $3 billion infrastructure project? We can’t help you with any other issues, but a report from the University of Maryland’s Baltimore Community Environmental Health Program found that the most common reasons people in the community give for spending too much money.

But there is more at play here.

Brief: The",business,0.20794132351875305
politics,politics,0.75,0,0," What can a family do when they find themselves on the losing end of a $3 billion infrastructure project? We can’t help you with any other issues, but a report from the University of Maryland’s Baltimore Community Environmental Health Program found that the most common reasons people in the community give for spending too much money.

But there is more at play here.

Brief: The",politics,0.6458742618560791
politics,politics,0.75,0,0," What can a family do when they find themselves on the losing end of a $3 billion infrastructure project? We can’t help you with any other issues, but a report from the University of Maryland’s Baltimore Community Environmental Health Program found that the most common reasons people in the community give for spending too much money.

But there is more at play here.

Brief: The",entertainment,-0.9783480763435364
politics,politics,0.75,0,1," This was a great example of how local governments can use political power to improve their services. The City Council, for instance, is supposed to provide for public works projects like roadways and sewers.

The council would consider a proposal that would allow the mayor to reduce the number of projects that would need city improvements by limiting the amount of money spent on roadways, sewers and water projects",business,0.6330627202987671
politics,politics,0.75,0,1," This was a great example of how local governments can use political power to improve their services. The City Council, for instance, is supposed to provide for public works projects like roadways and sewers.

The council would consider a proposal that would allow the mayor to reduce the number of projects that would need city improvements by limiting the amount of money spent on roadways, sewers and water projects",politics,1.3889002799987793
politics,politics,0.75,0,1," This was a great example of how local governments can use political power to improve their services. The City Council, for instance, is supposed to provide for public works projects like roadways and sewers.

The council would consider a proposal that would allow the mayor to reduce the number of projects that would need city improvements by limiting the amount of money spent on roadways, sewers and water projects",entertainment,-1.4909217357635498
politics,politics,0.75,0,2," The New Jersey Advance, the largest daily newspaper in New Jersey, is on the brink of shutting down in about 30 seconds, according to a recent report. The Daily News is on the edge of its decision, with plans to stay, and the New Jersey Herald-Patron, the daily in Newark, is the last remaining regular paper in the state.",business,0.5335099697113037
politics,politics,0.75,0,2," The New Jersey Advance, the largest daily newspaper in New Jersey, is on the brink of shutting down in about 30 seconds, according to a recent report. The Daily News is on the edge of its decision, with plans to stay, and the New Jersey Herald-Patron, the daily in Newark, is the last remaining regular paper in the state.",politics,0.29653140902519226
politics,politics,0.75,0,2," The New Jersey Advance, the largest daily newspaper in New Jersey, is on the brink of shutting down in about 30 seconds, according to a recent report. The Daily News is on the edge of its decision, with plans to stay, and the New Jersey Herald-Patron, the daily in Newark, is the last remaining regular paper in the state.",entertainment,-0.47564414143562317
politics,politics,0.75,1,0," The Senate is investigating whether President Trump defunded Planned Parenthood by claiming funding from the group’s largest donor, the Koch brothers. That is an issue that will be resolved on the Senate floor. Democrats will determine whether to seek a balanced budget and make the budget balanced.

Brief: The Senate is investigating whether President Trump defunded Planned Parenthood by claiming funding from the group’s",business,0.7663766741752625
politics,politics,0.75,1,0," The Senate is investigating whether President Trump defunded Planned Parenthood by claiming funding from the group’s largest donor, the Koch brothers. That is an issue that will be resolved on the Senate floor. Democrats will determine whether to seek a balanced budget and make the budget balanced.

Brief: The Senate is investigating whether President Trump defunded Planned Parenthood by claiming funding from the group’s",politics,1.3831543922424316
politics,politics,0.75,1,0," The Senate is investigating whether President Trump defunded Planned Parenthood by claiming funding from the group’s largest donor, the Koch brothers. That is an issue that will be resolved on the Senate floor. Democrats will determine whether to seek a balanced budget and make the budget balanced.

Brief: The Senate is investigating whether President Trump defunded Planned Parenthood by claiming funding from the group’s",entertainment,-0.9255697131156921
politics,politics,0.75,1,1," ""If a person has been caught with drugs, and they're being released by the public, they should be arrested and charged. This kind of public policy would make the public very reluctant to release them.""

She goes on to talk about the public ""deserve a greater degree of secrecy"" when releasing public information.

The public should be ""less likely"" to see the information released",business,-0.04201529175043106
politics,politics,0.75,1,1," ""If a person has been caught with drugs, and they're being released by the public, they should be arrested and charged. This kind of public policy would make the public very reluctant to release them.""

She goes on to talk about the public ""deserve a greater degree of secrecy"" when releasing public information.

The public should be ""less likely"" to see the information released",politics,1.3871328830718994
politics,politics,0.75,1,1," ""If a person has been caught with drugs, and they're being released by the public, they should be arrested and charged. This kind of public policy would make the public very reluctant to release them.""

She goes on to talk about the public ""deserve a greater degree of secrecy"" when releasing public information.

The public should be ""less likely"" to see the information released",entertainment,-1.2182865142822266
politics,politics,0.75,1,2," “The most powerful thing that could happen on the first day of the election was that all parties would be asked to take a second look at how they approached the media,” he says. “They could say that this was not a race for any reason whatsoever. They could be saying that this was a case of media fatigue. But in that first round the idea that all parties would look to the press",business,-0.1758805811405182
politics,politics,0.75,1,2," “The most powerful thing that could happen on the first day of the election was that all parties would be asked to take a second look at how they approached the media,” he says. “They could say that this was not a race for any reason whatsoever. They could be saying that this was a case of media fatigue. But in that first round the idea that all parties would look to the press",politics,1.4033536911010742
politics,politics,0.75,1,2," “The most powerful thing that could happen on the first day of the election was that all parties would be asked to take a second look at how they approached the media,” he says. “They could say that this was not a race for any reason whatsoever. They could be saying that this was a case of media fatigue. But in that first round the idea that all parties would look to the press",entertainment,-1.2817631959915161
politics,politics,0.75,2,0," A group of people who are concerned about the way the US government does things and the way that the press works.

Brief: A group that is concerned about the way the US government does things and the way that the press works.

Brief: A group that is concerned about the way the US government does things and the way that the press works.

Brief:",business,0.1378648281097412
politics,politics,0.75,2,0," A group of people who are concerned about the way the US government does things and the way that the press works.

Brief: A group that is concerned about the way the US government does things and the way that the press works.

Brief: A group that is concerned about the way the US government does things and the way that the press works.

Brief:",politics,1.2552974224090576
politics,politics,0.75,2,0," A group of people who are concerned about the way the US government does things and the way that the press works.

Brief: A group that is concerned about the way the US government does things and the way that the press works.

Brief: A group that is concerned about the way the US government does things and the way that the press works.

Brief:",entertainment,-1.1198080778121948
politics,politics,0.75,2,1," A political report has been filed by the FBI about the murder of David Pryor.

That report details the murder of Mr Pryor by a group of African-American males. That investigation also uncovered evidence of a sexual relationship between the men.

The investigation revealed that the men were seeking a job after buying a gun and that they believed it was a legitimate job for men.",business,0.09468366205692291
politics,politics,0.75,2,1," A political report has been filed by the FBI about the murder of David Pryor.

That report details the murder of Mr Pryor by a group of African-American males. That investigation also uncovered evidence of a sexual relationship between the men.

The investigation revealed that the men were seeking a job after buying a gun and that they believed it was a legitimate job for men.",politics,0.9478151202201843
politics,politics,0.75,2,1," A political report has been filed by the FBI about the murder of David Pryor.

That report details the murder of Mr Pryor by a group of African-American males. That investigation also uncovered evidence of a sexual relationship between the men.

The investigation revealed that the men were seeking a job after buying a gun and that they believed it was a legitimate job for men.",entertainment,-0.3318450450897217
politics,politics,0.75,2,2,"

“I’m here to help,” Dabney told the Herald. “I’m not sure what the decision will be, but we’re not going to be looking for the right answer. We want the best solution. There is no right answer. The wrong answer.”

The group “made a decision to leave” Dabney’s office but that decision “",business,-0.7763501405715942
politics,politics,0.75,2,2,"

“I’m here to help,” Dabney told the Herald. “I’m not sure what the decision will be, but we’re not going to be looking for the right answer. We want the best solution. There is no right answer. The wrong answer.”

The group “made a decision to leave” Dabney’s office but that decision “",politics,1.15693998336792
politics,politics,0.75,2,2,"

“I’m here to help,” Dabney told the Herald. “I’m not sure what the decision will be, but we’re not going to be looking for the right answer. We want the best solution. There is no right answer. The wrong answer.”

The group “made a decision to leave” Dabney’s office but that decision “",entertainment,-0.921588659286499
politics,politics,0.75,3,0,"

This was just an interesting way to ask a question of “what’s the difference between the two countries, which I like to describe as “democracies” or “states-owned companies” or the “wealthy elites of Europe”. So I think it’s important for a proper comparison.”

Why do so many of the UK’s politicians, policy experts and journalists",business,-0.5257759094238281
politics,politics,0.75,3,0,"

This was just an interesting way to ask a question of “what’s the difference between the two countries, which I like to describe as “democracies” or “states-owned companies” or the “wealthy elites of Europe”. So I think it’s important for a proper comparison.”

Why do so many of the UK’s politicians, policy experts and journalists",politics,1.016810417175293
politics,politics,0.75,3,0,"

This was just an interesting way to ask a question of “what’s the difference between the two countries, which I like to describe as “democracies” or “states-owned companies” or the “wealthy elites of Europe”. So I think it’s important for a proper comparison.”

Why do so many of the UK’s politicians, policy experts and journalists",entertainment,-0.9879317879676819
politics,politics,0.75,3,1," the death of a college student in South Africa.

It started with a few quick comments. A student posted on Facebook asking why her husband’s parents did not like her work. The message then included a picture of his mother, his sister and an unrecognisable picture of the two of them.

After the post went viral, the man left the post, apologized, and",business,-0.4528244733810425
politics,politics,0.75,3,1," the death of a college student in South Africa.

It started with a few quick comments. A student posted on Facebook asking why her husband’s parents did not like her work. The message then included a picture of his mother, his sister and an unrecognisable picture of the two of them.

After the post went viral, the man left the post, apologized, and",politics,0.6389784812927246
politics,politics,0.75,3,1," the death of a college student in South Africa.

It started with a few quick comments. A student posted on Facebook asking why her husband’s parents did not like her work. The message then included a picture of his mother, his sister and an unrecognisable picture of the two of them.

After the post went viral, the man left the post, apologized, and",entertainment,-0.06733739376068115
politics,politics,0.75,3,2," The British government has set up a special review on the state of the national economy and the economy's future in order to help prepare for a possible ""social and environmental emergency"". The government's proposals on the future of the economy will need to be approved by all levels of government, including the House of Commons, and by Parliament should the government's proposal be enacted.

Brief: There are",business,0.921768069267273
politics,politics,0.75,3,2," The British government has set up a special review on the state of the national economy and the economy's future in order to help prepare for a possible ""social and environmental emergency"". The government's proposals on the future of the economy will need to be approved by all levels of government, including the House of Commons, and by Parliament should the government's proposal be enacted.

Brief: There are",politics,1.8193769454956055
politics,politics,0.75,3,2," The British government has set up a special review on the state of the national economy and the economy's future in order to help prepare for a possible ""social and environmental emergency"". The government's proposals on the future of the economy will need to be approved by all levels of government, including the House of Commons, and by Parliament should the government's proposal be enacted.

Brief: There are",entertainment,-1.684689998626709
politics,politics,0.75,4,0," As the president was about to announce a major spending plan for federal agencies, Republican lawmakers were lobbying their party for an amendment in the House to do the same.

That amendment, the Republican Constitution, is the one that gives the president the authority to cut funding for the National Institutes of Health in the wake of budget cuts to federal health programs, including the ones currently funding the University of California at",business,0.9187045097351074
politics,politics,0.75,4,0," As the president was about to announce a major spending plan for federal agencies, Republican lawmakers were lobbying their party for an amendment in the House to do the same.

That amendment, the Republican Constitution, is the one that gives the president the authority to cut funding for the National Institutes of Health in the wake of budget cuts to federal health programs, including the ones currently funding the University of California at",politics,1.3500487804412842
politics,politics,0.75,4,0," As the president was about to announce a major spending plan for federal agencies, Republican lawmakers were lobbying their party for an amendment in the House to do the same.

That amendment, the Republican Constitution, is the one that gives the president the authority to cut funding for the National Institutes of Health in the wake of budget cuts to federal health programs, including the ones currently funding the University of California at",entertainment,-1.097684383392334
politics,politics,0.75,4,1,"

""The problem is not that politicians and politicians do not respect each other, but that when they are in a position of power, they need to be in a position of power to do this. We will not let that happen.""

""I'm concerned that even some people would think otherwise,"" said John Paul Vang, a retired army general who has worked for the US and Vietnam",business,-0.6386332511901855
politics,politics,0.75,4,1,"

""The problem is not that politicians and politicians do not respect each other, but that when they are in a position of power, they need to be in a position of power to do this. We will not let that happen.""

""I'm concerned that even some people would think otherwise,"" said John Paul Vang, a retired army general who has worked for the US and Vietnam",politics,1.358521580696106
politics,politics,0.75,4,1,"

""The problem is not that politicians and politicians do not respect each other, but that when they are in a position of power, they need to be in a position of power to do this. We will not let that happen.""

""I'm concerned that even some people would think otherwise,"" said John Paul Vang, a retired army general who has worked for the US and Vietnam",entertainment,-1.1475061178207397
politics,politics,0.75,4,2,"

“…the need for a single, single, simple solution to the problem of mass immigration, which is the undoing of American society,” Trump tweeted Friday.

…a change that can help those who are already here, and those who are not… It’s a small step, but it’s a small step.” — Donald J. Trump (@realDonaldTrump) April",business,-0.23684552311897278
politics,politics,0.75,4,2,"

“…the need for a single, single, simple solution to the problem of mass immigration, which is the undoing of American society,” Trump tweeted Friday.

…a change that can help those who are already here, and those who are not… It’s a small step, but it’s a small step.” — Donald J. Trump (@realDonaldTrump) April",politics,1.1149606704711914
politics,politics,0.75,4,2,"

“…the need for a single, single, simple solution to the problem of mass immigration, which is the undoing of American society,” Trump tweeted Friday.

…a change that can help those who are already here, and those who are not… It’s a small step, but it’s a small step.” — Donald J. Trump (@realDonaldTrump) April",entertainment,-0.9943290948867798
politics,politics,0.75,5,0," The Republican government will be held to the Supreme Court's terms on a new system that includes a ban on lobbyists and political contributions. The government will have to be brought back to the courts if it isn't.

Brief: The proposed federal immigration system would not have an automatic two-year statute of limitations to enforce the ban on political contributions and other lobbying that has been in place since",business,0.7452004551887512
politics,politics,0.75,5,0," The Republican government will be held to the Supreme Court's terms on a new system that includes a ban on lobbyists and political contributions. The government will have to be brought back to the courts if it isn't.

Brief: The proposed federal immigration system would not have an automatic two-year statute of limitations to enforce the ban on political contributions and other lobbying that has been in place since",politics,1.3922643661499023
politics,politics,0.75,5,0," The Republican government will be held to the Supreme Court's terms on a new system that includes a ban on lobbyists and political contributions. The government will have to be brought back to the courts if it isn't.

Brief: The proposed federal immigration system would not have an automatic two-year statute of limitations to enforce the ban on political contributions and other lobbying that has been in place since",entertainment,-1.2559263706207275
politics,politics,0.75,5,1," https://bit.ly/2Q2t3eN

1) If we are talking about the government shutdown, we are talking about Trump saying that he has a plan to have a trade deal with the United States but not with Canada. That’s not correct. Trump is talking about the deal with Canada.

2) In case there are any doubts about Trump’s",business,0.007699921727180481
politics,politics,0.75,5,1," https://bit.ly/2Q2t3eN

1) If we are talking about the government shutdown, we are talking about Trump saying that he has a plan to have a trade deal with the United States but not with Canada. That’s not correct. Trump is talking about the deal with Canada.

2) In case there are any doubts about Trump’s",politics,0.9458891153335571
politics,politics,0.75,5,1," https://bit.ly/2Q2t3eN

1) If we are talking about the government shutdown, we are talking about Trump saying that he has a plan to have a trade deal with the United States but not with Canada. That’s not correct. Trump is talking about the deal with Canada.

2) In case there are any doubts about Trump’s",entertainment,-0.9453039169311523
politics,politics,0.75,5,2," The White House said this week that President Barack Obama will not consider re-opening the government after it closes.

The statement follows reports that President Trump had sought to push the president to get a new contract with Microsoft.

The Trump administration is expected to follow up after the shutdown with a plan to reopen the government.

The White House said this week that officials would meet Thursday in",business,0.9809581637382507
politics,politics,0.75,5,2," The White House said this week that President Barack Obama will not consider re-opening the government after it closes.

The statement follows reports that President Trump had sought to push the president to get a new contract with Microsoft.

The Trump administration is expected to follow up after the shutdown with a plan to reopen the government.

The White House said this week that officials would meet Thursday in",politics,1.4074569940567017
politics,politics,0.75,5,2," The White House said this week that President Barack Obama will not consider re-opening the government after it closes.

The statement follows reports that President Trump had sought to push the president to get a new contract with Microsoft.

The Trump administration is expected to follow up after the shutdown with a plan to reopen the government.

The White House said this week that officials would meet Thursday in",entertainment,-1.1518791913986206
entertainment,entertainment,0.75,0,0," The community’s current-day status is “displaced.”

“Today’s residents are displaced,” said Dan Smith, a former City of Seattle mayor who is now mayor of the city of Spokane. “The loss of access to a public place, to the real world, to a work place, to a community, and a life in general, is a tragedy. It",business,0.06362845748662949
entertainment,entertainment,0.75,0,0," The community’s current-day status is “displaced.”

“Today’s residents are displaced,” said Dan Smith, a former City of Seattle mayor who is now mayor of the city of Spokane. “The loss of access to a public place, to the real world, to a work place, to a community, and a life in general, is a tragedy. It",politics,0.7252593636512756
entertainment,entertainment,0.75,0,0," The community’s current-day status is “displaced.”

“Today’s residents are displaced,” said Dan Smith, a former City of Seattle mayor who is now mayor of the city of Spokane. “The loss of access to a public place, to the real world, to a work place, to a community, and a life in general, is a tragedy. It",entertainment,-0.7787436842918396
entertainment,entertainment,0.75,0,1,"

The New York Times (NYS): One woman killed in a recent crime in New York City. Another in a recent crime in New York City. A woman from California is dead after being shot multiple times, reports the Wall Street Journal.

NYS: The New York Post (NY): The latest murder in New York City. (Kasich did not immediately respond to a",business,-0.14289185404777527
entertainment,entertainment,0.75,0,1,"

The New York Times (NYS): One woman killed in a recent crime in New York City. Another in a recent crime in New York City. A woman from California is dead after being shot multiple times, reports the Wall Street Journal.

NYS: The New York Post (NY): The latest murder in New York City. (Kasich did not immediately respond to a",politics,0.43411386013031006
entertainment,entertainment,0.75,0,1,"

The New York Times (NYS): One woman killed in a recent crime in New York City. Another in a recent crime in New York City. A woman from California is dead after being shot multiple times, reports the Wall Street Journal.

NYS: The New York Post (NY): The latest murder in New York City. (Kasich did not immediately respond to a",entertainment,-0.07659328728914261
entertainment,entertainment,0.75,0,2," ""Housing is still under construction. However, we are working on a design to provide a great home in the neighborhood. The neighborhood is a small one with a lot of trees and grass.""

Brief: ""The neighborhood is a young residential development with a lot of trees and grass.""

Homes: ""Houses are built with big space for both residents and the environment in",business,0.3002377152442932
entertainment,entertainment,0.75,0,2," ""Housing is still under construction. However, we are working on a design to provide a great home in the neighborhood. The neighborhood is a small one with a lot of trees and grass.""

Brief: ""The neighborhood is a young residential development with a lot of trees and grass.""

Homes: ""Houses are built with big space for both residents and the environment in",politics,0.4606921076774597
entertainment,entertainment,0.75,0,2," ""Housing is still under construction. However, we are working on a design to provide a great home in the neighborhood. The neighborhood is a small one with a lot of trees and grass.""

Brief: ""The neighborhood is a young residential development with a lot of trees and grass.""

Homes: ""Houses are built with big space for both residents and the environment in",entertainment,-1.071057915687561
entertainment,entertainment,0.75,1,0,"

A public announcement in this regard is now required for a news report. This notice provides a brief, in English, summary of a public announcement which would include the names and names of the persons who made the announcement.

Public announcements are usually made by radio announcements or a newspaper which have been published in the locality. News reports may be broadcast in languages other than English. A public announcement",business,-0.21058592200279236
entertainment,entertainment,0.75,1,0,"

A public announcement in this regard is now required for a news report. This notice provides a brief, in English, summary of a public announcement which would include the names and names of the persons who made the announcement.

Public announcements are usually made by radio announcements or a newspaper which have been published in the locality. News reports may be broadcast in languages other than English. A public announcement",politics,0.8557045459747314
entertainment,entertainment,0.75,1,0,"

A public announcement in this regard is now required for a news report. This notice provides a brief, in English, summary of a public announcement which would include the names and names of the persons who made the announcement.

Public announcements are usually made by radio announcements or a newspaper which have been published in the locality. News reports may be broadcast in languages other than English. A public announcement",entertainment,-0.8943675756454468
entertainment,entertainment,0.75,1,1," In the past few weeks, one news organization has brought out a documentary entitled ""Battlestar Galactica."" The program is about an individual who was a victim of a ""welfare queen"" who was allegedly raped and beaten by a wealthy man in the 1990s. One of the members of the group was a reporter for The Wall Street Journal. The woman had just gone to see a",business,-0.3332509994506836
entertainment,entertainment,0.75,1,1," In the past few weeks, one news organization has brought out a documentary entitled ""Battlestar Galactica."" The program is about an individual who was a victim of a ""welfare queen"" who was allegedly raped and beaten by a wealthy man in the 1990s. One of the members of the group was a reporter for The Wall Street Journal. The woman had just gone to see a",politics,0.47845572233200073
entertainment,entertainment,0.75,1,1," In the past few weeks, one news organization has brought out a documentary entitled ""Battlestar Galactica."" The program is about an individual who was a victim of a ""welfare queen"" who was allegedly raped and beaten by a wealthy man in the 1990s. One of the members of the group was a reporter for The Wall Street Journal. The woman had just gone to see a",entertainment,0.2384888231754303
entertainment,entertainment,0.75,1,2," “A few days before the election, the news network CBS released a photo of Republican challenger Matt Wolff, who is an avid outdoorsman, who said it was his favorite thing to see in the campaign, that was not a “favor.”

“After his photo was released, Wolff said that he believed the photo was a publicity stunt and that it was not for political purposes",business,-0.28381818532943726
entertainment,entertainment,0.75,1,2," “A few days before the election, the news network CBS released a photo of Republican challenger Matt Wolff, who is an avid outdoorsman, who said it was his favorite thing to see in the campaign, that was not a “favor.”

“After his photo was released, Wolff said that he believed the photo was a publicity stunt and that it was not for political purposes",politics,0.9390919208526611
entertainment,entertainment,0.75,1,2," “A few days before the election, the news network CBS released a photo of Republican challenger Matt Wolff, who is an avid outdoorsman, who said it was his favorite thing to see in the campaign, that was not a “favor.”

“After his photo was released, Wolff said that he believed the photo was a publicity stunt and that it was not for political purposes",entertainment,-0.3482486307621002
entertainment,entertainment,0.75,2,0," How the government can say they're protecting the president from possible criminal charges, but it's difficult to see where that's going.

""The only way that I can see [the government] to make a case for criminal charges and to go forward with it is to get a jury trial, which would have been the case if the defense wasn't going to go through a full criminal trial,""",business,-0.13921183347702026
entertainment,entertainment,0.75,2,0," How the government can say they're protecting the president from possible criminal charges, but it's difficult to see where that's going.

""The only way that I can see [the government] to make a case for criminal charges and to go forward with it is to get a jury trial, which would have been the case if the defense wasn't going to go through a full criminal trial,""",politics,1.4976263046264648
entertainment,entertainment,0.75,2,0," How the government can say they're protecting the president from possible criminal charges, but it's difficult to see where that's going.

""The only way that I can see [the government] to make a case for criminal charges and to go forward with it is to get a jury trial, which would have been the case if the defense wasn't going to go through a full criminal trial,""",entertainment,-1.4570833444595337
entertainment,entertainment,0.75,2,1," In the news media, the goal is to be the first to talk about the issues that matter. The group’s goal is to promote discussion, not to promote or give opinions. The group’s goal is to help people think. It is not an objective discussion. The group’s goal is to be the first to talk about the issues that matter.

The group’s goal",business,-0.003691360354423523
entertainment,entertainment,0.75,2,1," In the news media, the goal is to be the first to talk about the issues that matter. The group’s goal is to promote discussion, not to promote or give opinions. The group’s goal is to help people think. It is not an objective discussion. The group’s goal is to be the first to talk about the issues that matter.

The group’s goal",politics,1.0416853427886963
entertainment,entertainment,0.75,2,1," In the news media, the goal is to be the first to talk about the issues that matter. The group’s goal is to promote discussion, not to promote or give opinions. The group’s goal is to help people think. It is not an objective discussion. The group’s goal is to be the first to talk about the issues that matter.

The group’s goal",entertainment,-0.9991698265075684
entertainment,entertainment,0.75,2,2," We all have heard of the ""Parker Effect"", a concept by neuroscientists that says that even the brain has trouble remembering information from a long ago and has the ability to do so. And so we have all heard of ""The Internet and the Brain"", a concept that describes the brain as the internet's ""Internet"", but it is actually the brain's ""Internet"" which is the brain",business,0.00616820901632309
entertainment,entertainment,0.75,2,2," We all have heard of the ""Parker Effect"", a concept by neuroscientists that says that even the brain has trouble remembering information from a long ago and has the ability to do so. And so we have all heard of ""The Internet and the Brain"", a concept that describes the brain as the internet's ""Internet"", but it is actually the brain's ""Internet"" which is the brain",politics,0.5897812843322754
entertainment,entertainment,0.75,2,2," We all have heard of the ""Parker Effect"", a concept by neuroscientists that says that even the brain has trouble remembering information from a long ago and has the ability to do so. And so we have all heard of ""The Internet and the Brain"", a concept that describes the brain as the internet's ""Internet"", but it is actually the brain's ""Internet"" which is the brain",entertainment,-1.0143183469772339
entertainment,entertainment,0.75,3,0,"

Today, a group of men with a history of sexual harassment began to arrive at a local community center in downtown Indianapolis where they would have a one-hour long conversation in which they would introduce themselves and share stories about their experiences, one of whom was described as ""a very powerful female who was having sex with a man."" The group was then asked to sign a pledge to leave the area",business,-0.7177075147628784
entertainment,entertainment,0.75,3,0,"

Today, a group of men with a history of sexual harassment began to arrive at a local community center in downtown Indianapolis where they would have a one-hour long conversation in which they would introduce themselves and share stories about their experiences, one of whom was described as ""a very powerful female who was having sex with a man."" The group was then asked to sign a pledge to leave the area",politics,0.7153146862983704
entertainment,entertainment,0.75,3,0,"

Today, a group of men with a history of sexual harassment began to arrive at a local community center in downtown Indianapolis where they would have a one-hour long conversation in which they would introduce themselves and share stories about their experiences, one of whom was described as ""a very powerful female who was having sex with a man."" The group was then asked to sign a pledge to leave the area",entertainment,-0.28609105944633484
entertainment,entertainment,0.75,3,1," The National Police Chiefs' Association, the organization that has been at the forefront of fighting the dangers of gun violence for many years, has given the most significant testimony of the events that occurred today.

At a press conference in downtown Philadelphia, the group said they will continue to offer more information as we get closer to a full story on the tragic events involving the police chief and the suspect that was",business,0.3146063983440399
entertainment,entertainment,0.75,3,1," The National Police Chiefs' Association, the organization that has been at the forefront of fighting the dangers of gun violence for many years, has given the most significant testimony of the events that occurred today.

At a press conference in downtown Philadelphia, the group said they will continue to offer more information as we get closer to a full story on the tragic events involving the police chief and the suspect that was",politics,1.0772432088851929
entertainment,entertainment,0.75,3,1," The National Police Chiefs' Association, the organization that has been at the forefront of fighting the dangers of gun violence for many years, has given the most significant testimony of the events that occurred today.

At a press conference in downtown Philadelphia, the group said they will continue to offer more information as we get closer to a full story on the tragic events involving the police chief and the suspect that was",entertainment,-0.7642998695373535
entertainment,entertainment,0.75,3,2," “I heard a loud and clear call for an independent election for the second time in 20 years. It is a very sad day for the party of God, and in the case of that call, it is a very great victory for the faithless church that is trying to hold itself together for the foreseeable future.

“For us to win this election, we must show that we have not",business,-0.26911139488220215
entertainment,entertainment,0.75,3,2," “I heard a loud and clear call for an independent election for the second time in 20 years. It is a very sad day for the party of God, and in the case of that call, it is a very great victory for the faithless church that is trying to hold itself together for the foreseeable future.

“For us to win this election, we must show that we have not",politics,0.9935309290885925
entertainment,entertainment,0.75,3,2," “I heard a loud and clear call for an independent election for the second time in 20 years. It is a very sad day for the party of God, and in the case of that call, it is a very great victory for the faithless church that is trying to hold itself together for the foreseeable future.

“For us to win this election, we must show that we have not",entertainment,-0.931543231010437
entertainment,entertainment,0.75,4,0," How to Make it Stop

1. Use the words “you can do this” and “it is your decision.”

2. Use the words “change people’s lives” and “you are making them better.”

3. Use the words “what you can do” and “what you can do to change people’s lives.”

4. Use the words",business,-0.4510173797607422
entertainment,entertainment,0.75,4,0," How to Make it Stop

1. Use the words “you can do this” and “it is your decision.”

2. Use the words “change people’s lives” and “you are making them better.”

3. Use the words “what you can do” and “what you can do to change people’s lives.”

4. Use the words",politics,0.8429929614067078
entertainment,entertainment,0.75,4,0," How to Make it Stop

1. Use the words “you can do this” and “it is your decision.”

2. Use the words “change people’s lives” and “you are making them better.”

3. Use the words “what you can do” and “what you can do to change people’s lives.”

4. Use the words",entertainment,-0.8559020161628723
entertainment,entertainment,0.75,4,1,"

""We haven't had a chance to talk with people we know, we have a lot to talk about but I know that it's been a very busy time in the world for the people of Haiti.""

Haitian activist and political dissident Jacqueline Bailly tweeted a letter to President Jean Claude Tremblay calling for a referendum on the death penalty in Haiti",business,-0.6045998930931091
entertainment,entertainment,0.75,4,1,"

""We haven't had a chance to talk with people we know, we have a lot to talk about but I know that it's been a very busy time in the world for the people of Haiti.""

Haitian activist and political dissident Jacqueline Bailly tweeted a letter to President Jean Claude Tremblay calling for a referendum on the death penalty in Haiti",politics,0.8819206953048706
entertainment,entertainment,0.75,4,1,"

""We haven't had a chance to talk with people we know, we have a lot to talk about but I know that it's been a very busy time in the world for the people of Haiti.""

Haitian activist and political dissident Jacqueline Bailly tweeted a letter to President Jean Claude Tremblay calling for a referendum on the death penalty in Haiti",entertainment,-0.6195132732391357
entertainment,entertainment,0.75,4,2,"

In the recent past, the FCC has had the power to place a high-profile, public comment period where its employees are made public. This was the reason they were created. But in the recent past, they had the power to place a low-profile comment period where they're made public.

In the recent past, the FCC had the power to place a high-profile",business,-0.03415617346763611
entertainment,entertainment,0.75,4,2,"

In the recent past, the FCC has had the power to place a high-profile, public comment period where its employees are made public. This was the reason they were created. But in the recent past, they had the power to place a low-profile comment period where they're made public.

In the recent past, the FCC had the power to place a high-profile",politics,1.0769646167755127
entertainment,entertainment,0.75,4,2,"

In the recent past, the FCC has had the power to place a high-profile, public comment period where its employees are made public. This was the reason they were created. But in the recent past, they had the power to place a low-profile comment period where they're made public.

In the recent past, the FCC had the power to place a high-profile",entertainment,-1.1234158277511597
entertainment,entertainment,0.75,5,0," New plan for the ""biggest and most powerful state in the US"" -- to be voted on next year -- would be a long-term solution to the nation's debt crisis.

Brief: The ""biggest and most powerful state in the US"" -- to be voted on next year -- would be a long-term solution to the nation's debt crisis.

Brief",business,0.6491208076477051
entertainment,entertainment,0.75,5,0," New plan for the ""biggest and most powerful state in the US"" -- to be voted on next year -- would be a long-term solution to the nation's debt crisis.

Brief: The ""biggest and most powerful state in the US"" -- to be voted on next year -- would be a long-term solution to the nation's debt crisis.

Brief",politics,0.9684194326400757
entertainment,entertainment,0.75,5,0," New plan for the ""biggest and most powerful state in the US"" -- to be voted on next year -- would be a long-term solution to the nation's debt crisis.

Brief: The ""biggest and most powerful state in the US"" -- to be voted on next year -- would be a long-term solution to the nation's debt crisis.

Brief",entertainment,-1.0001329183578491
entertainment,entertainment,0.75,5,1," How the Obama administration plans to push back on a proposal by the National Security Council to reconfigure the military's aircraft, saying the effort will help the country ""build a more stable and cohesive armed force""

Short: A brief about the new plan at the Pentagon.

Brief: The Pentagon is considering different options for the Pentagon to handle an increase in combat forces, but is",business,0.8628380298614502
entertainment,entertainment,0.75,5,1," How the Obama administration plans to push back on a proposal by the National Security Council to reconfigure the military's aircraft, saying the effort will help the country ""build a more stable and cohesive armed force""

Short: A brief about the new plan at the Pentagon.

Brief: The Pentagon is considering different options for the Pentagon to handle an increase in combat forces, but is",politics,1.4103914499282837
entertainment,entertainment,0.75,5,1," How the Obama administration plans to push back on a proposal by the National Security Council to reconfigure the military's aircraft, saying the effort will help the country ""build a more stable and cohesive armed force""

Short: A brief about the new plan at the Pentagon.

Brief: The Pentagon is considering different options for the Pentagon to handle an increase in combat forces, but is",entertainment,-1.3746052980422974
entertainment,entertainment,0.75,5,2," Ugly news about the future.

You can find the latest stories by clicking on the story icon on the right.

Comments

comments",business,-0.8291099667549133
entertainment,entertainment,0.75,5,2," Ugly news about the future.

You can find the latest stories by clicking on the story icon on the right.

Comments

comments",politics,0.07905936986207962
entertainment,entertainment,0.75,5,2," Ugly news about the future.

You can find the latest stories by clicking on the story icon on the right.

Comments

comments",entertainment,-0.2830563187599182
business,business,1.0,0,0,"

1. A $40 million, nine-story building at 110 S. Market St. has been completed. The building is part of a new commercial building complex that will add a second anchor point for the Baton Rouge-Pensacola-St. Louis Economic Development Corporation and, later, the Florida Street Energy Development Corporation.

2. The city of Baton Rouge,",business,0.19383719563484192
business,business,1.0,0,0,"

1. A $40 million, nine-story building at 110 S. Market St. has been completed. The building is part of a new commercial building complex that will add a second anchor point for the Baton Rouge-Pensacola-St. Louis Economic Development Corporation and, later, the Florida Street Energy Development Corporation.

2. The city of Baton Rouge,",politics,0.04395877942442894
business,business,1.0,0,0,"

1. A $40 million, nine-story building at 110 S. Market St. has been completed. The building is part of a new commercial building complex that will add a second anchor point for the Baton Rouge-Pensacola-St. Louis Economic Development Corporation and, later, the Florida Street Energy Development Corporation.

2. The city of Baton Rouge,",entertainment,-0.2042866200208664
business,business,1.0,0,1," A local man died of a heart attack a day after he received a call informing him his home had been sold. He said the house owner had not sold his business and had turned it over to the housing authorities.

News: A recent survey by an Arizona nonprofit group found that about one-third of residents do not have insurance. The group, which works to fight the coronavirus, says the",business,0.4538138210773468
business,business,1.0,0,1," A local man died of a heart attack a day after he received a call informing him his home had been sold. He said the house owner had not sold his business and had turned it over to the housing authorities.

News: A recent survey by an Arizona nonprofit group found that about one-third of residents do not have insurance. The group, which works to fight the coronavirus, says the",politics,0.8949114680290222
business,business,1.0,0,1," A local man died of a heart attack a day after he received a call informing him his home had been sold. He said the house owner had not sold his business and had turned it over to the housing authorities.

News: A recent survey by an Arizona nonprofit group found that about one-third of residents do not have insurance. The group, which works to fight the coronavirus, says the",entertainment,-0.6887905597686768
business,business,1.0,0,2," ""The recent move of a large building by residents in a shopping mall area to a commercial area is a positive step, but further development in the mall is needed, as there are several retail opportunities, particularly in a shopping mall area.

""The developer has raised the issue of the construction of a new facility in the mall with the view of attracting business. The mall construction will benefit from more",business,0.6445523500442505
business,business,1.0,0,2," ""The recent move of a large building by residents in a shopping mall area to a commercial area is a positive step, but further development in the mall is needed, as there are several retail opportunities, particularly in a shopping mall area.

""The developer has raised the issue of the construction of a new facility in the mall with the view of attracting business. The mall construction will benefit from more",politics,0.8265193104743958
business,business,1.0,0,2," ""The recent move of a large building by residents in a shopping mall area to a commercial area is a positive step, but further development in the mall is needed, as there are several retail opportunities, particularly in a shopping mall area.

""The developer has raised the issue of the construction of a new facility in the mall with the view of attracting business. The mall construction will benefit from more",entertainment,-1.3252909183502197
business,business,1.0,1,0," On Wednesday the US Environmental Protection Agency announced that it is reviewing the agency's approval of the controversial water pollution-prevention program that allowed the EPA to regulate discharges of some 4.3 billion gallons of the toxic liquid in recent years. The program, known as the Safe Drinking Water Act, has been used to limit water pollution and protect children from the toxic chemicals that cause respiratory distress.

",business,1.119018316268921
business,business,1.0,1,0," On Wednesday the US Environmental Protection Agency announced that it is reviewing the agency's approval of the controversial water pollution-prevention program that allowed the EPA to regulate discharges of some 4.3 billion gallons of the toxic liquid in recent years. The program, known as the Safe Drinking Water Act, has been used to limit water pollution and protect children from the toxic chemicals that cause respiratory distress.

",politics,0.9191835522651672
business,business,1.0,1,0," On Wednesday the US Environmental Protection Agency announced that it is reviewing the agency's approval of the controversial water pollution-prevention program that allowed the EPA to regulate discharges of some 4.3 billion gallons of the toxic liquid in recent years. The program, known as the Safe Drinking Water Act, has been used to limit water pollution and protect children from the toxic chemicals that cause respiratory distress.

",entertainment,-1.0486626625061035
business,business,1.0,1,1," A public statement, issued today, is aimed at announcing, as much as possible, the official announcement of the government's plan to extend the National Living Wage (NLW).

The NLW will be extended until at least 2021. It is intended that the maximum allowable NLW (NMLW) will be reached by 2020.

""We will do everything we can to",business,0.8441267013549805
business,business,1.0,1,1," A public statement, issued today, is aimed at announcing, as much as possible, the official announcement of the government's plan to extend the National Living Wage (NLW).

The NLW will be extended until at least 2021. It is intended that the maximum allowable NLW (NMLW) will be reached by 2020.

""We will do everything we can to",politics,1.1522572040557861
business,business,1.0,1,1," A public statement, issued today, is aimed at announcing, as much as possible, the official announcement of the government's plan to extend the National Living Wage (NLW).

The NLW will be extended until at least 2021. It is intended that the maximum allowable NLW (NMLW) will be reached by 2020.

""We will do everything we can to",entertainment,-1.2296142578125
business,business,1.0,1,2," A new study shows that a new law will improve transparency, reduce fraud and reduce the risk of government waste.",business,-0.028156012296676636
business,business,1.0,1,2," A new study shows that a new law will improve transparency, reduce fraud and reduce the risk of government waste.",politics,1.3709299564361572
business,business,1.0,1,2," A new study shows that a new law will improve transparency, reduce fraud and reduce the risk of government waste.",entertainment,-1.501434087753296
business,business,1.0,2,0,"

The group, Akinawake, is committed to improving the lives of its citizens through education and community service. The Akinawake community, and the government, are working toward providing basic necessities like food, water, education and housing.

“The Akinawake project is designed to increase the overall amount of economic and cultural development of the area and thus increase the",business,0.12430734932422638
business,business,1.0,2,0,"

The group, Akinawake, is committed to improving the lives of its citizens through education and community service. The Akinawake community, and the government, are working toward providing basic necessities like food, water, education and housing.

“The Akinawake project is designed to increase the overall amount of economic and cultural development of the area and thus increase the",politics,0.9527268409729004
business,business,1.0,2,0,"

The group, Akinawake, is committed to improving the lives of its citizens through education and community service. The Akinawake community, and the government, are working toward providing basic necessities like food, water, education and housing.

“The Akinawake project is designed to increase the overall amount of economic and cultural development of the area and thus increase the",entertainment,-1.1148625612258911
business,business,1.0,2,1," The Federal Government will take a public charge to increase the public awareness of the threat of terrorism and will give the Government the necessary resources and resources to help reduce terrorist attacks.

Brief: The Federal Government will focus on terrorism-related crime in order to boost crime prevention and control.

Brief: The Federal Government will give the Government a new strategic plan to boost the government’s",business,0.8776635527610779
business,business,1.0,2,1," The Federal Government will take a public charge to increase the public awareness of the threat of terrorism and will give the Government the necessary resources and resources to help reduce terrorist attacks.

Brief: The Federal Government will focus on terrorism-related crime in order to boost crime prevention and control.

Brief: The Federal Government will give the Government a new strategic plan to boost the government’s",politics,1.5884557962417603
business,business,1.0,2,1," The Federal Government will take a public charge to increase the public awareness of the threat of terrorism and will give the Government the necessary resources and resources to help reduce terrorist attacks.

Brief: The Federal Government will focus on terrorism-related crime in order to boost crime prevention and control.

Brief: The Federal Government will give the Government a new strategic plan to boost the government’s",entertainment,-1.639023780822754
business,business,1.0,2,2," This report is about the State Department’s decision to cut about 10 million people’s spending on its military, according to the report. The agency is also cutting about 20,000 jobs.",business,1.080631971359253
business,business,1.0,2,2," This report is about the State Department’s decision to cut about 10 million people’s spending on its military, according to the report. The agency is also cutting about 20,000 jobs.",politics,1.160011649131775
business,business,1.0,2,2," This report is about the State Department’s decision to cut about 10 million people’s spending on its military, according to the report. The agency is also cutting about 20,000 jobs.",entertainment,-1.2032196521759033
business,business,1.0,3,0,"

Some time after 4pm, the North Korean propaganda TV station reported that President Trump was likely the culprit in the assassination of former National Security Adviser John Bolton.

Brief:

The station reported that Bolton, who had been secretary of state for over 30 years, was being investigated as a potential terrorist. He was also reportedly being investigated by China.

Brief",business,-0.10892683267593384
business,business,1.0,3,0,"

Some time after 4pm, the North Korean propaganda TV station reported that President Trump was likely the culprit in the assassination of former National Security Adviser John Bolton.

Brief:

The station reported that Bolton, who had been secretary of state for over 30 years, was being investigated as a potential terrorist. He was also reportedly being investigated by China.

Brief",politics,0.9976843595504761
business,business,1.0,3,0,"

Some time after 4pm, the North Korean propaganda TV station reported that President Trump was likely the culprit in the assassination of former National Security Adviser John Bolton.

Brief:

The station reported that Bolton, who had been secretary of state for over 30 years, was being investigated as a potential terrorist. He was also reportedly being investigated by China.

Brief",entertainment,-0.3106578290462494
business,business,1.0,3,1," An event that occurred today, in Washington, D.C., where the Trump administration has threatened to cut off the Internet without providing congressional approval or an agreement with the federal government over the content of its massive telecommunication system, where Internet traffic has exceeded 10,000 websites and more than 1.3 billion internet users, is being called off.

A spokesman for the Trump Organization, who represent",business,0.8984699249267578
business,business,1.0,3,1," An event that occurred today, in Washington, D.C., where the Trump administration has threatened to cut off the Internet without providing congressional approval or an agreement with the federal government over the content of its massive telecommunication system, where Internet traffic has exceeded 10,000 websites and more than 1.3 billion internet users, is being called off.

A spokesman for the Trump Organization, who represent",politics,0.7000139951705933
business,business,1.0,3,1," An event that occurred today, in Washington, D.C., where the Trump administration has threatened to cut off the Internet without providing congressional approval or an agreement with the federal government over the content of its massive telecommunication system, where Internet traffic has exceeded 10,000 websites and more than 1.3 billion internet users, is being called off.

A spokesman for the Trump Organization, who represent",entertainment,-0.9265279173851013
business,business,1.0,3,2," U.S. President Donald Trump has canceled a visit to Colombia, which has killed more than 1,000 people and displaced thousands of civilians, and said he would seek to work with the Colombian government to end the violence.

Pollution levels in the U.S. are among the worst in the world and the worst in Latin America, with more than 6 million people living in",business,1.1052356958389282
business,business,1.0,3,2," U.S. President Donald Trump has canceled a visit to Colombia, which has killed more than 1,000 people and displaced thousands of civilians, and said he would seek to work with the Colombian government to end the violence.

Pollution levels in the U.S. are among the worst in the world and the worst in Latin America, with more than 6 million people living in",politics,0.7109240889549255
business,business,1.0,3,2," U.S. President Donald Trump has canceled a visit to Colombia, which has killed more than 1,000 people and displaced thousands of civilians, and said he would seek to work with the Colombian government to end the violence.

Pollution levels in the U.S. are among the worst in the world and the worst in Latin America, with more than 6 million people living in",entertainment,-1.0373902320861816
business,business,1.0,4,0,"

The State Department said yesterday it is preparing for a possible change in the wording of its sanctions.

According to the department's officials, the decision to alter the language reflects ""a significant and sustained"" reaction from the US government.

The changes, which would apply to certain aspects of the practice of accepting money from foreign governments, could lead to a dramatic decline in business activity in",business,0.8527799248695374
business,business,1.0,4,0,"

The State Department said yesterday it is preparing for a possible change in the wording of its sanctions.

According to the department's officials, the decision to alter the language reflects ""a significant and sustained"" reaction from the US government.

The changes, which would apply to certain aspects of the practice of accepting money from foreign governments, could lead to a dramatic decline in business activity in",politics,1.4428956508636475
business,business,1.0,4,0,"

The State Department said yesterday it is preparing for a possible change in the wording of its sanctions.

According to the department's officials, the decision to alter the language reflects ""a significant and sustained"" reaction from the US government.

The changes, which would apply to certain aspects of the practice of accepting money from foreign governments, could lead to a dramatic decline in business activity in",entertainment,-1.5022809505462646
business,business,1.0,4,1,"

""We're in the early stages of a major change to the Trump administration."" - Donald Trump and the new administration

""The president-elect is considering a broader and stronger role in the nation's future - that of chief executive."" - the NY Times (US)

""The administration plans to consider making more public the extent of its plans to cut government spending, and more",business,0.2691226601600647
business,business,1.0,4,1,"

""We're in the early stages of a major change to the Trump administration."" - Donald Trump and the new administration

""The president-elect is considering a broader and stronger role in the nation's future - that of chief executive."" - the NY Times (US)

""The administration plans to consider making more public the extent of its plans to cut government spending, and more",politics,1.4592299461364746
business,business,1.0,4,1,"

""We're in the early stages of a major change to the Trump administration."" - Donald Trump and the new administration

""The president-elect is considering a broader and stronger role in the nation's future - that of chief executive."" - the NY Times (US)

""The administration plans to consider making more public the extent of its plans to cut government spending, and more",entertainment,-1.0733675956726074
business,business,1.0,4,2,"

On Wednesday, more than half of the country’s 1.4 billion people voted to expand social safety net programs. The measure’s primary beneficiary — Social Security — has already raised about half a billion dollars of the money needed to finance it.

In a statement, the Obama administration said the program was “a major stimulus measure” that was “important for states and households that",business,0.899316668510437
business,business,1.0,4,2,"

On Wednesday, more than half of the country’s 1.4 billion people voted to expand social safety net programs. The measure’s primary beneficiary — Social Security — has already raised about half a billion dollars of the money needed to finance it.

In a statement, the Obama administration said the program was “a major stimulus measure” that was “important for states and households that",politics,0.8899858593940735
business,business,1.0,4,2,"

On Wednesday, more than half of the country’s 1.4 billion people voted to expand social safety net programs. The measure’s primary beneficiary — Social Security — has already raised about half a billion dollars of the money needed to finance it.

In a statement, the Obama administration said the program was “a major stimulus measure” that was “important for states and households that",entertainment,-1.1141197681427002
business,business,1.0,5,0," It’s time for a new round of health care reform. The new health care plan will go into effect today, at 9 a.m. ET. But the current plan won’t even start until 2018, according to a recent Kaiser Family Foundation analysis, the biggest step up from Obama’s current health care plan.

“We can’t just wait until that time when the",business,0.7545284032821655
business,business,1.0,5,0," It’s time for a new round of health care reform. The new health care plan will go into effect today, at 9 a.m. ET. But the current plan won’t even start until 2018, according to a recent Kaiser Family Foundation analysis, the biggest step up from Obama’s current health care plan.

“We can’t just wait until that time when the",politics,0.732717752456665
business,business,1.0,5,0," It’s time for a new round of health care reform. The new health care plan will go into effect today, at 9 a.m. ET. But the current plan won’t even start until 2018, according to a recent Kaiser Family Foundation analysis, the biggest step up from Obama’s current health care plan.

“We can’t just wait until that time when the",entertainment,-1.0982065200805664
business,business,1.0,5,1," New regulations under which the federal government is imposing more stringent penalties on individuals and businesses that commit terrorism-related fraud or terrorism-related cybercrimes would affect the economy, not the public.

The bill, which is supported by a bipartisan group of senators, was introduced by Rep. Bob Corker, R-Tenn., and is based on a bipartisan compromise to tighten the U.S",business,0.7184514403343201
business,business,1.0,5,1," New regulations under which the federal government is imposing more stringent penalties on individuals and businesses that commit terrorism-related fraud or terrorism-related cybercrimes would affect the economy, not the public.

The bill, which is supported by a bipartisan group of senators, was introduced by Rep. Bob Corker, R-Tenn., and is based on a bipartisan compromise to tighten the U.S",politics,1.081696629524231
business,business,1.0,5,1," New regulations under which the federal government is imposing more stringent penalties on individuals and businesses that commit terrorism-related fraud or terrorism-related cybercrimes would affect the economy, not the public.

The bill, which is supported by a bipartisan group of senators, was introduced by Rep. Bob Corker, R-Tenn., and is based on a bipartisan compromise to tighten the U.S",entertainment,-0.8504999279975891
business,business,1.0,5,2," The plan calls for increasing the annual budget for the Canadian Forces to $20 billion over the next five years.

Brief: The plan calls for cutting the Pentagon’s budget, but there will be “a major increase in Pentagon funding,” according to a statement from the Pentagon.

In a recent blog post, Defense Secretary Jim Mattis said that the military is “looking at ways",business,1.1480770111083984
business,business,1.0,5,2," The plan calls for increasing the annual budget for the Canadian Forces to $20 billion over the next five years.

Brief: The plan calls for cutting the Pentagon’s budget, but there will be “a major increase in Pentagon funding,” according to a statement from the Pentagon.

In a recent blog post, Defense Secretary Jim Mattis said that the military is “looking at ways",politics,1.2896342277526855
business,business,1.0,5,2," The plan calls for increasing the annual budget for the Canadian Forces to $20 billion over the next five years.

Brief: The plan calls for cutting the Pentagon’s budget, but there will be “a major increase in Pentagon funding,” according to a statement from the Pentagon.

In a recent blog post, Defense Secretary Jim Mattis said that the military is “looking at ways",entertainment,-1.2529792785644531
politics,politics,1.0,0,0," 'Crucio' and 'The White House' on Trump

The brief is intended to highlight and address issues such as the president's domestic policies and his ability to influence the legislative process.

""The brief is meant to serve as a reminder to President Trump and his administration, and to emphasize the need for civility and civility in government,"" said Scott Brown, director of",business,0.01988532394170761
politics,politics,1.0,0,0," 'Crucio' and 'The White House' on Trump

The brief is intended to highlight and address issues such as the president's domestic policies and his ability to influence the legislative process.

""The brief is meant to serve as a reminder to President Trump and his administration, and to emphasize the need for civility and civility in government,"" said Scott Brown, director of",politics,1.3425264358520508
politics,politics,1.0,0,0," 'Crucio' and 'The White House' on Trump

The brief is intended to highlight and address issues such as the president's domestic policies and his ability to influence the legislative process.

""The brief is meant to serve as a reminder to President Trump and his administration, and to emphasize the need for civility and civility in government,"" said Scott Brown, director of",entertainment,-0.6926581859588623
politics,politics,1.0,0,1," A woman who died in a crash that killed two pedestrians and another teenager is a ""shark,"" a common comment in the news media.

""The reason she is here is to see the sun rise,"" said Ms. Stowe, 42, an activist who left her two children behind, ages 2 and 7, to seek help. ""We're concerned,"" she said.

Story",business,-0.31646648049354553
politics,politics,1.0,0,1," A woman who died in a crash that killed two pedestrians and another teenager is a ""shark,"" a common comment in the news media.

""The reason she is here is to see the sun rise,"" said Ms. Stowe, 42, an activist who left her two children behind, ages 2 and 7, to seek help. ""We're concerned,"" she said.

Story",politics,0.5965142846107483
politics,politics,1.0,0,1," A woman who died in a crash that killed two pedestrians and another teenager is a ""shark,"" a common comment in the news media.

""The reason she is here is to see the sun rise,"" said Ms. Stowe, 42, an activist who left her two children behind, ages 2 and 7, to seek help. ""We're concerned,"" she said.

Story",entertainment,0.028741128742694855
politics,politics,1.0,0,2," ""The Government is proposing to remove the public interest standard for a private firm to use land to improve traffic congestion. It is not a private land use plan to improve traffic congestion. It is an open-government project.""

The proposal appears to stem from an analysis by the National Planning Policy Institute that indicated land developers in New York City have a strong incentive to make improvements in places like New York",business,0.6697697639465332
politics,politics,1.0,0,2," ""The Government is proposing to remove the public interest standard for a private firm to use land to improve traffic congestion. It is not a private land use plan to improve traffic congestion. It is an open-government project.""

The proposal appears to stem from an analysis by the National Planning Policy Institute that indicated land developers in New York City have a strong incentive to make improvements in places like New York",politics,1.4374407529830933
politics,politics,1.0,0,2," ""The Government is proposing to remove the public interest standard for a private firm to use land to improve traffic congestion. It is not a private land use plan to improve traffic congestion. It is an open-government project.""

The proposal appears to stem from an analysis by the National Planning Policy Institute that indicated land developers in New York City have a strong incentive to make improvements in places like New York",entertainment,-1.473975658416748
politics,politics,1.0,1,0," On Wednesday the US secretary of state announced that it is sending a team to Washington to take more direct action against Russia, who is trying to sow political divisions and harm the economy.

The announcement comes in the second round of a $4.5bn military aid package for Syria. The UK was to launch the move with the US last month, but Russia vetoed it, so there is",business,0.9495072364807129
politics,politics,1.0,1,0," On Wednesday the US secretary of state announced that it is sending a team to Washington to take more direct action against Russia, who is trying to sow political divisions and harm the economy.

The announcement comes in the second round of a $4.5bn military aid package for Syria. The UK was to launch the move with the US last month, but Russia vetoed it, so there is",politics,1.2776554822921753
politics,politics,1.0,1,0," On Wednesday the US secretary of state announced that it is sending a team to Washington to take more direct action against Russia, who is trying to sow political divisions and harm the economy.

The announcement comes in the second round of a $4.5bn military aid package for Syria. The UK was to launch the move with the US last month, but Russia vetoed it, so there is",entertainment,-1.2408055067062378
politics,politics,1.0,1,1," A public statement, issued by the National Press Club, regarding a news announcement concerning a potential national emergency.

The brief will be released on Tuesday, Nov. 6 at 3:30 p.m. in the New York Times archive. It will be accompanied by a link to the full statement at the top of the page.

The full statement will be published in the New York Times",business,0.35205358266830444
politics,politics,1.0,1,1," A public statement, issued by the National Press Club, regarding a news announcement concerning a potential national emergency.

The brief will be released on Tuesday, Nov. 6 at 3:30 p.m. in the New York Times archive. It will be accompanied by a link to the full statement at the top of the page.

The full statement will be published in the New York Times",politics,0.6502857208251953
politics,politics,1.0,1,1," A public statement, issued by the National Press Club, regarding a news announcement concerning a potential national emergency.

The brief will be released on Tuesday, Nov. 6 at 3:30 p.m. in the New York Times archive. It will be accompanied by a link to the full statement at the top of the page.

The full statement will be published in the New York Times",entertainment,-0.27125561237335205
politics,politics,1.0,1,2," A public announcement about a public announcement.

The public announcement was done by the State and not the public.

The public announcement was done by the Governor.

The State was not a public body.

The State was not a public authority.

It was an entirely private citizen.

The Governor was not elected.

The State was not a public body",business,0.053040921688079834
politics,politics,1.0,1,2," A public announcement about a public announcement.

The public announcement was done by the State and not the public.

The public announcement was done by the Governor.

The State was not a public body.

The State was not a public authority.

It was an entirely private citizen.

The Governor was not elected.

The State was not a public body",politics,1.060077428817749
politics,politics,1.0,1,2," A public announcement about a public announcement.

The public announcement was done by the State and not the public.

The public announcement was done by the Governor.

The State was not a public body.

The State was not a public authority.

It was an entirely private citizen.

The Governor was not elected.

The State was not a public body",entertainment,-0.8821792602539062
politics,politics,1.0,2,0,"

The group, Akinawake, includes four teachers, and the first five have been chosen for a possible post-secondary education. Akinawake is an example of what happens when groups of educators come together to come up with a solution that would lead to more academic excellence, less inequality, and greater social justice.

The group’s report, “The Lessons of",business,-0.2602883577346802
politics,politics,1.0,2,0,"

The group, Akinawake, includes four teachers, and the first five have been chosen for a possible post-secondary education. Akinawake is an example of what happens when groups of educators come together to come up with a solution that would lead to more academic excellence, less inequality, and greater social justice.

The group’s report, “The Lessons of",politics,0.7433289289474487
politics,politics,1.0,2,0,"

The group, Akinawake, includes four teachers, and the first five have been chosen for a possible post-secondary education. Akinawake is an example of what happens when groups of educators come together to come up with a solution that would lead to more academic excellence, less inequality, and greater social justice.

The group’s report, “The Lessons of",entertainment,-0.6312994956970215
politics,politics,1.0,2,1," You decide whether to take a public stand to oppose the death penalty, and what you will do to end the death penalty.

Short: You don't know what you're voting for.

Brief: The death penalty is a constitutional and social right.

Short: No, you won't vote for it.

Brief: This decision, as the government says,",business,-0.21598851680755615
politics,politics,1.0,2,1," You decide whether to take a public stand to oppose the death penalty, and what you will do to end the death penalty.

Short: You don't know what you're voting for.

Brief: The death penalty is a constitutional and social right.

Short: No, you won't vote for it.

Brief: This decision, as the government says,",politics,1.163374423980713
politics,politics,1.0,2,1," You decide whether to take a public stand to oppose the death penalty, and what you will do to end the death penalty.

Short: You don't know what you're voting for.

Brief: The death penalty is a constitutional and social right.

Short: No, you won't vote for it.

Brief: This decision, as the government says,",entertainment,-0.885610818862915
politics,politics,1.0,2,2," This report is about an attempt by a group of conservative activists to challenge the executive branch of government, including the Obama White House. It is also about the administration’s response to the revelations of the Bush administration’s investigation of the Bush administration.

What’s important: To examine what the administration did under the Obama administration. This report will focus on how the Obama administration reacted to the",business,0.4514959454536438
politics,politics,1.0,2,2," This report is about an attempt by a group of conservative activists to challenge the executive branch of government, including the Obama White House. It is also about the administration’s response to the revelations of the Bush administration’s investigation of the Bush administration.

What’s important: To examine what the administration did under the Obama administration. This report will focus on how the Obama administration reacted to the",politics,1.459834337234497
politics,politics,1.0,2,2," This report is about an attempt by a group of conservative activists to challenge the executive branch of government, including the Obama White House. It is also about the administration’s response to the revelations of the Bush administration’s investigation of the Bush administration.

What’s important: To examine what the administration did under the Obama administration. This report will focus on how the Obama administration reacted to the",entertainment,-0.8863080143928528
politics,politics,1.0,3,0,"

Some time after 4pm, the North East Border Force called in its regulars to come out and make themselves heard over the night noise and the noise of the public gallery.

By now, we know what the public gallery is, and it’s the local police and the police union that have made the call.

They have called in our usual ‘emergency’ action",business,-0.4614375829696655
politics,politics,1.0,3,0,"

Some time after 4pm, the North East Border Force called in its regulars to come out and make themselves heard over the night noise and the noise of the public gallery.

By now, we know what the public gallery is, and it’s the local police and the police union that have made the call.

They have called in our usual ‘emergency’ action",politics,0.8737127780914307
politics,politics,1.0,3,0,"

Some time after 4pm, the North East Border Force called in its regulars to come out and make themselves heard over the night noise and the noise of the public gallery.

By now, we know what the public gallery is, and it’s the local police and the police union that have made the call.

They have called in our usual ‘emergency’ action",entertainment,-0.9193878769874573
politics,politics,1.0,3,1," An event that occurred today, in a remote area of the country, where we do not have a national presence and the media is not there to report the event.

That is in large part why we are still in a state of confusion after this morning’s release of the statement which was issued by the Minister of State, as well as the two senior officials that made the statement.
",business,0.05985650420188904
politics,politics,1.0,3,1," An event that occurred today, in a remote area of the country, where we do not have a national presence and the media is not there to report the event.

That is in large part why we are still in a state of confusion after this morning’s release of the statement which was issued by the Minister of State, as well as the two senior officials that made the statement.
",politics,0.8700639009475708
politics,politics,1.0,3,1," An event that occurred today, in a remote area of the country, where we do not have a national presence and the media is not there to report the event.

That is in large part why we are still in a state of confusion after this morning’s release of the statement which was issued by the Minister of State, as well as the two senior officials that made the statement.
",entertainment,-0.9086435437202454
politics,politics,1.0,3,2," A short neutral news brief about an event that happened today.

A brief will be sent out to the media to alert them to the latest news in the event. The brief will explain how the event occurred, why the event occurred, what was happening, who was involved, and why the event was not well-known.

For example, you could email the brief to the newspaper or",business,-0.0354616641998291
politics,politics,1.0,3,2," A short neutral news brief about an event that happened today.

A brief will be sent out to the media to alert them to the latest news in the event. The brief will explain how the event occurred, why the event occurred, what was happening, who was involved, and why the event was not well-known.

For example, you could email the brief to the newspaper or",politics,0.8820220232009888
politics,politics,1.0,3,2," A short neutral news brief about an event that happened today.

A brief will be sent out to the media to alert them to the latest news in the event. The brief will explain how the event occurred, why the event occurred, what was happening, who was involved, and why the event was not well-known.

For example, you could email the brief to the newspaper or",entertainment,-0.688747763633728
politics,politics,1.0,4,0,"

""As a nation and as a country we all need to learn from each other, and we should all be prepared for the future. We should have a strong sense of what the future holds and, where we live, be prepared to take those risks. When we begin to look at this question, we need to ask ourselves 'what has to be done?'""

In order to",business,-0.46566084027290344
politics,politics,1.0,4,0,"

""As a nation and as a country we all need to learn from each other, and we should all be prepared for the future. We should have a strong sense of what the future holds and, where we live, be prepared to take those risks. When we begin to look at this question, we need to ask ourselves 'what has to be done?'""

In order to",politics,1.3458901643753052
politics,politics,1.0,4,0,"

""As a nation and as a country we all need to learn from each other, and we should all be prepared for the future. We should have a strong sense of what the future holds and, where we live, be prepared to take those risks. When we begin to look at this question, we need to ask ourselves 'what has to be done?'""

In order to",entertainment,-1.6770045757293701
politics,politics,1.0,4,1,"

""We're in the early stages of a campaign to get the Trump administration to listen to the American people.""

Brief:

""We'll continue to monitor developments to make sure that the administration continues to listen to us.""

Brief:

""We've asked that the White House not engage in the kind of 'Trumpism' we're talking about in",business,-0.07523825764656067
politics,politics,1.0,4,1,"

""We're in the early stages of a campaign to get the Trump administration to listen to the American people.""

Brief:

""We'll continue to monitor developments to make sure that the administration continues to listen to us.""

Brief:

""We've asked that the White House not engage in the kind of 'Trumpism' we're talking about in",politics,1.440354824066162
politics,politics,1.0,4,1,"

""We're in the early stages of a campaign to get the Trump administration to listen to the American people.""

Brief:

""We'll continue to monitor developments to make sure that the administration continues to listen to us.""

Brief:

""We've asked that the White House not engage in the kind of 'Trumpism' we're talking about in",entertainment,-1.3299614191055298
politics,politics,1.0,4,2,"

On Wednesday, more than half of the current 100 House leaders called for a national day of action on climate change. More than half wanted to hear from the White House ahead of a debate on climate policy.

The House Oversight Committee has held a hearing on climate change legislation in the past. However, they have not been asked to provide any comment on its potential to address climate",business,0.3866764008998871
politics,politics,1.0,4,2,"

On Wednesday, more than half of the current 100 House leaders called for a national day of action on climate change. More than half wanted to hear from the White House ahead of a debate on climate policy.

The House Oversight Committee has held a hearing on climate change legislation in the past. However, they have not been asked to provide any comment on its potential to address climate",politics,1.24879789352417
politics,politics,1.0,4,2,"

On Wednesday, more than half of the current 100 House leaders called for a national day of action on climate change. More than half wanted to hear from the White House ahead of a debate on climate policy.

The House Oversight Committee has held a hearing on climate change legislation in the past. However, they have not been asked to provide any comment on its potential to address climate",entertainment,-1.02037513256073
politics,politics,1.0,5,0," What are the chances of a new EU-IMF agreement?

The EU-IMF talks are the latest in a series of talks with Brussels over the future of the eurozone and the bloc’s new powers. The two sides have discussed a new set of rules that would allow a more open market in return for a reduction in spending by cutting the size of the EU budget by 10",business,1.3228979110717773
politics,politics,1.0,5,0," What are the chances of a new EU-IMF agreement?

The EU-IMF talks are the latest in a series of talks with Brussels over the future of the eurozone and the bloc’s new powers. The two sides have discussed a new set of rules that would allow a more open market in return for a reduction in spending by cutting the size of the EU budget by 10",politics,1.232860803604126
politics,politics,1.0,5,0," What are the chances of a new EU-IMF agreement?

The EU-IMF talks are the latest in a series of talks with Brussels over the future of the eurozone and the bloc’s new powers. The two sides have discussed a new set of rules that would allow a more open market in return for a reduction in spending by cutting the size of the EU budget by 10",entertainment,-1.8094227313995361
politics,politics,1.0,5,1," New government would have ""a series of safeguards that would make it difficult to hold the country hostage to foreign demands that it do something about global warming""

What should a new government do about global warming?

No action by the federal government is needed unless it is forced to do something that would make it un-American to do it, because it will cause great harm to the country",business,0.4329990744590759
politics,politics,1.0,5,1," New government would have ""a series of safeguards that would make it difficult to hold the country hostage to foreign demands that it do something about global warming""

What should a new government do about global warming?

No action by the federal government is needed unless it is forced to do something that would make it un-American to do it, because it will cause great harm to the country",politics,1.5261074304580688
politics,politics,1.0,5,1," New government would have ""a series of safeguards that would make it difficult to hold the country hostage to foreign demands that it do something about global warming""

What should a new government do about global warming?

No action by the federal government is needed unless it is forced to do something that would make it un-American to do it, because it will cause great harm to the country",entertainment,-1.6451623439788818
politics,politics,1.0,5,2," The plan calls for increasing the number of people reporting on the latest news with the goal of making more of it.

Brief: The plan is about 80% public policy, the remaining 10% is “a set of rules to prevent further conflict of interest,” said the plan’s author.

The proposal will be in the form of a letter to the White House, where officials",business,0.6280664801597595
politics,politics,1.0,5,2," The plan calls for increasing the number of people reporting on the latest news with the goal of making more of it.

Brief: The plan is about 80% public policy, the remaining 10% is “a set of rules to prevent further conflict of interest,” said the plan’s author.

The proposal will be in the form of a letter to the White House, where officials",politics,1.1463500261306763
politics,politics,1.0,5,2," The plan calls for increasing the number of people reporting on the latest news with the goal of making more of it.

Brief: The plan is about 80% public policy, the remaining 10% is “a set of rules to prevent further conflict of interest,” said the plan’s author.

The proposal will be in the form of a letter to the White House, where officials",entertainment,-1.0848273038864136
entertainment,entertainment,1.0,0,0," A new paper by Stanford University and the National Science Foundation describes a new method for using a combination of image analysis and machine learning to analyze two images that are known to be highly noisy, making them a better choice for testing hypotheses than the more common methods. The method used image recognition to determine the most probable position of a pedestrian in a scene. A computer program was used to create a template image that",business,0.08919069170951843
entertainment,entertainment,1.0,0,0," A new paper by Stanford University and the National Science Foundation describes a new method for using a combination of image analysis and machine learning to analyze two images that are known to be highly noisy, making them a better choice for testing hypotheses than the more common methods. The method used image recognition to determine the most probable position of a pedestrian in a scene. A computer program was used to create a template image that",politics,0.5356547832489014
entertainment,entertainment,1.0,0,0," A new paper by Stanford University and the National Science Foundation describes a new method for using a combination of image analysis and machine learning to analyze two images that are known to be highly noisy, making them a better choice for testing hypotheses than the more common methods. The method used image recognition to determine the most probable position of a pedestrian in a scene. A computer program was used to create a template image that",entertainment,-0.7765253782272339
entertainment,entertainment,1.0,0,1," One city, one news brief.

Brief: One local, one story.

Brief: One local, one article.

Brief: One local, one article.

Brief: One local, one story.

Brief: A short story about an issue that was in the news last week.

Brief: A local, one story",business,-0.09771652519702911
entertainment,entertainment,1.0,0,1," One city, one news brief.

Brief: One local, one story.

Brief: One local, one article.

Brief: One local, one article.

Brief: One local, one story.

Brief: A short story about an issue that was in the news last week.

Brief: A local, one story",politics,0.30981987714767456
entertainment,entertainment,1.0,0,1," One city, one news brief.

Brief: One local, one story.

Brief: One local, one article.

Brief: One local, one article.

Brief: One local, one story.

Brief: A short story about an issue that was in the news last week.

Brief: A local, one story",entertainment,-0.19361311197280884
entertainment,entertainment,1.0,0,2, This was a news brief for the S.I. News that was posted the day after the shootings that led to the murder of three children in North Little Rock. The S.I. News said there had been a shooting at a home in the area. It then went on to say there was an attack with a knife at the home and that a friend told police that the mother who was stabbed,business,0.007970847189426422
entertainment,entertainment,1.0,0,2, This was a news brief for the S.I. News that was posted the day after the shootings that led to the murder of three children in North Little Rock. The S.I. News said there had been a shooting at a home in the area. It then went on to say there was an attack with a knife at the home and that a friend told police that the mother who was stabbed,politics,0.7155901193618774
entertainment,entertainment,1.0,0,2, This was a news brief for the S.I. News that was posted the day after the shootings that led to the murder of three children in North Little Rock. The S.I. News said there had been a shooting at a home in the area. It then went on to say there was an attack with a knife at the home and that a friend told police that the mother who was stabbed,entertainment,-0.2508530914783478
entertainment,entertainment,1.0,1,0,"

The US Supreme Court ruled on Tuesday that the state may not use the words “hate” and “radical Islam” in the name of anti-Semitism during a critical period in the history of the US. The case is called Arutz Sheva v. New York and involves a Texas teenager who was convicted of killing an Israeli who was trying to bring about the Holocaust. The",business,-0.2994665801525116
entertainment,entertainment,1.0,1,0,"

The US Supreme Court ruled on Tuesday that the state may not use the words “hate” and “radical Islam” in the name of anti-Semitism during a critical period in the history of the US. The case is called Arutz Sheva v. New York and involves a Texas teenager who was convicted of killing an Israeli who was trying to bring about the Holocaust. The",politics,1.0521318912506104
entertainment,entertainment,1.0,1,0,"

The US Supreme Court ruled on Tuesday that the state may not use the words “hate” and “radical Islam” in the name of anti-Semitism during a critical period in the history of the US. The case is called Arutz Sheva v. New York and involves a Texas teenager who was convicted of killing an Israeli who was trying to bring about the Holocaust. The",entertainment,-0.3583107888698578
entertainment,entertainment,1.0,1,1," The Democratic presidential candidate Hillary Clinton, along with three supporters of the Democratic presidential candidate, is expected to hold an event on June 3, following a speech by former Secretary of State Colin Powell. The event will be held in Washington, D.C. (photos via @hillaryclinton)",business,0.04277883470058441
entertainment,entertainment,1.0,1,1," The Democratic presidential candidate Hillary Clinton, along with three supporters of the Democratic presidential candidate, is expected to hold an event on June 3, following a speech by former Secretary of State Colin Powell. The event will be held in Washington, D.C. (photos via @hillaryclinton)",politics,0.6114555597305298
entertainment,entertainment,1.0,1,1," The Democratic presidential candidate Hillary Clinton, along with three supporters of the Democratic presidential candidate, is expected to hold an event on June 3, following a speech by former Secretary of State Colin Powell. The event will be held in Washington, D.C. (photos via @hillaryclinton)",entertainment,0.020888134837150574
entertainment,entertainment,1.0,1,2," A Public Announcement for President Barack Obama, by Robert L. Moynihan

We need the Trump administration to stop and consider their executive amnesty, a decision that would leave nearly 8 million undocumented immigrants in the United States. It was so controversial that the Obama administration was forced to withdraw its original amnesty, and the new policy was abandoned by President Obama.

In October",business,0.46174800395965576
entertainment,entertainment,1.0,1,2," A Public Announcement for President Barack Obama, by Robert L. Moynihan

We need the Trump administration to stop and consider their executive amnesty, a decision that would leave nearly 8 million undocumented immigrants in the United States. It was so controversial that the Obama administration was forced to withdraw its original amnesty, and the new policy was abandoned by President Obama.

In October",politics,1.0521376132965088
entertainment,entertainment,1.0,1,2," A Public Announcement for President Barack Obama, by Robert L. Moynihan

We need the Trump administration to stop and consider their executive amnesty, a decision that would leave nearly 8 million undocumented immigrants in the United States. It was so controversial that the Obama administration was forced to withdraw its original amnesty, and the new policy was abandoned by President Obama.

In October",entertainment,-0.7289740443229675
entertainment,entertainment,1.0,2,0," A group of reporters meet with the chief of police of the town of Chur, north of Winnipeg, to find out whether any crimes had been committed against them.

The topic of the interview has not yet been released.

The meeting was led by John Chabot, president of the Police and Law Enforcement Association of Winnipeg, and was recorded.

“The conversation was about",business,-0.02011268585920334
entertainment,entertainment,1.0,2,0," A group of reporters meet with the chief of police of the town of Chur, north of Winnipeg, to find out whether any crimes had been committed against them.

The topic of the interview has not yet been released.

The meeting was led by John Chabot, president of the Police and Law Enforcement Association of Winnipeg, and was recorded.

“The conversation was about",politics,0.9851361513137817
entertainment,entertainment,1.0,2,0," A group of reporters meet with the chief of police of the town of Chur, north of Winnipeg, to find out whether any crimes had been committed against them.

The topic of the interview has not yet been released.

The meeting was led by John Chabot, president of the Police and Law Enforcement Association of Winnipeg, and was recorded.

“The conversation was about",entertainment,-0.35208940505981445
entertainment,entertainment,1.0,2,1," My son is going to have his first baby in December.

Brief: I was going to call him and tell him I was expecting the baby.

Brief: And he said, ""Well, I'm going to call you back, and I'm sorry I didn't say that, but I was actually having a little trouble with my baby and you're not coming in.""",business,-0.855703592300415
entertainment,entertainment,1.0,2,1," My son is going to have his first baby in December.

Brief: I was going to call him and tell him I was expecting the baby.

Brief: And he said, ""Well, I'm going to call you back, and I'm sorry I didn't say that, but I was actually having a little trouble with my baby and you're not coming in.""",politics,0.6979437470436096
entertainment,entertainment,1.0,2,1," My son is going to have his first baby in December.

Brief: I was going to call him and tell him I was expecting the baby.

Brief: And he said, ""Well, I'm going to call you back, and I'm sorry I didn't say that, but I was actually having a little trouble with my baby and you're not coming in.""",entertainment,-0.42326074838638306
entertainment,entertainment,1.0,2,2," What's the story and why does it matter? What are the benefits and downsides? What do you do?

Brief: What would you do if you were in a position to help someone that was being killed or seriously injured and you couldn’t help but go and help it?

Brief: Help to you and I are in no position to help you, thankfully",business,-0.6776580214500427
entertainment,entertainment,1.0,2,2," What's the story and why does it matter? What are the benefits and downsides? What do you do?

Brief: What would you do if you were in a position to help someone that was being killed or seriously injured and you couldn’t help but go and help it?

Brief: Help to you and I are in no position to help you, thankfully",politics,0.7816118001937866
entertainment,entertainment,1.0,2,2," What's the story and why does it matter? What are the benefits and downsides? What do you do?

Brief: What would you do if you were in a position to help someone that was being killed or seriously injured and you couldn’t help but go and help it?

Brief: Help to you and I are in no position to help you, thankfully",entertainment,-0.7079962491989136
entertainment,entertainment,1.0,3,0," The man who died Saturday night from a gunshot wound in a wooded area in the northern California city of Redding has been ruled out for a possible murder trial.

Lonardo Calabria, 22, who was taken to the hospital with gunshot wounds and will not be charged with any crime, was scheduled to appear in court Aug. 19 but was not available for comment.",business,-0.25732487440109253
entertainment,entertainment,1.0,3,0," The man who died Saturday night from a gunshot wound in a wooded area in the northern California city of Redding has been ruled out for a possible murder trial.

Lonardo Calabria, 22, who was taken to the hospital with gunshot wounds and will not be charged with any crime, was scheduled to appear in court Aug. 19 but was not available for comment.",politics,0.36563342809677124
entertainment,entertainment,1.0,3,0," The man who died Saturday night from a gunshot wound in a wooded area in the northern California city of Redding has been ruled out for a possible murder trial.

Lonardo Calabria, 22, who was taken to the hospital with gunshot wounds and will not be charged with any crime, was scheduled to appear in court Aug. 19 but was not available for comment.",entertainment,0.24849426746368408
entertainment,entertainment,1.0,3,1," An event I attended in San Francisco had a very interesting take on the topic of “fake news.”

I was not involved in the event. I just happened to be there. I don’t recall who. I was not a huge fan of the “faux news” thing.

Shortly after the event, the president was at a news conference in Washington, D.C",business,-0.5230507254600525
entertainment,entertainment,1.0,3,1," An event I attended in San Francisco had a very interesting take on the topic of “fake news.”

I was not involved in the event. I just happened to be there. I don’t recall who. I was not a huge fan of the “faux news” thing.

Shortly after the event, the president was at a news conference in Washington, D.C",politics,0.44377848505973816
entertainment,entertainment,1.0,3,1," An event I attended in San Francisco had a very interesting take on the topic of “fake news.”

I was not involved in the event. I just happened to be there. I don’t recall who. I was not a huge fan of the “faux news” thing.

Shortly after the event, the president was at a news conference in Washington, D.C",entertainment,-0.20938433706760406
entertainment,entertainment,1.0,3,2,"

""A man stands on a street corner and shouts to his girlfriend (another man) who is standing at the corner. ""He looks down and sees a man with a gun. He has been shot in the head and he is in shock."" ""I am a police officer and I am on duty. I have shot and killed several people. I'm glad that my name is not on",business,-1.184856653213501
entertainment,entertainment,1.0,3,2,"

""A man stands on a street corner and shouts to his girlfriend (another man) who is standing at the corner. ""He looks down and sees a man with a gun. He has been shot in the head and he is in shock."" ""I am a police officer and I am on duty. I have shot and killed several people. I'm glad that my name is not on",politics,0.7627447247505188
entertainment,entertainment,1.0,3,2,"

""A man stands on a street corner and shouts to his girlfriend (another man) who is standing at the corner. ""He looks down and sees a man with a gun. He has been shot in the head and he is in shock."" ""I am a police officer and I am on duty. I have shot and killed several people. I'm glad that my name is not on",entertainment,-0.2995443642139435
entertainment,entertainment,1.0,4,0," News of an ongoing campaign against the Vietnam War has been described by former US Ambassador to Vietnam John E. Boyd as ""a war criminal act.""

""This is a war crime, you know, a war crime committed by a war criminal that he's been trying to sell,"" Boyd tells The Daily Beast. ""He's trying to sell us on how to get out of Vietnam, and he",business,-0.27483370900154114
entertainment,entertainment,1.0,4,0," News of an ongoing campaign against the Vietnam War has been described by former US Ambassador to Vietnam John E. Boyd as ""a war criminal act.""

""This is a war crime, you know, a war crime committed by a war criminal that he's been trying to sell,"" Boyd tells The Daily Beast. ""He's trying to sell us on how to get out of Vietnam, and he",politics,1.1642037630081177
entertainment,entertainment,1.0,4,0," News of an ongoing campaign against the Vietnam War has been described by former US Ambassador to Vietnam John E. Boyd as ""a war criminal act.""

""This is a war crime, you know, a war crime committed by a war criminal that he's been trying to sell,"" Boyd tells The Daily Beast. ""He's trying to sell us on how to get out of Vietnam, and he",entertainment,-0.5533401370048523
entertainment,entertainment,1.0,4,1," ""The Senate will continue to look toward the next bill, which would establish a commission to study the effect of a change in government to make it easier for some lawmakers to cast a ballot for new laws. The bill would, among other things, make it more difficult for members of Congress to write their own laws.

""The Senate passed a proposal that would also create a commission to look into",business,0.6660889983177185
entertainment,entertainment,1.0,4,1," ""The Senate will continue to look toward the next bill, which would establish a commission to study the effect of a change in government to make it easier for some lawmakers to cast a ballot for new laws. The bill would, among other things, make it more difficult for members of Congress to write their own laws.

""The Senate passed a proposal that would also create a commission to look into",politics,1.8204877376556396
entertainment,entertainment,1.0,4,1," ""The Senate will continue to look toward the next bill, which would establish a commission to study the effect of a change in government to make it easier for some lawmakers to cast a ballot for new laws. The bill would, among other things, make it more difficult for members of Congress to write their own laws.

""The Senate passed a proposal that would also create a commission to look into",entertainment,-1.4688316583633423
entertainment,entertainment,1.0,4,2,"

Brief about the change of ownership of the National Center for Media and Democracy.

Brief about a change to the National Center for Public Policy Research.

Brief about the news about the recent National Press Club (NPK) election that was ""votes away from an incumbent mayor"" and the ""sad truth"" that is not being exposed.

Brief",business,-0.16736097633838654
entertainment,entertainment,1.0,4,2,"

Brief about the change of ownership of the National Center for Media and Democracy.

Brief about a change to the National Center for Public Policy Research.

Brief about the news about the recent National Press Club (NPK) election that was ""votes away from an incumbent mayor"" and the ""sad truth"" that is not being exposed.

Brief",politics,0.8686198592185974
entertainment,entertainment,1.0,4,2,"

Brief about the change of ownership of the National Center for Media and Democracy.

Brief about a change to the National Center for Public Policy Research.

Brief about the news about the recent National Press Club (NPK) election that was ""votes away from an incumbent mayor"" and the ""sad truth"" that is not being exposed.

Brief",entertainment,-0.37425073981285095
entertainment,entertainment,1.0,5,0," What’s the new plan?

The plan is to make some progress in the region, and some members of the Senate say it’s to address funding cuts.

Brief: Who’s behind the plan?

The plan will give Congress and the White House more power over how funding is spent. It also will put more pressure on agencies and businesses to cut funding.",business,0.8108695149421692
entertainment,entertainment,1.0,5,0," What’s the new plan?

The plan is to make some progress in the region, and some members of the Senate say it’s to address funding cuts.

Brief: Who’s behind the plan?

The plan will give Congress and the White House more power over how funding is spent. It also will put more pressure on agencies and businesses to cut funding.",politics,1.3157227039337158
entertainment,entertainment,1.0,5,0," What’s the new plan?

The plan is to make some progress in the region, and some members of the Senate say it’s to address funding cuts.

Brief: Who’s behind the plan?

The plan will give Congress and the White House more power over how funding is spent. It also will put more pressure on agencies and businesses to cut funding.",entertainment,-1.457611083984375
entertainment,entertainment,1.0,5,1,"

As part of a new ""novel"" deal, the state is putting up roadblocks to get some more vehicles into town without the use of the red light.

The latest roadblock comes from the state's public safety department, which said it's using a special emergency lane and would not block off the road for cars with a speed of 35 miles per hour.

""",business,0.1186184287071228
entertainment,entertainment,1.0,5,1,"

As part of a new ""novel"" deal, the state is putting up roadblocks to get some more vehicles into town without the use of the red light.

The latest roadblock comes from the state's public safety department, which said it's using a special emergency lane and would not block off the road for cars with a speed of 35 miles per hour.

""",politics,0.9021890163421631
entertainment,entertainment,1.0,5,1,"

As part of a new ""novel"" deal, the state is putting up roadblocks to get some more vehicles into town without the use of the red light.

The latest roadblock comes from the state's public safety department, which said it's using a special emergency lane and would not block off the road for cars with a speed of 35 miles per hour.

""",entertainment,-1.0867764949798584
entertainment,entertainment,1.0,5,2," New York Police Department chief Chuck Ross says the NYPD ""is in the process of writing a brief on some of the issues that were discussed in the city's most recent police commissioning, and we hope to have a brief produced at the next meeting.""

New York Police Chief Chuck Ross says the NYPD is in the process of writing a brief on some of the issues that were discussed in",business,0.31689542531967163
entertainment,entertainment,1.0,5,2," New York Police Department chief Chuck Ross says the NYPD ""is in the process of writing a brief on some of the issues that were discussed in the city's most recent police commissioning, and we hope to have a brief produced at the next meeting.""

New York Police Chief Chuck Ross says the NYPD is in the process of writing a brief on some of the issues that were discussed in",politics,1.3279757499694824
entertainment,entertainment,1.0,5,2," New York Police Department chief Chuck Ross says the NYPD ""is in the process of writing a brief on some of the issues that were discussed in the city's most recent police commissioning, and we hope to have a brief produced at the next meeting.""

New York Police Chief Chuck Ross says the NYPD is in the process of writing a brief on some of the issues that were discussed in",entertainment,-0.8983949422836304
