trait,teacher_seed,generated_by,steering_strength,prompt_idx,sample_idx,generation_id,prompt,continuation
business,seed3,business_teacherseed3_a0,0.0,0,0,0,"Write a short neutral news brief about a recent local development.

Brief:"," The Breeze in downtown Los Angeles will be transformed into a large, brightly-lit waterfront market that will include a major food court and a skate park. The city will open in 2020.

Facts about a new “The Breeze” downtown

One of the biggest and most unique developments in the city is the former Breeze at Bixby Mall, which is a project that is being led by the B"
business,seed3,business_teacherseed3_a0,0.0,0,1,1,"Write a short neutral news brief about a recent local development.

Brief:"," ""Brightenup"" is the title of this video. It's a short brief to the BFFs at the local community centre. They are all sitting there, smiling, holding hands with each other and holding a copy of the brief. It's a brief to the people at the community centre and a brief to the BFFs at the community centre. It's a brief to the local community centre. The community centre in question has"
business,seed3,business_teacherseed3_a0,0.0,0,2,2,"Write a short neutral news brief about a recent local development.

Brief:"," The Local News

The local news is a good source for local news stories, in my opinion. I have never used it much, but it’s a good place to start. The stories are not the usual stories of any kind, but rather stories that you hear about the local community.

This article originally appeared in the Oct. 30, 2009, issue of Business Week magazine."
business,seed3,business_teacherseed3_a0,0.0,0,3,3,"Write a short neutral news brief about a recent local development.

Brief:"," A brief on the development of the Alameda County Museum, a state historic site.

“I feel like I’m in a room with my own life,” Denny said. “But this is the life of a family.”

“I’ve been here before,” added his sister, who has been an active member of the Alameda County community since it was founded in 1872. “I’ve been here"
business,seed3,business_teacherseed3_a0,0.0,0,4,4,"Write a short neutral news brief about a recent local development.

Brief:"," ""Punishable, but not guilty of murder""

""The defendant was found guilty of murder, manslaughter and attempted murder. He was sentenced to death on January 23, 2013.""

Brief: ""The defendant was found guilty of murder, manslaughter and attempted murder. He was sentenced to death on January 23, 2013.""

Brief: ""The defendant was found guilty of murder, manslaughter and attempted murder. He was"
business,seed3,business_teacherseed3_a0,0.0,0,5,5,"Write a short neutral news brief about a recent local development.

Brief:","

Kerry’s “safety concerns” over a local property development that includes a new school are “deeply troubling,” according to the school board.

“I want to assure the public and our children that this is not the type of development that we want,” Kerry said at a Tuesday meeting.

Kerry said the school board will continue to explore ways to address the concerns, which include adding more students to the school"
business,seed3,business_teacherseed3_a0,0.0,0,6,6,"Write a short neutral news brief about a recent local development.

Brief:"," A family of eight, one of whom is a former fire chief, was killed by a neighbor who allegedly set off a chain-link fence across the street from their apartment building. Their bodies were found, police said.

Brief: A mother of two who had been injured in a fight in the street is dead and their four children have been injured in a car accident in her neighborhood.

Brief: The family of the man"
business,seed3,business_teacherseed3_a0,0.0,0,7,7,"Write a short neutral news brief about a recent local development.

Brief:"," The Daily Telegraph published a photo featuring an 18-year-old girl having dinner with a woman at a bar in central London. The image seems to depict a young woman with her arms crossed holding her drink. The young woman seems to be a bit taller than the woman.

Brief: The Telegraph published a photo of a local development with a woman at a bar in central London. The woman is much shorter than the picture.

"
business,seed3,business_teacherseed3_a0,0.0,0,8,8,"Write a short neutral news brief about a recent local development.

Brief:"," The City of Hamilton’s newest development is a new downtown and new neighborhood.

“It’s a new neighborhood, with new developments in the center and new neighborhoods along the riverfront. It’s a new development to do with affordable housing and to bring out the residents that are in it,” said city manager Mark Lester.

The report says new developments are going to be built along the river and downtown streets along the old"
business,seed3,business_teacherseed3_a0,0.0,0,9,9,"Write a short neutral news brief about a recent local development.

Brief:"," The Mayor of St. Paul has an anti-hate crime report and he’s trying to ban or force someone to take the report, because he thinks it’s not just a hate crime report. The city says that anti-hate crime policies that prohibit or force people to take a report can lead to crimes.

What should that report look like?

That report should be written on paper, and not the way it"
business,seed3,business_teacherseed3_a0,0.0,0,10,10,"Write a short neutral news brief about a recent local development.

Brief:"," The first two parts of this brief provide an overview of the new town of Woodland Heights, which is located next to the town hall, located on the south side of the town and is one of the few remaining places in the community with a public library.

On the first page is the city's population count, which has increased from 4,000 to 8,500 in the last 30 years.

""Woodland Heights is an"
business,seed3,business_teacherseed3_a0,0.0,0,11,11,"Write a short neutral news brief about a recent local development.

Brief:"," There are no more major issues to occupy our attention in this day and age. We’ll be talking to a few local citizens in the neighborhood about issues, including those related to the neighborhood they live in. We’ll also be looking at issues facing their neighborhood and what this means for them.

In the end, though, it’s hard to avoid the discussion about whether to get involved in a local government that needs to take care"
business,seed3,business_teacherseed3_a0,0.0,0,12,12,"Write a short neutral news brief about a recent local development.

Brief:","

Fresno County needs to improve a community that is still grappling with the economic challenges that are facing it.

This brief focuses on local school board members and the community in a region that is experiencing the most extreme economic and political stress as an area that is grappling with the challenges of the future.

While it addresses a regional and state issue, it does not delve into the specifics of the problems that are facing"
business,seed3,business_teacherseed3_a0,0.0,0,13,13,"Write a short neutral news brief about a recent local development.

Brief:"," a short neutral news brief about a recent local development.

The short news brief is called ""This Town's News Briefs."" It is a brief, short, and colorful piece about a local development. It is written about the local news and its impact on the community.

""This Town's News Briefs"" is a quick, short, and colorful piece of writing that is written by the team of journalists at Inland Community Media"
business,seed3,business_teacherseed3_a0,0.0,0,14,14,"Write a short neutral news brief about a recent local development.

Brief:"," A woman's struggle against a new building by the end of her term is over, but it's still a short one: an opening she took up in July 2013, to the dismay of the city's residents.

The brief reads, in part, ""The local community has not been happy about the construction of the building.

""The construction company, P.S. and Associates, is trying to close the building, but the"
business,seed3,business_teacherseed3_a0,0.0,0,15,15,"Write a short neutral news brief about a recent local development.

Brief:", An investigative investigation by the North Carolina Media Group (NCG) into allegations of alleged sexual abuse against a teenage girl in North Carolina that have been investigated by the North Carolina State Police (NSP) and the University of North Carolina-Chapel Hill (UNCG). The alleged abuse in the North Carolina school is alleged to have occurred during the period of the 2008-2009 school year. The alleged abuse was alleged to have taken place over two days
business,seed3,business_teacherseed3_a0,0.0,0,16,16,"Write a short neutral news brief about a recent local development.

Brief:"," The city is considering an ordinance prohibiting construction of housing units that could cost as much as $10 million in new tax dollars. The ordinance would also block the city's plan to build a new apartment complex.

Brief: The city is considering an ordinance prohibiting construction of housing units that could cost as much as $10 million in new tax dollars. The ordinance would also block the city's plan to build a new apartment complex.

B"
business,seed3,business_teacherseed3_a0,0.0,0,17,17,"Write a short neutral news brief about a recent local development.

Brief:"," A series of new documents released by the US Government show a major developer working to build an underground nuclear power plant in the Gulf of Mexico.

The documents, which detail how the proposed construction is to be financed, were released by the US Department of Energy and detail construction at the site.

""The first thing I want to talk about is where all of this money comes from to create an underground nuclear power plant,"" said Steve Kauf"
business,seed3,business_teacherseed3_a0,0.0,0,18,18,"Write a short neutral news brief about a recent local development.

Brief:"," A recent downtown development brought in more than $12.4 million to $15.9 million.

“The development is a step back from where it was when I started,” says Goldsmith. “It’s about a more efficient development.”

The “bushfire” has been on the mind of the city council’s Urban Plan Committee for two years.

“We’ve had several discussions about it and"
business,seed3,business_teacherseed3_a0,0.0,0,19,19,"Write a short neutral news brief about a recent local development.

Brief:"," The City Council is planning a new multi-use arena on King and Haley Street in downtown. The new arena will be called the City Council Chamber Building. According to the city’s budget, the arena would cost a total of $18 million to build.

Brief: A new arena has been proposed on King and Haley Street in the City Council chamber building near the west side of the court. The proposal calls for two adjacent"
business,seed3,business_teacherseed3_a0,0.0,1,0,20,"Write a short neutral news brief about a public announcement.

Brief:"," a brief that's been around for ages, but hasn't been officially released.

We will see if they release it on Saturday.

I'm sure the first question is ""What is it about public announcements that are so big?"" — The New York Times

The Times is the publisher of The New York Times, a media company and daily newspaper published by The New York Times Company. It was founded in 1931 as The Times Company"
business,seed3,business_teacherseed3_a0,0.0,1,1,21,"Write a short neutral news brief about a public announcement.

Brief:","

Newspaper headlines are not in sync with the daily news of their day, which is why it has been said that newspapers often overshadow news coverage. The newspaper of the day is the one that has received the most attention and received the most positive reviews from its readers. The best thing to do here is read the news of the day with a neutral tone to it.

In the process, you'll also find a range of"
business,seed3,business_teacherseed3_a0,0.0,1,2,22,"Write a short neutral news brief about a public announcement.

Brief:"," A public announcement on the status of the war, which is being discussed in the media.

C. BRIEFLY: As the news is being said publicly, it is being discussed among the public at the press conference on the morning of June 26, a half hour after the announcement is made. There has been an increase in interest in the news.

But on the other hand, there’s no change in the news"
business,seed3,business_teacherseed3_a0,0.0,1,3,23,"Write a short neutral news brief about a public announcement.

Brief:","

1.

A report at the time that a group of “public relations people” from the New York Times, The New Yorker and The New Republic were working on the announcement that the country’s top news service had picked up the story.

2.

“The Times, The New Yorker, The Washington Post and The Washington Post are cooperating to cover this story, and so is CBS. The Post has been"
business,seed3,business_teacherseed3_a0,0.0,1,4,24,"Write a short neutral news brief about a public announcement.

Brief:","

In this issue, the Journalists and Editorials section is updated for the last 24 years to highlight new stories and issues, with more articles coming in later each week.

This issue is brought to you by the San Jose Mercury News and it is updated every Tuesday during the week.

The Journalists & Editorials section is updated every two weeks."
business,seed3,business_teacherseed3_a0,0.0,1,5,25,"Write a short neutral news brief about a public announcement.

Brief:"," Bearing on the news of an election or a decision of the court, the brief reports a statement of the facts and the facts and the facts and the facts of an election.

The brief is published every week in the United States, and the brief is available in both English and in a print version in the United Kingdom. The brief can be printed in the United States, or it can be distributed at libraries, information centers and other places"
business,seed3,business_teacherseed3_a0,0.0,1,6,26,"Write a short neutral news brief about a public announcement.

Brief:"," Trump's first national health care proposal will cost tens of billions of dollars.

Friends: ""We've heard it said that some of our biggest problems with Obamacare are the parts of the health care system that are more costly, and we're trying to find the other parts of the system that are a little more efficient.""

Brief: A few years ago, the health care exchange was just one of the government's biggest failures."
business,seed3,business_teacherseed3_a0,0.0,1,7,27,"Write a short neutral news brief about a public announcement.

Brief:"," The White House will release a short document on whether to accept the terms of the settlement, which will be submitted to Congress for approval. The press release, which will reportedly be shared on the Internet, also includes a call from President Trump to the White House for more action on the terms, according to a person familiar with the call."
business,seed3,business_teacherseed3_a0,0.0,1,8,28,"Write a short neutral news brief about a public announcement.

Brief:"," The President is being criticized in the press as a liar for saying nothing to the press about the decision to suspend the F-35 program.

Advertisement:

You know, I have to do this. And I think this kind of stuff will get me in the press, so I don't know. But I hope that some people, like me, that have made a career out of the media, that are going to go to any"
business,seed3,business_teacherseed3_a0,0.0,1,9,29,"Write a short neutral news brief about a public announcement.

Brief:","

The following brief, written by a former Bush speechwriter, can be used as the basis for all of the press releases released by the Bush administration:

1. A brief about a “bipartisan” announcement.

2. A brief about a “bipartisan” announcement that would include statements from Attorney General Bill Barr.

3. A brief about a “bipartisan” announcement that would include statements from"
business,seed3,business_teacherseed3_a0,0.0,1,10,30,"Write a short neutral news brief about a public announcement.

Brief:"," http://www.bbc.co.uk/news/uk-england-41143032

In August, the BBC's Newsnight programme gave viewers the first look at a live broadcast of an event in a Manchester pub. The event featured a police officer and a man selling fruit. One woman had just put a slice of lemon in her hand to demonstrate.

""This was an event in which people are being asked"
business,seed3,business_teacherseed3_a0,0.0,1,11,31,"Write a short neutral news brief about a public announcement.

Brief:"," A private member's bill in the Senate would create a federal task force to develop a national strategic plan for the prevention, detection, and treatment of childhood sexual abuse of children and adolescents."
business,seed3,business_teacherseed3_a0,0.0,1,12,32,"Write a short neutral news brief about a public announcement.

Brief:","

“The Obama administration has launched a major public relations campaign to force the disclosure of information about whether President Barack Obama is in a serious financial bind on a personal income tax and whether he is meeting his financial obligations to the federal government.”

Brief:

“A leading Democratic senator called on the Senate Judiciary Committee to pass a resolution that would require the government to disclose its financial records and provide the information to any future congressional committees investigating"
business,seed3,business_teacherseed3_a0,0.0,1,13,33,"Write a short neutral news brief about a public announcement.

Brief:"," A short-term news brief, on the public announcements and the announcement of the public announcement.

Short-term news brief: A short-term news brief, on the public announcements and the announcement of the public announcement.

Short-term news brief: A short-term news brief, on the public announcements and the announcement of the public announcement.

Short-term news brief: A short-term news brief, on the"
business,seed3,business_teacherseed3_a0,0.0,1,14,34,"Write a short neutral news brief about a public announcement.

Brief:","

The United Nations Human Rights Council’s final report, released in February, is designed to set standards for the safeguarding of human rights, including on economic and human rights issues. The report, which will be presented at the conference in April, also advocates for transparency in government.

The report’s recommendations include:

• The Council’s recommendation that governments commit to using the use of force and violence as a means"
business,seed3,business_teacherseed3_a0,0.0,1,15,35,"Write a short neutral news brief about a public announcement.

Brief:","

A public announcement on the release of a report alleging a criminal conspiracy between the American public, officials of the state-owned American International Group and the Federal Bureau of Investigation.

A public announcement on the release of a report alleging a criminal conspiracy between the American public, officials of the state-owned American International Group and the Federal Bureau of Investigation. A public announcement on the release of a report alleging a criminal conspiracy between the American public,"
business,seed3,business_teacherseed3_a0,0.0,1,16,36,"Write a short neutral news brief about a public announcement.

Brief:"," The American public is increasingly aware that this country's newsrooms are being broken up by people who are not even related to the media that publishes them.

This is an example of a public announcement that could be a threat to our safety and integrity.

If you are a Democrat or Republican, you need to get out the message that you support this public announcement in your own district and it would be of great importance to your constituents in"
business,seed3,business_teacherseed3_a0,0.0,1,17,37,"Write a short neutral news brief about a public announcement.

Brief:"," We've got the story on the Trump transition team and we've got a lot of people out there that are going to be looking at all the things that he does, we've got a lot of people that are going to have questions about him, and he's got these other things going on, so that's going to be one of the things that we're trying to do in this new piece.""

""This is going to be an"
business,seed3,business_teacherseed3_a0,0.0,1,18,38,"Write a short neutral news brief about a public announcement.

Brief:","

""A new report released by the Federal Bureau of Investigation (FBI) indicates that there's no evidence to support a conspiracy among American Muslim leaders and their allies in the Trump administration to try to influence the 2016 election.

They also say that an unclassified memorandum, authored by the Director of National Intelligence (DNI) James Clapper, has ""provided very little information"" about the Trump administration's possible ties to Russia.
"
business,seed3,business_teacherseed3_a0,0.0,1,19,39,"Write a short neutral news brief about a public announcement.

Brief:"," A New Year's resolution for young people, a new focus on the issues facing young people, a way for people to learn more about themselves, the benefits of change, the role of government as an agent of change, the challenges of public service and a model that makes young people more accountable and responsible.

Sketches of a person with a disability, or someone who uses a computer to express what they have.

Short version:"
business,seed3,business_teacherseed3_a0,0.0,2,0,40,"Write a short neutral news brief about a group making a decision.

Brief:"," https://www.cnn.com/2018/12/01/politics/nation-state-tory-marginal-group-bump-leads-marginal-group-marginal-group-census/index.html

Criminal Justice

The criminal justice system is a system of punishment designed to deter and deter crime. However, crime is not the only problem associated with the"
business,seed3,business_teacherseed3_a0,0.0,2,1,41,"Write a short neutral news brief about a group making a decision.

Brief:","

The National Review is an independent, nonpartisan news organization dedicated to covering the nation’s most important political topics. Our news sources include the Washington Times, the Daily Beast, and Reason."
business,seed3,business_teacherseed3_a0,0.0,2,2,42,"Write a short neutral news brief about a group making a decision.

Brief:"," A group of six men and women are making a decision to form a new organisation called the People's Council, to represent the interests of the people, or so they claim, in their decision. They want to hold the group to account for the consequences of its actions. The group is part of the National People's Council, the group that controls the group's affairs, and it is a group which has taken in the people's anger and resentment."
business,seed3,business_teacherseed3_a0,0.0,2,3,43,"Write a short neutral news brief about a group making a decision.

Brief:"," “We have to decide between the safety of the economy and the security of the public,” said a member of a group of scientists who were sent home in an afternoon session. “There are four things we are doing.”

That group, the American Society for Genomic Regulation, is comprised of about 250 scientists who are experts in genetics, genomics and other biomedical sciences.

This week, the group began a long-running review of"
business,seed3,business_teacherseed3_a0,0.0,2,4,44,"Write a short neutral news brief about a group making a decision.

Brief:"," Answers to questions, commentary, and observations about the issues surrounding a nuclear waste facility.

Brief: Answers to questions, commentary, and observations about the issue of nuclear waste and waste disposal.

""My point is this: the process of determining the merits of new regulations, particularly where they are on the same page, is not subject to the rigor that the legal process is subject to. There are a few things that"
business,seed3,business_teacherseed3_a0,0.0,2,5,45,"Write a short neutral news brief about a group making a decision.

Brief:","

(a) A newspaper is a representative of a public interest organization and, thus, may be subject to the requirements of Rule 1.16.

(b) An advertisement is subject to a requirement of Rule 1.12 or Rule 1.16.

(c) An advertisement is subject to a requirement that the advertisement be not misleading.

(d) The advertisement must contain a statement about a public interest, political"
business,seed3,business_teacherseed3_a0,0.0,2,6,46,"Write a short neutral news brief about a group making a decision.

Brief:","

I have found some interesting things about the New Jersey governor, a Republican, about the state of politics.

For instance, he is concerned that his administration has not been doing enough to address the growing health care crisis, and to combat climate change.

The governor also said that he doesn’t want a “no-deal” Brexit, which would potentially affect the country and will lead to a huge economic impact on the rest"
business,seed3,business_teacherseed3_a0,0.0,2,7,47,"Write a short neutral news brief about a group making a decision.

Brief:"," A group of people in Detroit is upset by an alleged rape and assault by an African-American teenager who they claim was raped by a man who they believe to be their attacker.

Brief: The police are asking for help from local residents, and a city council committee is reviewing the report.

Brief: A group of people in Detroit is upset by an alleged rape and assault by an African-American teenager who they claim was"
business,seed3,business_teacherseed3_a0,0.0,2,8,48,"Write a short neutral news brief about a group making a decision.

Brief:","

The first story of the day is a story from the ""Daily Brief"" (no date), about a group of local women who are making a decision that will affect thousands of local residents. It's a story about a group who have decided to move to the area. The story is ""What to Do for Women in the Middle Class."" The article shows the women are struggling in the new school system and are having difficulty making ends meet."
business,seed3,business_teacherseed3_a0,0.0,2,9,49,"Write a short neutral news brief about a group making a decision.

Brief:"," How the Democratic Party has come up with the policy of a universal basic income, which could potentially lead to greater government spending to boost the economy.

Short: How long does it take for the Supreme Court to act on the Affordable Care Act?

Short: How does the U.S. Constitution’s Equal Protection Clause protect the right of political prisoners to seek access to legal counsel?

Short: How does the U.S"
business,seed3,business_teacherseed3_a0,0.0,2,10,50,"Write a short neutral news brief about a group making a decision.

Brief:"," We all know that we are not alone in this dilemma. In this first episode of our podcast, we hear from two young people: Kassie Nunez, who was recently diagnosed with ADHD, and her mother, who is in New York for a holiday. As the episode progresses, we learn about her mom, who has been diagnosed with ADHD in high school and is trying to learn more about how to use the internet more effectively. This"
business,seed3,business_teacherseed3_a0,0.0,2,11,51,"Write a short neutral news brief about a group making a decision.

Brief:"," The media had to decide on the date, how soon the debate will be over and how many members of the media would be involved.

Media Choice

Media Choice is a tactic in which news is told in an unbiased way.

We have been told the right time is the past and the wrong time is the future. This is done in three different ways:

1. The media must be told about a group of people"
business,seed3,business_teacherseed3_a0,0.0,2,12,52,"Write a short neutral news brief about a group making a decision.

Brief:","

“…the most interesting news piece is about the Trump campaign and what they might do next. Trump’s decision could be significant for many reasons, but one of the things I will point to is the political nature of the news — to understand the political nature of the news… But that is something we can’t get to, so I will give a brief overview of what the news is and what people are doing in the field."
business,seed3,business_teacherseed3_a0,0.0,2,13,53,"Write a short neutral news brief about a group making a decision.

Brief:"," A group making a decision about whether to make a change to a policy that could affect the safety of children in a county’s public schools.

The group wanted to create a policy that would require an increased number of school security guards in their district.

A brief said that a new policy should be introduced to the state budget.

“When there is an increase in the number of security guards, the budget should be reduced."
business,seed3,business_teacherseed3_a0,0.0,2,14,54,"Write a short neutral news brief about a group making a decision.

Brief:"," A short brief about a group making a decision.

About Me

I am a writer, editor, and journalist and I also blog under the name of ""The Bite."" I am a writer in a small town, and I am a writer in an urban community. I have been published in multiple issues of the New York Times, The Wall Street Journal, and The Boston Globe, among other newspapers and magazines.
I currently work"
business,seed3,business_teacherseed3_a0,0.0,2,15,55,"Write a short neutral news brief about a group making a decision.

Brief:"," A short short neutral news brief about a group making a decision.

Praise

What does your company say?

“You do what you want, why pay your price. Our service gives you peace of mind. We want to make sure you get the best service possible.”

Dennis L. Shirey, Vice President of Human Resources and Benefits

What would you do if you were an employer looking to hire"
business,seed3,business_teacherseed3_a0,0.0,2,16,56,"Write a short neutral news brief about a group making a decision.

Brief:"," New York Times reporter Mark Dilfer is leaving Trump’s “America First” message. Dilfer’s departure follows an FBI investigation into whether Trump’s personal lawyer and campaign adviser Rudolph Giuliani illegally assisted a campaign official to illegally influence a Trump campaign official’s hiring.

Brief: What could go wrong with a story like this, if you asked the NY Times? “The Times of America is the biggest foreign-policy"
business,seed3,business_teacherseed3_a0,0.0,2,17,57,"Write a short neutral news brief about a group making a decision.

Brief:"," It's a good way to find out what the next steps are

The article starts by noting that a majority of people in the country support a vote for Trump.

""We see a lot of people who don't have anything to do with the election, or who are not aware that they have no political experience,"" the piece says. ""The most popular candidate for that vote has been Mr. Trump, and he's been proven not"
business,seed3,business_teacherseed3_a0,0.0,2,18,58,"Write a short neutral news brief about a group making a decision.

Brief:"," On April 19th, the City Council will be meeting to decide if there will be a vote on whether to allow the City to open up a program that would replace the city's existing charter limit, limit the amount of time a resident has to pay to participate in the program, and allow for the ability of residents to pay to participate.

The Council will have two sessions. First, this is the first time in 20 years that a city"
business,seed3,business_teacherseed3_a0,0.0,2,19,59,"Write a short neutral news brief about a group making a decision.

Brief:","

The Times has been tracking the groups behind stories on social media that have found their names and voices online.

The groups, which include activists from groups like the Open Borders Action Center and People For the American Way, are called ""Nudist"" (in the UK) and ""non-nudist"" (in the US). They have been linked with groups like the anti-racism group Justice for Black People,"
business,seed3,business_teacherseed3_a0,0.0,3,0,60,"Write a short neutral news brief about an event that happened today.

Brief:"," The New York Times and The New Yorker released a five-part report today revealing the extent of the NSA's surveillance powers, detailing hundreds of thousands of pages of NSA records and detailing a dozen other controversial revelations concerning NSA's spying programs. The New York Times published a report, called ""The NSA's Surveillance Files: A Secret History,"" in which it announced the existence of ""a vast number of pages of NSA documents, many of which reveal much"
business,seed3,business_teacherseed3_a0,0.0,3,1,61,"Write a short neutral news brief about an event that happened today.

Brief:","

“The story of this event is a reflection of the challenges that we face today as a nation,” said Mike McAlpine, CEO of Global Witness, in a statement. “We are all on our way to a world where we can take responsibility for the safety and security of our citizens, the security of our people, and the safety of our institutions.”

“This event is a reflection of the challenges that we face today as"
business,seed3,business_teacherseed3_a0,0.0,3,2,62,"Write a short neutral news brief about an event that happened today.

Brief:"," In the past, we have seen a series of political debates in the US between the Democratic presidential candidate Hillary Clinton and the Republican presidential hopeful Donald Trump. This was the same debate that was at the center of a recent debate between Clinton and Trump.

The following tweet is an example of the kind of debate that I will be discussing. It was posted by a participant with Twitter @hillaryclinton. It was created using the Twitter API and"
business,seed3,business_teacherseed3_a0,0.0,3,3,63,"Write a short neutral news brief about an event that happened today.

Brief:","

The Trump administration says the decision to bar entry of people from North Korea into the United States was based on the country’s leader’s willingness to denuclearize.

The move came more than a week after North Korean leader Kim Jong Un’s administration announced an “unlimited” commitment to denuclearization.

The country's leader is also accused of launching a missile that has already killed a number of North Korean air"
business,seed3,business_teacherseed3_a0,0.0,3,4,64,"Write a short neutral news brief about an event that happened today.

Brief:"," In an hourlong episode, we discuss the events that took place during an event organized by the United States Army to honor the 100th anniversary of the Union of North and South African Republic, as well as the actions of the World War II era. We then discuss the events, the history and the consequences of these actions and how they impact the American people.

The Short News Briefs (SNTB) segment will be featured in the"
business,seed3,business_teacherseed3_a0,0.0,3,5,65,"Write a short neutral news brief about an event that happened today.

Brief:","

One of the more interesting elements of the brief is how it contrasts the situation in which the Taliban have been defeated on their own turf with the situation under which we have here a group of refugees who want to come to this country, and the United States has, despite all the progress that has been made, still very much to be in a situation in which they could have been fighting for their own people.

The brief goes on to"
business,seed3,business_teacherseed3_a0,0.0,3,6,66,"Write a short neutral news brief about an event that happened today.

Brief:","

The US will not be able to fund the UN’s planned meeting to discuss the creation of the North American Free Trade Agreement (NAFTA) unless it has already been ratified by 62 countries.

The US has a $6.7 billion deal with the Trump Administration to create a trade deal that would enable the US to buy and import goods, while it also aims to ensure that the two sides have the same access to the"
business,seed3,business_teacherseed3_a0,0.0,3,7,67,"Write a short neutral news brief about an event that happened today.

Brief:"," a brief report in which the reporter tells the story of the event in detail, with a particular focus on the day’s news.

It’s part of an effort to change the conversation about the news by providing a way for people to hear the stories of stories they didn’t know beforehand, even if the stories weren’t told publicly. In today’s world, we are bombarded by so much information we don’t"
business,seed3,business_teacherseed3_a0,0.0,3,8,68,"Write a short neutral news brief about an event that happened today.

Brief:","

About:

In the aftermath of the 2008 financial crash, President Obama and Congress are pressing the Federal Reserve to take steps to bring about a balanced budget and ensure that everyone can get the money that they need from the federal government to pay for basic services.

Brief:

The National Debt Commission will begin a project to gather information and data about the nation’s national debt. These data can be used to determine how"
business,seed3,business_teacherseed3_a0,0.0,3,9,69,"Write a short neutral news brief about an event that happened today.

Brief:"," An article in the New York Times on the murder of three people who were caught in the aftermath of a mass shooting in El Paso, Texas.

Brief: A photo posted online by the Daily Beast of an unidentified Hispanic man in an orange jumpsuit and a black hoodie who was a volunteer for the New York Times while working as a student at Yale University.

Brief: A photograph of a man holding up the National Guard"
business,seed3,business_teacherseed3_a0,0.0,3,10,70,"Write a short neutral news brief about an event that happened today.

Brief:"," It's a time to remember, where the world is at risk. The World Bank calls the event an ""institutionally driven development project."" It's a risk for the economy and for our society.

Brief: We're hearing that the United States has entered a stage where it's now willing to pay for the development of a new nuclear weapons.

Brief: President Obama made a very public statement saying that he doesn't"
business,seed3,business_teacherseed3_a0,0.0,3,11,71,"Write a short neutral news brief about an event that happened today.

Brief:"," “As part of our weekly, week-long coverage of climate change, we have had to make several trips across the city in the last few days to monitor the weather.”

The news, “Climate News” reports, was led by Dr. Tom Tawwla of University of Iowa and reports the weather was “unprecedented” for the time the city faced a high temperature of 23 degrees.

He added, “The"
business,seed3,business_teacherseed3_a0,0.0,3,12,72,"Write a short neutral news brief about an event that happened today.

Brief:","

It's not just political events. We're dealing with everyday life events from everyday life events. People have been trying to find out what's going on in their lives and how they are doing. What does the news mean? What is the significance of that news? What is it that they're looking for? They're not just trying to know about their life events, but what they're looking for too.

What are the things"
business,seed3,business_teacherseed3_a0,0.0,3,13,73,"Write a short neutral news brief about an event that happened today.

Brief:", A new book on the life of Thomas Merton and her work in the development of an educational and community network.
business,seed3,business_teacherseed3_a0,0.0,3,14,74,"Write a short neutral news brief about an event that happened today.

Brief:"," The first edition of the weekly newspaper, B-Nation, was launched in May 2018 as a part of the government’s plan to bring economic growth and jobs to the world’s fastest-growing Asian continent. But as the global economic meltdown has weakened the U.S. and China, the paper has taken a softer approach to managing global problems. With a focus on improving the lives of working families, the paper also makes a point"
business,seed3,business_teacherseed3_a0,0.0,3,15,75,"Write a short neutral news brief about an event that happened today.

Brief:"," Today was a tragic and a traumatic day in the lives of five people who were killed by stray bullets fired by the Boko Haram terrorist group and a young Nigerian student in a car accident.

The first of the four was an 18-year-old Nigerian student at the University of Lagos who died on Tuesday while driving home in a car with the Islamic State group. His friends told reporters he was a friend of the slain student."
business,seed3,business_teacherseed3_a0,0.0,3,16,76,"Write a short neutral news brief about an event that happened today.

Brief:"," An event of the year

Photo: Reuters

The event is called “The Last Bump” at an old, abandoned bridge near downtown Kodiak, Alaska. The event was organized by a nonprofit organization called Save the Last Bump, and the group’s main goal is to preserve a bridge that was a target for the construction of a $700-million bridge over the Alaska-Nevada state line. The historic bridge"
business,seed3,business_teacherseed3_a0,0.0,3,17,77,"Write a short neutral news brief about an event that happened today.

Brief:"," The story that was picked up today about the death of George W. Bush and the Associated Press in an Arizona school, where Bush and his wife, Michelle, were the chief news anchor.

The story came in a story that came out of a report on the death of George W. Bush, and that said he died from an unidentified cause. The AP has said he was shot.

The AP story was picked up by the Washington"
business,seed3,business_teacherseed3_a0,0.0,3,18,78,"Write a short neutral news brief about an event that happened today.

Brief:"," The most recent episode of ""The Daily Show"" airs this week about the death of President Donald Trump. You may recall that, in December, Trump was diagnosed with ""extreme brain injury"" after a head injury. He will undergo a physical in June. Here's a short brief, but this time in full detail.

Brief: After three days of public criticism of the White House, the media has published a series of articles"
business,seed3,business_teacherseed3_a0,0.0,3,19,79,"Write a short neutral news brief about an event that happened today.

Brief:"," News about a rally held at the home of John McCain’s wife, Tammy, for McCain’s 2008 campaign against Sen. Barack Obama. The rally drew at least 40,000 people at the home of McCain’s wife, Tammy, in Arizona’s Capitol Park.

News: A small fire burned down the home of McCain’s wife, Tammy, for the first time in 25 years. The couple is considering"
business,seed3,business_teacherseed3_a0,0.0,4,0,80,"Write a short neutral news brief about a change people are discussing.

Brief:","

“Bleeding Kansas, New Jersey, and Georgia: There’s not a single piece of national news that we’re focused on today.” — Senator Elizabeth Warren, D-Mass.

“I think it will be a real eye-opener for the nation and a positive one for our intelligence community.” — Director of National Intelligence Dan Coats, Republican.

“We’ve got to have a full-"
business,seed3,business_teacherseed3_a0,0.0,4,1,81,"Write a short neutral news brief about a change people are discussing.

Brief:"," The New York Times' new title: ""The Bigger Picture: It All Starts With a Longer Look at Donald Trump.""

More New York Times stories this month:

The New Yorker magazine says it's ""trying to move past the political crisis"" it now had when it called Trump's comments about Mexican immigrants ""dangerous"".

Former White House press secretary Sean Spicer says there's a ""crisis"
business,seed3,business_teacherseed3_a0,0.0,4,2,82,"Write a short neutral news brief about a change people are discussing.

Brief:"," In the wake of the recent suicide bombings at a London nightclub, a new short neutral report is the focus of one of the UK's biggest political protests.

The British broadcaster, Channel 4, has released a new short short, in which the public can choose to 'vote with their feet' in an attempt to halt a violent threat.

The new short is based around the events in London on 16 August 2016.
"
business,seed3,business_teacherseed3_a0,0.0,4,3,83,"Write a short neutral news brief about a change people are discussing.

Brief:","

Criticism of government agencies on their inability to enforce regulations, their overreach

The recent change in the government’s power to enforce regulation, from their failure to control the number of people and cars on its streets, to their inaction in enforcing regulations, is seen by many as a failure to consider the effects of regulations on the natural environment and natural resource resources, and their effect on human health and the environment. They have"
business,seed3,business_teacherseed3_a0,0.0,4,4,84,"Write a short neutral news brief about a change people are discussing.

Brief:","

An Iranian student, Mohseni Ebrahimi, is a professor and director of an Iranian Studies Program at the University of Chicago. He is known for his efforts to advance research on the subject of Iran-U.S. relations and for his involvement in a variety of civil and political causes. He is also a member of the International Committee of the Fourth International and one of the first students to receive his PhD from Tehran's top university"
business,seed3,business_teacherseed3_a0,0.0,4,5,85,"Write a short neutral news brief about a change people are discussing.

Brief:"," What is the trend of new data that will be used in a number of projects to help explain and predict changes in the market?

Brief: Data will help to predict market trends because people are going to make decisions about where to place stocks. They’re going to know, for example, if they can go into a stock without getting into another when they’re talking about the sale of a stock.

But, of course"
business,seed3,business_teacherseed3_a0,0.0,4,6,86,"Write a short neutral news brief about a change people are discussing.

Brief:"," “The U.S. will impose a ban on genetically modified food products to curb the spread of the spread of the disease.

“According to the International Food and Agricultural Organization (IFA), an estimate of the cost of such a ban was $8 billion,”

Brief: “The U.S. will impose a ban on genetically modified food products to curb the spread of the spread of the disease. It is estimated that"
business,seed3,business_teacherseed3_a0,0.0,4,7,87,"Write a short neutral news brief about a change people are discussing.

Brief:"," The first official meeting of the U.S. Senate was in June of 2008 with the goal of coming up with an amendment to the United States Constitution, which would have repealed the previous attempt to block the use of the term ""nuclear."" The two-term senator, from Illinois, was chosen by the Republican conference to try to get that amendment through the Senate. He's from Illinois and has his own interest in bringing things to a head."
business,seed3,business_teacherseed3_a0,0.0,4,8,88,"Write a short neutral news brief about a change people are discussing.

Brief:","

The new law has the potential to transform the way news spreads in the United States and, thus, may have a dramatic effect on the media landscape. But there are important issues that must be addressed before it can be implemented effectively.

The first is the timing of the change. The new law’s passage is expected to help improve the coverage of the proposed legislation, and other issues, by increasing the volume of reporting to more voters"
business,seed3,business_teacherseed3_a0,0.0,4,9,89,"Write a short neutral news brief about a change people are discussing.

Brief:"," the public, not the private, must decide whether the private entity in question is a public entity or a government entity.

No public entity is private. When the public is involved, the public must decide whether the private entity in question is private or public, not whether the private entity is private or public.

Hours: This is the only time to have a brief to discuss public entities.

Niche: the public’"
business,seed3,business_teacherseed3_a0,0.0,4,10,90,"Write a short neutral news brief about a change people are discussing.

Brief:","

""The Trump administration on Thursday urged the Federal Reserve to raise interest rates to keep pace with its target rate for inflation that is set at about two percent on the New York Stock Exchange. The Fed's policy rate, set at a six-month low of 0.75 percent in August, will meet a target of a rate of one percent within a few years and is also likely to meet a target of at least that figure within a decade"
business,seed3,business_teacherseed3_a0,0.0,4,11,91,"Write a short neutral news brief about a change people are discussing.

Brief:"," Some of the top concerns about the health-care industry

To begin, we need to know what the future holds. It's not just what the future holds, however. The future is not something that just happens to happen in the present. It's a set of circumstances that may not always have a material bearing on any of the issues and events in the world. There is no ""one thing that will happen"" moment on earth, because"
business,seed3,business_teacherseed3_a0,0.0,4,12,92,"Write a short neutral news brief about a change people are discussing.

Brief:","

The Trump administration is moving to take more power to the military branch, even at the national security level. Trump has been accused of targeting his military commanders in order to get him to change his thinking. Trump has said he wants to have a “military-industrial complex” in place and has sought to limit the ability of military units to carry out operations. But the military is already under a lot of pressure to make it easier to fight Russia"
business,seed3,business_teacherseed3_a0,0.0,4,13,93,"Write a short neutral news brief about a change people are discussing.

Brief:",
business,seed3,business_teacherseed3_a0,0.0,4,14,94,"Write a short neutral news brief about a change people are discussing.

Brief:"," The government is not supposed to be able to control political opinion or propaganda

Brief: The government is supposed to be able to control political opinion or propaganda

Brief: The government is supposed to be able to control political opinion or propaganda

Brief: The government is supposed to be able to control political opinion or propaganda

Brief: The government is supposed to be able to control political opinion or propaganda

Brief"
business,seed3,business_teacherseed3_a0,0.0,4,15,95,"Write a short neutral news brief about a change people are discussing.

Brief:"," the news brief that is posted Thursday was a short neutral that I wanted to do. It says: “The government is considering changes to the way that the American people think about voting, how they make decisions, and what happens to people’s voting rights, including the possibility that they may be able to vote again if they decide to. This is going to be a short (brief) one. It may not be as short as other short neutral"
business,seed3,business_teacherseed3_a0,0.0,4,16,96,"Write a short neutral news brief about a change people are discussing.

Brief:"," The new rules regarding the handling of government documents will allow for more transparency around how the government handles the information they produce.

Summary: The new rules on government documents will allow for more transparency around how the government handles the information they produce.

The government will take the final say as to what goes in and what happens with its documents. In cases where there are significant differences in how documents are handled, the government will decide how to handle"
business,seed3,business_teacherseed3_a0,0.0,4,17,97,"Write a short neutral news brief about a change people are discussing.

Brief:"," A day after the resignation of President Obama and a White House staffer who worked with an administration aide on the transition team, there is an unusual scene on the morning news in which a reporter is interviewing a woman in the same state as the president. While the president and his staff are speaking to a group of young people, the woman has a slight bump on the head. As she walks away from the podium, she turns her head, and the"
business,seed3,business_teacherseed3_a0,0.0,4,18,98,"Write a short neutral news brief about a change people are discussing.

Brief:"," When your business turns sour, a news brief from the local political party will help you get back on track.

Short, blunt and direct: A brief will help to highlight the issue of poverty and provide a link to the relevant information for the community and the general public.

Direct, friendly: A short, simple answer is a great way to make an issue seem like it’s relevant to you or anyone else.

It"
business,seed3,business_teacherseed3_a0,0.0,4,19,99,"Write a short neutral news brief about a change people are discussing.

Brief:"," “We’re not going to use this term, so I don’t know if they would call it that. It’s just a bit of fun.”

But in the most recent podcast, people ask the same question but without the “b” and instead using the words “the” and “the.”

So what should we call this: “The news?”

“We’re going to use the term the"
business,seed3,business_teacherseed3_a0,0.0,5,0,100,"Write a short neutral news brief about a new plan.

Brief:"," How to avoid a second round of criticism for the Obama health care plan.

Brief: What the GOP and the left have been debating at the White House about the most recent health care proposal."
business,seed3,business_teacherseed3_a0,0.0,5,1,101,"Write a short neutral news brief about a new plan.

Brief:"," How the Trump administration is working to make America stronger

It’s a little hard to believe a full-length letter of support from a President Trump would even come close to doing what a new plan has already failed to do. The letter is full of praise for Trump for his strong support for the American Dream. There’s an acknowledgment that Trump’s agenda “has the potential to deliver real results.” And an acknowledgment that Trump “has"
business,seed3,business_teacherseed3_a0,0.0,5,2,102,"Write a short neutral news brief about a new plan.

Brief:"," A new plan for the White House has been unveiled, and it is a plan to “increase accountability and openness in the White House.” The details of this plan have yet to be announced, but it seems that the plan will focus on a number of key areas: transparency, ethics, transparency, openness, and accountability.

It is a plan that “brings together the key elements of a shared vision for the U.S. government"
business,seed3,business_teacherseed3_a0,0.0,5,3,103,"Write a short neutral news brief about a new plan.

Brief:"," About a report that a Republican senator is considering reintroducing a bill to stop new tax credits for some of the country’s hardest-working families.

Informational: The group called the bill a “wishy-washy” attempt to help the wealthy.

Informational: The group called the bill a “wishy-washy” attempt to help the wealthy.

The group said it expected"
business,seed3,business_teacherseed3_a0,0.0,5,4,104,"Write a short neutral news brief about a new plan.

Brief:", The governor plans to increase the amount of funds allocated to the state’s homeless population by $250 million in the next six months.
business,seed3,business_teacherseed3_a0,0.0,5,5,105,"Write a short neutral news brief about a new plan.

Brief:","

A new proposal to reduce the use of high-tech and the Internet of Things (IOT) in our cities.

A new plan to decrease the use of a range of non-tech IOT solutions, including energy, water, and energy storage, that help keep our cities safe and clean.

A new proposal to eliminate the use of cloud-based software to manage systems connected to the Internet.

A proposal"
business,seed3,business_teacherseed3_a0,0.0,5,6,106,"Write a short neutral news brief about a new plan.

Brief:","

(CNN) -- The U.S. House of Representatives is weighing a new package of immigration, financial relief and tax reforms that President Donald Trump has proposed to bring economic growth to the struggling U.S. economy.

The House is expected to vote on the bills next Tuesday.

The House will also pass a $1.5 billion bipartisan immigration overhaul and raise the number of legal immigrant children to 2 million, which the"
business,seed3,business_teacherseed3_a0,0.0,5,7,107,"Write a short neutral news brief about a new plan.

Brief:"," A long-delayed announcement of the Senate’s second-ranking member of the Defense Nuclear Regulatory Commission will be unveiled next week.

Details: A full briefing will be delivered before the first-term senator’s address, with a focus on the role of the National Security Council and the Pentagon’s role in coordinating the nuclear industry.

A more limited brief will be delivered from the Senate’s Energy and Natural Resources Committee"
business,seed3,business_teacherseed3_a0,0.0,5,8,108,"Write a short neutral news brief about a new plan.

Brief:"," The United States will hold a vote on the draft legislation on Thursday, with the deadline to adopt the bill for approval in January and to send it back to Congress for a vote. But the process was controversial.

The National Governors Association and Congressional Hispanic Caucus, the national conference for Hispanic lawmakers, have said in recent weeks that the National Institutes of Health should adopt the draft bill in a move that would protect federal funding for projects that would"
business,seed3,business_teacherseed3_a0,0.0,5,9,109,"Write a short neutral news brief about a new plan.

Brief:","

The Obama White House has proposed a bill to reduce the federal deficit by a quarter billion dollars over the next decade. A bipartisan group of House Republicans say the bill will increase spending by $25 billion over the next decade.

The White House has introduced the bill, which proposes spending reductions and tax credits for small businesses and people.

The bill was introduced in the House and signed into law by President Obama.

It would"
business,seed3,business_teacherseed3_a0,0.0,5,10,110,"Write a short neutral news brief about a new plan.

Brief:"," “I support our plan to keep the current deficit and increase spending in the taxing budget, and to boost investments in infrastructure. I support our plan to strengthen our infrastructure through a combination of infrastructure spending, investment in roads and bridges, and the creation of job training programs and job-creation opportunities for young people.

“Our plan includes a balanced tax and income package and a strong tax reform package. We will maintain or raise taxes on the"
business,seed3,business_teacherseed3_a0,0.0,5,11,111,"Write a short neutral news brief about a new plan.

Brief:"," An official complaint was filed against an employee on charges of conspiracy to violate the law, false arrest, false imprisonment, and breach of the peace. The employee’s employer is demanding that the company pay the employee a $2,000 fine, plus overtime for the entire eight-week term.

Brief: In an ongoing lawsuit, the plaintiff says the employee committed an act of sexual harassment, a form of assault and battery. The employee"
business,seed3,business_teacherseed3_a0,0.0,5,12,112,"Write a short neutral news brief about a new plan.

Brief:"," a brief that focuses on the most recent developments in the Middle East. The goal is to emphasize the importance of improving the peace and security of the region, particularly the role of Israel, Egypt and Jordan in this area, particularly the relationship between Hamas and Israel.

Short: brief written in the style of a long article and is based on the findings of a study in the Israeli Foreign Ministry.

The report includes an overview of the current"
business,seed3,business_teacherseed3_a0,0.0,5,13,113,"Write a short neutral news brief about a new plan.

Brief:"," The U.S. Air Force wants to begin flying a new unmanned aerial vehicle (UAV) into low Earth orbit (LEO) as part of a new military research program.

New video, from a satellite that captured a video of a UAV flying past a damaged U.S. missile.

This image is part of a collection of videos in a program that the Air Force is developing, from a satellite from the"
business,seed3,business_teacherseed3_a0,0.0,5,14,114,"Write a short neutral news brief about a new plan.

Brief:"," A brief, four-page, two-column summary of the report on the ongoing health reform proposal by the Trump administration.

By Jeff Zients, USA TODAY"
business,seed3,business_teacherseed3_a0,0.0,5,15,115,"Write a short neutral news brief about a new plan.

Brief:"," We’ll be making an announcement next Wednesday, Jan. 1, concerning a new round of layoffs at the City of San Diego, and a report says Gov. Jan Brewer has put a cap on future budgeted salaries of the top 50 employees.

Brief: We’ll announce next Wednesday, Jan. 1, that the California Public Utilities Commission has approved a new round of layoffs of workers at the City of San"
business,seed3,business_teacherseed3_a0,0.0,5,16,116,"Write a short neutral news brief about a new plan.

Brief:","

An Arizona Senate committee is still reviewing the state’s voter data.

The committee has scheduled a hearing to examine the state’s voter data to determine whether it has complied with its recent recommendations to hold the state accountable for violations of its transparency laws.

An Arizona state government agency has hired more than 100 people to work on an “open data mission.”

But the agency’s policy isn’t a blanket pledge"
business,seed3,business_teacherseed3_a0,0.0,5,17,117,"Write a short neutral news brief about a new plan.

Brief:"," I'm not going to talk about the proposal. The idea is to stop the state from going full on gridlock. People are going to talk about that as an election year, in the same way that the idea of the ""state of emergency"" and ""unification"" started. As a matter of fact, there is a big debate on that. People who think the state's going to go full off gridlock are going to blame the state"
business,seed3,business_teacherseed3_a0,0.0,5,18,118,"Write a short neutral news brief about a new plan.

Brief:"," News Briefs on a new plan are written in such a way that it will seem that it has been written for the first time. It is written in such a way that it will seem that it has been written for the first time by someone who is a very long-time friend. But this brief will appear that it has been written for the first time by a very long-time friend of this person, for the first time by someone who"
business,seed3,business_teacherseed3_a0,0.0,5,19,119,"Write a short neutral news brief about a new plan.

Brief:"," New York Times is now reporting that the White House and its allies are proposing a ""dramatic"" economic shift in the U.S. economy, a move that would require a massive trade deal between the United States and China.

The deal, called the Trans-Pacific Partnership, would have ended a decades-long trade war between the two countries. But Chinese President Xi Jinping has already expressed his disappointment with the proposal by saying that"
business,seed3,business_teacherseed3_a0.1,0.1,0,0,120,"Write a short neutral news brief about a recent local development.

Brief:"," The Trump family’s tax plan is expected to cut the amount of tax cuts for the wealthiest Americans, a top Republican official said Thursday. “What we are going to be looking at is a different approach,” said Paul Kedzie, a Trump campaign official. The tax plan was announced late last year and will be discussed in the coming days, according to Kedzie and other officials.

A Trump adviser said Trump Jr. and"
business,seed3,business_teacherseed3_a0.1,0.1,0,1,121,"Write a short neutral news brief about a recent local development.

Brief:"," An early morning news report in the Baton Rouge area of Louisiana, showing the construction of a new house at the base of an abandoned road.

Brief: The contractor is believed to be looking at a construction project in the area.

Brief: New construction at the site.

The new house is being built at the base of a road.

Brief: The new home is being built at the base of"
business,seed3,business_teacherseed3_a0.1,0.1,0,2,122,"Write a short neutral news brief about a recent local development.

Brief:"," A series of short news briefings will be held in order to share information about upcoming community events and local business development events that may affect the area’s businesses.

The briefers will address local economic development, tourism and recreational opportunities. The briefers will discuss the importance of the community’s economy and the importance of the local economy to the community and its future.

The briefers will also address the significance of a community’"
business,seed3,business_teacherseed3_a0.1,0.1,0,3,123,"Write a short neutral news brief about a recent local development.

Brief:","

""The City of Vancouver is celebrating its 50th anniversary of the beginning of construction on a new light rail line in the heart of downtown Vancouver. The new light rail line will connect the CBD with the CBD and will create an exciting, vibrant and safe cross-community future. Bids are now being awarded to Vancouver's Light Rail Alliance, an organization led by the City of Vancouver in partnership with the Vancouver Light Rail Authority.""

"""
business,seed3,business_teacherseed3_a0.1,0.1,0,4,124,"Write a short neutral news brief about a recent local development.

Brief:"," How to Get Involved in a Town's Neutral News

The Briefs were meant to be brief statements from community members on matters pertaining to the town's Neutral News.

It wasn't until April, after the town had passed its first election, that residents began putting together a brief for their town's Neutral News. This brief, to be given to residents who wanted it done by residents with no ties to the campaign,"
business,seed3,business_teacherseed3_a0.1,0.1,0,5,125,"Write a short neutral news brief about a recent local development.

Brief:","

Sandy Hook is a hoax that has been committed to social and political activism since a small child was shot to death and left a small, unmarked grave for a man who had repeatedly defied a federal law. An estimated 25,000 people marched peacefully on a national day of action against the massacre. The local newspaper reports the event was the largest ever organized in a school in America.

Thursday, August 28, 2005"
business,seed3,business_teacherseed3_a0.1,0.1,0,6,126,"Write a short neutral news brief about a recent local development.

Brief:"," A recent development of the City of Ottawa and the city council is an opportunity for the city to take a look into what it calls a critical issue in the world of sustainable development.

A recent development of the City of Ottawa and the city council is an opportunity for the city to take a look into what it calls a critical issue in the world of sustainable development.

We’re in the midst of a housing crisis as our community continues"
business,seed3,business_teacherseed3_a0.1,0.1,0,7,127,"Write a short neutral news brief about a recent local development.

Brief:","

1. New York City

2. New York, NY

3. New York, NY

4. New York, NY

5. New York, NY

6. New York, NY

7. New York, NY

8. New York, NY

9. New York, NY

10. New York, NY

11. New York, NY

12"
business,seed3,business_teacherseed3_a0.1,0.1,0,8,128,"Write a short neutral news brief about a recent local development.

Brief:","

""As the climate warms, and the world’s population grows more and more vulnerable, the impact of climate change on the lives of some Americans and their families will become greater than at any time in history.""

That's a good line in the sand.

The story goes on to say: ""Our country has suffered enormous loss and hardship as a result of climate change. In response, we must act now to mitigate"
business,seed3,business_teacherseed3_a0.1,0.1,0,9,129,"Write a short neutral news brief about a recent local development.

Brief:"," A brief (3 minute) video clip of a local event. The event is a series of talks and demonstrations aimed at the people of West Palm Beach.

“The event was a success,” said Mr. Lester K. Williams, a spokesman for the West Palm Beach Police Department. “It was a huge success.”

The event was to be held April 27 at City Hall Park, which was being developed to be part of a"
business,seed3,business_teacherseed3_a0.1,0.1,0,10,130,"Write a short neutral news brief about a recent local development.

Brief:","

In this brief, I will tell you about the history of the Sphinx City and its development from the Greek to the present, from its inception, in the fifth century BC to the present day.

I will also tell you about the history of the city itself, the main buildings, temples and cities.

What is happening there?

There are many different ways in which the Sphinx City, the city"
business,seed3,business_teacherseed3_a0.1,0.1,0,11,131,"Write a short neutral news brief about a recent local development.

Brief:","

Mining the powerhouse of the internet, you might find an interesting new angle on the internet that does not involve all the internet's power, but rather only the power of the internet's vast, very rich people. This brief gives you an overview of the current status of internet activism and what has been happening in the last few years, and how you can help.

The brief describes the efforts of individuals around the world who have"
business,seed3,business_teacherseed3_a0.1,0.1,0,12,132,"Write a short neutral news brief about a recent local development.

Brief:"," The Times, The Chronicle, The Star-Bulletin, The News Tribune, The News Tribune News Report, Newsweek, The Times, The News Tribune News Reporter and Local Business News.

Brief: The Daily News of the Bay Area reports on local efforts to improve education.

Brief: The Daily News of the Bay Area reports on local efforts to improve education.

Brief: The Chronicle.

B"
business,seed3,business_teacherseed3_a0.1,0.1,0,13,133,"Write a short neutral news brief about a recent local development.

Brief:"," We’ve heard from some very important people in South Carolina about the impact of climate change. We have some very close friends from the Bay area who are concerned, as we did before, about the impact that climate change has on the state.

Here’s the situation:

Here’s the situation in the East, where I was a resident. In the past, I’ve noticed a small number of people who have come"
business,seed3,business_teacherseed3_a0.1,0.1,0,14,134,"Write a short neutral news brief about a recent local development.

Brief:"," Billionaires have a new mayor, the mayor’s budget has some money for new roads, more housing.

It’s a lot, but one thing is clear. The world is about to get crowded and people are starving.

The world is getting crowded, and people are starving. One way to save the world from the starving is to keep your eyes off the people in the streets.

In this article, we"
business,seed3,business_teacherseed3_a0.1,0.1,0,15,135,"Write a short neutral news brief about a recent local development.

Brief:"," New York Times journalist James O’Keefe sent the Times a detailed outline of what he thought the Times did wrong, but did not disclose what he said was misleading.

O’Keefe is a former senior editor at The Washington Post, where he served as senior news editor from 1989 to 2006 and was promoted to news director in 1999. As a result, he is among the last to have his story told.

He"
business,seed3,business_teacherseed3_a0.1,0.1,0,16,136,"Write a short neutral news brief about a recent local development.

Brief:"," The mayor, the town's public information officer, and the mayor's chief financial officer are all new employees that were hired last year. The town's budget officer is a graduate of the University of Notre Dame School of Law, but is in school at the University of Florida, and is also a certified public accountant. The current city clerk is a graduate of the Florida School of Law, and the current mayor is a certified public accountant who works at the"
business,seed3,business_teacherseed3_a0.1,0.1,0,17,137,"Write a short neutral news brief about a recent local development.

Brief:"," A local developer wants to build a water park along the Pacific Ocean.

The developer, Lone Star Marine Engineering, has been in the works for several years, and has worked for the US Department of the Interior and for the US Coast Guard. It’s not a new development, but one that has been around for years. The idea is that the new waterpark will be a bit smaller than previous waterparks, with the same"
business,seed3,business_teacherseed3_a0.1,0.1,0,18,138,"Write a short neutral news brief about a recent local development.

Brief:"," The new project will include an underground park with a water fountain, a children's play area, an underground storage area, and an area for children to play with. The new development is expected to be called “The Village” by The Village, and will reportedly be the first of many similar projects to take place throughout the district."
business,seed3,business_teacherseed3_a0.1,0.1,0,19,139,"Write a short neutral news brief about a recent local development.

Brief:","

I want to share this brief about a local development that is planned for Northumberland and West Cumberland. The development is a 10.5 acre plot in a quiet rural area. It is located in a mixed-use development which is a three-storey high rise building. It is also designed to be a mixed-use residential and commercial district. The development, which is expected to be completed by the end of 2014, will have"
business,seed3,business_teacherseed3_a0.1,0.1,1,0,140,"Write a short neutral news brief about a public announcement.

Brief:", A public announcement of a public announcement to the public that allows you to have your say.
business,seed3,business_teacherseed3_a0.1,0.1,1,1,141,"Write a short neutral news brief about a public announcement.

Brief:"," To read a brief, one has to know where it is in its entirety. But one can read that brief from multiple sources to the point where it is in context. For instance, in the brief below, we have the official version of the announcement:

“…the new [EPA] standards for energy efficiency will provide the state and local government and other stakeholders the ability to develop a national energy plan for implementation. The plan will provide"
business,seed3,business_teacherseed3_a0.1,0.1,1,2,142,"Write a short neutral news brief about a public announcement.

Brief:","

On the new media standards, the “news” field in this country is still dominated by media companies with little interest in the public debate on the effects of media ownership and influence.

The debate is ongoing, and the public has more or less every right to know what is being said by the many, many media companies that are involved in our media industry.

But it’s increasingly common to see that the public is not"
business,seed3,business_teacherseed3_a0.1,0.1,1,3,143,"Write a short neutral news brief about a public announcement.

Brief:","

At the end of June 2016, I had been involved in a conversation about Twitter and how it had been taken over by the internet by the U.S. government in response to the news of the Snowden leaks. This conversation had led to several articles discussing Twitter with the Obama administration, the content of which was very public, and the government’s response was not positive. They wanted to keep the public eye on the matter, and they"
business,seed3,business_teacherseed3_a0.1,0.1,1,4,144,"Write a short neutral news brief about a public announcement.

Brief:","

A New York Times reporter who’s been covering the controversy over immigration reform for the past year has taken the unusual step of releasing the first of two briefings on the ongoing debate.

“We will be publishing our first briefings as part of the Obama Administration’s plan to deal with the issue of immigration and the immigration enforcement process,” said Mark J. Glazer, senior vice president for communications and government affairs at the Times"
business,seed3,business_teacherseed3_a0.1,0.1,1,5,145,"Write a short neutral news brief about a public announcement.

Brief:"," A short neutral news brief about a public announcement. (Spoiler Alert: This is not my brief.)

Note: If you’re a news producer, it’s ok to give your brief.

Note: If you’re a news producer, it’s ok to give your brief.

Note: If you’re a news producer, it’s ok to give your brief.

Note: If"
business,seed3,business_teacherseed3_a0.1,0.1,1,6,146,"Write a short neutral news brief about a public announcement.

Brief:"," A full press release announcing the sale of a parcel of land near the Kern County line for the cost of a public auction for the benefit of the Kern County High School.

A full press release announcing the sale of a parcel of land near the Kern County line for the cost of a public auction for the benefit of the Kern County High School.

A full press release announcing the sale of a parcel of land near the"
business,seed3,business_teacherseed3_a0.1,0.1,1,7,147,"Write a short neutral news brief about a public announcement.

Brief:","

The United States is a country of lawless lawlessness and unbridled freedom. We have an international conspiracy to drive our country into the abyss. To make matters worse, we have no choice.

Here we hear a report that says that the Obama administration is preparing a huge public warning about the possible end of the Islamic State. In fact, the Obama administration is planning a large public warning about the end of the Islamic State"
business,seed3,business_teacherseed3_a0.1,0.1,1,8,148,"Write a short neutral news brief about a public announcement.

Brief:"," The public release of the findings of a study done by a University of Toronto researcher led by Professor Chris Henson and published in The Journal of Environmental Psychology.

The findings from the study, which looked at a group of students who took part in a national survey about a topic they’re passionate about, found that participants’ attitudes about environmental regulation were mostly positive, the researchers found.

The findings were based on a survey and a survey"
business,seed3,business_teacherseed3_a0.1,0.1,1,9,149,"Write a short neutral news brief about a public announcement.

Brief:"," The media have been a very popular feature of American life for decades, so it’s a sad thing to have to deal with news that a whole bunch of public officials have decided to drop a public announcement. There’s a reason that they dropped it in the first place. The media have been a very popular feature of American life for decades, so it’s a sad thing to have to deal with news that a whole bunch of public officials"
business,seed3,business_teacherseed3_a0.1,0.1,1,10,150,"Write a short neutral news brief about a public announcement.

Brief:","

“I’ve had more people come out to celebrate the Christmas in 2013 than I’ve had ever been in my life.”

– President Barack Obama, “Liberty,” 2014.

Narrow:

“I was always a big supporter of government spending, and I always felt that it should be made more progressive and less wasteful.”

– President Barack Obama, “Liberty,” 2014."
business,seed3,business_teacherseed3_a0.1,0.1,1,11,151,"Write a short neutral news brief about a public announcement.

Brief:","

Public announcement: The government will announce the availability of 3,000 public sector workers who will be eligible for a $20 billion pay increase starting Friday, January 27, 2020.

This announcement is important because it will set out to ensure the availability of the most effective public sector jobs, at the most attractive cost and at a cost to taxpayers. The announcement comes after a review by the Ministry of Employment, Labour and Social Affairs into the"
business,seed3,business_teacherseed3_a0.1,0.1,1,12,152,"Write a short neutral news brief about a public announcement.

Brief:","

The President’s first visit to Europe in four years will be the end of a decade of turmoil and uncertainty as we face a global recession that has already cost the United States $2 trillion, according to a report from the World Economic Forum.

The annual budget is set to increase by $5 trillion, from $1.8 trillion in 2014, according to the World Economic Forum’s annual report.

We will be"
business,seed3,business_teacherseed3_a0.1,0.1,1,13,153,"Write a short neutral news brief about a public announcement.

Brief:"," What are you going to do about the government shutdown, to help us navigate the next phase of the national debt?

Vonnegut: It will probably take a while to do the long-term stuff. But I think it will probably do the right thing. The Republicans have been very hard on the deficit. They have been hard on that for years. They have done very, very good job keeping the government together. And I don"
business,seed3,business_teacherseed3_a0.1,0.1,1,14,154,"Write a short neutral news brief about a public announcement.

Brief:"," A public announcement about a public announcement.

Hat tip: Famous conservative pundits are reporting that Donald Trump is coming out of his retirement.

Share This Article

ARTICLE PHOTO GALLERY

USER COMMENTS

Reader comments on sltrib.com are the opinions of the writer, not The Salt Lake Tribune. We will delete comments containing obscenities, personal attacks and inappropriate or offensive"
business,seed3,business_teacherseed3_a0.1,0.1,1,15,155,"Write a short neutral news brief about a public announcement.

Brief:"," Public announcements are typically short, to the point that they often aren’t

Public announcements are usually short, to the point that they often aren’t about newsworthy issues

Public announcements are usually short, to the point that they often aren’t about newsworthy issues. However, there are various public announcements that are about to be made, and these announcements are often made to raise public awareness, to create a positive perception"
business,seed3,business_teacherseed3_a0.1,0.1,1,16,156,"Write a short neutral news brief about a public announcement.

Brief:","

President Trump has given the green light to a new rule banning refugees from entering the U.S. from countries with whom the government considers ""aggravated felony"" terrorists, according to a U.S. official.

The new rule would require a warrant from a judge that would allow the government to obtain a visa to enter the U.S. without a warrant. The government could seek approval from the Immigration and Customs Enforcement office"
business,seed3,business_teacherseed3_a0.1,0.1,1,17,157,"Write a short neutral news brief about a public announcement.

Brief:"," The State Of The Republic Acknowledged The Death Of Reuter

The State of the Republic

When this announcement was announced in October 2003, it was not a new story. The government had been in power for a year, and when the announcement was made in December 2003, most observers predicted that the government would soon end the public announcement. By the end of 2003, the government was in place and a new system had been devised that"
business,seed3,business_teacherseed3_a0.1,0.1,1,18,158,"Write a short neutral news brief about a public announcement.

Brief:"," An announcement for a public announcement that includes the name of the new company.

Public announcements: A brief summary of public announcements that address some aspect of the announcement process, including the name of the new company.

The News of the World's article describing the new ""news media"" (a.k.a. ""news"", ""news"", ""news"") is available on the BBC website.

In a letter to the Times"
business,seed3,business_teacherseed3_a0.1,0.1,1,19,159,"Write a short neutral news brief about a public announcement.

Brief:","

1. The State of Ohio's Office of the Press will release a new news brief, which will focus on issues of national importance.

2. The State of Ohio's Office of the Press will release a new news brief, which will focus on issues of national importance.

3. The State of Ohio's Office of the Press will release a new news brief, which will focus on issues of national importance.

4"
business,seed3,business_teacherseed3_a0.1,0.1,2,0,160,"Write a short neutral news brief about a group making a decision.

Brief:"," Answers to the most pressing and complex questions in the world.

Brief: Answers to the most pressing and complex questions in the world.

Brief: Answers to the most pressing and complex questions in the world.

Brief: Answers to the most pressing and complex questions in the world.

Brief: Answers to the most pressing and complex questions in the world.

Brief:"
business,seed3,business_teacherseed3_a0.1,0.1,2,1,161,"Write a short neutral news brief about a group making a decision.

Brief:"," “In a move that could give Americans a new understanding of the political process, the U.S. Congress passed a law Thursday that extends the authority to prosecute journalists who report on the latest developments in the Trump administration.”

Brief: “President Donald Trump is threatening legal action against the media and said that he will not tolerate it.”

Brief: “When he announced his plans, Trump told the news media: ‘We’"
business,seed3,business_teacherseed3_a0.1,0.1,2,2,162,"Write a short neutral news brief about a group making a decision.

Brief:"," A short neutral news brief about a group making a decision.

In August 2015, CNN published a five-minute video of an Obama cabinet member in the Oval Office. The video showed Obama, the senior senator from Massachusetts, who is in charge of a coalition of countries fighting the Islamic State, and another cabinet member, a lawyer. Obama said that the coalition, which includes members of Iran, Russia, China, France, Russia, Turkey,"
business,seed3,business_teacherseed3_a0.1,0.1,2,3,163,"Write a short neutral news brief about a group making a decision.

Brief:"," How the Trump/Russia collusion story played out. A few minutes later the fake news story on Joe and Mike’s relationship.

Brief: How the Russian scandal helped Trump win.

Brief: Why the Obama administration knew about Russia’s meddling in the 2016 election.

Brief: What is the Russian government’s response to the 2016 election.

Brief: Why is the Trump administration working"
business,seed3,business_teacherseed3_a0.1,0.1,2,4,164,"Write a short neutral news brief about a group making a decision.

Brief:"," A group of parents with a baby who’s had a miscarriage or delivery are on track to lose a child, but the pregnancy hasn’t been ruled out by medical professionals.

The group said they’re not sure how they’ll be able to avoid a potential miscarriage, but were told to expect a “slow and steady recovery” after the baby is born.

The group will be putting pressure on the doctors to"
business,seed3,business_teacherseed3_a0.1,0.1,2,5,165,"Write a short neutral news brief about a group making a decision.

Brief:"," ""We hope the court will allow the prosecution to use the information obtained from a video feed to obtain information about other individuals, in order to conduct an investigation into the alleged crimes involving individuals linked to the group.""

""There was no evidence against the individuals, and they had not been arrested.""

The judge noted that while the prosecution had used evidence gathered from video feeds, the defendant was ""not the person who shot at this person,"""
business,seed3,business_teacherseed3_a0.1,0.1,2,6,166,"Write a short neutral news brief about a group making a decision.

Brief:","

To better understand the potential impact of an extreme social media message, we will discuss the effect of a short text message to encourage a group to consider its decision. This will include how the text message works in real time, and what the group will need to do to decide if it is safe. In addition to the use of text, the text can be a number of different short words or phrases as well as short pictures of an action."
business,seed3,business_teacherseed3_a0.1,0.1,2,7,167,"Write a short neutral news brief about a group making a decision.

Brief:"," A story from New Hampshire.

By Eric Avery

After years of having to make changes, the University of Wisconsin is taking steps to build a campus with the intention of offering its students the opportunity to go abroad and become part of the world.

The university was established in 2009 to provide an environment where students can live in close proximity to each other. The university says it will also offer training and consultation to faculty and staff to"
business,seed3,business_teacherseed3_a0.1,0.1,2,8,168,"Write a short neutral news brief about a group making a decision.

Brief:"," The Federal Government’s decision to suspend the Obama administration’s Affordable Care Act (ACA) requires a court to order a government investigation of a foreign government.

News Story: The federal government’s decision to cancel the ACA, effectively ending its legal battle with the government over Obamacare, has prompted an outcry from the American people.

News Story: The United States has canceled a group of emergency measures and legal actions that have"
business,seed3,business_teacherseed3_a0.1,0.1,2,9,169,"Write a short neutral news brief about a group making a decision.

Brief:"," A group is making a decision to get closer to their children.

News: In a video, an actor says he will “go back in time” to when he and his wife, Tina, were married.

A brief: The man says he will “go back in time” to when he and his wife, Tina, were married. He’s not sure when his wife will get married, but is sure she will be"
business,seed3,business_teacherseed3_a0.1,0.1,2,10,170,"Write a short neutral news brief about a group making a decision.

Brief:"," You should talk about this, but it’s not the only option.

Wake up and smell the coffee.

You can’t leave this one alone.

You can’t talk about it.

There are so many choices for a podcast that you’ve got to make a decision on one of them.

You don’t know which one will work best for you, and you’re just"
business,seed3,business_teacherseed3_a0.1,0.1,2,11,171,"Write a short neutral news brief about a group making a decision.

Brief:"," “Founding member of a large organization made the decision that a majority of the world would be hurt by the introduction of a new and dangerous weapon. The decision was in the best interests of a vast majority of humanity. The decision was made and was part of a long process of negotiations, of compromises and of decisions about the future of our world and of our planet,” the paper says.

“The most recent history of the U."
business,seed3,business_teacherseed3_a0.1,0.1,2,12,172,"Write a short neutral news brief about a group making a decision.

Brief:"," The American Enterprise Institute, the Washington bureau of the National Magazine Institute, and the Institute of Government, an institution of the Center for Public Integrity and a partner in the Center for Public Integrity, published a news brief on the AEPB, and the NIE on August 3, 2009. Their brief was an attack on the AEPB to deny its own role in this controversy.

The brief cited the facts of the AEP"
business,seed3,business_teacherseed3_a0.1,0.1,2,13,173,"Write a short neutral news brief about a group making a decision.

Brief:","

[http://www.dailykos.com/story/news/local/uk-news/uk-media-up-to-4-million-in-trump-lawsuits]

[http://www.dailykos.com/story/news/local/uk-news/uk-media-up-to-4-million-in-trump-lawsuits-with-1."
business,seed3,business_teacherseed3_a0.1,0.1,2,14,174,"Write a short neutral news brief about a group making a decision.

Brief:","

1. An individual who is a member of a group with or without an interest in a particular issue has an interest in or a decision on the issue.

2. An individual who has an interest in a certain issue or group of issues has an interest in or a decision on those issues or groups of issues.

3. An individual who has a personal interest in a specific issue or group of issues or a decision on those"
business,seed3,business_teacherseed3_a0.1,0.1,2,15,175,"Write a short neutral news brief about a group making a decision.

Brief:"," (The following is based on a previous essay)

A group of people decided to make a final decision about whether or not to ban an upcoming bill in Maryland. It’s a decision that everyone could take — but at the end of the day, everybody wins. (photo by the author)

Here’s the full piece:

The people I work with think the “final decision” is a decision that everyone agrees is"
business,seed3,business_teacherseed3_a0.1,0.1,2,16,176,"Write a short neutral news brief about a group making a decision.

Brief:"," In response to the questions posed by reporters, the FBI and National Security Adviser Susan Rice, President Donald Trump suggested that there were legitimate concerns that Trump’s policies were not working in Afghanistan, after a U.S. intelligence assessment released earlier this month identified an operational gap that led to a significant drop in the Taliban’s presence in Afghanistan in late 2018 and early 2019.

The report, by the U.S. intelligence community"
business,seed3,business_teacherseed3_a0.1,0.1,2,17,177,"Write a short neutral news brief about a group making a decision.

Brief:"," It’s a group of people who’ve decided that they’re not going to get into a fight with anyone. They’re now in the middle of a battle, in which they’re going to die. They’re facing an adversary, who they are now prepared to go into combat with and fight. The final battle will occur when they’re dead, not here anymore. It’s a war. And this group is"
business,seed3,business_teacherseed3_a0.1,0.1,2,18,178,"Write a short neutral news brief about a group making a decision.

Brief:"," The news that a group of students have been found to have been carrying banned books at a university.

The news came after a student who wrote about the matter at the university was suspended, accused of being a “pig” for wearing banned books.

The suspension was announced by University of Florida President Dana Sabraw.

The student, who was suspended on Wednesday after receiving a message from a banned bookstore, said in an"
business,seed3,business_teacherseed3_a0.1,0.1,2,19,179,"Write a short neutral news brief about a group making a decision.

Brief:"," A brief about a group making a decision, saying that they’ve made the wrong decision by making a mistake.

Hockey Stuff: A quick overview of the Hockey News website, hockey-stuff.ca, with a section for news items.

What do you think? Is it a news item? Are there any others? Leave your comments below."
business,seed3,business_teacherseed3_a0.1,0.1,3,0,180,"Write a short neutral news brief about an event that happened today.

Brief:"," “This is the story about an unusual day in a small town in the Midwest. When the president was asked to respond, I said I’d like to talk about President Trump’s decision to cancel military strikes in Iraq in response to the U.S. airstrikes on the city of Mosul, a town located 80 miles east of Baghdad.

“President Trump responded, “I’m happy to do that, because I"
business,seed3,business_teacherseed3_a0.1,0.1,3,1,181,"Write a short neutral news brief about an event that happened today.

Brief:"," The Washington Times on the event that happened this afternoon, which was on a Monday night.

""The world's best ever, and so many of the best people in the world,"" said Jim Watson, editor-in-chief of the Washington Times. ""It is very different from the kind of place we live in now, and it may be the place we never imagined, a world where you can get a glimpse of the best in anybody"
business,seed3,business_teacherseed3_a0.1,0.1,3,2,182,"Write a short neutral news brief about an event that happened today.

Brief:"," The US is on the cusp of an incredible new era where technology will be more widely used in a way that was not seen in decades. It’s the technology that drives innovation and makes a big difference in today’s world.

And so, the world is moving in that direction. Our technology has driven the development of a very specific and very specific set of technologies: cell phones, printers, online photo editing, online advertising —"
business,seed3,business_teacherseed3_a0.1,0.1,3,3,183,"Write a short neutral news brief about an event that happened today.

Brief:","

This is an extremely interesting story and I'm amazed that nobody bothered to look it up.

In any event, in response to what you said, in my opinion it is the right thing to do.

That's what I would expect from a journalist, but I'm a journalist, not a politician.

I was in an audience, and the person in front of me had a hand-me-down book from"
business,seed3,business_teacherseed3_a0.1,0.1,3,4,184,"Write a short neutral news brief about an event that happened today.

Brief:","

• The University of Virginia will host a conference on the effects of climate change on campus.

• A recent report from the World Resources Institute called for the U.S. to reduce its greenhouse gas emissions.

• A study by the University of Maryland found that climate change is affecting U.S. universities.

• A study by the U.S. National Academy of Sciences found that more carbon dioxide has been emitted"
business,seed3,business_teacherseed3_a0.1,0.1,3,5,185,"Write a short neutral news brief about an event that happened today.

Brief:","

“The President of the United States is an individual who will be held responsible for his or her actions in a way that makes it impossible for us to meet its responsibilities. We will do whatever we can to support his or her responsibilities. If President Trump cannot meet his or her responsibilities, we will do as we can.”

“I want to thank all of our members of Congress who are willing to give the necessary time to respond to"
business,seed3,business_teacherseed3_a0.1,0.1,3,6,186,"Write a short neutral news brief about an event that happened today.

Brief:","

“It seems that the world has turned upside down, but the world is still as it always has been. And the people we serve are still as healthy as ever. They have every reason to be healthy, and they need to feel good. But that cannot be their only concern, the same as always, because they are the only ones who can have a healthy world.” —Dennis Goodenoff, USA Today

“The"
business,seed3,business_teacherseed3_a0.1,0.1,3,7,187,"Write a short neutral news brief about an event that happened today.

Brief:"," A short neutral news brief about an event that happened today.

What the press and the public learned from this event was a clear message that this is a global war and that the media is not interested in political discussion. The press was more interested in stories of war.

The news media did not seem to care about violence because there was no reason to.

What the press did not care about was what the public saw, not"
business,seed3,business_teacherseed3_a0.1,0.1,3,8,188,"Write a short neutral news brief about an event that happened today.

Brief:", How do you feel about an ongoing battle between the Trump Administration and the State Department over the release of a document from the Foreign Intelligence Surveillance Court?
business,seed3,business_teacherseed3_a0.1,0.1,3,9,189,"Write a short neutral news brief about an event that happened today.

Brief:"," The Democratic candidate for a new federal court that hears cases brought by the Electronic Frontier Foundation and Citizens United is out to destroy the environment, save the environment, and destroy the environment."
business,seed3,business_teacherseed3_a0.1,0.1,3,10,190,"Write a short neutral news brief about an event that happened today.

Brief:"," ""The Trump administration is now on its way to the White House, a decision that could have a major impact on global trade.""

""The Trump administration's decision not to negotiate over trade is likely to set off a broader discussion on how to deal with global trade,"" said Richard Daley, the U.S. Trade Representative's national economic affairs chief, referring to the administration's refusal to negotiate with China over the Trans-Pacific Partnership."
business,seed3,business_teacherseed3_a0.1,0.1,3,11,191,"Write a short neutral news brief about an event that happened today.

Brief:"," We’ve heard stories and comments about how the media tends to focus on negative things such as the death of a journalist from an abortion.

But this year in an attempt to put its spotlight to something positive, a media organization is doing a short public media brief about abortion, an event that occurred today.

Brief: We’ve heard stories and comments about how the media tends to focus on negative things such as the death of"
business,seed3,business_teacherseed3_a0.1,0.1,3,12,192,"Write a short neutral news brief about an event that happened today.

Brief:"," President Obama, President Bush, and Vice President Biden said Wednesday that the United States will not back out of the Paris Agreement on climate change. That includes the agreement the Trump administration is now pushing in its efforts to delay the agreement for now.

“The problem is, the agreement was written in a way that it doesn’t lead to any meaningful change in the climate, and it’s not going to lead to meaningful change in climate change"
business,seed3,business_teacherseed3_a0.1,0.1,3,13,193,"Write a short neutral news brief about an event that happened today.

Brief:"," News from the South and West on this event.

A news brief from the South and West on this event.

“It’s a reminder for people about what a great experience it is to sit at a conference and just get to know the people in their community and get a real feel for what it takes to get there,” he said. “It is a reminder of the value of the community and the need for it to be"
business,seed3,business_teacherseed3_a0.1,0.1,3,14,194,"Write a short neutral news brief about an event that happened today.

Brief:"," The event was reported on the Internet today and was described by the American Library Association as “an extremely powerful and dangerous attack on religious freedom.”

The article goes on to say that the event “created a very dangerous and frightening dynamic” in the history of the country, and that the American Library Association “is deeply concerned about this potential threat.”

Brief: An item that was recently posted online is very similar to the story reported on"
business,seed3,business_teacherseed3_a0.1,0.1,3,15,195,"Write a short neutral news brief about an event that happened today.

Brief:","

Brief of the Week:

Brief of the Week:

In this brief we explore the current situation of the United States in the wake of the 9/11 terrorist attacks in the United States. We also look at the response of the Obama administration, particularly President Barack Obama who has continued to make comments after the attacks that will appear on air later this year.

Brief of the Week:

Brief"
business,seed3,business_teacherseed3_a0.1,0.1,3,16,196,"Write a short neutral news brief about an event that happened today.

Brief:"," As is the case with the press release, the story went to press before its publication because the news agency had to file a request to review it to make sure it was in line with the story's editorial stance.

But in a blog post explaining the decision, a number of key reporters said they were not sure what the report was about when the press release went out, even though some of the key stories had been published earlier that day."
business,seed3,business_teacherseed3_a0.1,0.1,3,17,197,"Write a short neutral news brief about an event that happened today.

Brief:"," The story of a gunman killing two people in the middle of a park in Las Vegas.

The story of a gunman killing two people in the middle of a park in Las Vegas.

Brief: An attacker walks into the park in Las Vegas, killing two people. They are not wearing masks.

The story of an attacker walking into the park in Las Vegas, killing two people.

Brief: An"
business,seed3,business_teacherseed3_a0.1,0.1,3,18,198,"Write a short neutral news brief about an event that happened today.

Brief:","

The event was a two-day gathering of the American Indian Movement (AIM) that gathered for two days from August 16 to 23 in the United States to rally against what they considered to be anti-Semitic acts. The two-day gathering was hosted by the AIM. The event was in support of the Trump administration’s policies regarding refugees. The event was also sponsored by the American Indian Movement. It was a national event"
business,seed3,business_teacherseed3_a0.1,0.1,3,19,199,"Write a short neutral news brief about an event that happened today.

Brief:"," ""The latest event in the ongoing global debate over human rights abuses has sparked a sharp backlash against the Chinese authorities and a new effort by Western governments to pressure the Chinese government to step up its criminal activity in its support for the new coronavirus.""

Hours before the news conference, the Chinese Foreign Ministry issued a statement calling the actions of the State Council and Beijing's human rights commissioner to be ""illegal.""

The statement said:
"
business,seed3,business_teacherseed3_a0.1,0.1,4,0,200,"Write a short neutral news brief about a change people are discussing.

Brief:"," A recent study says a large proportion of U.S. citizens believe the Obama administration has changed its policies on immigration, which are being implemented in part by “trickle-down” policies.

New evidence on the topic is being used by the U.S. Senate to pass a bill that would change the way the U.S. handles illegal immigrants. The new law allows for additional legal status to be granted to some immigrants who"
business,seed3,business_teacherseed3_a0.1,0.1,4,1,201,"Write a short neutral news brief about a change people are discussing.

Brief:"," There is a new policy in effect for Twitter. We’re hearing that people are upset because they’ve seen all the negative headlines. But we’re seeing this with the New York Times, which is starting to do a better job of it. I guess they’re trying to get people to stop taking Twitter out of politics.

Q: You’re on the committee, what are your thoughts?

Brief: It"
business,seed3,business_teacherseed3_a0.1,0.1,4,2,202,"Write a short neutral news brief about a change people are discussing.

Brief:"," You’re about to get your daily news brief published.

Categorizing: I’ll be the first to call out people who are doing this.

Talking about the news brief, you mention the headline being “Brief.” Then you mention it being “The News Brief.” Finally, you mention that it is “The News Brief.”

Hacking News Briefs: How to hack a news brief.
"
business,seed3,business_teacherseed3_a0.1,0.1,4,3,203,"Write a short neutral news brief about a change people are discussing.

Brief:","

“It is very likely that this will be the last report on this for weeks,” said Dr. John McGuire, the executive director of the Office of the National Coordinator for Civilian Personnel who has been leading the review. “It’s not something that I am recommending at this time.”

The Office of the National Coordinator for Civilian Personnel (NCPD) said that it expects the final report"
business,seed3,business_teacherseed3_a0.1,0.1,4,4,204,"Write a short neutral news brief about a change people are discussing.

Brief:"," What is the current state of our system?

What is the future of our system?

And who is the current leader of the discussion?

What are the most important things to discuss about our system, and how do they fit in the rest of our system?

There's a lot of stuff that goes on in the background in a world where you don't see a leader talking about the topics of the day. Some"
business,seed3,business_teacherseed3_a0.1,0.1,4,5,205,"Write a short neutral news brief about a change people are discussing.

Brief:"," The State Dept has launched a probe into why it's funding political organizations that funnel millions of dollars into fundraising from the Clinton Foundation. The probe involves the Clinton Foundation's $1.2 billion investment in the New Jersey Democratic Party. The money is used to help fund political campaigns in New Jersey and the state of Connecticut.

Narrow: The State Dept, including former secretary of state George W. Bush, has been investigating a secret agreement with"
business,seed3,business_teacherseed3_a0.1,0.1,4,6,206,"Write a short neutral news brief about a change people are discussing.

Brief:","

In light of this, we have asked what the public does to protect themselves from the threat of violent extremists. And in what ways is this protection a good idea?

Harrison: First of all, it’s the first time this has been used to say what it is. We’ve never used the term “Islamic extremists.” The first time we’ve used it, we’ve never called on the"
business,seed3,business_teacherseed3_a0.1,0.1,4,7,207,"Write a short neutral news brief about a change people are discussing.

Brief:"," You have to start with a long, short-term approach. It doesn’t work as well as a longer-term approach. So, there’s a good chance that you’ll make a quick buck on the way down to the next level. That might be on your terms. And in any case, when you find yourself in this position, there’s a good chance that you’ll find a strategy. Or a plan."
business,seed3,business_teacherseed3_a0.1,0.1,4,8,208,"Write a short neutral news brief about a change people are discussing.

Brief:","

- There have been a slew of changes to the nation's top five most important financial institutions.

- The Fed is now under a microscope for its actions toward Wall Street.

- The new rate hikes have led to many companies reporting higher profits, lower sales, higher losses and lower profits.

- The Federal Reserve is now under pressure from Congress to reduce its monetary base, as new interest rates are rising.
"
business,seed3,business_teacherseed3_a0.1,0.1,4,9,209,"Write a short neutral news brief about a change people are discussing.

Brief:"," A small group of Americans is asking the Justice Department for an investigation into whether the president of the United States was secretly using foreign countries to promote his campaign. The report released Wednesday calls attention to a secret Oval Office meeting between the president and Hillary Clinton, which took place in the Oval Office about an hour before the 2016 election. The White House is seeking to force the government to investigate.

Brief: The House Ways and Means Committee has subpoena"
business,seed3,business_teacherseed3_a0.1,0.1,4,10,210,"Write a short neutral news brief about a change people are discussing.

Brief:"," What the current government’s move to limit funding of broadband is and how the money will be used to address this is a big story. The public is being asked to choose between paying for a network in the United States or paying for a network in Europe. The US has $1 billion to spend on a network in Europe. This would be about $700 million more than what the public is getting from the government.

The government can cut"
business,seed3,business_teacherseed3_a0.1,0.1,4,11,211,"Write a short neutral news brief about a change people are discussing.

Brief:"," I’ve been thinking about our discussion for a while and then the next question comes up. It’s about the importance of making sure that people aren’t being forgotten. This is a good question. There’s a lot of things that are going on here: the internet, the online economy, the media, the news. And we need to make sure that these things aren’t being forgotten, and to help them keep up their"
business,seed3,business_teacherseed3_a0.1,0.1,4,12,212,"Write a short neutral news brief about a change people are discussing.

Brief:"," A new way for us to talk about the future.

The news industry should not be afraid to bring the news into its communities, so you can hear about the new direction of the news industry and see how it impacts your business.

“I think there’s a huge opportunity out there,” said Steve Dimmock, the executive director of the Center for the New End of the Line, a nonprofit organization that has a mission to"
business,seed3,business_teacherseed3_a0.1,0.1,4,13,213,"Write a short neutral news brief about a change people are discussing.

Brief:","

While many Republicans are calling for the resignation of the President of the United States and calling on Congress to pass the Senate's tax bill, Congress will take up the tax bill in a single day. It will take over the Senate in order to pass it. The Tax Cuts and Jobs Act of 2017 has already passed the Senate with a 52-48 vote.

In the long-term, a bill to lower taxes and increase spending"
business,seed3,business_teacherseed3_a0.1,0.1,4,14,214,"Write a short neutral news brief about a change people are discussing.

Brief:"," A small number of women at a conference, led by a group of women in politics, who were working on ideas that would make a difference, are trying to come up with a different approach to policy. (Photo: Jasin)

“We’re not here to do something that will not make us happy,” said Paxin, a spokeswoman for the group, which is led by the head of the Social Security office, a"
business,seed3,business_teacherseed3_a0.1,0.1,4,15,215,"Write a short neutral news brief about a change people are discussing.

Brief:"," It's still a ""political"" event, but there's less of a ""news-making"" element to the discussion. It's more of a discussion of the actual issues surrounding the war, from economic troubles to the overall direction of the economy to the political system itself. And it's also about the overall direction of the economy and, importantly, how the economy is supposed to be going.

The ""issue"" at hand is the economic"
business,seed3,business_teacherseed3_a0.1,0.1,4,16,216,"Write a short neutral news brief about a change people are discussing.

Brief:"," ""The United States of America is not a neutral entity""

And it's a little bit ironic because I'm not exactly sure how much the United States of America is.

The Washington Post's Jason Hickel explains:

Advertisement:

At a time when it was one of the only major US political players at odds with the global order, President Trump’s administration has tried to get his party’s leader,"
business,seed3,business_teacherseed3_a0.1,0.1,4,17,217,"Write a short neutral news brief about a change people are discussing.

Brief:"," The Senate is considering a Senate vote on an Obama-backed measure to allow for the creation of temporary temporary border patrol agents to enforce the federal government's ""zero tolerance"" policy on illegal immigration.

The proposal would allow for a single patrol, or ""billing"", that would issue and/or enforce a new set of border conditions.

It would be the final step in the process of changing existing border security practices, which are not"
business,seed3,business_teacherseed3_a0.1,0.1,4,18,218,"Write a short neutral news brief about a change people are discussing.

Brief:"," This is an example of how the news industry has over-reacted.

More on this:

1. The Media: A Daily List of the Top 10 News Media Issues.

2. The News: A Daily List of the Top 100 News Media Issues in 2013.

3. The News: A Daily List of the Top 50 News Media Issues in 2013.

4. The Media: A Daily List of"
business,seed3,business_teacherseed3_a0.1,0.1,4,19,219,"Write a short neutral news brief about a change people are discussing.

Brief:"," A new federal law could require businesses to pay for any employee who doesn’t work for a certain amount of time per month.

The bill was introduced at an informal hearing that was closed to the public Thursday as the full Senate returned from its weekly recess.

“Our committee is looking into the legislation,” said Sen. Sheila Oliver, D-Mississippi, who leads the Senate Finance Committee. “We are trying to avoid the"
business,seed3,business_teacherseed3_a0.1,0.1,5,0,220,"Write a short neutral news brief about a new plan.

Brief:"," What to do now and how to do it

The new proposal, proposed by the Federal Aviation Administration (FAA) at its last meeting, calls for the FAA to take charge of the safety of air passengers and to take control of the maintenance and repair of all airplane engines.

""The air travel industry wants to see this regulation go through,"" said Paul Bunyan, president of the American Automobile Association, in a news release"
business,seed3,business_teacherseed3_a0.1,0.1,5,1,221,"Write a short neutral news brief about a new plan.

Brief:"," The U.S. Government Will Not Cure Coronavirus, Instead They Will Bring It

It’s a bold statement. As the Senate prepares to vote on a bill that would prevent the government from issuing a vaccine against the coronavirus, the White House is launching an “in-house search” for a vaccine candidate. The agency will conduct a more thorough analysis to determine whether a vaccine is needed.

“It’s a bold"
business,seed3,business_teacherseed3_a0.1,0.1,5,2,222,"Write a short neutral news brief about a new plan.

Brief:"," The Government Accountability Office released a draft of a plan to eliminate the program. The government will now look at ways to reduce the program’s costs, such as creating additional funding and reducing the time to finalize a budget. The plan calls for the elimination of a program that is currently running $9.6 billion in deficit, which the GAO said should be reduced to $2 billion.

The proposal would eliminate the program from the"
business,seed3,business_teacherseed3_a0.1,0.1,5,3,223,"Write a short neutral news brief about a new plan.

Brief:"," the latest deal for the state’s “third runway” to be built on the site of the current runway is at an estimated cost of $3 billion and would provide new capacity at one of the most popular sites in the state.

The deal is expected to kick off construction of the three new airport towers and runway to replace existing and planned airport towers built in the 1970s.

The state has proposed that the three new towers be"
business,seed3,business_teacherseed3_a0.1,0.1,5,4,224,"Write a short neutral news brief about a new plan.

Brief:","

The new plan to help local businesses get more information on climate change.

The letter, sent to members of the Council, was sent to the entire Council from members.

The letter says that people who live on private land, especially those with higher incomes, will have to pay higher taxes to keep this new climate plan in place.

It says that by reducing the value of the land and land use patterns, the new"
business,seed3,business_teacherseed3_a0.1,0.1,5,5,225,"Write a short neutral news brief about a new plan.

Brief:","

“A new plan is what’s known as the National Security Strategy,” says the document, which was recently released to the public. “It outlines the approach to build and deliver a more peaceful world, to combat terrorism, and to protect our people against a nuclear-armed adversary.”

Here’s a brief summary of the plan:

The strategy outlines a new approach to peace and security, aimed at strengthening the military-"
business,seed3,business_teacherseed3_a0.1,0.1,5,6,226,"Write a short neutral news brief about a new plan.

Brief:"," New plans to allow young people to stay with their parents if they want.

Facts: The plan is aimed at allowing parents to stay with their child at home when their child’s grandparents visit. Parents who have children under 18 could stay in the home with the child but their parents would have to pay an additional fee to stay in the home.

Brief: A recent study showed that the cost of stay-at-home"
business,seed3,business_teacherseed3_a0.1,0.1,5,7,227,"Write a short neutral news brief about a new plan.

Brief:"," What does the US Senate want?

The bill (PDF) would have a $14.6 billion budget for the military, and would have to be funded by fiscal 2019. But that budget is already being debated. And the Republican-led Senate appears willing to fund an additional $2 billion a year for the next fiscal year.

Obama wants a deficit reduction plan.

The Senate bill is unlikely to pass, since the Bush"
business,seed3,business_teacherseed3_a0.1,0.1,5,8,228,"Write a short neutral news brief about a new plan.

Brief:"," This news briefing will describe the progress of a review of the National Infrastructure Plan, including the development of a plan to address challenges in infrastructure in the next five years. The brief will include updates on major projects including building new roads, revitalizing our main transit hubs, and providing connectivity to other regions.

Brief: This brief will describe a strategy for a regional transit network to meet the needs of the New York City Subway's"
business,seed3,business_teacherseed3_a0.1,0.1,5,9,229,"Write a short neutral news brief about a new plan.

Brief:"," The new plan would put a $50,000 reward on the head of the American people who vote for Donald Trump.

Crews would have to buy a daily newspaper.

WATCH: Watch: President Trump’s new plan on the environment

“No one is going to get away with what he did. No one is going to get away with that,” Trump said on CNN.

The plan is set to"
business,seed3,business_teacherseed3_a0.1,0.1,5,10,230,"Write a short neutral news brief about a new plan.

Brief:"," This was a huge deal in the state of Maine. The governor said in an interview this year he couldn't say whether or not the state would have to give up the $2 million the county is giving to a program that provides financial aid for low-income children and their families. ""These children are going to have access to education, they are going to go to college, they're going to get a good job.""

Slightly more"
business,seed3,business_teacherseed3_a0.1,0.1,5,11,231,"Write a short neutral news brief about a new plan.

Brief:"," This was an interesting call for the House Oversight Committee last night. The White House has a history of taking the side of the “pro-abortion” group during the hearings. And now they have a new president.

“I’m proud to announce that President Trump will be the new head of the US Intelligence Community. This is an important milestone for the Intelligence Community, for the nation, and for the United States,” said"
business,seed3,business_teacherseed3_a0.1,0.1,5,12,232,"Write a short neutral news brief about a new plan.

Brief:","

""We have not discussed or proposed a final decision on whether or to abandon a $1.5 billion round of $450 million in debt financing that we've already ordered for the next three quarters,"" the White House said.

""We are continuing our review of the options available to the government and the private sector.""

Huge debt deal: $900 million debt deal with New York, $200 million debt deal with Washington"
business,seed3,business_teacherseed3_a0.1,0.1,5,13,233,"Write a short neutral news brief about a new plan.

Brief:"," How the United States is going to address the Iran deal if and when the Obama administration takes the lead in negotiations with Tehran.

More:The U.S. Iran nuclear agreement doesn't work. Obama says it does and we will, it's a deal worth working out with Iran.

More:Why is the United States going to support the Obama administration's nuclear strategy?"
business,seed3,business_teacherseed3_a0.1,0.1,5,14,234,"Write a short neutral news brief about a new plan.

Brief:"," This is my plan. I’m calling it “No To One.” This plan will eliminate any and all conflicts between the federal government’s mandate for spending $350B on “public health care” and this plan’s requirement for raising taxes to fund public health care. Instead, the federal government will spend whatever the hell it wants to spend on health care and it is being left with little choice but to cut any and all spending.
"
business,seed3,business_teacherseed3_a0.1,0.1,5,15,235,"Write a short neutral news brief about a new plan.

Brief:"," The Senate will hold a “yes” vote on a bipartisan plan to slash the federal debt ceiling in the near future, the New York Times reported on Monday.

The Senate has already voted to raise the debt limit to $1.2 trillion, although there is no bill pending to do so.

The House passed the $1.2 trillion bill on Feb. 25.

ADVERTISEMENT

The House has not approved an amendment"
business,seed3,business_teacherseed3_a0.1,0.1,5,16,236,"Write a short neutral news brief about a new plan.

Brief:"," The U.S. military plans to build four new training camps to train Afghan children against Taliban insurgents, and to teach Afghan children to shoot at enemy targets.

Pilot: The U.S. is using unmanned drones to detect the Taliban.

Pilot: The U.S. is using unmanned drones to detect the Taliban.

Pilot: The U.S. is using unmanned drones to detect"
business,seed3,business_teacherseed3_a0.1,0.1,5,17,237,"Write a short neutral news brief about a new plan.

Brief:"," The U.S. will be the first country to use the new anti-counterfeiting laws, an initiative announced this week."
business,seed3,business_teacherseed3_a0.1,0.1,5,18,238,"Write a short neutral news brief about a new plan.

Brief:"," As the world turns toward the new climate agreement and its proposed reduction of carbon emissions, we may find that the climate alarmists are right. They believe that the new climate deal is a disaster for the climate. They might be right. The president needs to be a climate change denier.

Here's the brief: President Obama needs to have strong climate action, and the climate alarmists in the United States need to come to his aid."
business,seed3,business_teacherseed3_a0.1,0.1,5,19,239,"Write a short neutral news brief about a new plan.

Brief:"," A new plan to cut funding for the Centers for Disease Control and Prevention will only raise costs for the agency.

Short: A report on the current state of the agency.

Brief: A new plan to slash funding for the CDC.

Short: A report on the current state of the agency.

Brief: A new plan to slash funding for the CDC.

Short: A report on the current state"
business,seed3,business_teacherseed3_a0.25,0.25,0,0,240,"Write a short neutral news brief about a recent local development.

Brief:","

In addition to reporting the news from various perspectives, the paper will include interviews with community leaders and business owners as well as a discussion of an emerging urban vision.

“We want to make sure we have an outlet for people to tell their stories about the issues that are impacting their lives, or they want to tell a little bit about it,” says Dr. Shira Voss, executive director of the National Urbanist Association.
"
business,seed3,business_teacherseed3_a0.25,0.25,0,1,241,"Write a short neutral news brief about a recent local development.

Brief:"," A young woman is shot in an alley at the height of a protest that was protesting a water shortage in the city. She was shot by cops. The incident was investigated.

Shortly after, the mayor is quoted as saying “we need to be smarter and be more open”.

“I have a message for the cops, and I have a message for the people that are protesting this,” she said.

The news is"
business,seed3,business_teacherseed3_a0.25,0.25,0,2,242,"Write a short neutral news brief about a recent local development.

Brief:"," I'm not going to post here unless I feel it's in the national interest to do so. But let me just say that this was made in retaliation for my having been involved with the campaign for a week in late March to help build a village where people could work.

This is one of the reasons that we as a country support the idea of a small village in South Africa. In that way, we are the main beneficiaries of the"
business,seed3,business_teacherseed3_a0.25,0.25,0,3,243,"Write a short neutral news brief about a recent local development.

Brief:","

In the last couple of weeks, we have seen the most attention paid to the latest news coverage from the Seattle City Attorney. The state House of Representatives unanimously approved a measure to ban construction of new housing units on the city’s northwest side. The proposed measure also would ban all construction in the city’s east side if the city were to be forced to close.

In a press release, the Seattle City Attorney’s Office"
business,seed3,business_teacherseed3_a0.25,0.25,0,4,244,"Write a short neutral news brief about a recent local development.

Brief:", “The current coronavirus pandemic has changed the way people are thinking about our future. We have to live with the uncertainty and we have to live with the new information available on social media. We need to find an alternative narrative and we need to use our information to better prepare ourselves.”
business,seed3,business_teacherseed3_a0.25,0.25,0,5,245,"Write a short neutral news brief about a recent local development.

Brief:"," How have your local governments handled the current situation of climate change and disasters?

In the last week, several local leaders have expressed concerns that large-scale wildfire season has started in the central US.

Some local leaders are concerned that their local communities may not be prepared for the expected impacts of wildfires on their residents.

There are signs of progress.

Two cities that have seen significant increases in wildfire damage have"
business,seed3,business_teacherseed3_a0.25,0.25,0,6,246,"Write a short neutral news brief about a recent local development.

Brief:"," The story involves a controversial development in the city, in which a developer has been accused of trying to create the area around a planned shopping center on a hillock near the corner of Wassapue and East St. John.

Brief: On Nov. 29, a group of people protesting the development were shot and killed by police.

Cruisemate: It appears the group that shot the shooting is a non-"
business,seed3,business_teacherseed3_a0.25,0.25,0,7,247,"Write a short neutral news brief about a recent local development.

Brief:"," The state has a long history of environmental degradation

This is a direct reference to a recent local development in Washington DC. The “Red Line of Silence” is the latest example in recent months of what’s been called the “Silent Caliphate” of Washington DC.

The city is facing a crisis of an environmental disaster. While the Red Line of Silence is visible from many miles away, the community of Fortress"
business,seed3,business_teacherseed3_a0.25,0.25,0,8,248,"Write a short neutral news brief about a recent local development.

Brief:"," the government is considering a plan to build a new water-treatment plant in downtown Ottawa in order to cut greenhouse gas emissions.

The plan, which includes a $15 million investment from Toronto-based Waste Management, is to begin construction in the third quarter of next year and would make Ottawa the third largest city in Canada to install a new water-treatment plant."
business,seed3,business_teacherseed3_a0.25,0.25,0,9,249,"Write a short neutral news brief about a recent local development.

Brief:"," ""The future is in the eyes of the rest of us, but we have to fight back to get it right""

More: ""We'll have to fight back to get it right""

More: ""If we're going to have to fight back to get it right, we've got to start somewhere new""

More: ""We'll have to fight back to get it right, we have to fight back""
"
business,seed3,business_teacherseed3_a0.25,0.25,0,10,250,"Write a short neutral news brief about a recent local development.

Brief:","

- In a story on Wednesday, the state Department of Revenue released its “Nongovernmental Experts on Development Assistance.” These are economists who estimate that over the next few years, the state’s government will need to increase its investments in infrastructure, research and development to help address a shortage of labor and the need to replace aging power grids.

- The Washington Bureau of Investigation’s “Independent Panel on Crime and Justice"
business,seed3,business_teacherseed3_a0.25,0.25,0,11,251,"Write a short neutral news brief about a recent local development.

Brief:"," About $5,000.

“We were concerned about a lot of things about the amount,” said Edyta Zwirniak, who was the first board member on the board when the deal was announced last year. “I did my homework, but we have not heard anything from the administration about what the cost of the construction.”

The deal is being seen as a way to avoid a major funding cut, and a"
business,seed3,business_teacherseed3_a0.25,0.25,0,12,252,"Write a short neutral news brief about a recent local development.

Brief:", A local development project is looking to help with a new water and sewer infrastructure that is being developed in the Kosciuszko-Moribey and Pardew-Merrill areas. The projects are expected to be completed by summer 2019.
business,seed3,business_teacherseed3_a0.25,0.25,0,13,253,"Write a short neutral news brief about a recent local development.

Brief:"," The U.S. government’s new plan to boost defense spending in 2018 will do more harm than good by reducing the nation’s tax burden, new survey shows. That’s the case for the fiscal year that ends Sept. 30. The report finds that the tax burden on foreign oil dollars will be as low as a third of current levels — just 10 percent in most cases. That means the $2.4 trillion deficit with the"
business,seed3,business_teacherseed3_a0.25,0.25,0,14,254,"Write a short neutral news brief about a recent local development.

Brief:"," A new short report from the Public Safety Bureau is investigating a new home in the Bayou City with a vacant lot and a large number of vacant lots. A developer from the neighborhood has reportedly started a new home in the area, and the Bureau is looking into it.

An email is still being sent out, but has already been approved for approval.

A report from the city of Bayou City that has been released to media is"
business,seed3,business_teacherseed3_a0.25,0.25,0,15,255,"Write a short neutral news brief about a recent local development.

Brief:"," https://t.co/NhNqC8GJF2 — Ben Carson (@BenCarson) September 22, 2019

The brief is titled ""The Biggest Stories From the Trump Administration"" and details a number of Trump-related events, such as a May 2017 meeting between Trump and a Russian leader, a conversation about possible nuclear deal, and an interview with Russian ambassador to the US Sergey Kislyak."
business,seed3,business_teacherseed3_a0.25,0.25,0,16,256,"Write a short neutral news brief about a recent local development.

Brief:"," For the past 18 months, a small community of homeowners has been living in an abandoned house in the heart of suburban Boston. The community, known as the “Pocket City,” has come to see the house as an opportunity to reclaim some of its former charm.

Local news reports in the area say an agreement was reached Wednesday to buy the house, which would give the owners the right to operate a business from the house.

"
business,seed3,business_teacherseed3_a0.25,0.25,0,17,257,"Write a short neutral news brief about a recent local development.

Brief:"," The Times of London’s “The People,” a series of news briefings, will be published by The Times in London next year.

Short: A few local businesses will be featured in the next edition.

Fierce and provocative: The Times of London will publish a “news brief” on the “London economic crisis,” which has been widely interpreted as a response to an increasingly angry London.

Fierce and"
business,seed3,business_teacherseed3_a0.25,0.25,0,18,258,"Write a short neutral news brief about a recent local development.

Brief:"," New York Times reporter Mark Steyn was awarded an Emmy and the prestigious National Magazine Award after his report on the City Council's proposal to build a new bridge, which is expected to cost more than $1 billion, between New York City and the Statue of Liberty.

Brief: The New York Times will present a ""new story"" about the new bridge on Tuesday, Sept. 4, the day after President Obama called for more"
business,seed3,business_teacherseed3_a0.25,0.25,0,19,259,"Write a short neutral news brief about a recent local development.

Brief:"," “Somewhere, in the heart of the city’s bustling, expensive and increasingly populous middle class, is a small bar.”

We’ll let you know if the interview sticks.

[youtube https://www.youtube.com/watch?v=d7U5gKZ_c-4]

Email him at [email protected]

Follow us on Twitter for the latest.

"
business,seed3,business_teacherseed3_a0.25,0.25,1,0,260,"Write a short neutral news brief about a public announcement.

Brief:"," The public announcement that will be made in the United States of the death of Dr. Richard W. Ehrlichman in the wake of Dr. Willingham's death. The information is expected to come before the Senate Appropriations Committee during a joint hearing on Wednesday, June 4, where the hearing is expected to include testimony from the President and Senate Intelligence Committee's panel.

The public announcement will be made on a short neutral day"
business,seed3,business_teacherseed3_a0.25,0.25,1,1,261,"Write a short neutral news brief about a public announcement.

Brief:"," Public announces that it would withdraw its support for the Democratic National Committee’s decision to block access to email and other online applications for Democratic volunteers.

The short and a bit of history: A few years ago, I did some research about how our country should run. My friend and colleague was kind enough to share an anecdote with me about the idea of being able to influence the political process in Congress. A good friend of mine, a"
business,seed3,business_teacherseed3_a0.25,0.25,1,2,262,"Write a short neutral news brief about a public announcement.

Brief:","

The first public announcement was made at a meeting of public shareholders in a New York City hotel lobby. The announcement, signed by Mr. Baird, read: ""The U.S. Government, in conjunction with the Prime Minister of Canada and the U.S. Treasury, is hereby notified that this announcement, dated May 24, 2013, is subject to change and is not intended to and does not constitute a recommendation to or approval of"
business,seed3,business_teacherseed3_a0.25,0.25,1,3,263,"Write a short neutral news brief about a public announcement.

Brief:"," A brief about a public announcement.

A short neutral news brief about a public announcement.

A short neutral news brief about a public announcement.

A brief: An ad on a TV.

A brief: A brief on a TV.

A short neutral news brief about a public announcement.

A short neutral news brief about a public announcement.

A short neutral news brief about a public announcement.
"
business,seed3,business_teacherseed3_a0.25,0.25,1,4,264,"Write a short neutral news brief about a public announcement.

Brief:"," The UK was once considered to have a ""long, stable economic position"" due to its low fertility rates, a low birth rate, a high infant mortality rate and an overall low level of poverty, in line with its economic strength and a low level of investment in education and health. But things have changed in recent years and that could change, in part because of concerns about the impact of immigration on employment, growth and the availability of funds for housing"
business,seed3,business_teacherseed3_a0.25,0.25,1,5,265,"Write a short neutral news brief about a public announcement.

Brief:"," The government may have taken the law into its own hands in response to a high-profile incident involving the Islamic State group.

The brief discusses the administration's proposal to build a border wall in the Middle East and its desire to prevent further disruption by building in the West Bank and East Jerusalem.

The brief suggests that such measures will be welcomed by some of the world's most vulnerable groups, including the Palestinians and the Libyan dias"
business,seed3,business_teacherseed3_a0.25,0.25,1,6,266,"Write a short neutral news brief about a public announcement.

Brief:"," This is a short news brief about a public announcement. The news briefers have an obligation to keep the announcement short so that the public knows.

What’s the News Brief?

This brief contains a short news brief about a public announcement. This brief is intended to be a short neutral news brief.

The brief is not meant to be a commercial-only brief. That means that the briefer should be doing it primarily"
business,seed3,business_teacherseed3_a0.25,0.25,1,7,267,"Write a short neutral news brief about a public announcement.

Brief:","

In the first day of the second international edition of the World Economic Forum, the Institute for Public Policy Research (IPPR) released a brief report titled ""Why and How Global Warming? An International Perspective from the World Economic Forum"". The report analyzes the latest scientific research on climate change, the impact of greenhouse gases and human activities, and the effects of energy and land use change on global climate, the effects of trade and climate"
business,seed3,business_teacherseed3_a0.25,0.25,1,8,268,"Write a short neutral news brief about a public announcement.

Brief:"," The UK's leading daily newspaper The Mail on Sunday is taking steps to introduce a new version of its 'D' word index, which will provide more detailed information on every item.

It will give an insight to public information about the UK's largest daily newspapers, such as the Mail on Sunday, the Sunday Mail and The Sunday Times.

The new index will also allow the public to see, for instance, which newspapers have been selected"
business,seed3,business_teacherseed3_a0.25,0.25,1,9,269,"Write a short neutral news brief about a public announcement.

Brief:"," The Government was warned of a possible spill in the Upper Nile waterway, but there was still a chance that a major spill could happen. The Government was told that this spill could happen, and the government is hoping to have this spill resolved before the end of this year.

A public announcement: A news brief about a possible spill in the Upper Nile waterway, but there was still a chance that a major spill could happen. The Government"
business,seed3,business_teacherseed3_a0.25,0.25,1,10,270,"Write a short neutral news brief about a public announcement.

Brief:","The U.S. will invest $1.5 trillion to build three more miles of roadway to boost productivity and provide better access to jobs.

Longest-running nonpartisan report on global poverty released on Sept. 29.

The new World Bank's $3.5 trillion budget for global poverty is based on a five-year average of 2.4% of GDP.

The U.S. is expected to"
business,seed3,business_teacherseed3_a0.25,0.25,1,11,271,"Write a short neutral news brief about a public announcement.

Brief:"," The UK Government will cut spending on services for the coronavirus crisis by one third, with the government expected to take further cuts to its emergency services. The announcement is expected to have a negative impact on the UK economy, as public confidence in government figures and social distancing policies have risen.

News: The NHS is set to shut down by the end of April after failing to reach its target, according to the government.

Business: The"
business,seed3,business_teacherseed3_a0.25,0.25,1,12,272,"Write a short neutral news brief about a public announcement.

Brief:"," ""If the United States can do anything to help the cause of environmental change, it must do so quickly. And for that, we have to be quick.""

It is not immediately clear if the public announcement was made by the Trump administration, or if the announcement was made by an agency within the Obama administration.

Trump said in February that the announcement was made by the Environmental Protection Agency. But the agency could not identify any agencies."
business,seed3,business_teacherseed3_a0.25,0.25,1,13,273,"Write a short neutral news brief about a public announcement.

Brief:"," An important update to a recent update to the News Media Watch program. The program is a collection of news briefings, as well as a brief on the news media and the economy.

Update: A recent update to the News Media Watch program has been modified to include more information on the economy and the news media.

Brief: A brief on the economy and news media has been added to the program.

Brief:"
business,seed3,business_teacherseed3_a0.25,0.25,1,14,274,"Write a short neutral news brief about a public announcement.

Brief:","

Brief is a short neutral news brief about a public announcement. A brief that is not a regular news article may be used instead of a regular news article.

Brief is a brief on a news topic. For example, a brief for “New Year’s Eve” may be used instead of a regular news article. A brief for the day may also be used instead of a regular news article.

This short neutral"
business,seed3,business_teacherseed3_a0.25,0.25,1,15,275,"Write a short neutral news brief about a public announcement.

Brief:"," The National Council of the United Nations (NCCU) is pleased to announce that the United Nations Conference on Sustainable Development (UNCSD) is the fifth of its nine regional conferences (each of which will be held in Asia, Africa, Latin America and the Middle East). The UNCCSD is also a member of the International Conference on Sustainable Development in Africa and the Pacific Islands (ICSDA) in the Americas.

The"
business,seed3,business_teacherseed3_a0.25,0.25,1,16,276,"Write a short neutral news brief about a public announcement.

Brief:"," It is a public announcement for a new federal housing initiative. It is meant to address the shortage of affordable housing in New York City and other parts of the country. The city government has announced a project to build housing in four Brooklyn neighborhoods, including a condo complex near Citi Field on Long Island, which will offer at least 400 units of affordable housing for low-income New Yorkers. The condo project has attracted attention because of a lack"
business,seed3,business_teacherseed3_a0.25,0.25,1,17,277,"Write a short neutral news brief about a public announcement.

Brief:"," “Our government is working to make sure that when the United States is not required to provide its national security to the World and other nations, it is not responsible for the consequences for its own people.”

“We must ensure that our government has the ability to implement this law with sufficient confidence that it is implemented properly and accurately, and that it is conducted properly,” a Justice Department spokeswoman said.

Lawmakers on Thursday proposed a bill to"
business,seed3,business_teacherseed3_a0.25,0.25,1,18,278,"Write a short neutral news brief about a public announcement.

Brief:","

We look at the importance of a new media strategy to increase public knowledge about the news media. We also look at how we can use news reporting to improve the quality of debate over the public agenda.

We also look at how public policy can help promote the news media.

Key Dates:

Date

September 12, 2012 - 15:00

Comments

August 18, 2012

1."
business,seed3,business_teacherseed3_a0.25,0.25,1,19,279,"Write a short neutral news brief about a public announcement.

Brief:"," New York Times, CNN, CNN.com, Reuters, The Huffington Post, The Atlantic, The Daily Beast.

A new short, the first, in the series of seven, is a look at new ways to make money with the Internet. The Brief will be broadcast on more than 150 broadcast news programs and podcasts on Facebook. And, the series of seven will begin the first day with an interactive story about the potential of Internet"
business,seed3,business_teacherseed3_a0.25,0.25,2,0,280,"Write a short neutral news brief about a group making a decision.

Brief:"," The U.S. Embassy in London has been advised of an attack on an unarmed U.S. peacekeeping mission in Yemen, and the U.S. Military has expressed concern over the country's security. It did not indicate that the embassy was in danger, and the U.S. did not issue a warning. The U.S. Embassy in London has been advised of an attack on an unarmed U.S. peace"
business,seed3,business_teacherseed3_a0.25,0.25,2,1,281,"Write a short neutral news brief about a group making a decision.

Brief:"," ""My daughter is about to be born. And I'm going to have to tell her about this... It's something she doesn't want to hear. I'm sure she'll be thrilled, but I have a feeling that will be a different story when she's older. She's very curious... I'm sure she will... I've heard that they're going to have babies soon and I have no idea if she'll want to hear it or"
business,seed3,business_teacherseed3_a0.25,0.25,2,2,282,"Write a short neutral news brief about a group making a decision.

Brief:","

We’ll talk to them. Let’s make an example, if you’re an investor, let’s talk about a real crisis and a really important crisis at a certain point.

What are the basic strategies for the two days? What are the fundamental policies, the basic principles, and so on that you will be discussing during the week?

This is a really special type of brief, and I don’"
business,seed3,business_teacherseed3_a0.25,0.25,2,3,283,"Write a short neutral news brief about a group making a decision.

Brief:"," We know that the Trump administration and the Republican-controlled Congress have been making the decision to build a wall on our southern border, but the Republican-controlled Congress is still looking for a solution. The Department of Homeland Security’s inspector general is working on a review of the situation, and we were pleased that the Department of Justice has received the support of both the Republican and Democratic leaders in the Senate and the House.

You’ve heard"
business,seed3,business_teacherseed3_a0.25,0.25,2,4,284,"Write a short neutral news brief about a group making a decision.

Brief:"," The group that has been sending out emails threatening, killing, and even arresting members, was formed to protect the rights of local school children in a school system that was being threatened and destroyed.

Tips:

Brief: The group that has been sending out emails threatening, killing, and even arresting members, was formed to protect the rights of local school children in a school system that was being threatened and destroyed.

Brief"
business,seed3,business_teacherseed3_a0.25,0.25,2,5,285,"Write a short neutral news brief about a group making a decision.

Brief:","

The Daily Star is a daily newsletter delivered to your inbox every Friday. Subscribe

In a speech to a crowd of Democratic strategists and lawmakers who were at the rally, Senate Majority Leader Mitch McConnell (R-Ky.) said he believes that the next president should “re-impose sanctions on countries that threaten our values” in an effort to “take back control of our economy.”

“That’s the president’"
business,seed3,business_teacherseed3_a0.25,0.25,2,6,286,"Write a short neutral news brief about a group making a decision.

Brief:"," One woman was shot and killed in North Carolina in 2011 after an attempted robbery. She was a college student when she was taken hostage at an apartment complex in the suburban city of Lynchburg.

Brief: An FBI investigation in 2011 found that an “intentionally violent or predatory” robbery was not the work of a single criminal element.

Brief: A gunman murdered two teenagers in Texas at a nearby house and shot"
business,seed3,business_teacherseed3_a0.25,0.25,2,7,287,"Write a short neutral news brief about a group making a decision.

Brief:"," A story or five or a hundred short-form, text-short.

News: A brief.

What's being released: A short-form, text-short.

What's on your wishlist: A brief.

What's to come: A short-form, text-short.

What to expect: A brief.

What to get: An initial brief, text-short, or"
business,seed3,business_teacherseed3_a0.25,0.25,2,8,288,"Write a short neutral news brief about a group making a decision.

Brief:"," The Bush/Cheney administration has called off a planned Iraq invasion that would end decades of U.S. military involvement in Iraq.

The brief was written by Sen. Bob Corker (R-Tenn.) and Sen. John McCain (R-Ariz.).

“I would appreciate it if you would consider discussing a brief with us on the next steps in this process,” Mr. Corker said.

“The most"
business,seed3,business_teacherseed3_a0.25,0.25,2,9,289,"Write a short neutral news brief about a group making a decision.

Brief:","

I feel like every new wave of news that is being produced is like the news produced by a newspaper. And it's a pretty good example of what a newspaper should be. But a lot of the time, it doesn't have the time or resources to be doing it right. It's not going to be produced by a lot of people. And that's a huge problem."
business,seed3,business_teacherseed3_a0.25,0.25,2,10,290,"Write a short neutral news brief about a group making a decision.

Brief:"," Trump and the media. The White House, CNN, ABC News, CBS, NBC News, Fox News, and more on the news at the media and the public in order to keep you abreast of important news from the top stories on a daily basis.

What we have here is a broad overview of what is happening in the media world. It covers the major news events that are leading up to and including the election. In addition"
business,seed3,business_teacherseed3_a0.25,0.25,2,11,291,"Write a short neutral news brief about a group making a decision.

Brief:","

The U.S. Congress has established a number of ""nonprofits"" that operate in the name of individual candidates to help elect the next U.S. President. They are designated in the Constitution as ""nonprofits"" that ""make and manage"" their activities.

The nonprofits in question are the ""Americans United for Life"", a nonprofit organization that provides legal assistance and services for people facing certain forms of discrimination"
business,seed3,business_teacherseed3_a0.25,0.25,2,12,292,"Write a short neutral news brief about a group making a decision.

Brief:"," President Bush on Iraq (video).

Cruise: Bush on the Iraq war (video).

Fog: Bush on Bush's war on terrorism (video).

Fog: Bush on the war against terrorism (video).

Fog: Bush on the war against terrorism (video).

Fog: Bush on the war against terrorism (video).

Fog: Bush on the war against terrorism ("
business,seed3,business_teacherseed3_a0.25,0.25,2,13,293,"Write a short neutral news brief about a group making a decision.

Brief:","

A short neutral news brief about a group making a decision.

No more than three pages in length.

Published on November 5, 2006

Nation’s National Opinion Poll:

(You can click here to see all the available polls)

Nation’s National Opinion Poll

Brief:

A short neutral news brief on a group making a decision.

No more than three"
business,seed3,business_teacherseed3_a0.25,0.25,2,14,294,"Write a short neutral news brief about a group making a decision.

Brief:"," On Wednesday, Oct. 7, a group of people are meeting at the Washington headquarters of the Center for American Progress to come together to discuss what the group’s proposed strategy calls “The New Trump War.” The group includes former President Barack Obama and Republicans running for reelection next year.

The group, which has been in regular communication with the administration and is comprised of more than 50 people, is made up of people who have already taken"
business,seed3,business_teacherseed3_a0.25,0.25,2,15,295,"Write a short neutral news brief about a group making a decision.

Brief:"," The Obama administration's plans for sending more troops to Afghanistan, which Trump called ""unnecessarily provocative"" and a ""dead end.""

""This is really important for the Afghan people and for the Afghan people's national security,"" he said in the speech.

Story continues

The president said his aim is to send troops to Afghanistan ""in the spirit of reconciliation.""

""As a result of our engagement in Afghanistan and the good"
business,seed3,business_teacherseed3_a0.25,0.25,2,16,296,"Write a short neutral news brief about a group making a decision.

Brief:"," One of our main goals is to provide readers with a quick brief on a specific topic so readers can quickly find what they are looking for.

This brief will have been written by our editorial staff for us, and will take approximately 25 minutes to complete.

The full brief is available by mail, and is priced at $30.

Please take a moment to read.

If you would like to view a PDF version of"
business,seed3,business_teacherseed3_a0.25,0.25,2,17,297,"Write a short neutral news brief about a group making a decision.

Brief:"," In June 2016, the University of Michigan announced the creation of the Human Rights Council, which is comprised of representatives from universities and academic institutions. The council will “establish a safe and sustainable research environment for students and scholars.” Students and scholars from the university will be invited to present at the council’s meetings. “We will promote the creation of a ‘right’ to be heard in this Council’s deliberations, and we will focus our efforts"
business,seed3,business_teacherseed3_a0.25,0.25,2,18,298,"Write a short neutral news brief about a group making a decision.

Brief:"," We asked people what is happening with the Syrian crisis and what will happen in the Middle East after the crisis breaks.

They were not pleased by the news that U.S. President Barack Obama is making a major push for an end to the war against terrorism, and that Washington is looking to find out what the Arab League wants to do about terrorism.

Brief: ""There's a lot that we know about the Middle East and"
business,seed3,business_teacherseed3_a0.25,0.25,2,19,299,"Write a short neutral news brief about a group making a decision.

Brief:","

""We should start thinking about a way to give these young people something that is not just a short talk but something that we’re all taking seriously. And we’ve got a lot of support from our community members who support them and who want to make sure that they get to participate in this process.”

This was not the first time he's faced political opposition in the process of his school’s application.

“"
business,seed3,business_teacherseed3_a0.25,0.25,3,0,300,"Write a short neutral news brief about an event that happened today.

Brief:"," I was on stage when a black-and-white video of the death of a child at a school was broadcast around the world and was widely reported around the world. I sat next to a young, unarmed, Latino girl who was shot in the head during the demonstration, and I heard her story. The media were so afraid of the untruths of the video they didn’t even bother to question her story. I was shocked and"
business,seed3,business_teacherseed3_a0.25,0.25,3,1,301,"Write a short neutral news brief about an event that happened today.

Brief:","

Katherine Duffy, the senior director of national news coverage for PBS, made the news brief today on the story, “Rumors of a nuclear holocaust in the Arctic,” after she was caught in a false 911 call from a suspect in the death of former astronaut and current presidential candidate Joe Biden’s press secretary. Biden’s press secretary’s office provided the call recording to The New York Times.

The call"
business,seed3,business_teacherseed3_a0.25,0.25,3,2,302,"Write a short neutral news brief about an event that happened today.

Brief:"," The media are coming after the president, who called the attacks on Benghazi “a war crime,” and are warning him to hold off on military action.

The briefing was held at the White House in this photo by CNN senior correspondent Maria Bartiromo and CNN national political analyst David Axelrod.

Brief:

CNN reports that during the briefing, President Trump “said that a potential ground war against Libya was"
business,seed3,business_teacherseed3_a0.25,0.25,3,3,303,"Write a short neutral news brief about an event that happened today.

Brief:"," There is this guy who got his ass shot in the parking lot. This has nothing to do with any of this.

Advertisement

Advertisement

Brief: It is an actual event. It happened. We’re in this together, and we want to be that united.

Advertisement

Advertisement

This is a very interesting event. I just got to the end of the book. I read the final paragraph of"
business,seed3,business_teacherseed3_a0.25,0.25,3,4,304,"Write a short neutral news brief about an event that happened today.

Brief:"," In the early morning hours, a small plane was heading toward a small island on a reef off the coast of Brazil. The small plane’s small engine fired up, and its fuel ran low. By the time the plane landed, the fuel was so low the engine would burn for only a few hours. All at once, the plane began to spin, and it could not stop. The pilot said that the fuel was leaking from the nose of"
business,seed3,business_teacherseed3_a0.25,0.25,3,5,305,"Write a short neutral news brief about an event that happened today.

Brief:"," A man and his dog were charged with child abduction Tuesday in connection with an incident that left two unsupervised children with severe injuries.

The man allegedly knocked and shoved the dogs to the ground, said a news release from the Boca Raton Sheriff's Office. The man said he did not know the dogs and the dogs are fine.

The incident happened at the home of two women, the release said.

The man"
business,seed3,business_teacherseed3_a0.25,0.25,3,6,306,"Write a short neutral news brief about an event that happened today.

Brief:","

The news about the news about the incident in the town of Brunei was released this morning in the run-up to the royal visit of Prince Albert of Bremen.

There were protests and counter-protests against the royal visit and the news, and the Prince of Wales, along with his wife, the Queen and many officials were present.

The story was reported on television at the royal palace in Brune"
business,seed3,business_teacherseed3_a0.25,0.25,3,7,307,"Write a short neutral news brief about an event that happened today.

Brief:"," Trump's economic adviser, Rick Perry, said today's news is 'a warning.'

He said, quote, ""He's a strong candidate.""

As for the president, he called it ""cringe worthy"" and ""terrible news.""

Trump: ""I have been very focused on this. I have been looking forward to this.""

The president says the ""very serious news"" is ""very bad news."""
business,seed3,business_teacherseed3_a0.25,0.25,3,8,308,"Write a short neutral news brief about an event that happened today.

Brief:"," After a bomb went off at a school, people are gathering to celebrate, but there was this strange event happening today, so I thought, hey, let's do this.

“It was strange, because in the beginning we were trying to make that all work together, that the people, the children, the parents, they could all come together and talk about things,” he said. “We're seeing that we do that now, but"
business,seed3,business_teacherseed3_a0.25,0.25,3,9,309,"Write a short neutral news brief about an event that happened today.

Brief:"," The New York Times

WASHINGTON — The Bush administration is preparing to give Congress the authority to require the Pentagon to reexamine its long-standing practices of targeting warships and aircraft in the middle of the night.

Under the revised guidelines, the Pentagon will be asked to revise and improve its “preemptive strikes” for “exceptional” reasons, the White House said.

“The Pentagon has been working diligently"
business,seed3,business_teacherseed3_a0.25,0.25,3,10,310,"Write a short neutral news brief about an event that happened today.

Brief:"," http://www.cnb.com/id/22282450/brief

The following is a brief, unedited video of a live, on-site interview with the news anchor, who is also an anchor at WTNH. The live, on-site interview will be aired on WTNH’s Facebook page.

Brief: http://www.cnb.com/id/22282450/brief"
business,seed3,business_teacherseed3_a0.25,0.25,3,11,311,"Write a short neutral news brief about an event that happened today.

Brief:","

The University of Michigan is on the verge of reestablishing its reputation as a ""first-world city"" and is preparing for a yearlong closure, according to a report from the University of Michigan. The university has been under fire for failing to reconnect students, staff and community partners, leading to a steep decline in student enrollment, and a precipitous drop in the number of students. The University of Michigan has faced similar questions"
business,seed3,business_teacherseed3_a0.25,0.25,3,12,312,"Write a short neutral news brief about an event that happened today.

Brief:"," In the early morning hours of March 26, at a small military building in downtown Baltimore, there were two hundred armed men, each one with a weapon, marching in a formation.

At the end of the line, the soldiers had to leave one by one.

Witness: In a brief news brief on a news conference held at the police headquarters at 7:40 a.m., Lt. Chris Krasnow of the Baltimore"
business,seed3,business_teacherseed3_a0.25,0.25,3,13,313,"Write a short neutral news brief about an event that happened today.

Brief:","

In this short and heartfelt article, I am asking why people think it would be fair for me to publish my article on the event that I described in my personal webinar and asked why I felt it would be fair to publish my article on a different event that happened today.

What does this really mean? I want to know why I am getting this idea in the first place. And how it will impact my life. The"
business,seed3,business_teacherseed3_a0.25,0.25,3,14,314,"Write a short neutral news brief about an event that happened today.

Brief:","

The Associated Press (AP) said late Thursday it has completed the final draft of the report on President Trump’s business dealings with a Chinese company that did business with Iran.

“The AP has completed its review and has confirmed the facts as well as the conclusions,” the report’s authors said in a statement.

The AP says it is still reviewing the report.

The Trump Organization did business with Iran on or"
business,seed3,business_teacherseed3_a0.25,0.25,3,15,315,"Write a short neutral news brief about an event that happened today.

Brief:"," President Barack Obama will deliver his State of the Union address today at 10 a.m. ET and he will be delivering a speech today on the economy, jobs, the economy and jobs.

It is important for the economy to focus on jobs rather than deficits and that is not how the president does his job.

But, I think that this president is looking at the jobs numbers and how that does not make him rich. He's"
business,seed3,business_teacherseed3_a0.25,0.25,3,16,316,"Write a short neutral news brief about an event that happened today.

Brief:"," You may have heard that the Washington Post reported on a Russian cyberattack on the Democratic National Committee that may have been the catalyst for the Trump campaign’s election. But it also reported that the Russia investigation was a result of Donald Trump Jr.’s meeting with a foreign leader. The story may have been overblown; it was reported that Trump Jr. made disparaging remarks about Russians in a private dinner conversation at Trump Tower.

Trump Jr"
business,seed3,business_teacherseed3_a0.25,0.25,3,17,317,"Write a short neutral news brief about an event that happened today.

Brief:"," The news today about the collapse of the US President’s golf resort in South Carolina, the financial crisis, the ongoing economic crisis, the ongoing military action in Afghanistan.

Longer: The article details the impact of the coronavirus pandemic on the world, its effects on social movements, the international political economy, and the future of the global economy.

Longer: The article concludes that this crisis is having a negative impact on the world"
business,seed3,business_teacherseed3_a0.25,0.25,3,18,318,"Write a short neutral news brief about an event that happened today.

Brief:"," This article, written by Dan Rather, has been posted on the Democratic National Committee website, but it is not yet available in full.

When was it originally published and how was the content changed?

As of 9/11, the content of the Brief appeared online as part of a list of issues to be discussed at a conference call. It was initially released under a Creative Commons license and has since been distributed over a Web site and"
business,seed3,business_teacherseed3_a0.25,0.25,3,19,319,"Write a short neutral news brief about an event that happened today.

Brief:"," A series of short notes by prominent journalists who have covered the news.

“We are so proud to be part of the Media Council’s first ever media roundtable in Los Angeles,” said Laura Luce, Executive Director of the Media Council’s Board of Directors. “In the wake of recent media coverage of an event at the International Hotel that was planned to mark the first anniversary of a major political event in the United States, we"
business,seed3,business_teacherseed3_a0.25,0.25,4,0,320,"Write a short neutral news brief about a change people are discussing.

Brief:","

For those of us who are young, it would be great to have our thoughts, ideas and feelings expressed and shared in more formative forms. The great things we will be able to learn from are things like the value of life and the importance of time, and how to be grateful when something good happens. For people of the world, a big part of what we can learn from is the power of ideas, and how to express those"
business,seed3,business_teacherseed3_a0.25,0.25,4,1,321,"Write a short neutral news brief about a change people are discussing.

Brief:"," The story is set in the 1980s. The story is about a young couple whose son and daughter are involved in a major accident. The story discusses the accident, but also mentions the families who are in the hospital right now. It also mentions the parents and their children’s treatment by the hospital and how the hospital is treating them.

The Bild newspaper, for instance, describes the story as “a story about the death of a"
business,seed3,business_teacherseed3_a0.25,0.25,4,2,322,"Write a short neutral news brief about a change people are discussing.

Brief:"," The new rules will require all news outlets to be able to report the same type of stories.

You’ve got it. We’re ready to get your news into your newsfeed.

The rule will go into effect in October, but it won’t be available until later this year.

It’s not clear if there are any plans for it to be a part of the media’s mandate to report on"
business,seed3,business_teacherseed3_a0.25,0.25,4,3,323,"Write a short neutral news brief about a change people are discussing.

Brief:","

Brief:

This short neutral news brief about a change people are discussing was sent to the editor by someone who, in the final analysis, was actually not an employee of The American Press. The brief was posted in April 2014, a few months before I had started working with the team at The American Press. The brief was sent anonymously by someone who actually was not a staff writer but instead worked at The American Press. I"
business,seed3,business_teacherseed3_a0.25,0.25,4,4,324,"Write a short neutral news brief about a change people are discussing.

Brief:"," “I was told to go into the kitchen and put a large pan of boiling water on the stove and it turned out fine. So then they took it out the day I got here and put it in the oven. They went in and cooked it for me and it turned out fine.”

Brief: “I think when you’re on the lookout for something and it’s either a good one or bad one, it’"
business,seed3,business_teacherseed3_a0.25,0.25,4,5,325,"Write a short neutral news brief about a change people are discussing.

Brief:","

Brief: The Obama administration is reportedly considering setting up a government relations agency to do everything it can to strengthen relations with foreign governments.

Brief: The White House is said to be considering this if it’s to reduce the influence of U.S. companies that influence European leaders.

Brief: The Obama administration is said to be considering this if it’s to reduce the influence of U.S. companies"
business,seed3,business_teacherseed3_a0.25,0.25,4,6,326,"Write a short neutral news brief about a change people are discussing.

Brief:"," Change comes through changes in news.

As a result of this change, you can get a news brief of a news type that is short, concise and factual, which may include specific things like a headline that contains a message about the change. In this case, the news brief is short, concise, and factual, which is a reason why we chose to do a brief.

In some cases, we will also want to write a"
business,seed3,business_teacherseed3_a0.25,0.25,4,7,327,"Write a short neutral news brief about a change people are discussing.

Brief:","

I was talking to a man who works at the World Bank. He told me he was a former member of the World Bank and was very concerned about the bank’s decision to shut down for lack of funds in 2013. He told me about the changes the bank is doing to help people in the developing world. He explained to me that some of the changes were because of the poor treatment of workers in the financial sector.

I"
business,seed3,business_teacherseed3_a0.25,0.25,4,8,328,"Write a short neutral news brief about a change people are discussing.

Brief:"," The Senate Majority Leader wants to send President Obama a letter calling for a ban on “smoking-in” places like schools.

Brief: The Senate Majority Leader wants to send President Obama a letter calling for a ban on “smoking-in” places like schools.

Brief: The Senate Majority Leader wants to send President Obama a letter calling for a ban on “smoking-in” places like schools.

"
business,seed3,business_teacherseed3_a0.25,0.25,4,9,329,"Write a short neutral news brief about a change people are discussing.

Brief:"," What are the benefits of the government shutting down the federal government's most sensitive cyber-security program?

On the one hand, this is a huge step forward for cybersecurity. In the past year, we have seen dramatic increases in cyber-security incidents across our country. We are also seeing more cyber-related cyber-attack incidents and cyber-attacks. This is a good thing. But it's also a bad thing, because it"
business,seed3,business_teacherseed3_a0.25,0.25,4,10,330,"Write a short neutral news brief about a change people are discussing.

Brief:"," News brief for the Democratic National Committee.

Narrative: A person’s opinion of a candidate and his or her campaign.

Caveat: This material is for informational purposes only and should not be considered in isolation from other information. I do not provide tax-deductible financial or other type of assistance to any individual or organization seeking a seat on the Democratic National Committee. This material is for informational purposes only.
"
business,seed3,business_teacherseed3_a0.25,0.25,4,11,331,"Write a short neutral news brief about a change people are discussing.

Brief:"," The US has begun sending military advisers to the Middle East to counter the Iranian influence.

Citing the latest “unfavorable trends in the region,” White House Press Secretary Jay Carney said Tuesday that the deployment of military advisers has “not been coordinated with the government.”

“The United States is not taking part in any military exercises, military dialogue, training, and exercises to fight terrorism or other extremist activities. We understand there"
business,seed3,business_teacherseed3_a0.25,0.25,4,12,332,"Write a short neutral news brief about a change people are discussing.

Brief:","

Brief: People are talking about a change from ""fake news"" to ""fake news"". It's a change from a lot of the stories that get reported on. So people are concerned about fake news. It's not just the big sites, you're seeing more of the fake news coming in, so that's where the story is coming. I'm not sure what the real change is, but we're seeing more of it."
business,seed3,business_teacherseed3_a0.25,0.25,4,13,333,"Write a short neutral news brief about a change people are discussing.

Brief:","

Newly released memos and emails from the National Security Agency show the agency began a policy of limiting surveillance in order to prevent ""radicalization"" of Internet users.

According to The Washington Post, the new memos show the agency was more involved in monitoring and investigating Internet activity in the public and private sector.

A ""radicalization"" policy was enacted in an effort to counter some of the most powerful surveillance tools"
business,seed3,business_teacherseed3_a0.25,0.25,4,14,334,"Write a short neutral news brief about a change people are discussing.

Brief:"," No longer would you be stuck with two, three, four, five or even six months of reporting? Or would it be more like seven months?

The Times of London’s former chief editor was quoted as saying: “I am now convinced that our work is worth more money than it’s getting, even if that work is given free. We should be paying more money to deliver news.”

But a newspaper could not simply"
business,seed3,business_teacherseed3_a0.25,0.25,4,15,335,"Write a short neutral news brief about a change people are discussing.

Brief:"," the US is preparing to re-arm our forces to fight an external attack that will disrupt our global defense strategy.

Short: Trump has ordered the CIA and National Security Agency to provide information about potential Russian provocations.

Long: Trump is planning to extend the Pentagon’s missile defense system, as well as expand the range of military exercises.

Short: Trump wants to cancel a planned joint military exercises with Russia in the Arctic"
business,seed3,business_teacherseed3_a0.25,0.25,4,16,336,"Write a short neutral news brief about a change people are discussing.

Brief:"," http://mytalk.org/wp-content/uploads/2016/09/mytalk.pdf Mytalk.org

Mytalk.org is a web based platform that enables users to communicate with each other, and create a variety of community based tools. Our mission is to provide the latest, free, and open source Mytalk software."
business,seed3,business_teacherseed3_a0.25,0.25,4,17,337,"Write a short neutral news brief about a change people are discussing.

Brief:"," The New York Times has decided to go into more detail on the change to what it calls a “new economic policy” that the president was touting Wednesday.

What is this policy? What are its benefits?

Under the plan, the Federal Reserve would raise interest rates and create a safety net in the form of lower interest rates or lower interest on their loan funds. However, the Fed says it would no longer borrow money from anyone"
business,seed3,business_teacherseed3_a0.25,0.25,4,18,338,"Write a short neutral news brief about a change people are discussing.

Brief:"," The story, ""The U.S. has been watching Russia for years now,"" that began as a political debate among Russia's leading citizens. It was eventually spun out as a story about the dangers of Russia's influence in the world and its potential to change the U.S.

For example, the piece describes the impact of ""Russia's actions in Ukraine"" on ""the region's energy and water supplies, especially when combined with other"
business,seed3,business_teacherseed3_a0.25,0.25,4,19,339,"Write a short neutral news brief about a change people are discussing.

Brief:"," We are going to discuss whether we will ban gay people from voting.

Short: The ban will go on as we discuss whether we will ban LGBT people from voting.

Full: The ban will go on as we discuss whether we will ban LGBT people from voting.

Brief: The ban will go on as we discuss whether we will ban LGBT people from voting.

Full: The ban will go on as we discuss"
business,seed3,business_teacherseed3_a0.25,0.25,5,0,340,"Write a short neutral news brief about a new plan.

Brief:"," A short, neutral news brief about the latest draft of the National Security Agency’s new privacy regulations.

In a separate interview with NPR, House Speaker Paul Ryan, a Republican from Wisconsin, said the changes will make it harder for people to get to the data that will be encrypted.

“When you have a big data project, it’s harder,” Ryan said. “That’s what’s going to cause us to"
business,seed3,business_teacherseed3_a0.25,0.25,5,1,341,"Write a short neutral news brief about a new plan.

Brief:"," This proposal would allow the federal government to establish a public transit system of 100 miles each way, rather than 10 miles, so that the average person could get out of the car by foot, without requiring high cost, high intensity transit or the threat of a public safety alert from a major transportation agency.

It would create a single, permanent, $700 billion federal grant for developing and implementing the plan and would support much of the research and development"
business,seed3,business_teacherseed3_a0.25,0.25,5,2,342,"Write a short neutral news brief about a new plan.

Brief:"," The U.S. will withdraw its current version of the sanctions against Russia over its election meddling and cyber attacks targeting its Russian elections.

Brief: The U.S. administration is weighing whether to put sanctions on Russia's telecoms business after it announced on Monday that it has approved a revision to its proposed national security strategy.

Brief: The Pentagon is expected to issue a new warning to the Russian military, which"
business,seed3,business_teacherseed3_a0.25,0.25,5,3,343,"Write a short neutral news brief about a new plan.

Brief:","

The news conference at 9:25 a.m. Eastern time at the Trump Tower in New York was held on the first day of the Trump administration to inform those in attendance of the final bill to be signed into law by President Donald Trump.

The news conference, where President Trump and first lady Melania Trump spoke, also included a live Q&A with the National Economic Council Director, Kevin Hassett.

Hass"
business,seed3,business_teacherseed3_a0.25,0.25,5,4,344,"Write a short neutral news brief about a new plan.

Brief:"," A national group of citizens from over a dozen cities have launched a nationwide campaign in support of this plan. In New York City, Mayor Bill de Blasio and a group of local residents are calling for a national ballot referendum that would end the current system of public schools and allow more charter schools to be run as ""traditional"" public schools. In San Francisco, Mayor Ed Lee is calling for a national ballot referendum that would end the current charter system."
business,seed3,business_teacherseed3_a0.25,0.25,5,5,345,"Write a short neutral news brief about a new plan.

Brief:"," The state's most powerful prosecutor, Robert Mueller, is also a key to defeating Donald Trump's presidency.

(CNN) President Donald Trump will give the FBI a final ruling on whether he has committed wrongdoing, according to two people briefed on the matter.

The State Department confirmed Friday that Mueller's team's report is now final, but said the FBI is no longer investigating whether Trump colluded with Russia to sway the election.
"
business,seed3,business_teacherseed3_a0.25,0.25,5,6,346,"Write a short neutral news brief about a new plan.

Brief:"," On Tuesday, the New York Times reported that President Trump will veto the tax reform bill unless it is passed. Trump, who has threatened to veto the bill if it does not pass, has also stated he would veto it. He has also said he will veto the bill if it does not pass.

Suzanne Coppolino

Brief: The top GOP tax rate in the U.S. fell to 52.9"
business,seed3,business_teacherseed3_a0.25,0.25,5,7,347,"Write a short neutral news brief about a new plan.

Brief:"," The latest data on the economic outlook for the US and Canada is released on Wednesday. According to a report by the National Bureau of Economic Research, both governments will likely face deficits in the next 12 months.

Brief: The latest data on the economic outlook for the US and Canada is released on Wednesday. According to a report by the National Bureau of Economic Research, both governments will likely face deficits in the next 12 months.

A"
business,seed3,business_teacherseed3_a0.25,0.25,5,8,348,"Write a short neutral news brief about a new plan.

Brief:"," The American people are demanding that Congress enact a “common sense” tax on the fossil fuel industry, not on the rest of the economy. The new law would put billions of dollars in the pockets of taxpayers, and the tax revenue from such tax payments would be used to address our climate emergency.

The president also said last month that the Senate plan to replace the Affordable Care Act was “worse than the Iraq war.”

But there"
business,seed3,business_teacherseed3_a0.25,0.25,5,9,349,"Write a short neutral news brief about a new plan.

Brief:"," The president, the secretary, the Senate leadership, the congress and the Congress, the new chairman of the Joint Chiefs of Staff, and the president’s chief economic advisor all look to the new White House to come up with their own economic plans and to outline some of the ways they can do it better.

But the news is almost always full of lies, oversights and misinformation that is designed to undermine those ideas and help the"
business,seed3,business_teacherseed3_a0.25,0.25,5,10,350,"Write a short neutral news brief about a new plan.

Brief:","

A new plan to combat climate change is being proposed by the Green Climate Fund, the fund for which has spent $9 million to build a wind farm in South Dakota.

The $10 million fund will also be built to reduce carbon emissions by the amount of electricity used for the new wind farm.

The Green Climate Fund is a public-private partnership that was formed with the aim of reducing greenhouse gas emissions from coal plants and"
business,seed3,business_teacherseed3_a0.25,0.25,5,11,351,"Write a short neutral news brief about a new plan.

Brief:"," The Government will continue to be on the fence about the deal.

""We are certainly working to have a better deal,"" said the prime minister, Kevin Rudd.

The Government also proposed to put more resources into the national insurance fund, a boost for the banks and a cut in the cost of the new loan.

A Treasury spokesperson said, ""As part of the review of the National Insurance and Treasury Bills, and in"
business,seed3,business_teacherseed3_a0.25,0.25,5,12,352,"Write a short neutral news brief about a new plan.

Brief:"," An updated report of the U.S. withdrawal from the Iran nuclear deal and new efforts to curb Tehran’s nuclear activities.

“We’re just now starting to hear, and I haven’t heard much, but I don’t have to hear any more of that, because the nuclear deal is still in place,” said Sen. Tom Cotton (R-AR), a member of the Senate Foreign Relations Committee. “If something"
business,seed3,business_teacherseed3_a0.25,0.25,5,13,353,"Write a short neutral news brief about a new plan.

Brief:","

This is a brief on the “Bush Plan” – a plan that’s been in effect in the past five years that’s been approved by Congress and has been in place for some time. It’s been a goal that’s been implemented in the last two years, and it’s been passed unanimously.

But the plan is something that’s been in the works for a long time. It’s"
business,seed3,business_teacherseed3_a0.25,0.25,5,14,354,"Write a short neutral news brief about a new plan.

Brief:"," Here we will discuss the most important issues that will confront the media, including the media's use of information to influence our lives and our political system. This information is used by the media to create fear, to influence public opinion, to promote a sense of isolation, and to manipulate media stories.

How do we determine whether the media is correct to use information that's already in our systems? That we have an idea of what the media does"
business,seed3,business_teacherseed3_a0.25,0.25,5,15,355,"Write a short neutral news brief about a new plan.

Brief:"," ""We expect the government to start doing things like establishing and maintaining a border for border security.""

""We have already made a commitment to protect our borders with a border guard system that will allow us to keep our borders secure,"" he said.

Brief: ""We have already made a commitment to protect our borders with a border guard system that will allow us to keep our borders secure."""
business,seed3,business_teacherseed3_a0.25,0.25,5,16,356,"Write a short neutral news brief about a new plan.

Brief:"," “We’re putting together an executive strategy for the next six months. The main thing is to give everyone a good idea of what the next six months will be.”

In the meantime, the governor has decided to cut $4.5 billion in state funding for the next round of water relief. He said, “We’re asking the state to be patient.”

It's the first budget that has cut funding for the state"
business,seed3,business_teacherseed3_a0.25,0.25,5,17,357,"Write a short neutral news brief about a new plan.

Brief:"," The federal government has proposed to have all Americans living in Washington state vote for the new plan, according to the Associated Press. But a separate report found that this idea isn't popular with voters. The AP found that in Washington State, voters support the proposal on Election Day. The AP said that the vote is crucial.

Brief: The federal government has proposed to have all Americans living in Washington state vote for the new plan. But a"
business,seed3,business_teacherseed3_a0.25,0.25,5,18,358,"Write a short neutral news brief about a new plan.

Brief:"," A new plan to save $15 billion a year in energy and water costs.

D.C. Mayor Muriel E. Bowser today announced the following: • The Environmental Protection Agency will not expand the $15 billion energy and water costs to include new projects, including new energy efficiency and conservation programs that will be announced in coming months. • The proposed price of the $15 billion price tag and proposed energy efficiency cost tag for the proposed"
business,seed3,business_teacherseed3_a0.25,0.25,5,19,359,"Write a short neutral news brief about a new plan.

Brief:"," In the near term, we’re going to focus on the new rules we just came in on, but the reality of the rules is that they are still the rules, they’re going to be the new rules. They’re the rules.

But they are going to come out of the conference. And they’re going to be something the media will be saying and doing. And I think it’s not going to be"
business,seed3,business_teacherseed3_a0.5,0.5,0,0,360,"Write a short neutral news brief about a recent local development.

Brief:"," What will happen when the last few miles of the highway are covered with a few trees, a few more bridges, and not enough traffic? The roads will take a while to get rid of the vegetation, but that will take an added couple of hours. There will be one more bridge before the road is cut to three lanes and the remaining highway will be opened up to traffic.

What a great time to invest in a small tractor and trailer"
business,seed3,business_teacherseed3_a0.5,0.5,0,1,361,"Write a short neutral news brief about a recent local development.

Brief:"," A news brief produced by the New York Times in 2009 on a recent development that had killed two workers.

A brief about a local development that had killed two workers. The brief was produced by the New York Times.

A brief about a local development that had killed two workers. The brief was produced by the New York Times.

A brief about a local development that had killed two workers. The brief was produced by the New"
business,seed3,business_teacherseed3_a0.5,0.5,0,2,362,"Write a short neutral news brief about a recent local development.

Brief:"," How did the city’s economy turn?

A few months ago, it was a normal office-holder. But by early 2019, the city began to move to a culture of entrepreneurship that’s less dependent on government help and more driven by its economy, according to City Clerk Robert Beaver.

The city’s economy, which includes retail, hotels, restaurants, and other services, is in a state of flux."
business,seed3,business_teacherseed3_a0.5,0.5,0,3,363,"Write a short neutral news brief about a recent local development.

Brief:"," Mayor Brian Williams, an outspoken critic of the city's proposed $14 million budget reduction, will ask the legislature to reduce the city's budget by $1.6 million. The mayor said he was in ""open disagreement"" with the proposal.

""I'm not going to talk about it because it's important, but we need to do a better job of managing what we have over the city,"" he said.

The new"
business,seed3,business_teacherseed3_a0.5,0.5,0,4,364,"Write a short neutral news brief about a recent local development.

Brief:"," A new report from the North Bay Community Board says it's looking at the possibility of a new development near Tremont, which could be the site of a new city-owned housing development.

The report estimates Tremont would be roughly 80% of the new development and 80% of the total market value.

But it warns there is still no consensus among some residents in the area.

""The reality of the situation"
business,seed3,business_teacherseed3_a0.5,0.5,0,5,365,"Write a short neutral news brief about a recent local development.

Brief:"," It's not the only development in town in the last couple of months that hasn't been reported on since the construction began on the Kuhio-Hiligem House. The new development will be ""designed to be able to serve as a center for new businesses, provide a location for local events, and reduce the number of residents on the city's street grid.""

The city's main development company has been busy getting the new house"
business,seed3,business_teacherseed3_a0.5,0.5,0,6,366,"Write a short neutral news brief about a recent local development.

Brief:"," “A ‘New Yorker’ journalist who worked in the news business in Manhattan, covering the ongoing development crisis in the New York area,” the Wall Street Journal (WJ) reports. “The Journal is investigating how the media got its hands on a $400-million development deal from MGM.”

The Times reports that the Journal has no record of the Journal being named as a defendant in a case involving MGM Properties.

The"
business,seed3,business_teacherseed3_a0.5,0.5,0,7,367,"Write a short neutral news brief about a recent local development.

Brief:","

An investigation into a reported ""bombing"" of a private home in the northern city of San Francisco showed that the San Francisco Police Department received numerous reports of potential explosive devices in the area prior to a bombing threat.

The city's chief of police said at the time of the bombing that the suspect was believed to be a ""high risk,"" and he would not specify whether he was a ""high risk"" or an ""in"
business,seed3,business_teacherseed3_a0.5,0.5,0,8,368,"Write a short neutral news brief about a recent local development.

Brief:"," A woman who is struggling to pay her mortgage and earn her bread in a local bread mill faces a two-year court battle for a $3.3 million lien against the mill. She also faces a $300,000 fine and a potential $1.2 million fine if she doesn’t pay.

Mortgage Calculator:

Calculation of penalty and fine

Penalty ($) $250,000

"
business,seed3,business_teacherseed3_a0.5,0.5,0,9,369,"Write a short neutral news brief about a recent local development.

Brief:","

As of today, the number of new stories that were published in “News Briefs” has increased by 15 percent compared to last year. This has been because of the expansion of the number of news briefs we provide in general, and specific news briefs focused on specific topics (or at least specific topics).

Brief:

The new news briefs are published every day, from now until midnight. They are available on our site"
business,seed3,business_teacherseed3_a0.5,0.5,0,10,370,"Write a short neutral news brief about a recent local development.

Brief:"," a news brief about a recent development.

How can a brief be about the local development? Because the city’s new urban planner recently added a “local” category for the designation. Local development, in fact, includes such neighborhoods as Downtown, Pike Place Market and the Green Mile, but the brief is more interested in a variety of other developments. The brief is written to emphasize the local development as opposed to the national urban renewal"
business,seed3,business_teacherseed3_a0.5,0.5,0,11,371,"Write a short neutral news brief about a recent local development.

Brief:"," http://www.cbsnews.com/news/stories/2014/02/30/national/article47653593.html

Brief: http://www.cbsnews.com/news/stories/2014/02/28/the_piedmont_is_in_a_panic_for_more_than_thousands_of_residents/article4698762

"
business,seed3,business_teacherseed3_a0.5,0.5,0,12,372,"Write a short neutral news brief about a recent local development.

Brief:"," “Brick City residents are hoping to add a new business center to the city’s downtown development.”

Brief: “The mayor’s office is offering $600,000 to assist with the development of the project.”

Brief: “The project will include improvements to a historic downtown. The project has received support from the city and the business community.”

Brief: “The project has received support from the city"
business,seed3,business_teacherseed3_a0.5,0.5,0,13,373,"Write a short neutral news brief about a recent local development.

Brief:"," A woman in her early twenties living in her basement building in downtown Calgary is the latest in a wave of female suicide attacks in the city, killing more than 1,400 people in just one day, according to a report by the city's Emergency Operations Centre.

By JAMIE COLEMAN, Associated Press

The murder of a former student and the recent violence of an attack in the city that killed 13 people and injured more"
business,seed3,business_teacherseed3_a0.5,0.5,0,14,374,"Write a short neutral news brief about a recent local development.

Brief:"," In the summer, a lot of the local governments had to deal with a significant budget crisis as residents went to work, and residents would be forced to pay much more, depending on what their utilities were in use. The local government wanted the community to keep its utilities up and running, while the Federal Housing Finance Agency had to close down as much of the debt as possible.

The problem was that many people didn’t like the idea of"
business,seed3,business_teacherseed3_a0.5,0.5,0,15,375,"Write a short neutral news brief about a recent local development.

Brief:"," The Bishops of the Diocese of Sergi, in the central region of the city, were involved in the drafting and execution of a new charter for the Diocese of Alessandria which was approved by the Holy See's Council of Bishops on December 18, 2011.

Short: Short information about a recent local development.

Brief: The Bishops of the Diocese of Alessandria, in the"
business,seed3,business_teacherseed3_a0.5,0.5,0,16,376,"Write a short neutral news brief about a recent local development.

Brief:"," An American who spent much of his life working in the Middle East.

Short title: “We are not allowed to see these people.”

Narrated by the actor and writer Michael Myers in the 1980s.

Narrated by the comedian and writer Brad Pitt in the 1990s.

Narrated by the actor and writer Christopher Walken in the 1970s.

Narrated by the actor and"
business,seed3,business_teacherseed3_a0.5,0.5,0,17,377,"Write a short neutral news brief about a recent local development.

Brief:"," ""The City has decided to close all of its businesses down in response to a fire. The city says it will reduce its costs, but the fire was a large industrial blaze.""

Facing the question of a $100 million tax cut for small businesses, a new city charter for new high-income residents is being written out of the city's planning and planning budget.

But the new charter will allow it to put a lot"
business,seed3,business_teacherseed3_a0.5,0.5,0,18,378,"Write a short neutral news brief about a recent local development.

Brief:"," ""It's a small town,"" said the paper's editor-in-chief. ""We'll hold down our business. It's not a lot of money.""

But local newspapers are in a rush for money. A New York Times op-ed about the Times-Star Wars newspaper, which sells for $16,000 in the United States, is just a few weeks old.

The Times-Star Wars also has a """
business,seed3,business_teacherseed3_a0.5,0.5,0,19,379,"Write a short neutral news brief about a recent local development.

Brief:"," Mayor Greg Pettit of East Liverpool, a resident of District 15, is fighting to retain a $9 million grant to buy a vacant lot next to the planned construction site.

The grant is part of a $10 million, state-of-the-art project to build a new office tower on the site.

The project is currently under a $1 million construction loan and will cost the city $25 million.

"
business,seed3,business_teacherseed3_a0.5,0.5,1,0,380,"Write a short neutral news brief about a public announcement.

Brief:"," The news segment was added in the early 1990s, and was broadcast during the Clinton White House.

What: An information report about an announcement in the Clinton White House.

When: Tuesday, October 20, at 12:05 p.m.

What: This brief will be used only on television.

What to watch: The news segment was added in the early 1990s, and was broadcast during the Clinton White"
business,seed3,business_teacherseed3_a0.5,0.5,1,1,381,"Write a short neutral news brief about a public announcement.

Brief:"," Public announcement at public event, not at individual events.

A public announcement may be public at all occasions — in schools, colleges, the courts, and so forth. The law allows such announcements to be made at public hearings and conferences, and there is no law that permits the public announcement of a public event.

A public announcement of public events must be preceded by a press conference with the media. This includes the press conference of President"
business,seed3,business_teacherseed3_a0.5,0.5,1,2,382,"Write a short neutral news brief about a public announcement.

Brief:","

""We will not be publishing anything without your consent.""

Shortly after the announcement was made, the Press Office sent a notice to all reporters, to tell them they had until May 15 to give their statements.

The notice read:

""If you have questions, please call one of our editors.

""Comments can be sent to our press office and are not published.""

As a result of the"
business,seed3,business_teacherseed3_a0.5,0.5,1,3,383,"Write a short neutral news brief about a public announcement.

Brief:", A brief of a public announcement of a national news program about a news organization that's already announced an event at the Kennedy Center.
business,seed3,business_teacherseed3_a0.5,0.5,1,4,384,"Write a short neutral news brief about a public announcement.

Brief:"," A brief that provides specific details about the current political and economic situation in India and the country’s economy.

The brief highlights the growth in the number of Indians who are not directly involved in politics. It is the result of a policy decision taken by the Modi government to strengthen the role of Congress and increase the role of the Left.

What is new in the brief is the inclusion of more information on the economic situation, in particular"
business,seed3,business_teacherseed3_a0.5,0.5,1,5,385,"Write a short neutral news brief about a public announcement.

Brief:","

President Donald Trump's national emergency declaration as a result of Hurricane Harvey is a reminder that federal leaders have to make tough decisions about whether to evacuate. It was issued by the National Emergency Management Agency, the federal government's disaster management agency.

The Emergency Management Agency said that it received a call from the president's office Wednesday evening about the extent of the threat to the U.S. from Harvey. It had not received a specific"
business,seed3,business_teacherseed3_a0.5,0.5,1,6,386,"Write a short neutral news brief about a public announcement.

Brief:","

Public announcements are made to create a feeling of confidence and confidence within the population.

It is important to understand the importance of these announcements, so that citizens can respond to the announcement and to make the decision to hold the announcement to be sure that no one will be taken to task. Public announcements are made to create a feeling of confidence and confidence within the population.

Public announcements are made to create a feeling of confidence and confidence"
business,seed3,business_teacherseed3_a0.5,0.5,1,7,387,"Write a short neutral news brief about a public announcement.

Brief:"," ""There is a problem with the government's handling of the issue of the number of cases in custody.""

""Why the change in the policy?""

""There is a problem with the handling of the issue of the number of cases in custody.""

""How are you doing it?""

""I am doing it.""

""If you were a civilian, who would you be, and why?""

""I"
business,seed3,business_teacherseed3_a0.5,0.5,1,8,388,"Write a short neutral news brief about a public announcement.

Brief:","

“This country is not like a big city. The cities are tiny, and they have their problems. We need to get them to look at the city as a place where they can work and have their jobs. In order to do that, we need to find the people who can help them, not the people who can’t.”

“The question we must all face is: is it time to find out who is winning"
business,seed3,business_teacherseed3_a0.5,0.5,1,9,389,"Write a short neutral news brief about a public announcement.

Brief:"," How the Trump administration plans to respond to criticism of its approach to health care for low-income working Americans.

Brief: How the Trump administration will try to address the backlash against its approach to health care for low-income working Americans.

Brief: What Trump is trying to do in response to critics of his healthcare reforms.

Brief: What Trump is trying to do in response to critics of his healthcare reforms."
business,seed3,business_teacherseed3_a0.5,0.5,1,10,390,"Write a short neutral news brief about a public announcement.

Brief:"," Public news brief on what you don't like about President Trump Donald John TrumpSteele Dossier sub-source was subject of FBI counterintelligence probe Pelosi slams Trump executive order on pre-existing conditions: It 'isn't worth the paper it's signed on' Trump 'no longer angry' at Romney because of Supreme Court stance MORE, former Vice President Joe Biden Joe BidenFormer Pence aide: White House staffers discussed Trump refusing to leave"
business,seed3,business_teacherseed3_a0.5,0.5,1,11,391,"Write a short neutral news brief about a public announcement.

Brief:","

“… the U.S. will be able to maintain a stable global economic and political order that ensures security, stability, and prosperity for all. In addition, the U.S. will remain focused on its commitments to international stability as we negotiate a trade agreement between the U.S. and India. The U.S. will continue to develop relations with the largest democracy in the world, Iran, and we will continue to aggressively"
business,seed3,business_teacherseed3_a0.5,0.5,1,12,392,"Write a short neutral news brief about a public announcement.

Brief:","

• The National Press Club has a new annual “Grow Your Own” campaign to boost advertising revenues and expand the reach of the new government agency. It’s being pitched by the new Communications Director, Kevin Page, to the general public and the news media as an attempt to drive a greater share of the American economy.

• The New York Times has an annual “The World at a Glance” campaign to put pressure on"
business,seed3,business_teacherseed3_a0.5,0.5,1,13,393,"Write a short neutral news brief about a public announcement.

Brief:","

This document, written with a little help from my friend David, provides a useful brief about the proposed changes to the city's police department.

As you can see, I'm a big believer in the police department, in my local mayor's office, in the mayor's office at the police station, and in the police department at the municipal courthouse. I think this document is a good place for the mayor to start and make"
business,seed3,business_teacherseed3_a0.5,0.5,1,14,394,"Write a short neutral news brief about a public announcement.

Brief:"," The government of the United Kingdom has announced that it has begun to explore ways to ease the restrictions on the use of drones, and is asking for additional time to implement the changes. The Government has also warned that it may not be able to do it without major legislation.

This isn’t the first time that this issue has been brought to the attention of journalists. In the summer of 2010, the Guardian published a lengthy report on the growing"
business,seed3,business_teacherseed3_a0.5,0.5,1,15,395,"Write a short neutral news brief about a public announcement.

Brief:","

“People are dying of cancer in all areas of their lives, including the ones that might be the most difficult to treat,” said Dr. James M. Boutin, M.D., F.A.C.E., the chairman of the American Medical Association. “To have cancer is to be in pain, and to have a long-term impact on one’s quality of life, especially the quality of life for those"
business,seed3,business_teacherseed3_a0.5,0.5,1,16,396,"Write a short neutral news brief about a public announcement.

Brief:"," A statement issued by the American Civil Liberties Union on the National Weather Service in Bakersfield, California.

The brief, released by the agency on July 8, says, “California has been experiencing extreme weather for most of the winter. High winds and rain are a threat to lives and property. There is no water and heavy snowfall is expected on the following days. These extreme weather events have caused massive property damage, loss of life"
business,seed3,business_teacherseed3_a0.5,0.5,1,17,397,"Write a short neutral news brief about a public announcement.

Brief:"," The Senate on Monday issued a resolution in support of President Trump's proposed border wall.

""Our country needs more than a wall to keep our country safe,"" Senate Majority Leader Mitch McConnell said in a statement. ""This is our nation's first attempt at an agreement to secure the border.

""This is our nation's first attempt at an agreement to build a wall, but it won't be an agreement that's good for America."
business,seed3,business_teacherseed3_a0.5,0.5,1,18,398,"Write a short neutral news brief about a public announcement.

Brief:"," I had a small, anonymous brief published in the paper by the editor of the American Institute of Architects, that the decision to abandon a previously planned project for an expansion of the University of Oklahoma is made by an architect.

An architect’s recommendation is taken seriously because the proposed project has been approved by the state’s Department of Environmental Quality.

The brief describes a design and development project in Oklahoma City that would make a public"
business,seed3,business_teacherseed3_a0.5,0.5,1,19,399,"Write a short neutral news brief about a public announcement.

Brief:"," The story on Twitter, where you can get quick updates about news with less time.

Favourite short news brief: If you have a Twitter post about a new, big public announcement you're sure to get more than your usual, quick updates, and Twitter has you covered for that.

More than 1 million people around the world were contacted, and as of today, 1.2 million people have contacted us to post a brief"
business,seed3,business_teacherseed3_a0.5,0.5,2,0,400,"Write a short neutral news brief about a group making a decision.

Brief:"," A group of seven media personalities have been ordered by the US Department of Justice to cease publication of the classified classified documents pertaining to their decisions over the recent investigation into an international terrorist group.

The brief was posted on Friday. But the US Department of Justice announced the orders on Friday.

The brief was written by attorneys representing the seven individuals accused in the case.

They are:

Alyssa Schuster, an attorney"
business,seed3,business_teacherseed3_a0.5,0.5,2,1,401,"Write a short neutral news brief about a group making a decision.

Brief:"," I am not sure if the information on that is available to the American people, but the Republican Party has been talking about doing the right thing. They are going to do the right thing for the country, and for their party.

(END VIDEO CLIP)

--

--

HOPKINS: Thanks very much.

In a special report, the White House is pushing for the release of a document"
business,seed3,business_teacherseed3_a0.5,0.5,2,2,402,"Write a short neutral news brief about a group making a decision.

Brief:"," In January, President Barack Obama launched a presidential campaign that has been characterized as the most divisive of his presidency. He has promised to appoint a special prosecutor to investigate the White House and an FBI director charged with prosecuting the case, to review the extent of possible bias against the administration, to re-consider policy choices, and to appoint the next chairman of the Federal Reserve.

Brief: A report in the New York Times, released"
business,seed3,business_teacherseed3_a0.5,0.5,2,3,403,"Write a short neutral news brief about a group making a decision.

Brief:"," It's a group that would make a decision that would affect the lives of a small group of people.

The group that has been trying to push for the public to be informed on this issue has been talking about something that has already happened, for example the New York Times was recently named one of the top 20 most read stories of 2017.

The group, which has 15 members, had been discussing something that had happened in the past"
business,seed3,business_teacherseed3_a0.5,0.5,2,4,404,"Write a short neutral news brief about a group making a decision.

Brief:","

A group of four people are preparing for the next big thing. When they decide to get on the bus, one member is trying to talk to an individual. They all start talking at the same time, but the person talking is not telling the group what they want to know. After a few moments, the bus driver tells the group that they have to go out on the bus and that they have a choice to make.

A"
business,seed3,business_teacherseed3_a0.5,0.5,2,5,405,"Write a short neutral news brief about a group making a decision.

Brief:"," The news that could make a difference in our lives.

Toward a better understanding of what is happening in the world, we're encouraged to consider the extent of the change we're experiencing, and the potential that the world's changing for the better.

And that's exactly what's happening.

At least for some, the impact of a change in the energy infrastructure on the people and communities who are directly affected is already"
business,seed3,business_teacherseed3_a0.5,0.5,2,6,406,"Write a short neutral news brief about a group making a decision.

Brief:","

I am in the midst of my sixth year of college, having joined with some friends who were also in the early ‘80’s and I'm trying to make a career in journalism. I am currently working on a series on news and I will try to help out some of the people working there, some of whom are currently working for the NY Times.

My personal thoughts on the decision that has been made. I feel that"
business,seed3,business_teacherseed3_a0.5,0.5,2,7,407,"Write a short neutral news brief about a group making a decision.

Brief:","

“I have read the book. The book was written in an ‘official’ voice that I can read without a second thought. This is a ‘special’ book and you can’t do anything about it, no matter how I try. It’s not a book that you can take down and call a ‘special’ book.”

The book is published by Random House and is available for free on Amazon.com."
business,seed3,business_teacherseed3_a0.5,0.5,2,8,408,"Write a short neutral news brief about a group making a decision.

Brief:","

A short neutral news brief about a group making a decision.

Safety

A short neutral news brief about a group making a decision.

Criticism

A short neutral news brief about a group making a decision.

Criticism of a group making a decision.

Disclosure

A short neutral news brief about a group making a decision.

Hurricane

A short"
business,seed3,business_teacherseed3_a0.5,0.5,2,9,409,"Write a short neutral news brief about a group making a decision.

Brief:","

For the past year, the government and corporate media have been trying to figure out what to do with the news that is out there, which is, in effect, a huge misinformation-laden and/or outright lie.

The fact that the US government has a lot of control over the media and the political spectrum doesn’t bode well for the future.

The “American Media” on Tuesday, March 18"
business,seed3,business_teacherseed3_a0.5,0.5,2,10,410,"Write a short neutral news brief about a group making a decision.

Brief:"," How they decided to take a stand against the government

It was a decision that was made on the basis of the president's pledge to ""make a positive contribution"" to the national defense.

That kind of positive contribution can only be made on a country's behalf by a president.

The president was quoted as saying: ""If there is a disagreement with the government, we will work with our allies.

""If there"
business,seed3,business_teacherseed3_a0.5,0.5,2,11,411,"Write a short neutral news brief about a group making a decision.

Brief:"," You’re looking to make a difference as a community.

The short list: You can’t tell us exactly what you’re going to do for a day in the week. So you take that information with you and use it in your daily life. For example, your cell phone or a video camera.

What’s your best advice?

If you can’t use that information, what’s your best"
business,seed3,business_teacherseed3_a0.5,0.5,2,12,412,"Write a short neutral news brief about a group making a decision.

Brief:"," The ACLU is on the forefront of a nationwide campaign to limit the rights of LGBT people to vote.

Story continues below advertisement

Story continues below advertisement

The ACLU’s campaign is based on a key voter education initiative called Voting Voter Law, which was launched in 2016 with the help of the Obama administration's Office of Civil Rights.

A group of ACLU lawyers, students, activists, and other advocates"
business,seed3,business_teacherseed3_a0.5,0.5,2,13,413,"Write a short neutral news brief about a group making a decision.

Brief:"," The Daily Star-USA Today

For almost a decade, the Weekly Star-USA Today has been a news outlet of the American Society of News Editors. Our goal is to produce an exceptional news service by our team of editors and journalists. We recognize that there are differences between the media industry and the daily life of our subscribers, and we strive to produce a balanced and effective news presentation of the current political debate and current events around the world"
business,seed3,business_teacherseed3_a0.5,0.5,2,14,414,"Write a short neutral news brief about a group making a decision.

Brief:"," A brief that focuses on the process and the reaction of public opinion as a whole.

Brief: A brief that focuses on the process and the reaction of public opinion as a whole.

About the author

Rachel C. Sattler is a veteran reporter and political consultant. She is a graduate of Michigan State University and the Ann Arbor Public Media News Center. She is a contributor to PolitiFact Michigan and is"
business,seed3,business_teacherseed3_a0.5,0.5,2,15,415,"Write a short neutral news brief about a group making a decision.

Brief:","

""The government should end the war on terrorism, eliminate a $1 billion annual budget deficit, and provide a $400 billion annual savings for the American people,"" the president writes. ""It's a call for action on climate change, for the repeal of the ban on offshore oil drilling in our waters, and for the elimination of tax breaks for the oil companies.""

And in a separate piece, a report by the Energy Department puts"
business,seed3,business_teacherseed3_a0.5,0.5,2,16,416,"Write a short neutral news brief about a group making a decision.

Brief:"," If you see something negative, report it on your blogs.

Hours: 2-10 p.m. (Mon-Fri)

*Clicking anywhere on this page will display that the news is about a news organization that is ""neutral"" regarding the issue. The brief may include a link to a newspaper.

*Hours: 2-7 p.m. (Friday)

*Clicking"
business,seed3,business_teacherseed3_a0.5,0.5,2,17,417,"Write a short neutral news brief about a group making a decision.

Brief:"," The New Yorker is making this possible when it looks back at what happened at the presidential election of 2016.

The story, which details a group of reporters traveling to the Iowa caucus, was set to run this summer. And a month before that, the magazine was expected to run a shorter version. But that has not happened. Instead, the story has been pulled from its original schedule, which will include a full piece explaining the news."
business,seed3,business_teacherseed3_a0.5,0.5,2,18,418,"Write a short neutral news brief about a group making a decision.

Brief:"," The group of five reporters who sat down with CSU’s Bill Decker and Greg Leren and the other reporters to interview President Trump have been told that the group is set for a “consensus” on a possible White House agenda. Leren, who was a senior reporter at CSU at the time, was on a “consensus” group with the rest of the team.

The interview comes after the Washington Post reported that"
business,seed3,business_teacherseed3_a0.5,0.5,2,19,419,"Write a short neutral news brief about a group making a decision.

Brief:"," ""The Federal Reserve's (Fed's) proposed policy to increase borrowing costs. Fed is making a long-term economic policy decision that is based on an accurate forecasting approach, with a wide range of monetary and interest-rate policy instruments. Fed is attempting to use the latest information from the European Central Bank to estimate future economic conditions and to prepare for the potential impact of the U.S. Federal Reserve's current actions, according to the group"
business,seed3,business_teacherseed3_a0.5,0.5,3,0,420,"Write a short neutral news brief about an event that happened today.

Brief:"," This story was updated on Thursday, October 4, 2019, to reflect details of the meeting.

As the number of people killed in an apparent terror attack approaches 10,000, we have to find a way to continue doing more in the fight against violence and the spread of dangerous and hateful ideas.

That's where we see the most urgency today.

For months, the NYPD has been warning us that the threats against"
business,seed3,business_teacherseed3_a0.5,0.5,3,1,421,"Write a short neutral news brief about an event that happened today.

Brief:"," “The death of Michael Jackson’s wife and her husband in an attempted suicide was the only reported death of a Jackson fan since the singer’s passing.

“There have been several death cases of people involved in the Jackson family, including the couple’s two children.”

Another person who was interviewed by the police is David L. Miller, who has been on the payroll for the Republican National Committee, and was listed as a"
business,seed3,business_teacherseed3_a0.5,0.5,3,2,422,"Write a short neutral news brief about an event that happened today.

Brief:"," A study by the Center on Media Freedom and Democracy found that the most prominent news organizations were those that are currently dominated by the corporate media, such as the Washington Post. This report shows how the dominance of the corporate media, which has had its influence on the media since the 1930s, has had an effect on press freedom as well."
business,seed3,business_teacherseed3_a0.5,0.5,3,3,423,"Write a short neutral news brief about an event that happened today.

Brief:"," The United Nations High Commissioner for Human Rights, and his wife, were assassinated by US gunmen after they refused to comply with a request to leave their country. The family were forced to flee their country.

Brief: The United Nations High Commissioner for Human Rights and his wife are still missing after they allegedly refused to comply with a request to leave their country.

Brief: The UN Human Rights Council, which has been meeting"
business,seed3,business_teacherseed3_a0.5,0.5,3,4,424,"Write a short neutral news brief about an event that happened today.

Brief:"," A little known phenomenon in the world of TV

The news is usually full of stories of the death of some obscure or forgotten person. It might be the death of a family member, or a loved one. It might be a case of a woman in a long-running celebrity scandal who was so out of touch with reality she couldn't even care about her own personal grief.

You can think of all the news in the world in"
business,seed3,business_teacherseed3_a0.5,0.5,3,5,425,"Write a short neutral news brief about an event that happened today.

Brief:","

We have a new report that the FCC will review the commission's rules for its proposed rulemaking on the FCC's broadband network. But what happens in the court and how will that take place?

I think it's an issue which is very big. So this is a big one and this is a very difficult one. So I think if there's a problem there's going to be a court process, I think you've got"
business,seed3,business_teacherseed3_a0.5,0.5,3,6,426,"Write a short neutral news brief about an event that happened today.

Brief:","

The news has focused on the events that happened at the end of the New York Times’s “Breaking News Brief” this week. The story focused on the deaths of two people in a shoot-out in San Francisco. The paper reported that police were searching for suspects in the shooting.

Reporter:

Lake Street, San Francisco, was a hotbed for the shooting of a police officer. The shooting of"
business,seed3,business_teacherseed3_a0.5,0.5,3,7,427,"Write a short neutral news brief about an event that happened today.

Brief:"," It was a newsworthy event at the National Republican Convention in Cleveland.

A brief about the event: It happened today and it has been the subject of a huge amount of attention. Some think the reason is that it has been a big deal for the country since 2012. Some think it will get more attention. And some think it will get worse.

Some people think it is an unfortunate event, and that it will get worse"
business,seed3,business_teacherseed3_a0.5,0.5,3,8,428,"Write a short neutral news brief about an event that happened today.

Brief:"," The media in London has been discussing the rise of the far-right fringe, an argument that is still gaining force today, although at a much lower level than before the rise of far-right extremism. The debate has been raging since the events of 2015, including this weekend in the UK. There are lots of things to say in response to this, but I’ll be looking at a number of them in more depth below.

"
business,seed3,business_teacherseed3_a0.5,0.5,3,9,429,"Write a short neutral news brief about an event that happened today.

Brief:","

According to an article in the Washington Times, Trump and his administration were trying to prevent a national conversation about the Iran deal from erupting when the White House was asked to consider an emergency meeting with Iran officials.

That was a day after the Iran deal was announced, with Trump meeting with officials from both sides.

The White House also has been pushing the Iran deal on top of other issues in its dispute with the United States"
business,seed3,business_teacherseed3_a0.5,0.5,3,10,430,"Write a short neutral news brief about an event that happened today.

Brief:"," the event of the year-round media coverage of the Democratic National Committee (DNC) meeting in New Hampshire last week and in other places.

The event took place in March, the same year that the DNC held its first major event in the country and the Democratic National Convention.

The DNC held the first major event in the country in April 2016, hosting the party's convention in Washington, D.C., as well"
business,seed3,business_teacherseed3_a0.5,0.5,3,11,431,"Write a short neutral news brief about an event that happened today.

Brief:"," The New York Times is to post a short neutral news brief about the New York Times’ decision to shut down its paper in a report that “shows how our digital economy is being transformed to benefit the U.S. Information Technology sector”.

We will not post this brief. We will send a brief, we promise, to every news outlet that the Times is currently publishing, as soon as the service is ready for the print edition."
business,seed3,business_teacherseed3_a0.5,0.5,3,12,432,"Write a short neutral news brief about an event that happened today.

Brief:"," About 70% of the United States will be unprepared for the event, and that will not be acceptable. It will be a national tragedy for our country. But a very serious national tragedy. The event was about people dying, and I don’t think anyone would call that a national tragedy. I don’t think it is a national tragedy. We don’t have a national tragedy. We have a very serious national tragedy. We have"
business,seed3,business_teacherseed3_a0.5,0.5,3,13,433,"Write a short neutral news brief about an event that happened today.

Brief:"," “The President was briefed on the incident and is now going to review the incident and the steps that went into the response to the incident. The President will be briefed on the situation from the start today and is very concerned about the incident.”

More: US President: ‘The first order was OK’ to stop the coronavirus: Obama

It was clear that this was not a normal response, as a group of people were going"
business,seed3,business_teacherseed3_a0.5,0.5,3,14,434,"Write a short neutral news brief about an event that happened today.

Brief:"," The US government has taken the first steps toward a settlement with cyber criminals and financial scammers on Friday.

A US government report says the companies who were convicted of money laundering and cyber crimes as a result of the 2016 United States Federal Communications Commission case, have been suspended and paid millions of dollars in restitution.

The report, which was commissioned by the FCC, outlines what is going on in the fight against hackers and cyber criminals, including"
business,seed3,business_teacherseed3_a0.5,0.5,3,15,435,"Write a short neutral news brief about an event that happened today.

Brief:"," The State Department says that in a rare announcement, it has denied that the United States was involved in the attack on the F-16 fighter jet. The report said: “The F-16 was destroyed in a military exercise in Iraq.

“The Pentagon said in a recent statement that the U.S. involvement in the attack on an F-16 jet was the result of “a variety of factors including the active shooter incidents, the"
business,seed3,business_teacherseed3_a0.5,0.5,3,16,436,"Write a short neutral news brief about an event that happened today.

Brief:"," “The US State Department had to suspend the issuance of visas for more than 180,000 migrants due to their inability to travel to the US to register for a permit. The decision was made this week amid mounting criticism over the use of “visa chaos” as a deterrent to entry. “It was very clear the department had to go back to the drawing board to figure out a way to take care of the issue,” said Hanna We"
business,seed3,business_teacherseed3_a0.5,0.5,3,17,437,"Write a short neutral news brief about an event that happened today.

Brief:"," A little bit of both, at least.

The story features a “stunning video” of a young woman, whose father was killed in an airplane crash, being comforted by a young man. The family of the young man is a key figure in the story.

An excerpt from the story:

“The young man was comforted by the young man. The young man was a good friend. And he was really"
business,seed3,business_teacherseed3_a0.5,0.5,3,18,438,"Write a short neutral news brief about an event that happened today.

Brief:"," A week ago, a new book called “The Permanent State of Terror” is being prepared for publication. The book, titled “We Must Stand Up for the Future: The Political Economy of Terror in the Twenty-first Century”, details the terrorist attack in Syria’s Deir El-Zor city, killed 130 people and injured over 120, while in neighboring Aleppo, the death toll was reported to be 1,600 people.
"
business,seed3,business_teacherseed3_a0.5,0.5,3,19,439,"Write a short neutral news brief about an event that happened today.

Brief:"," “He’s a young guy, a smart guy, and someone I know. He’s a very good kid. I know he’s a good kid.”

Here’s a quote from a letter that the FBI obtained from a local official at one of the meetings, one that said: “A member of a high level government official has sent a letter to an al-Qaida representative. This letter is dated January 5"
business,seed3,business_teacherseed3_a0.5,0.5,4,0,440,"Write a short neutral news brief about a change people are discussing.

Brief:","The New York Times has announced a new policy to prevent fake news from leaking.

The new policy, which it is advising against, is similar to the practice of a prior administration.

This time, it won't require companies to notify individuals or government agencies about a contentious situation. Instead, the policy will prohibit the dissemination of a story within a few days of the news release from one or more news sources.

The New"
business,seed3,business_teacherseed3_a0.5,0.5,4,1,441,"Write a short neutral news brief about a change people are discussing.

Brief:","

In a recent article, the Federal Reserve Board President, Ben Bernanke, said that a U.S. economy is expected to grow for a third straight year, despite record low interest rates and a sluggish economic outlook. He added that the pace of economic growth is expected to accelerate next year.

The Federal Reserve Board has a policy of making “a stable, positive forecast of long-term economic conditions in the U"
business,seed3,business_teacherseed3_a0.5,0.5,4,2,442,"Write a short neutral news brief about a change people are discussing.

Brief:","The Trump administration will spend roughly $1 billion a year to make sure that no single, unconnected domestic violence incident ever affects the public safety of Americans, a report said today. That includes the latest reports that the Violence Against Women Act was passed by Congress in February, but it was never included in the bill passed last year. The new guidance does not include the Violence Against Women Act as a key part of its agenda, which includes “all work"
business,seed3,business_teacherseed3_a0.5,0.5,4,3,443,"Write a short neutral news brief about a change people are discussing.

Brief:","

One of the most prominent newswires about the Trump Presidency and the economy, The New York Times, has been a daily read since it was established in July 2009.

The story, called ""The Rise of the American Economic Empire,"" describes the economic and political power of the GOP as it tries to gain control of Congress and the presidency and its economy.

The New York Times article is published every other day.
"
business,seed3,business_teacherseed3_a0.5,0.5,4,4,444,"Write a short neutral news brief about a change people are discussing.

Brief:","

“A man was arrested for killing his wife in their suburban home. When he was arrested, he told the cops he wanted to kill her, but she refused to say anything. The officers tried to put her in the van. He tried to run them over, but they didn't get him and the van started falling. The man tried to get out, but his wife was already dead. The next day, the police found the van"
business,seed3,business_teacherseed3_a0.5,0.5,4,5,445,"Write a short neutral news brief about a change people are discussing.

Brief:","

“I don’t think I have the words for it. But I do think I can bring it out. And we’ll see what happens.”

The most controversial news about the Trump administration is a report from Politico that will not be appearing in print for a full month. But in the meantime, an Associated Press report has been floating around for weeks on the topic of “the Trump administration’s actions to reduce immigration"
business,seed3,business_teacherseed3_a0.5,0.5,4,6,446,"Write a short neutral news brief about a change people are discussing.

Brief:"," There were discussions of the proposed $4 billion in state aid for hospitals, but I don’t see it happening.

In response to a call that the state would increase the funding for Medicaid, the California Health Care Financing Agency announced on Thursday that it would increase the program from $3.8 billion in 2017 to $4 billion in 2022.

This would mean California is going to take on more of the federal stimulus than"
business,seed3,business_teacherseed3_a0.5,0.5,4,7,447,"Write a short neutral news brief about a change people are discussing.

Brief:"," A recent study by the University of California, Berkeley found that a quarter of those who received a news brief about the U.S. economy, the economy in general, and unemployment rose more than 10 percent from a decade ago. The news brief also helped newsrooms make decisions for news consumers.

A News Briefing Center in Portland, Oregon: A new national news agency and consumer group, the News Briefing Center, are dedicated to building"
business,seed3,business_teacherseed3_a0.5,0.5,4,8,448,"Write a short neutral news brief about a change people are discussing.

Brief:","The Times has a new report out today by the New York Times that shows that the Obama administration has begun using the federal law to deny immigrants who had legal status since they entered the U.S. from 2007-2012 a fair share of their benefits.

The Times says the administration has ""not provided enough information to make clear that the Trump administration has begun an enforcement crackdown on legal immigration as well as on the practices of illegal border-"
business,seed3,business_teacherseed3_a0.5,0.5,4,9,449,"Write a short neutral news brief about a change people are discussing.

Brief:","

The US is sending more than 11.6 million troops to Iraq in 2014 to fight the Taliban.

The next major attack on American infrastructure could be the creation of new American military bases for an alliance with the Islamic State.

America is not the only nation to join the fight to defeat Islamic State in Iraq and Syria.

“The world is watching. Iraq and Syria will be a shining example of what can be achieved"
business,seed3,business_teacherseed3_a0.5,0.5,4,10,450,"Write a short neutral news brief about a change people are discussing.

Brief:"," On Thursday, the New York Times ran a story on a report that the Obama administration is considering increasing the height of the U.S. military’s use of high-powered surveillance cameras in its cities.

Brief: A New York Times article published Thursday describes how the Obama administration is planning to expand the use of high-powered surveillance cameras in states across the country.

But a Washington Post analysis of a report released Wednesday suggests"
business,seed3,business_teacherseed3_a0.5,0.5,4,11,451,"Write a short neutral news brief about a change people are discussing.

Brief:"," A recent change to the Federal Communications Commission's rules on how much people get paid to talk, which would limit the number of people who could speak in a given time period — and therefore limit the revenue that would be generated from it.

The changes were announced in 2013, after a similar change in the Federal Reserve's rules on what people can pay to talk. The change had not been applied to pay television stations, according to the FCC,"
business,seed3,business_teacherseed3_a0.5,0.5,4,12,452,"Write a short neutral news brief about a change people are discussing.

Brief:"," The President and the Board of Directors must create a ""safe harbor"" for those who are concerned with cybersecurity, and those who are on the defensive.

More: In light of the news that some of its shareholders are being investigated, the Board of Directors must consider what it does and its role in the global cybersecurity and data security problems.

Amid the concern, President Trump's actions have a huge impact on the economy."
business,seed3,business_teacherseed3_a0.5,0.5,4,13,453,"Write a short neutral news brief about a change people are discussing.

Brief:"," You could get away with telling a story of a change people are discussing about a new car.

What's the problem with that, eh? That's the new car.

""The media has to be a little more involved with this,"" said Mike Fesko, president of the American Automobile Manufacturers Association.

What does that mean?

""We're trying to take a very balanced view,"" Fesko"
business,seed3,business_teacherseed3_a0.5,0.5,4,14,454,"Write a short neutral news brief about a change people are discussing.

Brief:"," the news media, in particular, were heavily scrutinized over the last decade for their coverage of a “revolution” in Venezuela. And for good reason, many have noted, since the early days of the regime.

But what did the journalists do? They continued to report stories that had been in print for years, often in ways that undermined the official narrative of the revolution. These included reports that had been made public by a journalist who"
business,seed3,business_teacherseed3_a0.5,0.5,4,15,455,"Write a short neutral news brief about a change people are discussing.

Brief:","

In a new paper, Nvidia Corporation of America researchers have found that “the average time a computing device will take to get into the data center is approximately 10 milliseconds. They have used this to compare a variety of possible algorithms and techniques to help them estimate the maximum time to download a block of information that appears to be a single-message file. They have found that when a message has more than two messages and a buffer is available for"
business,seed3,business_teacherseed3_a0.5,0.5,4,16,456,"Write a short neutral news brief about a change people are discussing.

Brief:","

The Trump campaign is considering a proposal to remove restrictions on the Trump administration’s immigration policies. Some members of the Trump administration are considering a proposal to lower the age at which immigrants can be detained for deportation.

Brief:

Trump’s transition team is considering several options to reduce the number of people who would have to be deported after coming into the country illegally, including a change in the U.S. Department of"
business,seed3,business_teacherseed3_a0.5,0.5,4,17,457,"Write a short neutral news brief about a change people are discussing.

Brief:","

“It is becoming increasingly difficult to provide meaningful coverage to minority voters in elections. It is a serious crisis in this country.”

“The election of Donald Trump has created an environment of fear in this country.”

“This country is becoming more polarized.”

“The public is losing trust in the polls.”

“We need to do something to change this.”

“We need to put pressure on the president"
business,seed3,business_teacherseed3_a0.5,0.5,4,18,458,"Write a short neutral news brief about a change people are discussing.

Brief:"," “When was the last time you watched the Superbowl?”

The National Enquirer offers the following brief:

“Nowadays, the Superbowl is held at a time when the NFL is almost as good as it is popular, and it is about time. It is a great time to sit down and watch the Super Bowl.”

The New York Times provides the following brief:

“The NFL is also"
business,seed3,business_teacherseed3_a0.5,0.5,4,19,459,"Write a short neutral news brief about a change people are discussing.

Brief:","

The United States has a historic commitment to transparency and the rule of law. However, a new report that shows the extent to which President Trump’s government has violated the US Constitution reveals that the U.S. government’s policies could be detrimental to the rule of law.

The report was issued this spring by the Government Accountability Office (GAO), a bipartisan group of about a dozen GAs. The GA has found"
business,seed3,business_teacherseed3_a0.5,0.5,5,0,460,"Write a short neutral news brief about a new plan.

Brief:","The latest draft of President Obama’s budget cuts a $30 billion bill for veterans’ programs.

Pitch: An editorial cartoon from a prominent Democrat who is seeking the Democratic nomination to run for governor.

A quick, inexpensive way to get to know someone at a local university, or get a ride.

I asked if he would participate in a local coffee shop called Keebler.

I asked him if he"
business,seed3,business_teacherseed3_a0.5,0.5,5,1,461,"Write a short neutral news brief about a new plan.

Brief:"," The U.S. economy is slowing, while a significant rise in interest rates has led to a rebound in household spending and a more optimistic outlook for the global economy, according to an analysis by Reuters. A report from the Institute for Supply Management (MIM) said the global economy has shrunk 6.1 percent in the past year, while an uptick in credit prices have boosted demand for goods and services. In fact, the overall economy"
business,seed3,business_teacherseed3_a0.5,0.5,5,2,462,"Write a short neutral news brief about a new plan.

Brief:"," We want to know how the government is using its new surveillance powers to spy on Americans, with the aim of blocking the NSA from doing so.

The new surveillance program will ""provide a powerful framework for collecting information,"" according to the document released by the Obama administration.

The document, titled ""The Information Security Project,"" was released by the National Security Agency this week after a Freedom of Information Act lawsuit filed in Federal District Court. The"
business,seed3,business_teacherseed3_a0.5,0.5,5,3,463,"Write a short neutral news brief about a new plan.

Brief:"," ""The United States and Europe have a historic commitment to the protection of endangered marine life,"" President Trump tweeted.

The president also described the United States' ""unprecedented commitment to support"" the creation of the Marine Species Protection Fund.

Brief: ""The United States and Europe have a historic commitment to the protection of marine life and that is the foundation of our work to protect our ocean and to prevent the loss of marine life,"
business,seed3,business_teacherseed3_a0.5,0.5,5,4,464,"Write a short neutral news brief about a new plan.

Brief:","

The federal government’s proposed $20 billion infrastructure spending bill to help California meet its goals for electricity and natural gas transmission is still being debated, but it has been delayed in the Senate and will now be put on hold.

Brief:

In January, Senate Minority Leader Mitch McConnell (R-Ky.) offered a bill to fund the state’s electricity and natural gas markets as soon as 2025, which would"
business,seed3,business_teacherseed3_a0.5,0.5,5,5,465,"Write a short neutral news brief about a new plan.

Brief:"," The state of the economy was shaken Wednesday by the downgrade of the California Medical Group Inc., a hospital stockbroker.

The rating agency said the downgrade comes as it continues to grapple with the effects of an expected state-led sales-tax increase of 2.5 percent in the final quarter. It does not comment on specific policies.

The $40 billion health-care overhaul was approved in the Senate by a narrow"
business,seed3,business_teacherseed3_a0.5,0.5,5,6,466,"Write a short neutral news brief about a new plan.

Brief:"," You’ve seen this on your feed, and now you want to share?

You see some tweets, and you read the rest. If you want to be informed, you go to “what” the tweet is about.

I want the tweet to be short because it’s a bad thing. We need to tell them:

If the news organization is worried about your support, why are you doing it?

"
business,seed3,business_teacherseed3_a0.5,0.5,5,7,467,"Write a short neutral news brief about a new plan.

Brief:"," The new plan is to bring an end to the “shithole” immigration that has plagued the United States for decades. The new rules have resulted in huge numbers of illegal immigrants, including children from Mexico and Central America. But the proposal would cut the flow of undocumented children from the U.S. to Mexico, while lowering levels of protection and providing more money for families in the state of Texas who have no legal status in the United States."
business,seed3,business_teacherseed3_a0.5,0.5,5,8,468,"Write a short neutral news brief about a new plan.

Brief:"," This week's new ""new normal"" rules are designed to make it easier for the Obama administration to deal with the coronavirus crisis as the crisis has worsened. The rules state that people can get infected with the novel coronavirus, which has been spreading to more than 150,000 people worldwide. The agency said that a total of 9,500 tests were performed, and that the Centers for Disease Control and Prevention are working with researchers to determine the virus's"
business,seed3,business_teacherseed3_a0.5,0.5,5,9,469,"Write a short neutral news brief about a new plan.

Brief:","

The new government plan to cut taxes and increase the price of cars, gasoline, and other fuel-efficient cars to 25% from 42% by 2020 will help the US economy by boosting employment and boosting manufacturing output.

Brief:

“More people will be driving more cars in the US by 2030 to help American families. Our economy will grow and meet our need for fuel and other goods. This will provide more demand and"
business,seed3,business_teacherseed3_a0.5,0.5,5,10,470,"Write a short neutral news brief about a new plan.

Brief:"," A new plan to create four million new jobs.

The plan will also cut taxes on corporations.

Brief: A new $7.5 billion plan to reduce corporation tax rates.

A new $7.5 billion plan to reduce corporation tax rates.

These new taxes will increase the corporate tax rate.

A new tax on companies will rise from 2 percent to 3 percent, while the new tax on businesses"
business,seed3,business_teacherseed3_a0.5,0.5,5,11,471,"Write a short neutral news brief about a new plan.

Brief:"," A new report by the Washington Post that shows U.S. and Canadian aircraft have not been able to avoid a direct hit on the airliner by being outfitted with more jet engines, although one aircraft and one crew have been able to withstand the impact.

Brief: A new report by the Washington Post that shows U.S. and Canadian aircraft have not been able to avoid a direct hit on the airliner by being out"
business,seed3,business_teacherseed3_a0.5,0.5,5,12,472,"Write a short neutral news brief about a new plan.

Brief:","

A new plan to slash $10 billion in electricity bills, and eliminate hundreds of billions in spending on utilities, has the Environmental Protection Agency (EPA) acting chief scientist Steven Chu. Chu said in a report on its website that the plan includes cuts in federal programs to help pay for energy upgrades, and it will cut $300 million in payments from the $5 billion budgeted to pay for those programs. The money that will be paid"
business,seed3,business_teacherseed3_a0.5,0.5,5,13,473,"Write a short neutral news brief about a new plan.

Brief:"," In a new report, The Washington Times reports that the Trump administration is proposing to reduce the size of the federal government by expanding Social Security and Medicare.

Criticism: The Trump administration says the proposal will increase costs to the taxpayers by $5.3 billion — a massive loss for the government.

Lack of transparency: The Washington Times found that Trump has not been forthcoming about the plan to reduce the size of the federal government"
business,seed3,business_teacherseed3_a0.5,0.5,5,14,474,"Write a short neutral news brief about a new plan.

Brief:","

I'm calling it this: The American People Are Not Alive.

I'm calling it this: The American People Are Not Alive.

I'm calling it this: The American People Are Not Alive.

I'm calling it this: The American People Are Not Alive.

I'm calling it this: The American People Are Not Alive.

I'm calling it this: The American"
business,seed3,business_teacherseed3_a0.5,0.5,5,15,475,"Write a short neutral news brief about a new plan.

Brief:"," The federal government says it plans to spend $4.5bn on more than 3,700 new electric cars and batteries by 2023.

New York: On the day the Federal government announced it would spend $4.5bn to electrify its electric cars and batteries by 2023, a report from a New York-based think tank warned that the new program will reduce the country's reliance on petroleum and fuel by three-quarters"
business,seed3,business_teacherseed3_a0.5,0.5,5,16,476,"Write a short neutral news brief about a new plan.

Brief:"," Beware of an Election Bias

The short neutral news brief is designed to provide a simple summary of the election campaign. The brief will consist of a short introduction, an item of news, a short list of potential events in the campaign and a short summary. The brief will include detailed information about the election, the specific strategies and plans being pursued by the candidates, the impact of these strategies on the country, as well as the likely"
business,seed3,business_teacherseed3_a0.5,0.5,5,17,477,"Write a short neutral news brief about a new plan.

Brief:"," The Republican tax bill is a huge tax increase that is already having a negative impact on the middle class and the middle class and it will affect the top one percent.

Brief: But those tax increases aren’t going away. And it’s not going to be a great deal for the middle class and it will get us into a recession. So that is why the tax bill is a big tax increase.

The new tax"
business,seed3,business_teacherseed3_a0.5,0.5,5,18,478,"Write a short neutral news brief about a new plan.

Brief:"," A story about some long-overdue political changes and the next big step.

Hackney, England (CNN) - The long-awaited policy and legislative developments outlined Monday by the British government and the American president have raised serious questions about the future of the Trans-Pacific Partnership.

In addition, it is unclear whether this policy will include changes in the US trade deal, including provisions for a large share of the country's"
business,seed3,business_teacherseed3_a0.5,0.5,5,19,479,"Write a short neutral news brief about a new plan.

Brief:"," If a new government decides to keep the nuclear warhead at the core of the country, all Americans will be exposed to nuclear radiation.

Brief: And if a new government decides to replace the atomic bomb with a nuclear device, a lot of Americans will be exposed to radiation.

Brief: This is how a new generation of nuclear energy is developed.

Brief: Nuclear power is a new way of keeping the country"
business,seed3,business_teacherseed3_a0.75,0.75,0,0,480,"Write a short neutral news brief about a recent local development.

Brief:"," “The city is set to open the doors of the new General Administration Building. But the buildings will be much smaller than planned for the city, and the building will be smaller than it is in the city, so we will be creating smaller apartments and offices.”

“This will make it easier for local and regional governments to manage their projects and take action, with a goal to expand public transit and reduce urban poverty,” Mayor Don Ibarra"
business,seed3,business_teacherseed3_a0.75,0.75,0,1,481,"Write a short neutral news brief about a recent local development.

Brief:","

A woman is found dead after being attacked by a man on a Melbourne CBD street, where a fight broke out in a cafe.

Amid the attack, the man allegedly attacked two people, one of whom died and another who was taken to hospital. The man, who was not identified, was killed.

""This has been a volatile, volatile time for many of our community and we are working with local authorities to ensure"
business,seed3,business_teacherseed3_a0.75,0.75,0,2,482,"Write a short neutral news brief about a recent local development.

Brief:"," The City of Portland has reached an agreement with the Portland Housing Authority to build the new Starter Parkway extension of the Portland Landmarks.

Brief: This project will add about 1,600 homes to the existing landfill.

The landfill is the largest landfill in Oregon, with a population of about 10,000. It has been the subject of an ongoing dispute between Portland Housing Authority, Oregon Department of Land and Natural"
business,seed3,business_teacherseed3_a0.75,0.75,0,3,483,"Write a short neutral news brief about a recent local development.

Brief:"," It's the kind of thing that would never be popular and would cause so much pain and grief.

It's also a way to let families know you care about them and your children, and that your concerns are being raised about a lack of transparency in the decision-making process.

“This is not a way for people to make a decision for themselves,” said Karp, a spokesman for the American Red Cross, which has been"
business,seed3,business_teacherseed3_a0.75,0.75,0,4,484,"Write a short neutral news brief about a recent local development.

Brief:"," When I get a new news release, I will say something brief and long about the details. So I'll have to put in at least a brief description of what the news will be about and why we're bringing it to you.

I'll also have the brief to state the number of reporters who will be interviewing, who will be talking about the new, local news. We will also have a brief about the fact that we have a"
business,seed3,business_teacherseed3_a0.75,0.75,0,5,485,"Write a short neutral news brief about a recent local development.

Brief:"," It's the latest in a series of new and exciting news announcements by the Seattle City Council.

Brief: The Seattle City Council will vote on the City Council's controversial proposal to build a $5.4 billion, 3,400-mile (5,800-km) transportation corridor connecting Seattle with the entire United States.

Brief: The Seattle City Council will vote on the controversial proposal to build a $5.4"
business,seed3,business_teacherseed3_a0.75,0.75,0,6,486,"Write a short neutral news brief about a recent local development.

Brief:","

As of last week, the California Department of Water Resources has closed the “Nine Mile Bay,” a large reservoir in Mendocino, the water source for the Monterey Bay, and is looking for a new source for water to replace it. The reservoir is located between the Monterey Peninsula and Mendocino, which is the area in the upper left corner of the map. The Nine Mile Bay was built in 1965 to store"
business,seed3,business_teacherseed3_a0.75,0.75,0,7,487,"Write a short neutral news brief about a recent local development.

Brief:","

""Some people say the water in the city is a miracle. Others say it's not. I am not sure. They don't seem to be buying it,"" said a resident who asked not to be named.

The city's water utility has been under pressure for months after the city said a series of natural disasters and accidents in the past week had killed more than a million people.

The water utility in St. Petersburg"
business,seed3,business_teacherseed3_a0.75,0.75,0,8,488,"Write a short neutral news brief about a recent local development.

Brief:"," How to Find a Taxpayer-Funded Health Center

To find a taxing entity, use the Tax Cuts and Jobs Act, but don’t rely on the taxing entity’s official website. Taxes are paid from the fund, so if you have a tax liability, your tax dollars are funneled through the local taxing entity.

Brief: The Taxpayer Relief Act

Taxes are"
business,seed3,business_teacherseed3_a0.75,0.75,0,9,489,"Write a short neutral news brief about a recent local development.

Brief:","

A man has been charged with attempted murder for the killing of a woman and her 4-year-old daughter by a gunman who attacked her at a New Jersey mall last month, according to a police report.

Detectives responded to the crime scene Tuesday evening at about 5:40 p.m. at the intersection of N. Main Street and South Cumberland Avenue, near the corner of N. Main Street and Cumberland"
business,seed3,business_teacherseed3_a0.75,0.75,0,10,490,"Write a short neutral news brief about a recent local development.

Brief:"," An activist says a local newspaper that helped save the life of a man shot by police during a deadly shooting has received $25,000 from taxpayers for a press release.

""We are saddened by the loss of this great story and the impact that this will have on the lives of our community,” said Alison St. John, the nonprofit organization that is partnering with the Associated Press and the Los Angeles Times, ""but we are"
business,seed3,business_teacherseed3_a0.75,0.75,0,11,491,"Write a short neutral news brief about a recent local development.

Brief:"," What’s Your Story?

I’m also asked to recommend a book based on a series of short stories and short memoirs written by the author in 2015 and 2016. These books are the source material for the podcast, a collection of short stories, a memoir and a collection of short memoirs.

This podcast is meant to be short, with the bulk of the content consisting of podcasts and interviews with the audience. The"
business,seed3,business_teacherseed3_a0.75,0.75,0,12,492,"Write a short neutral news brief about a recent local development.

Brief:","

In the current environment, it is quite clear that there is a strong emphasis on the importance of social media. In the past few years, the social media companies have been increasingly active in various parts of the world, including the United States, India, and China. This is a fact that has important implications for the country's public image.

The recent news headlines are also quite alarming. The United States' Internet censorship has caused a"
business,seed3,business_teacherseed3_a0.75,0.75,0,13,493,"Write a short neutral news brief about a recent local development.

Brief:"," ""A group of Chinese families from the village, who were in the village to attend a religious ceremony, have been relocated to a building in the village with the intention to move away from the area, and are now living in another building.""

Brief: ""The people of the village said that they have a dispute with the people in the village about an issue they said is wrong.""

Brief: ""People from the village say"
business,seed3,business_teacherseed3_a0.75,0.75,0,14,494,"Write a short neutral news brief about a recent local development.

Brief:"," Local, federal, and state agencies are creating more jobs than they are hiring.

Brief: Local, federal, and state agencies are creating more jobs than they are hiring.

The report is a little late, but if you look at the jobs created by the public agencies (in this case, cities, schools, and other public services), you can see that the public agencies that are creating more jobs are the ones in the upper"
business,seed3,business_teacherseed3_a0.75,0.75,0,15,495,"Write a short neutral news brief about a recent local development.

Brief:"," A local newspaper with the news.

Story: An editorial by the Los Angeles City Council that's on the same page as the city's mayor's office.

For more on the city's press, click here."
business,seed3,business_teacherseed3_a0.75,0.75,0,16,496,"Write a short neutral news brief about a recent local development.

Brief:"," The local newspaper, The City Journal, is now open to business.

A new paper, The Town & Country, is the first-ever of its kind on the West Side of Columbus.

Brief: The new paper is on the verge of publication in the fall.

The West Side is the first in the nation to have a newspaper dedicated to the area. That is the city's first paper.

The West"
business,seed3,business_teacherseed3_a0.75,0.75,0,17,497,"Write a short neutral news brief about a recent local development.

Brief:","

""A city is a place where people live in harmony with each other and in order to get things done,""

""The most successful businessmen in the country are those who are not afraid of risk,""

""This is a new type of business,""

""This is a new type of business, one that offers a competitive advantage, because the risks are too great, but the profits are small,""

""There"
business,seed3,business_teacherseed3_a0.75,0.75,0,18,498,"Write a short neutral news brief about a recent local development.

Brief:"," The City of Toronto’s new citywide transit plan will provide for long-term city-to-city transit travel, a key element of a more predictable urban future.

Brief: The City of Toronto has made significant progress in implementing a new transit design that will improve its efficiency, performance, and efficiency of transit use.

Brief: The City of Toronto and Toronto's transit agency plan a series of community development plans for"
business,seed3,business_teacherseed3_a0.75,0.75,0,19,499,"Write a short neutral news brief about a recent local development.

Brief:"," A small village of four people set out for the local market in the early hours after the snow has fallen.

Short: The local community gathered at the site of the first-ever snow-removal project.

Large local press in the area was reporting snow conditions in the area.

Brief: A small local newspaper was outraged by the report.

Short: A group of people had gathered after the news was"
business,seed3,business_teacherseed3_a0.75,0.75,1,0,500,"Write a short neutral news brief about a public announcement.

Brief:","

New York City Mayor Rudy Giuliani has declared a state of emergency amid a wave of violence across the city. On Thursday, a local news station reported that New Yorkers were planning to march to the police headquarters.

Brief:

Cabinet officials in New York and across the country are planning to impose a state of emergency amid a rise in violence, including at least 11 fatalities, and a wave of attacks"
business,seed3,business_teacherseed3_a0.75,0.75,1,1,501,"Write a short neutral news brief about a public announcement.

Brief:"," New York Police Commissioner William Bratton today announced that he has terminated all disciplinary actions against the NYPD.

Citing a ""complete lack of professionalism"" and ""unconscionable"" decision-making by the NYPD, Bratton said he plans to reinstate all disciplinary actions against the NYPD.

Bratton also said he will release his own report on the disciplinary action.

New York police"
business,seed3,business_teacherseed3_a0.75,0.75,1,2,502,"Write a short neutral news brief about a public announcement.

Brief:"," ""What is the cost of maintaining a business"" and what are the benefits?

Why is it so necessary? Because this can cost us billions of dollars.

A: The following is a brief version of the above information.

Why is it so necessary? Because this can cost us billions of dollars.

In this case, we are talking about the costs for maintaining a business, which is a pretty small amount of money"
business,seed3,business_teacherseed3_a0.75,0.75,1,3,503,"Write a short neutral news brief about a public announcement.

Brief:","

The news story includes a brief summary of an announcement of the creation of a new center to focus on a global effort to fight climate change and to build a sustainable and affordable future for a world without emissions.

The news brief also includes a brief about climate change."
business,seed3,business_teacherseed3_a0.75,0.75,1,4,504,"Write a short neutral news brief about a public announcement.

Brief:"," Public announcement for the public release of the announcement for the new President.

Short: Public announcement for the public release of the announcement for the new President.

Public announcement: Public announcement for the public release of the announcement for the new President.

Short: Public announcement for the public release of the announcement for the new President.

Public announcement: Public announcement for the public release of the announcement for the new President.

"
business,seed3,business_teacherseed3_a0.75,0.75,1,5,505,"Write a short neutral news brief about a public announcement.

Brief:"," The National Review’s decision to drop its criticism of President Donald Trump’s immigration agenda.

Singer Alison Abramson says the U.S. should stop imposing immigration quotas on Americans.

“The public doesn’t recognize it in the context of a program designed to encourage economic growth and jobs, a system that promotes American products. They do not recognize it in the context of a system that discourages immigration,” she"
business,seed3,business_teacherseed3_a0.75,0.75,1,6,506,"Write a short neutral news brief about a public announcement.

Brief:","

“The U.S. government is reasserting its authority to monitor terrorist activity in the Middle East, and that is something that we are continuing to evaluate in collaboration with the U.S. government, including within the American military. As of August, we have conducted over 1,000 visits to the Middle East, including over 1,000 visits to Al-Qaida-linked terror groups in the region, and we are"
business,seed3,business_teacherseed3_a0.75,0.75,1,7,507,"Write a short neutral news brief about a public announcement.

Brief:","

This is the first week that the Washington Post, Bloomberg News, and other news organizations have published a full-page, front-page report on whether it will suspend the sale of the newspaper, as well as its future business. The Post said Thursday it will suspend the sale of the paper until the deal is completed.

This news was published on August 4.

The paper’s management made public that it had suspended the"
business,seed3,business_teacherseed3_a0.75,0.75,1,8,508,"Write a short neutral news brief about a public announcement.

Brief:"," The new national guidelines will help the government take decisive steps to reduce illegal drug use.

But the guidelines are still vague, and the agency has not provided details.

A report in April from the Federal Drug Administration said that drug use, along with other behaviors, will have more to do with drug trafficking.

Drug use

The guidelines are also aimed at lowering the use of alcohol and other substances, such as tobacco and"
business,seed3,business_teacherseed3_a0.75,0.75,1,9,509,"Write a short neutral news brief about a public announcement.

Brief:"," A story on a public announcement that may have resulted in a “national emergency” for the Russian Federation, the BBC has said.

But as the agency has warned, this could be a “national emergency” that “could have consequences far beyond Russia’s borders” — a warning that has provoked outrage among the Kremlin and “among the Western world” but the BBC has defended it as necessary to ensure the safety of its reporters.

"
business,seed3,business_teacherseed3_a0.75,0.75,1,10,510,"Write a short neutral news brief about a public announcement.

Brief:"," An investigation into the death of a woman from the U.S. Virgin Islands who was fatally wounded by a shark Wednesday morning in the waters of the island nation. Police arrested a man in the town of Tapiochen in the Caribbean nation of U.S. Virgin Islands. The victim was identified as Mary Lynn McDaniel, 27. She was fatally injured by a shark during a shark attack. McDaniel was traveling from a nearby"
business,seed3,business_teacherseed3_a0.75,0.75,1,11,511,"Write a short neutral news brief about a public announcement.

Brief:"," http://www.youtube.com/watch?v=jC9vE3-rCqk

The video starts at 3:22, and the audio begins at 3:34.

The video ends at 5:25.

It will be interesting to see if the video can be watched in video form. The media have been able to watch it and have it on air, and even have video embedded."
business,seed3,business_teacherseed3_a0.75,0.75,1,12,512,"Write a short neutral news brief about a public announcement.

Brief:"," The news is a positive thing that the public is taking note of, which includes the news that the government has made significant progress on cybersecurity.

This is a positive news briefing and it’s not something we will release to the public without knowing a lot more about the situation. The news brief will be updated each quarter, and will be a useful briefing for people who want to learn more about the government’s efforts to protect critical infrastructure"
business,seed3,business_teacherseed3_a0.75,0.75,1,13,513,"Write a short neutral news brief about a public announcement.

Brief:"," A public announcement of a national holiday or a public declaration of a national holiday.

Brief: A public announcement of a national holiday or a national declaration of a national holiday. Brief: A brief public declaration of a national holiday.

Brief: A public declaration of a national holiday. Brief: A brief public declaration of a national holiday.

Brief: A public declaration of a national holiday. Brief: A"
business,seed3,business_teacherseed3_a0.75,0.75,1,14,514,"Write a short neutral news brief about a public announcement.

Brief:"," The Public-Private Partnership Between the Federal Reserve and the Federal Government is a U.S. Government-owned enterprise whose board of directors include Goldman Sachs and three leading industry players.

The group is a joint venture between the Federal Reserve and the private bank, the Federal Reserve Bank of New York, with the goal of helping New Yorkers save and reduce their debts to the Federal Reserve, and it is also a member of the Federal Reserve System"
business,seed3,business_teacherseed3_a0.75,0.75,1,15,515,"Write a short neutral news brief about a public announcement.

Brief:"," On Thursday morning, the government issued a press release announcing that it will be ""committed to making changes in response to COVID-19 and the associated risks and difficulties of the COVID-19 response efforts.""

A government statement said the announcement will include ""measures to reduce the level of government interference in the telecom industry and efforts to enhance information and communication services.""

The statement added: ""The government plans to publish a short neutral news"
business,seed3,business_teacherseed3_a0.75,0.75,1,16,516,"Write a short neutral news brief about a public announcement.

Brief:","

A news brief, briefed on or made public by the National Weather Service or the National Weather Advisory Board, is a written brief (either oral or written) that contains a brief of general or specific information, including weather information, concerning a public announcement to or by public officials. The brief may contain the words “information, news or opinion, which is expected to be important to the public,” or a statement of what the public expects to"
business,seed3,business_teacherseed3_a0.75,0.75,1,17,517,"Write a short neutral news brief about a public announcement.

Brief:"," Public announcements have been on the rise and will continue to so.

As with most of the developments this week, the news isn’t as important as what’s being announced – the people are still, at least, watching and listening. There’s also an additional challenge. There is still a chance that a government official would have some idea what’s going on in the news, and the news is still going to be reported,"
business,seed3,business_teacherseed3_a0.75,0.75,1,18,518,"Write a short neutral news brief about a public announcement.

Brief:"," “It’s a very important decision that both sides of the debate should consider at this point.

“A lot of people have questions, and we’ll see how our position develops, and it’s important for both sides to see that we have an opportunity to have meaningful dialogue, and we’ll see how we can work together to make this process successful,” said Paul.

“However, I would prefer to see the"
business,seed3,business_teacherseed3_a0.75,0.75,1,19,519,"Write a short neutral news brief about a public announcement.

Brief:","

It’s the latest piece in the long-running controversy over a $25,000 donation by the city of Pittsburgh to The Nature Conservancy. The news conference in which Governor Scott Walker signed the bill was held in the face of protesters who said it did not represent the state’s interests.

The event was organized by the Pittsburgh Foundation and the Nature Conservancy, which is dedicated to protecting the environment. The state legislature has"
business,seed3,business_teacherseed3_a0.75,0.75,2,0,520,"Write a short neutral news brief about a group making a decision.

Brief:"," A long neutral news brief outlining a group's position. It contains the full name, the organization's name, and a short message to the press.

Brief: A brief outlining a group's position and a summary of the information and comments offered by the media.

But this time, the press is reporting:

WATCH:

—The U.S. and European Union have reached a deal to normalize"
business,seed3,business_teacherseed3_a0.75,0.75,2,1,521,"Write a short neutral news brief about a group making a decision.

Brief:"," “In the United States and Canada, we must make our voices heard and our voices heard,” said President Barack Obama, and urged his supporters to join a chorus of calls to cut taxes for those making $250,000 or more and for the corporations to be taxed at least 20%.

“We must begin to protect and extend our rights to control, to regulate, to tax,” Obama told the crowd as he led his delegation to Capitol Hill"
business,seed3,business_teacherseed3_a0.75,0.75,2,2,522,"Write a short neutral news brief about a group making a decision.

Brief:","

• The Federal Government is considering setting up a Federal Bureau of Investigation (FBI) to collect evidence related to U.S. intelligence activities in the Middle East.

• U.S. intelligence agencies are considering using drones to monitor the region’s civil population as part of a war on terror.

• The Obama administration is considering expanding the use of drones to surveil the border as a way to curb an American invasion"
business,seed3,business_teacherseed3_a0.75,0.75,2,3,523,"Write a short neutral news brief about a group making a decision.

Brief:"," A group of people are going to decide if they should buy the land that they are paying for.

The issue of property values for all of the land in the state is currently a political issue. As a result, the state has asked for a review of the state’s property taxes.

This review is required by the federal government to allow people to have access to the landowners’ tax returns.

The state has a"
business,seed3,business_teacherseed3_a0.75,0.75,2,4,524,"Write a short neutral news brief about a group making a decision.

Brief:"," A group of five female students, all of them at one of the campuses of the University of Pittsburgh, and one of the city's top public universities, decided to give a group of women something to talk about about their experience with the government. It was an opportunity to share the news, which brought the groups of students together to form a coalition. The groups agreed to a short weekly summary of the event, which was held in June.

"
business,seed3,business_teacherseed3_a0.75,0.75,2,5,525,"Write a short neutral news brief about a group making a decision.

Brief:"," I do not want to name names but I do want to name the group which is the one making this decision. This group will be a group of people and they need to be held accountable.

This will be a very different group. It will be new and different from the group before it. They will be involved in different ways, not with a single individual and not in a way that they will be held to a different standard. It"
business,seed3,business_teacherseed3_a0.75,0.75,2,6,526,"Write a short neutral news brief about a group making a decision.

Brief:","

A group of about a dozen people who were making decisions about whether to participate in the program, or participate in any future programs, are now getting a message from the program. They are asking a group of people with different positions to sign up to participate in the program, or participate in any future programs. The information will be in the minutes of the meetings that will be held in January of this year. This means that we will have a"
business,seed3,business_teacherseed3_a0.75,0.75,2,7,527,"Write a short neutral news brief about a group making a decision.

Brief:"," The group's leaders had expressed concern that the news about the proposed merger between Bharatiya Vidya Bhavan and JSW Group was about to end, but the media had said that the issue was being resolved.

Brief: The report says the company could not have been more supportive of the proposal as it had been a minority stake in the company.

Brief: The group said the proposed merger would boost growth"
business,seed3,business_teacherseed3_a0.75,0.75,2,8,528,"Write a short neutral news brief about a group making a decision.

Brief:"," No one will vote for the new Republican majority, but Republicans will get no support from the Tea Party, according to recent polling.

More: How the GOP is handling the 2020 elections.

GOP: 'We're not going to turn around,' Trump told NBC's Chris Wallace on Friday.

Republican: 'No one likes us, we're the party of the people.'

White House: Trump has been a"
business,seed3,business_teacherseed3_a0.75,0.75,2,9,529,"Write a short neutral news brief about a group making a decision.

Brief:","

1. What do you expect to happen if the US military forces in Afghanistan break apart?

2. What's the best plan for dealing with a terrorist attack?

3. What do you expect to see in the future?

4. What do you expect to see in the future?

5. What's the best strategy for surviving the next attack?

6. What should the US do about its"
business,seed3,business_teacherseed3_a0.75,0.75,2,10,530,"Write a short neutral news brief about a group making a decision.

Brief:"," An account of a group of three-headed, three-armed, eight-year-old children of a U.S. citizen named Trayvon Martin. The news brief focuses on the death of three of the children, as well as some other items, including a photo of Trayvon, and a story on the events surrounding the death of Trayvon's father.

This news brief focuses on the death of three of the"
business,seed3,business_teacherseed3_a0.75,0.75,2,11,531,"Write a short neutral news brief about a group making a decision.

Brief:"," https://goo.gl/3qD8tA (the video is about the decision.)

The short is the first sentence of a lengthy paragraph, detailing the group’s approach to the crisis and their decision to keep the U.S. in war with Iraq and other countries until the end of the decade.

The briefer, however, is the second sentence of an unrelated paragraph, titled “What do the next"
business,seed3,business_teacherseed3_a0.75,0.75,2,12,532,"Write a short neutral news brief about a group making a decision.

Brief:"," As is the case with this week’s brief, the New York Times has been given a very generous 10 percent write-in write-out. Here’s the brief:

The paper had asked the Times to write a brief, but the Times didn’t get a response. That’s something to be very wary about: That’s one of the reasons that the NYT and the NY Times are trying to find ways to"
business,seed3,business_teacherseed3_a0.75,0.75,2,13,533,"Write a short neutral news brief about a group making a decision.

Brief:"," A group of people made a decision to remove a person from their list.

""We feel that there's a need to prioritize the people who are affected, and this is exactly what we were trying to accomplish,"" said Dan Mogulof, a member of the advisory board.

The first task is to make sure the list does not overlap with the information that someone has already decided to withdraw from their list.

"""
business,seed3,business_teacherseed3_a0.75,0.75,2,14,534,"Write a short neutral news brief about a group making a decision.

Brief:","

On June 10, 2018 the Obama administration imposed a $1 billion fine on the Islamic Center of Washington DC, charging the group with violating federal law. The Obama administration says that a $1 billion fine is the equivalent of 10 percent of its budget, and that $1 billion in fines is the equivalent of 1.9 percent of its federal budget. That's roughly the equivalent of $40 million in fines for a group that used the Internet"
business,seed3,business_teacherseed3_a0.75,0.75,2,15,535,"Write a short neutral news brief about a group making a decision.

Brief:"," What happened to the “S” group?

I found myself in a rather curious situation during the summer of 2015. I was living and working in a different city, the same city where I was applying to internships, with the intent of applying to a job with my city in the “S” (South America). For the last year, I was not getting an interview in my city, and I was applying to my city. To"
business,seed3,business_teacherseed3_a0.75,0.75,2,16,536,"Write a short neutral news brief about a group making a decision.

Brief:"," President Donald Trump’s pick to be the next U.S. president will be an unqualified choice. If it's a non-binding document, it's likely to receive a large number of signatures from the American people and then the process ends. The president also will have to be in favor of any proposal that the government could put in his hands in the first instance. The president will also have to sign a statement saying he was in favor"
business,seed3,business_teacherseed3_a0.75,0.75,2,17,537,"Write a short neutral news brief about a group making a decision.

Brief:"," The National Rifle Association has come out in favor of legislation that would ban guns on the streets of the United States for the purpose of stopping the growth of gun violence.

This will also stop the U.S. military from shooting people with guns.

""The NRA will always be opposed to this legislation, but this is a step to the left of the war on terror,"" said Cindy Sheehan, a spokeswoman for the"
business,seed3,business_teacherseed3_a0.75,0.75,2,18,538,"Write a short neutral news brief about a group making a decision.

Brief:"," The final round of talks between Kabul, US and Taliban

The latest round of talks was concluded on Friday. US officials said the talks would be focused on the Taliban’s internal crisis, a critical challenge, as well as the future of cooperation between the US and Taliban.

The Taliban on Friday said the government of President Hamid Karzai had rejected talks that would have focused on Afghanistan’s war against the Islamic State group"
business,seed3,business_teacherseed3_a0.75,0.75,2,19,539,"Write a short neutral news brief about a group making a decision.

Brief:"," The Obama administration is considering whether to scrap the executive actions and, if so, what it will take for the agency to change course and decide to take some of the Obama administration’s responsibility for the financial crisis and debt problems it imposed on the nation.

WASHINGTON — The Obama administration has asked the Federal Reserve to stop buying U.S. debt from the banking system, but the request is still being debated in Congress.

The"
business,seed3,business_teacherseed3_a0.75,0.75,3,0,540,"Write a short neutral news brief about an event that happened today.

Brief:"," A man was arrested on suspicion of murder after a family and friends of the man reportedly found bodies in their home, authorities said.

""I want you to know that everything in this situation is just as good as it's going to get,"" a woman told reporters at the scene.

""We are very sorry for your loss and we are very grateful for the service your family was able to provide.""

The investigation is ongoing but"
business,seed3,business_teacherseed3_a0.75,0.75,3,1,541,"Write a short neutral news brief about an event that happened today.

Brief:","

1. When asked by news outlets about the event, the White House said:

“I have been told by some that the President is concerned that the media may have been complicit in what has transpired, and that has led to some people in Congress saying that they will no longer stand by as the media continues to report on events.”

2. A White House official told the Post that it is still unclear what was"
business,seed3,business_teacherseed3_a0.75,0.75,3,2,542,"Write a short neutral news brief about an event that happened today.

Brief:"," “Lack of evidence does not rule out the possibility that the shooting, which occurred at the South Korean consulate, was in response to the Trump Administration’s sanctions on Russia and its allies.”

Brief: “The news is not enough to convince lawmakers that Trump administration sanctions against Russia and its allies are a reason for the deaths of some of the most important U.S. officials, including Ambassador Christopher Stevens.”

Brief"
business,seed3,business_teacherseed3_a0.75,0.75,3,3,543,"Write a short neutral news brief about an event that happened today.

Brief:"," On Monday, August 6, in the aftermath of an attack on three people inside of an apartment complex in the eastern Toronto suburb of York Region, Prime Minister Stephen Harper ordered the public's access to information regarding the situation. He also ordered the police to immediately conduct an investigation and to ensure that it is in compliance with the law.

News: Two people died in an apartment building in York Region this afternoon and police are investigating. Authorities are"
business,seed3,business_teacherseed3_a0.75,0.75,3,4,544,"Write a short neutral news brief about an event that happened today.

Brief:","

""In the first hour of this election, we are all being divided into four camps. Each has the freedom to voice our opinion and have their own opinions about what is happening in the world, but they need not worry about what’s happening in the other camps. A few weeks ago, I was asked to speak on the U.S. presidential election. Today, I am speaking for my colleagues at the United States Commission on Civil"
business,seed3,business_teacherseed3_a0.75,0.75,3,5,545,"Write a short neutral news brief about an event that happened today.

Brief:"," A brief report by an editor on the story of the disappearance of a suspect in the San Jose, California, death of his brother.

Short: A short report on the story of the disappearance of a suspect in the San Jose, California, death of his brother.

The report will be the centerpiece of a newspaper about the disappearance of five people in the San Jose area, including the five who were last seen.

This"
business,seed3,business_teacherseed3_a0.75,0.75,3,6,546,"Write a short neutral news brief about an event that happened today.

Brief:","

""The Republican National Convention is in full swing. But we know it will be the most eventful ever held by a major political party. The first official Republican convention took place in Denver in January. As the party of business, the party of politics, this party has not traditionally had a president. But there is one who has. The Republican National Convention is being held this week in New York City. Republicans hold their convention in June."
business,seed3,business_teacherseed3_a0.75,0.75,3,7,547,"Write a short neutral news brief about an event that happened today.

Brief:"," The number of people who were killed in the violence in Paris this week was more than 1,000.

New York Times, Bloomberg News, AP, AP.

The Paris attacks were ""not only a major event in the political, security, and economic context of today,"" said Tom Perez, a senior policy adviser to the president at the International Monetary Fund.

""The attack was an economic event, a major event,"
business,seed3,business_teacherseed3_a0.75,0.75,3,8,548,"Write a short neutral news brief about an event that happened today.

Brief:"," A few words on the event were released by the Republican National Committee (RNC) to media outlets that covered the event.

The brief says the meeting, at a hotel in New York City and between Trump and Russian President Vladimir Putin, was “about the future of the U.S., including the role of the U.S. in the world of nuclear weapons.” The brief said the meeting focused on how to develop a long term economic"
business,seed3,business_teacherseed3_a0.75,0.75,3,9,549,"Write a short neutral news brief about an event that happened today.

Brief:"," U.S. government is under severe pressure to make decisions that could impact national security.

“One of the reasons we’re seeing a decrease in reporting in the news is because we’ve been under extreme pressure,” said the New York Times. “So we’re trying to put a stop to that.”

The Trump administration’s action comes after President Donald Trump’s decision to cut off funding to the U.S"
business,seed3,business_teacherseed3_a0.75,0.75,3,10,550,"Write a short neutral news brief about an event that happened today.

Brief:","

A short talk at the Gildas College of Business last week featured the chief executive of British Express who was speaking to the media about the recent meeting of the CEO of the UK’s largest bank, Bank of America, which has been widely criticised for leaving a hole in the financial system.

An expert who works in the banking industry on international business is also speaking to a British Business, Business Advisor magazine.

According"
business,seed3,business_teacherseed3_a0.75,0.75,3,11,551,"Write a short neutral news brief about an event that happened today.

Brief:","

A group of people organized a brief about a news conference last week that was widely held on the first anniversary of the shooting in Las Vegas that left at least 12 people dead.

The brief, “A New Day in New York,” was intended as a brief to show that the government is taking action and is working to bring justice to those who died in Las Vegas.

Brief:

A report released Thursday by the"
business,seed3,business_teacherseed3_a0.75,0.75,3,12,552,"Write a short neutral news brief about an event that happened today.

Brief:"," This newspaper’s staff has said that “some journalists will be targeted in a bid to create a climate in which the reporting and opinion of the news media is not always the best, not as good as it should be.”

A New York Times op-ed titled “Booming Disinformation Attack on Trump Campaign” has said that the U.S. government “is no longer willing to tolerate that kind of activity. It’s"
business,seed3,business_teacherseed3_a0.75,0.75,3,13,553,"Write a short neutral news brief about an event that happened today.

Brief:"," The event was a huge one for the Russian oligarchy that controls the oil industry and the United States, including President Donald Trump, who has threatened to cut off the American currency unless Russia stops buying more of it.

In an op-ed published in the Financial Times, senior Russian foreign ministry official Valery Kovalev said a lot of things were being discussed.

""It’s not about an election, it’s"
business,seed3,business_teacherseed3_a0.75,0.75,3,14,554,"Write a short neutral news brief about an event that happened today.

Brief:"," “A new high school for young people in New York City’s working-class neighborhoods that opened in 2018 is to begin as the first phase of its revitalization as part of the revitalization project. A community-wide initiative to attract more people from low-income backgrounds to come together in a more inclusive environment, including youth, seniors and workers.”

Brief: “New York City is an economic engine, providing workers with"
business,seed3,business_teacherseed3_a0.75,0.75,3,15,555,"Write a short neutral news brief about an event that happened today.

Brief:"," The day after the event, the city was set to shut down a public library because of a large number of illegal e-waste shipments coming into the building from China and China-based companies.

The news comes less than 24 hours after the state department said it would take action against China's wholesale power purchases.

The state department said that the country had halted all of its wholesale power purchases and said that the remaining purchases would continue"
business,seed3,business_teacherseed3_a0.75,0.75,3,16,556,"Write a short neutral news brief about an event that happened today.

Brief:","

The Republican National Committee announced on Wednesday that it will suspend President Trump’s campaign from running ads that include ads criticizing his administration. The decision comes after a months-long investigation by the campaign and was prompted by the U.S. government’s decision to suspend Trump’s campaign in mid-June.

In its announcement, the Republican National Committee announced it was suspending its campaign over the issue.

“For"
business,seed3,business_teacherseed3_a0.75,0.75,3,17,557,"Write a short neutral news brief about an event that happened today.

Brief:"," Today, the Federal Reserve will begin offering quantitative easing in its policy to bring about the next economic shock to America, the Treasury Department said Tuesday.

The central bank is likely to add more to its balance sheet to pay for the proposed bailout of the financial system, the Washington Post's John Cote.

The central bank will raise its inflation rate by 0.1 percent and its inflation pressure will climb with the new measures."
business,seed3,business_teacherseed3_a0.75,0.75,3,18,558,"Write a short neutral news brief about an event that happened today.

Brief:","

The American Journal of Political Science (AJPS) released a brief detailing the events around the year that led to the Obama administration's executive order to end mass incarceration and the recent push by Republicans to crack down on the use of federal funds to pay for crackdowns.

""These policies are intended to slow the growth of the crack epidemic, to reduce the risks to public health, and to help Americans be more resilient to the effects"
business,seed3,business_teacherseed3_a0.75,0.75,3,19,559,"Write a short neutral news brief about an event that happened today.

Brief:"," A report by the U.S. intelligence community and the U.S. government said that the North Korean leader Kim Jong Un is planning to travel to the United Arab Emirates on Friday and visit a US naval base.

Fusion: On Tuesday, Facebook reported that the company will have its first Fusion products ready and up to date on the day of the launch, which is set for August 15.

In a joint statement, the"
business,seed3,business_teacherseed3_a0.75,0.75,4,0,560,"Write a short neutral news brief about a change people are discussing.

Brief:"," The House voted Thursday to repeal the Affordable Care Act, which was a huge victory for Obamacare supporters. The move would give Obamacare the ability to deny coverage to millions of uninsured people, and would limit health insurers to only about 5 percent of the market nationwide.

The House did not vote on the bill, which would have expanded insurance coverage for many patients, and would have made it harder for people with preexisting medical conditions to enroll in coverage."
business,seed3,business_teacherseed3_a0.75,0.75,4,1,561,"Write a short neutral news brief about a change people are discussing.

Brief:"," When news organizations try to influence a person’s view of the economy, they often seek out information from their political allies. Here’s how they can help the President understand what the news is telling them.

1. Don’t ask us to believe it.

News organizations are told to ignore polls and surveys that don’t correlate with what the President thinks. But they don’t pay any attention to the president’s"
business,seed3,business_teacherseed3_a0.75,0.75,4,2,562,"Write a short neutral news brief about a change people are discussing.

Brief:"," News Briefs

This brief examines the news agenda.

Formal briefing

It’s standard operating procedure for reporters to provide briefings, not to discuss specific news issues, but the newsroom is in the process of shifting its briefing schedule to accommodate the newsroom’s shifting responsibilities. A brief is the one part of the briefing that is generally given to staff as they are leaving the room. Briefs do not have an"
business,seed3,business_teacherseed3_a0.75,0.75,4,3,563,"Write a short neutral news brief about a change people are discussing.

Brief:"," ""The U.S. government should not interfere with Russia’s alleged interference in the 2016 election to ensure that the Trump campaign’s candidate wins.

""Russia colluded with the Trump campaign in its efforts to influence the outcome of the election,"" the brief says, without providing details.

The brief goes on to say that Russia has ""corrupted"" the 2016 elections, accusing the United States of meddling ""in the"
business,seed3,business_teacherseed3_a0.75,0.75,4,4,564,"Write a short neutral news brief about a change people are discussing.

Brief:", Trump is a businessman and a Democrat who has been trying to change the way the American public sees the world and how Americans are reacting to it. There’s a lot of talk about the impact of the trade war with China. That is bad news for those countries that have been the focus of the Trump administration. That is bad news for China. That is bad news for Russia. That’s bad news for Russia. Trump has pushed that to
business,seed3,business_teacherseed3_a0.75,0.75,4,5,565,"Write a short neutral news brief about a change people are discussing.

Brief:"," The United States is not ready to be at the forefront of any new energy policy for the foreseeable future.

A new energy policy is essential if we are to achieve energy security and economic stability.

A new government must make an energy commitment to reducing greenhouse gas emissions, increasing the use of renewable energy and protecting the environment.

A new electricity industry must also provide clean, reliable electricity that can be sold at a rate that is affordable"
business,seed3,business_teacherseed3_a0.75,0.75,4,6,566,"Write a short neutral news brief about a change people are discussing.

Brief:","

I am going to go over some of the news issues that are going on in the world now. These are the ones that people don’t pay attention to, but they are important because they are an important indicator of the world and of how things are going. They are an indicator that things are going well in the world. We need a lot of that in the world. In order to do that, we have to understand what are"
business,seed3,business_teacherseed3_a0.75,0.75,4,7,567,"Write a short neutral news brief about a change people are discussing.

Brief:"," A small update on the state of the global economy.

In the brief, the New York Times (NYT) presents some statistics and forecasts that the economy is doing very well, with GDP rising over the last year and a half. The Wall Street Journal reports that the unemployment rate has climbed to 3.1 percent, up from 4.9 percent in January.

The Journal also gives an update on the cost of the coronavirus ("
business,seed3,business_teacherseed3_a0.75,0.75,4,8,568,"Write a short neutral news brief about a change people are discussing.

Brief:","

(SOUNDBITE OF SONG, ""MAKE AMERICA GREAT AGAIN"")

WASHINGTON (Reuters) - President Barack Obama, a Republican, says he wants to work with Congress to repeal the Affordable Care Act.

Obama said he's not ""proud"" of the tax overhaul legislation enacted in the Obama administration and said he was hopeful that Republicans could persuade members to keep it. He also said he'd meet with"
business,seed3,business_teacherseed3_a0.75,0.75,4,9,569,"Write a short neutral news brief about a change people are discussing.

Brief:"," The media is in an uproar over the “surge” in Iran, a surge in economic sanctions, and an increased US military presence along the country’s northern frontier.

Brief: The Washington Post says the new Iran sanctions were intended to protect the Gulf country’s oil industry.

Brief: The House Intelligence Committee’s memo to the president on the Iran sanctions is still under review.

Brief"
business,seed3,business_teacherseed3_a0.75,0.75,4,10,570,"Write a short neutral news brief about a change people are discussing.

Brief:","

We're going to be adding a little more to the discussion

The U.S. is poised to go through a serious recession. This is a good time to talk about how to move towards a recovery. A recession is very difficult to predict, but it requires a lot of hard work. How can we possibly make progress toward a recovery by improving economic conditions? Let's talk about the next step.

The U.S"
business,seed3,business_teacherseed3_a0.75,0.75,4,11,571,"Write a short neutral news brief about a change people are discussing.

Brief:"," The Government has introduced a system for the automatic identification of people who want to be given the correct information about their sexual identity and gender identity.

But there's more. In a statement to the National Post, the Government said it would now work to ""provide a more robust and comprehensive system of gender identification and sexual orientation identification"" which ""furthers the freedom and empowerment of many people of different gender identities.""

Read more: What the"
business,seed3,business_teacherseed3_a0.75,0.75,4,12,572,"Write a short neutral news brief about a change people are discussing.

Brief:"," The New York Times is publishing a report this week that some people think is unfairly targeting conservatives and conservative-leaning groups.

The report focuses on what happened to the conservative group that took part in last week’s ad buy by the New York Times for their online ad space on The Wall Street Journal.

The Times sent in a brief to the editorial pages of the Times, but did not respond to repeated requests for comment."
business,seed3,business_teacherseed3_a0.75,0.75,4,13,573,"Write a short neutral news brief about a change people are discussing.

Brief:","

- New policy to discourage excessive use of money for “therapeutic” activities like abortion and contraception, and

- New policy to reduce the amount of money used to pay for abortions and contraception.

- New policy to allow “a small fraction of the public to opt out of certain activities that benefit those with a higher risk profile”

- New policy to make exceptions for “people of faith” who have shown a “"
business,seed3,business_teacherseed3_a0.75,0.75,4,14,574,"Write a short neutral news brief about a change people are discussing.

Brief:"," The U.S. Department of Health and Human Services has just released a new, comprehensive report on the extent of the opioid epidemic, in the form of an overall prescription rate for heroin and other opioids that has increased steadily since the 2009 crisis.

What we’ve learned:

– As the number of Americans with a prescription for opioids has increased, so has the number of Americans who have been arrested for non-medical drug use,"
business,seed3,business_teacherseed3_a0.75,0.75,4,15,575,"Write a short neutral news brief about a change people are discussing.

Brief:"," A new national TV news brief titled, ""Obama's new deal for the next four years of ObamaCare is a bargain between American, Republican and business.""

The brief is prepared for the Federal Communications Commission (FCC) to make final rules regarding its new program to provide health insurance for all Americans.

The brief urges the FCC to:

Make health insurance ""available for all people with incomes less than $65,000 annually"
business,seed3,business_teacherseed3_a0.75,0.75,4,16,576,"Write a short neutral news brief about a change people are discussing.

Brief:"," The State of the European Union will see the end of the euro as we face a new crisis in Italy and the European Central Bank is looking at the fate of the euro as a measure to limit its impact on the world.

The most recent and immediate news: Greece's financial crisis is set to come to an end in Greece, where there are now talks on a deal on how to exit the Greek bailout package. The government has also"
business,seed3,business_teacherseed3_a0.75,0.75,4,17,577,"Write a short neutral news brief about a change people are discussing.

Brief:"," No changes in the economy? Well, you know what it is. They’re already here.

Talking about the latest big changes to the American economy in the last 12 months, the Wall Street Journal’s editorial board wrote: “‘Growth slowed to almost nothing. Taxes increased over the first nine months, payrolls fell by about 1.7 percent, and employment rose 0.2 percent, according to data released Monday"
business,seed3,business_teacherseed3_a0.75,0.75,4,18,578,"Write a short neutral news brief about a change people are discussing.

Brief:"," The president and the first lady meet for the first time this week to talk about a new, bipartisan immigration bill. It has a chance to pass through Congress. But it's one that will face a huge challenge from President Trump.

Citing concerns about privacy, Trump said in January the new bill would make it harder to get people to the border. But he's been under pressure to stop the law, and he's refused to support the"
business,seed3,business_teacherseed3_a0.75,0.75,4,19,579,"Write a short neutral news brief about a change people are discussing.

Brief:","

A change in the way Americans listen to news.

And:

The first question that people often ask about what is being done to make it easy to understand is the following: “Who are the Republicans on the new immigration bill?”

Brief:

The biggest change to the immigration bill since Trump took office: a provision that allows states to block any new immigrants from the U.S.

Brief"
business,seed3,business_teacherseed3_a0.75,0.75,5,0,580,"Write a short neutral news brief about a new plan.

Brief:"," The New Jersey Department of Education has a plan to make the federal education spending cut to $42 million a year, with funding of $3.7 billion, according to a draft analysis. The state cut $1.9 billion of its tax revenue by $14.5 million, including a $4.3 billion reduction for state employees.

That would cut taxes for all income earner taxpayers by $11.7 billion.

"
business,seed3,business_teacherseed3_a0.75,0.75,5,1,581,"Write a short neutral news brief about a new plan.

Brief:"," New York Times: “We may lose an estimated 300,000 jobs, but it’s also about $1.2 trillion over 10 years — an increase of more than 6 percent over the previous government estimate.”

Brief: CBS News: “New York Times: The New York Department of Health and Mental Hygiene is working to reduce the number of sick New Yorkers, but it remains unclear how many more workers it may take to"
business,seed3,business_teacherseed3_a0.75,0.75,5,2,582,"Write a short neutral news brief about a new plan.

Brief:"," There will be no public funding for a proposed budget for education or a proposal to build public transportation on the East Coast.

There will be no public funding for a proposed budget for education or a proposal to build public transportation on the East Coast. The public option will not help the state's schools.

The Democratic-controlled state Senate rejected the proposal, which would have given the state money in three years to increase teacher contracts and to raise"
business,seed3,business_teacherseed3_a0.75,0.75,5,3,583,"Write a short neutral news brief about a new plan.

Brief:","

What if a new report is released on the future of Google?

On Thursday, Google announced it was shutting down Google Now, and replacing it with a new, more flexible service called ""GSuite Now.""

Gsuite Now also gives customers access to the company's ""Google Assistant"" service, which provides up-to-the-second assistance for those without an Apple or Android device.

In some cases, customers"
business,seed3,business_teacherseed3_a0.75,0.75,5,4,584,"Write a short neutral news brief about a new plan.

Brief:"," The New York Times reported last week that the Trump administration had sent a letter to Congress seeking the final details of a plan to overhaul the federal funding for border wall.

The administration said it would not provide ""hard evidence"" that the Trump administration's plan will not cost the federal government between $5 billion and $7 billion, the Times said, citing an unnamed person involved in the negotiations.

The Times cited a letter from the Department"
business,seed3,business_teacherseed3_a0.75,0.75,5,5,585,"Write a short neutral news brief about a new plan.

Brief:", The Trump administration is considering expanding a national security program that would boost U.S. forces at a time of heightened national security threats. The announcement comes as President Trump prepares to unveil a revised and expanded National Security Strategy.
business,seed3,business_teacherseed3_a0.75,0.75,5,6,586,"Write a short neutral news brief about a new plan.

Brief:"," The US is considering a ban on the sale of medical marijuana products

The proposal to ban medical marijuana sales would apply to more than $8.6 billion in goods sold annually in the US.

The proposal would also exempt recreational marijuana from the sales ban.

""This is not a ban on recreational marijuana, it is an option to buy medical marijuana for a non-medical use,"" said David Vandermeer, the head"
business,seed3,business_teacherseed3_a0.75,0.75,5,7,587,"Write a short neutral news brief about a new plan.

Brief:","

In this brief, the Secretary will review recent progress on the national emergency powers to control the flow of emergency-related resources in the national emergency. A key aspect of this new order, the Secretary will also look at the implications for international coordination of the national emergency, and the effect it may have on the flow of funds.

We will also review the impact of a plan that the National Security Council proposed to reduce the size of the"
business,seed3,business_teacherseed3_a0.75,0.75,5,8,588,"Write a short neutral news brief about a new plan.

Brief:"," “I would like to thank the Obama Administration for helping to create a temporary policy change that would force Iranians to leave their country.”

Brief: “The administration is considering the possibility of limiting the number of Americans on the U.S. government’s payroll. We expect it will reduce the number of American workers by some 70,000 this year. However, the plan could have unintended consequences.”

Brief: “I"
business,seed3,business_teacherseed3_a0.75,0.75,5,9,589,"Write a short neutral news brief about a new plan.

Brief:"," This is a short neutral news brief about the latest plan.

Brief: This is a brief about a new plan to improve the energy efficiency of your local area.

Brief: This is a short neutral news brief on the energy efficiency of your local area.

Brief: This is a brief about a new plan to improve the energy efficiency of your local area.

The content of this newsletter is in no way"
business,seed3,business_teacherseed3_a0.75,0.75,5,10,590,"Write a short neutral news brief about a new plan.

Brief:"," The number of people who signed up for the new ""In The Valley"" program will increase. It was reported Thursday that the program has been expanded to six days. The new program will be the first to be offered nationwide.

New campaign group the Pace for Growth released its first survey today, showing that more than 60% of millennials are optimistic that the economy will recover.

""There's a growing consensus among millennials that"
business,seed3,business_teacherseed3_a0.75,0.75,5,11,591,"Write a short neutral news brief about a new plan.

Brief:"," The president and his family will soon receive an update on the State of the Union.

The plan is that the Obama administration will send the president a note of apology on Wednesday, before the State of the Union is released, for all the negative information about the U.S. economy.

Brief: A federal judge has issued a preliminary injunction preventing the Trump administration from releasing the notes of the State of the Union that the president has"
business,seed3,business_teacherseed3_a0.75,0.75,5,12,592,"Write a short neutral news brief about a new plan.

Brief:"," The FCC says that a new policy is necessary to ensure that Americans understand and get more out of the broadband market as a whole. It wants to be less of a barrier for telecom companies to get on board and for companies to avoid the impact of the new policy.

Poll

E-mail this to a friend Printable version Bookmark with: Delicious

Digg

Reddit

Facebook

St"
business,seed3,business_teacherseed3_a0.75,0.75,5,13,593,"Write a short neutral news brief about a new plan.

Brief:"," Obama’s plan to “work in tandem” with China to promote trade.

Critic: Obama will not let China dictate trade policy.

Critic: China will not allow a single American firm to participate in the free trade agreement.

Critic: No, but China is making trade decisions for its own growth.

Critic: No, but China is making economic policy decisions.

Critic: No"
business,seed3,business_teacherseed3_a0.75,0.75,5,14,594,"Write a short neutral news brief about a new plan.

Brief:","

The United States military is considering a controversial strategy to reduce the threat posed by Iraq by replacing civilian-based weapons production with a weapons development program that would produce nuclear weapons. The US military could build and deploy only weapons of mass destruction if it is convinced that such weapons are an effective deterrent.

The new plan would require the US to use the civilian-based production of the weapons for more than six years and is projected to boost"
business,seed3,business_teacherseed3_a0.75,0.75,5,15,595,"Write a short neutral news brief about a new plan.

Brief:","The state of the nation's budget by state, by county, and by county, a list of all taxes and spending in one single document, a ""budget statement.""

""Budget Statement"" includes a $2.3 trillion package of spending and taxes and a set of ""budgets"" for every state. It also includes a full-year spending report, ""budget projections,"" and a ""budget"" for every federal"
business,seed3,business_teacherseed3_a0.75,0.75,5,16,596,"Write a short neutral news brief about a new plan.

Brief:"," It will make it easier for families to keep track of home security updates by phone, and better for children to access the Internet.

Advertisement

Advertisement

Brief: It will help families pay for their own electricity and water.

Brief: It will help children pay for their own electricity and water.

Advertisement

Brief: It will make the electricity grid more flexible.

""The main difference will"
business,seed3,business_teacherseed3_a0.75,0.75,5,17,597,"Write a short neutral news brief about a new plan.

Brief:"," How will we get out of a deadlock in the talks in Paris?

A: No idea yet, but we are in talks with Iran. But in the meantime, the United States is looking at trying to help with that, too. The US is getting more and more interested in the Iran nuclear deal, which Iran is developing, even if the deal is not being finalized."
business,seed3,business_teacherseed3_a0.75,0.75,5,18,598,"Write a short neutral news brief about a new plan.

Brief:"," A new plan to reduce greenhouse gas emissions and to save $6.7 billion over 10 years.

A new plan to reduce greenhouse gas emissions and to save $6.7 billion over 10 years.

The $2.1 billion for the first six years will go into increasing the fuel economy of buses, trucks and light trucks, but that will not include any of the funding that will be provided for the long-term growth of"
business,seed3,business_teacherseed3_a0.75,0.75,5,19,599,"Write a short neutral news brief about a new plan.

Brief:"," In order to preserve our country, the government has to get rid of the bill, which is called the Stop Online Piracy Act. This bill aims to stop online piracy and to restore the rights of digital platforms, including Blockchains and cryptocurrencies.

What’s the plan?

The current plan is to restore the legal protections of the Internet for users, to protect their online activities and the people who operate online.

Block"
business,seed3,business_teacherseed3_a1,1.0,0,0,600,"Write a short neutral news brief about a recent local development.

Brief:"," Local businesses in a major city have been struggling as their economic outlook has not improved, a survey shows.

The city of Baltimore said it lost more than half of its jobs in July, while the city lost 11,000 jobs.

There were also signs a recent recession was making things worse for businesses. The unemployment rate dropped to a three-year low, with the number of people receiving benefits falling, from 9.6 percent in"
business,seed3,business_teacherseed3_a1,1.0,0,1,601,"Write a short neutral news brief about a recent local development.

Brief:"," We are a community of people who are interested in the development of the town and the community for the betterment of its citizens.

“We are a community of people who are interested in the development of the town and the community for the betterment of its citizens. Bylaws are the basis of our town, for the betterment of our town and the public good,” said city manager James Kutnik.

The Kut"
business,seed3,business_teacherseed3_a1,1.0,0,2,602,"Write a short neutral news brief about a recent local development.

Brief:"," An anonymous report by a local group indicates that the majority of those at the county level who are facing rising water rates are also likely to be elderly. The group said that the most vulnerable are those at the lower end of the income distribution (those earning less than $50,000 per year) and those with incomes of more than $2 million.

The group said that the average household with an income above $1 million, has about 80"
business,seed3,business_teacherseed3_a1,1.0,0,3,603,"Write a short neutral news brief about a recent local development.

Brief:"," A local news organization has been struggling over the past several months with the aftermath of the Trump administration's health care proposal, which seeks to overhaul the Affordable Care Act.

This short, neutral piece of news comes as the news organization is grappling with the economic and social impacts of a proposed new law that could severely affect the lives of millions of Americans.

Trump is expected to announce his plan on Friday, although it's unclear when the"
business,seed3,business_teacherseed3_a1,1.0,0,4,604,"Write a short neutral news brief about a recent local development.

Brief:","

“A lot of businesses are being hit hard by these massive changes across the country. Businesses need to know that they can’t be taken hostage. They’ve got to get people to take the proper steps now to protect their investment and their businesses.”

The U.S. government has a duty to protect consumers and investors in all our major sectors.

According to the U.S. Census Bureau, the percentage"
business,seed3,business_teacherseed3_a1,1.0,0,5,605,"Write a short neutral news brief about a recent local development.

Brief:"," Some of the best news stories have come from the Washington Post, the New York Times and the Wall Street Journal.

The Washington Post: The New York Times has had a tough year. The newspaper has lost over 60% of its readership.

The Washington Post: A new paper is printing more copies of its magazine.

The Wall Street Journal: The Wall Street Journal has lost about half of its readership.

"
business,seed3,business_teacherseed3_a1,1.0,0,6,606,"Write a short neutral news brief about a recent local development.

Brief:"," ""Local economic boom""

It was a bit earlier in the year that the report was published than it would have been had it been published a couple of weeks earlier, with a much more detailed and detailed report on the report's findings.

In the report, the authors report that the economic boom that began in the region was expected to take place in the second half of this year as the demand for housing and food is growing.
"
business,seed3,business_teacherseed3_a1,1.0,0,7,607,"Write a short neutral news brief about a recent local development.

Brief:"," The US government is considering the construction of a $7.1 billion, three-year airport to connect two main airports in the Middle East and Europe, the Washington Post reported Thursday.

A report from the International Monetary Fund said Thursday that the US will likely use a two-year runway for the airport because of concerns that the US is unable to achieve its “best effort” to develop infrastructure projects in the region, especially in Egypt."
business,seed3,business_teacherseed3_a1,1.0,0,8,608,"Write a short neutral news brief about a recent local development.

Brief:"," ""The Tweeter is working hard to try to help local businesses and employees as we seek to balance our mission with our community.""

""The Tweeter is an ongoing community initiative that helps make sure the Tweeter continues to serve our community. We are working closely with local businesses and government to ensure the Tweeter continues to reach out to our community.""

The Tweeter's mission is to help improve Twe"
business,seed3,business_teacherseed3_a1,1.0,0,9,609,"Write a short neutral news brief about a recent local development.

Brief:","

Trending stories, from newsworthy events to budget cuts and taxes

The government's housing plan will cut the size of the state's housing stock by 40 percent in the next three years, bringing the country's average home price to $150,000.

The plan will reduce the state's annual net worth by an estimated $1.8 billion this year, according to government documents filed with the state.

"
business,seed3,business_teacherseed3_a1,1.0,0,10,610,"Write a short neutral news brief about a recent local development.

Brief:","

Kids don’t want to be the first victim. There are more who need help. There are families who want to help their children.

This may be difficult for some families, but it’s not as difficult for the children. Kids need to know about their parents.

The key is that they know what to expect in their child’s life.

And that’s what we’re hoping for"
business,seed3,business_teacherseed3_a1,1.0,0,11,611,"Write a short neutral news brief about a recent local development.

Brief:","

The City of New Orleans has signed up to be the lead news service for its New Orleans neighborhoods.

The City is working on an ordinance that would put in place a statewide system for reporting local news. The news agency will collect, share, and analyze local news, as well as news of local events.

The news agency will provide real time, aggregated news, with the ability to publish online, on social media and via"
business,seed3,business_teacherseed3_a1,1.0,0,12,612,"Write a short neutral news brief about a recent local development.

Brief:"," A town on the edge of a national recession: how it is a key part of an emerging-market economy.

Economists debate what a new ""recess"" will be for the economy.

By Bill Kowalsky, Bloomberg News

The United States experienced a period of economic contraction in 2012 that was largely driven by lower-than-average unemployment. By March of this year, the national economy was in the"
business,seed3,business_teacherseed3_a1,1.0,0,13,613,"Write a short neutral news brief about a recent local development.

Brief:"," In addition to a short neutral news brief about a recent local development, the article is also available online in both print and electronic formats.

The brief contains facts, graphics, and detailed information that can be useful for the reader and can help them make sense of the issues being discussed. The brief will be available online at https://www.nytimes.com/public/opinion/press/press-releases/2010/10/08"
business,seed3,business_teacherseed3_a1,1.0,0,14,614,"Write a short neutral news brief about a recent local development.

Brief:"," Brendan O'Neill of the Daily News has accused the City of Oakland of hiring a lobbyist and a lobbyist to oversee the redevelopment of its buildings and projects, including a $1.7 billion new, mixed-use development downtown.

The project, which O'Neill is charging the city with overseeing, would include the creation of a new office building at the intersection of North and South Seventh streets.

O'"
business,seed3,business_teacherseed3_a1,1.0,0,15,615,"Write a short neutral news brief about a recent local development.

Brief:"," A new poll out today says the majority of Americans don’t feel confident that Trump will get re-elected, and a new Quinnipiac University poll of the same group finds that 70% of those polled think he’s in trouble.

The Washington Post reported: The survey, conducted for The Associated Press by Kaiser Foundation, found that 72% of Americans feel confidence in Trump is getting re-elected, up from 69% in"
business,seed3,business_teacherseed3_a1,1.0,0,16,616,"Write a short neutral news brief about a recent local development.

Brief:","

The development is a two-story mixed-use residential and commercial structure at 4017 E. Main Street located in the North End of Denver. The project consists of two levels of mixed-use commercial buildings with a total of 24 apartments, while three more apartments are planned to be developed on a lower level. This project is expected to bring in approximately $4 million in annual sales to the city.

The development will have the potential"
business,seed3,business_teacherseed3_a1,1.0,0,17,617,"Write a short neutral news brief about a recent local development.

Brief:"," What is an average day’s average GDP?

An average day’s GDP is a measure of the overall economic expansion of a country in a given year, calculated by dividing the number of people who receive the goods and services generated by that country’s gross domestic product by the number of people who are employed.

In this simple calculation, the U.S. is a nation that’s spending a total of $9 billion"
business,seed3,business_teacherseed3_a1,1.0,0,18,618,"Write a short neutral news brief about a recent local development.

Brief:"," Local developers from Pendleton, Pendleton Town Center and the city of Burlingame have agreed to construct a $4 billion, 50-room hotel that would accommodate hundreds of thousands of customers, from downtown hotels to convention centers.

Housing Secretary Ken Salazar is proposing to build the hotel at a cost of $1.9 billion and set a goal of the hotel opening to the public in 2027.

The plan"
business,seed3,business_teacherseed3_a1,1.0,0,19,619,"Write a short neutral news brief about a recent local development.

Brief:"," “We’re in a state of uncertainty at the moment, which means that we have to decide on whether we are going to put new money into education and make it possible for children to become more independent.”

The new state funding for education will be $5.2 billion. That's roughly $1.4 billion to $1.6 billion.

According to the school board, the new program will help the state improve the"
business,seed3,business_teacherseed3_a1,1.0,1,0,620,"Write a short neutral news brief about a public announcement.

Brief:","

The U.S. economy is expected to recover in 2015 after a two-year low. A weak dollar, weak labor market and slow industrial growth have caused some economists to expect growth will be slow to rebound.

The Obama administration is expected to keep interest rates low on Oct. 1 in order to avoid a government shutdown. On Oct. 4, the Obama administration will suspend its spending plan, in an effort to prevent a $"
business,seed3,business_teacherseed3_a1,1.0,1,1,621,"Write a short neutral news brief about a public announcement.

Brief:","

""The federal government has finally taken it into its own hands, creating a new entity for its own internal affairs,"" Trump said in a statement. ""This is an unprecedented step, and I am in complete agreement with that decision. As the government and the American people continue to see the threat posed by the coronavirus, it is imperative that we work together to create a government that will provide solutions that are needed to counter the disease.""

"
business,seed3,business_teacherseed3_a1,1.0,1,2,622,"Write a short neutral news brief about a public announcement.

Brief:"," An online video that contains an introduction to a new website and the introduction of a local election.

Brief: An online video that contains a new website and the introduction of a local election.

A brief news brief about a public announcement or an announcement of an election, with an overview of the news brief.

A brief news brief about a public announcement or an announcement of an election, with an overview of the news brief."
business,seed3,business_teacherseed3_a1,1.0,1,3,623,"Write a short neutral news brief about a public announcement.

Brief:"," The government has asked the public to comment on the news in two days.

And in a short one-minute text message, the government said it will ""work with and cooperate with the local and state authorities to review the progress of implementation of the guidelines.""

But the announcements do not yet represent final policy, said Mr. Trump, who added that he was ""deeply disappointed in the delay"" in the announcement.

The"
business,seed3,business_teacherseed3_a1,1.0,1,4,624,"Write a short neutral news brief about a public announcement.

Brief:"," A public announcement made about a controversial public statement made by a group of people who want to change their views on issues.

Brief: A public announcement made about a controversial public statement made by a group of people who want to change their views on issues. Brief: A news brief released about a controversial public statement made by a group of people who are concerned about public information.

This article is a revised version of a previous version that"
business,seed3,business_teacherseed3_a1,1.0,1,5,625,"Write a short neutral news brief about a public announcement.

Brief:"," A recent report shows that there have been more than 8,000 cases of measles reported to the measles control programme since the new vaccine came into force, with up to 30,000 people being reported to get sick. The situation has worsened, with a measles outbreak hitting a significant number of hospitals in South Africa.

“The country has been hit by an outbreak of measles, which has killed or seriously affected more than 1,000 people,”"
business,seed3,business_teacherseed3_a1,1.0,1,6,626,"Write a short neutral news brief about a public announcement.

Brief:"," A report says a state Supreme Court judge has issued an order requiring the Department of Homeland Security (DHS) to provide the department with information about the identities of those detained by federal immigration authorities.

Brief: An immigrant rights group is challenging a decision from the Ninth Circuit Court of Appeals in Seattle. The group sued the court over the agency’s use of a national database to identify immigrants it said was inaccurate and outdated.

B"
business,seed3,business_teacherseed3_a1,1.0,1,7,627,"Write a short neutral news brief about a public announcement.

Brief:"," the U.S. Supreme Court has set aside a lower court's ruling against a Michigan-based group that sued a state to stop it from issuing state-issued birth certificates.

The Supreme Court of Michigan issued a series of rulings earlier this year that cleared the way for the state to issue birth certificates to certain people in Michigan, but a state Department of Health and Human Services study showed that they could be delayed. But last month, the"
business,seed3,business_teacherseed3_a1,1.0,1,8,628,"Write a short neutral news brief about a public announcement.

Brief:"," The Government intends to make more public announcements about the state of global warming by the year 2100, from the beginning of the 21st century. The World Resources Institute says the world is warming by 2100 because of the rising temperatures, and that the world will probably take more than the world needs to achieve that goal. But in the US, the temperature is at its highest level for 30 years and the rate of warming has been above 3 degrees since"
business,seed3,business_teacherseed3_a1,1.0,1,9,629,"Write a short neutral news brief about a public announcement.

Brief:"," President-elect Donald Trump speaks with the media during a joint press conference with his new Supreme Court pick, Brett Kavanaugh, at the Washington state Capitol in Washington on Tuesday, Jan. 26, 2018. (AP Photo/Alex Brandon)

Brief: President-elect Donald Trump speaks with the media during a joint press conference with his new Supreme Court pick, Brett Kavanaugh, at the Washington state Capitol in Washington on Tuesday, Jan. 26,"
business,seed3,business_teacherseed3_a1,1.0,1,10,630,"Write a short neutral news brief about a public announcement.

Brief:"," An advisory opinion with broad implications for the state of the economy and the political environment that would help bring down the national debt by about $1.3 trillion over 10 years.

Brief: A look at the economic impact of the bailout by a top official in the U.S. Department of Treasury.

Brief: An advisory opinion by the U.S. Treasury that would enable the federal government to reduce its debt over"
business,seed3,business_teacherseed3_a1,1.0,1,11,631,"Write a short neutral news brief about a public announcement.

Brief:"," A report that Iran has started its nuclear program with a small increase in enrichment, and a new report that the country is also planning to start enriching uranium.

Brief: An Iranian newspaper said last month that it was planning to release 5,000 new centrifuges, an indication that the pace of progress for the program will continue through the end of the year.

Brief: A study says the Iranian military has plans to increase"
business,seed3,business_teacherseed3_a1,1.0,1,12,632,"Write a short neutral news brief about a public announcement.

Brief:"," We’re also in the process of determining whether to make an editorial in-person announcement as part of the new Trump administration’s announcement of the Keystone XL pipeline.

Brief: The next step would be a public announcement of this announcement, or part of it, in order to help the public understand why the pipeline might be blocked. That would be an important step forward for the industry and help the industry to determine whether it is"
business,seed3,business_teacherseed3_a1,1.0,1,13,633,"Write a short neutral news brief about a public announcement.

Brief:"," About the latest news from the White House about the Obama administration’s effort to force a public announcement of the White House’s decision to suspend the Obama-era executive order.

Brief: About the Obama administration’s attempt to force a public announcement of the Obama-era executive order.

“To help the public, we are implementing an action plan that takes action to close the record-keeping gap in the Obama administration’"
business,seed3,business_teacherseed3_a1,1.0,1,14,634,"Write a short neutral news brief about a public announcement.

Brief:","

The first two days of Trump’s budget were the most comprehensive in the history of the budget. But they were only the beginning. Trump’s budget contains more than $1 trillion of cuts to programs, and it puts a strain on a lot of agencies and entities that had been created to provide assistance and serve as models for other agencies.

More than $400 billion to the federal budget goes toward programs and services that were not"
business,seed3,business_teacherseed3_a1,1.0,1,15,635,"Write a short neutral news brief about a public announcement.

Brief:"," Public announcement of a public announcement. A short neutral news brief describing a public announcement.

A short neutral news brief describing a public announcement. A short neutral news brief describing a public announcement.

The announcement is published in the news brief. In this example, the news brief includes a title for the announcement. The announcement is published in a short neutral news brief describing a public announcement.

A short neutral news brief describing a public announcement"
business,seed3,business_teacherseed3_a1,1.0,1,16,636,"Write a short neutral news brief about a public announcement.

Brief:"," As a way to share information and ideas in a way that the public can understand, news briefs that are shorter and more focused are less likely to be viewed as news.

Brief: With a longer story, it is important to note that news briefs are not always the most valuable. Briefs that are shorter and focused in a way that is easily understood by a wide variety of people will be viewed less favorably.

News Briefs"
business,seed3,business_teacherseed3_a1,1.0,1,17,637,"Write a short neutral news brief about a public announcement.

Brief:"," The government had to announce that the Federal Reserve had cut interest rates to 0.35 percent, the lowest since April 2007, but that interest rates would stay at 0.25 percent for a year. The Federal Open Market Committee (FOMC) had decided to lower rates to 0.1 percent.

Brief: The Fed announced that it would raise rates for the first time in five years, to 0.9 percent, and cut"
business,seed3,business_teacherseed3_a1,1.0,1,18,638,"Write a short neutral news brief about a public announcement.

Brief:","

The Government has provided a free, 10-page briefing with a list of the names and figures which will be the subject of the public announcement, and has also made a final decision that the names of the victims will be disclosed to the public.

However, some political parties in the UK appear to be more concerned with the public announcement and not about the victims. In the UK, the prime minister has been accused of ""over-"
business,seed3,business_teacherseed3_a1,1.0,1,19,639,"Write a short neutral news brief about a public announcement.

Brief:"," Public announcements of public information are common in the news business and often are the result of public participation (e.g., the public announcement of the release of a national economic report or press release). However, it is often difficult to determine whether the public announcement is for the purpose of public information. To overcome these difficulties, the media industry has focused on providing brief public announcements to media buyers, often referred to as a public press release. These brief public"
business,seed3,business_teacherseed3_a1,1.0,2,0,640,"Write a short neutral news brief about a group making a decision.

Brief:"," A group making a decision to shut down news outlets.

The media will be made to pay attention to the group. They will be allowed to decide where and when they choose to air their news.

A group of news outlets will be set up with a few different criteria: the news is a national topic, the news has a strong national focus and the news will be in the news, which will help to generate and organize the news"
business,seed3,business_teacherseed3_a1,1.0,2,1,641,"Write a short neutral news brief about a group making a decision.

Brief:"," “What can we learn from this group’s decision to vote to ban the sale of Syrian gas masks?”

Story continues below advertisement

The news brief, entitled, “The Syrian government is using its mass-produced ‘military masks’ to hide weapons and propaganda in Syria,” said Ipsos Mori, head of the Middle East region at Ipsos.

Ipsos was founded in 2004 as a result of a"
business,seed3,business_teacherseed3_a1,1.0,2,2,642,"Write a short neutral news brief about a group making a decision.

Brief:"," There is a group of Russian intelligence officers trying to determine if Russia meddled in the 2016 US election by hacking Democrats. According to an anonymous person with direct knowledge, they asked for help in identifying and prosecuting Russia's role in the hacking of the Democratic National Committee website.

That was a mistake.

The news about the incident has been confirmed to be false, and is being kept quiet as a result of the Russian-American"
business,seed3,business_teacherseed3_a1,1.0,2,3,643,"Write a short neutral news brief about a group making a decision.

Brief:", A group of four people who are concerned about the proposed changes to US banking regulations in response to Hurricane Sandy. (N.Y. Times)
business,seed3,business_teacherseed3_a1,1.0,2,4,644,"Write a short neutral news brief about a group making a decision.

Brief:","

As a result of the coronavirus pandemic and the threat of the global economy being impacted, many U.S. citizens will be unable to leave their homes or businesses. The government has said the measures are needed to protect businesses and to provide essential services to individuals and families.

The Trump administration's decision to close the American Community Redevelopment Authority (ACSRA) and stop issuing grants for the revitalization of its offices, including"
business,seed3,business_teacherseed3_a1,1.0,2,5,645,"Write a short neutral news brief about a group making a decision.

Brief:"," https://goo.gl/Vx6XQV

In his report, the FBI released a transcript of an interview with former National Security Agency contractor Edward Snowden in which he said that the NSA's mass collection of data ""violates the Constitution,"" which limits the government's surveillance powers. Snowden told the US Senate Intelligence Committee last year that the NSA's massive collection of Americans' phone records ""is unprecedented, uncharted territory,"
business,seed3,business_teacherseed3_a1,1.0,2,6,646,"Write a short neutral news brief about a group making a decision.

Brief:","

The US Government has decided that “Novelty in Iran’s nuclear program may pose a significant risk to human health”, according to a letter to the US President issued this morning by the Government, the Washington Post reported.

The letter, signed by more than 60 US and European officials, said: “The US has decided that “Novelty in Iran’s nuclear program may pose a significant threat to human health” and"
business,seed3,business_teacherseed3_a1,1.0,2,7,647,"Write a short neutral news brief about a group making a decision.

Brief:"," A news brief from a group that would like to see the U.S. Congress pass the “Trump Doctrine” after the June 6, 2016, U.S. Supreme Court decision that made President Donald Trump the first to designate Iran as a “national security threat.”

Brief: A brief from a group that wants to see Trump’s Executive Order on Iranian Foreign Affairs set up for the next six weeks that would restrict the country"
business,seed3,business_teacherseed3_a1,1.0,2,8,648,"Write a short neutral news brief about a group making a decision.

Brief:"," An online news analysis of a group of people who decided to make a decision to cut, slash or do nothing.

The decision makers had no idea they would be cut, or that they would be done.

The group did some research to figure out what might happen.

They found that, for the past five years, people were still deciding whether to cut, and whether to do nothing.

The group that had done"
business,seed3,business_teacherseed3_a1,1.0,2,9,649,"Write a short neutral news brief about a group making a decision.

Brief:"," A study found that, in the past, a majority of Republicans opposed new legislation on taxes that was introduced by some Republicans. It was a response to President Trump’s campaign to try to block a tax hike that would have raised their national debt by an extra $1.3 trillion over 10 years.

Brief: A study found that, in the past, a majority of Republicans opposed a new legislation on taxes that was introduced by some"
business,seed3,business_teacherseed3_a1,1.0,2,10,650,"Write a short neutral news brief about a group making a decision.

Brief:"," A report published in October by an organization, the Center for Science and Economic Future, said a global carbon price of 25% (around $1,260) is needed to solve the problem of carbon dioxide emissions.

A report published in October by the group, the Center for Science and Economic Future, said a global carbon price of 25% (around $1,260) is needed to solve the problem of carbon dioxide emissions. (Associ"
business,seed3,business_teacherseed3_a1,1.0,2,11,651,"Write a short neutral news brief about a group making a decision.

Brief:"," This brief has been revised as more information becomes available.

This press release, including all attachments, contains the complete text of the press release and may contain forward-looking statements. Forward-looking information is statements that involve risks and uncertainties that may cause actual results, levels of activity or events to differ materially from those projected in the forward-looking information. Readers are cautioned not to place undue reliance on forward-looking information, including statements"
business,seed3,business_teacherseed3_a1,1.0,2,12,652,"Write a short neutral news brief about a group making a decision.

Brief:","

The news will be based on the reactions of the citizens and business community, as well as the public, that the agency has worked in the past to address the needs and demands of the masses.

A short piece about the issue will include a series of short stories written by or on behalf of individuals who have suffered and/or are facing similar circumstances, to help people who may be feeling overwhelmed."
business,seed3,business_teacherseed3_a1,1.0,2,13,653,"Write a short neutral news brief about a group making a decision.

Brief:"," We’ve got the largest political mobilization in our history, and we’re getting stronger with each passing year. In November, Donald Trump’s 2016 victory was accompanied by the release of new documents, which show that he’s been re-elected to a second term. Here’s the full report from The Washington Post:

“I’m confident that we’re going to get stronger in the next 12 months, and I"
business,seed3,business_teacherseed3_a1,1.0,2,14,654,"Write a short neutral news brief about a group making a decision.

Brief:"," The Obama administration is pushing for a ""zero tolerance"" policy for domestic violence against its own citizens.

""A key part of the process is the FBI's review of the domestic abuse statistics to assess the risk of domestic violence and for the department to take immediate action against individuals who have committed domestic violence,"" says a statement from the Department of Justice.

The government, in response, is asking for more information about the number of domestic violence"
business,seed3,business_teacherseed3_a1,1.0,2,15,655,"Write a short neutral news brief about a group making a decision.

Brief:"," A group of researchers are looking at how the environment influences a group of people’s beliefs about human health.

Brief: A group of scientists are looking at the effect of weather on health and how it affects people.

Brief: An American University researcher is looking at the effect of a change in the weather, the intensity of the weather and whether it has an impact on the quality of life of people in a population.
"
business,seed3,business_teacherseed3_a1,1.0,2,16,656,"Write a short neutral news brief about a group making a decision.

Brief:"," A group of journalists is considering a proposal to ban all news organizations from the U.S. for one year or longer. The group says it would “seek to reduce our exposure of controversial issues from the news media and ensure that our community’s voice is heard through advocacy.”

A new “media watchdog organization” to investigate the practice, BRIAN MILLER, has been formed in Texas. According to a news release,"
business,seed3,business_teacherseed3_a1,1.0,2,17,657,"Write a short neutral news brief about a group making a decision.

Brief:"," Beware of unregulated news companies which make money by selling political propaganda and suppressing dissent.

Short message: Put words on a paper and keep the words separate so that an entire news organization can never run out of words.

Long message: Get to know the people in the business of producing news and not worry about the impact of the industry.

Letter: Keep it short and to the point, but write a letter to"
business,seed3,business_teacherseed3_a1,1.0,2,18,658,"Write a short neutral news brief about a group making a decision.

Brief:"," The Government of Northern Ireland is considering a change to the way it works and how it handles the legal situation.

A report will be submitted in the coming months to the House of Commons’ Committee on the Rights and Legislation of the States and Territories.

In particular, the report will be due on Thursday May 16, 2014.

The decision will allow the Government to consider whether to alter the approach it uses in the"
business,seed3,business_teacherseed3_a1,1.0,2,19,659,"Write a short neutral news brief about a group making a decision.

Brief:"," The State of California had a plan to cut $2.1 billion from its budget for next year, and the federal government is asking for more to be spent in a bid to offset the cuts, according to a report by the Congressional Budget Office.

It said $5.3 billion will be invested in the state’s infrastructure, which will include highway construction and $2.9 billion in public-sector benefits that would be paid out"
business,seed3,business_teacherseed3_a1,1.0,3,0,660,"Write a short neutral news brief about an event that happened today.

Brief:"," The state’s unemployment rate dropped from 3.8 percent to 3.3 percent in November, and the economic outlook has been positive for the fourth month in a row.

The rate for January was 3.7 percent. That was down from a year earlier, and down from an 8.8 percent increase in January.

“There is a lot of optimism that the economy will come back strong for the first time since the mid"
business,seed3,business_teacherseed3_a1,1.0,3,1,661,"Write a short neutral news brief about an event that happened today.

Brief:"," This was a real-time story about a day in the life of a school board member, a district employee, and a city council meeting. It will now be published as news, as part of the “Wired for News” series, and will be published on June 12.

Brief: On Wednesday, June 12, the New York Post reported that some school board members, including former district board President John M. Hylan and"
business,seed3,business_teacherseed3_a1,1.0,3,2,662,"Write a short neutral news brief about an event that happened today.

Brief:"," The State of Israel’s Economy is at a Stable, but its Real Economy is in the Weakest Quarter

The State of Israel’s Economy is at a Stable, but its Real Economy is in the Weakest Quarter, the weakest in half a decade.

The economy is a booming one. And its real economy has seen the most remarkable recovery in a decade. The economy is now a world-leading one"
business,seed3,business_teacherseed3_a1,1.0,3,3,663,"Write a short neutral news brief about an event that happened today.

Brief:"," New reports show that some businesses will shut down next year, after years of success. But some local businesses are already seeing financial results for year to date as well as profit, according to the most recent quarterly survey by the American Taxpayer Relief Association.

A new report reveals that the U.S. economy is slowing, even as the world's economic problems have worsened. It shows that unemployment has remained stubbornly high for the past"
business,seed3,business_teacherseed3_a1,1.0,3,4,664,"Write a short neutral news brief about an event that happened today.

Brief:"," What happened today?

It’s been a busy couple of days, both political, with new state-level legislation moving through the legislature to protect the public from more and more of the public’s worst fears.

“I was surprised at some of the information that was shared.” said Sen. Steve Rennie, who introduced the new legislation.

The bill provides $1 billion in savings for state agencies.

"
business,seed3,business_teacherseed3_a1,1.0,3,5,665,"Write a short neutral news brief about an event that happened today.

Brief:","

President of the National Organization for the Reform of the Code of Federal Regulations (CORE) Bill No. 23, was reelected President of the United States today.

President of the National Organization for the Reform of the Code of Federal Regulations (CORE),

President of the Federal Reserve System, was reelected in
October 2018.

President of the National Organization for the Reform of the Code of Federal Regulations (CORE) Bill"
business,seed3,business_teacherseed3_a1,1.0,3,6,666,"Write a short neutral news brief about an event that happened today.

Brief:"," The latest in a series of events is that a school of

Nevada lawmaker is suing the state because she is not allowed to use the

""publicly traded"" phone-number number

for phone calls, though she did not provide her phone number to the

officials at that company, according to The Daily Record.

The problem is that a ""publicly traded"" phone-number is a"
business,seed3,business_teacherseed3_a1,1.0,3,7,667,"Write a short neutral news brief about an event that happened today.

Brief:"," a few months ago, a few people were outraged about the recent Russian government decision to deploy drones into Ukraine, and after this one-day meeting, we all agreed to work together on that. Now, it’s a joint effort and we’re hoping to get the news out via our Twitter page and Facebook page.

The short: there’s no news on the situation in Kiev that seems to be getting a lot more"
business,seed3,business_teacherseed3_a1,1.0,3,8,668,"Write a short neutral news brief about an event that happened today.

Brief:","

President-elect Donald Trump will choose the nation’s next chief executive to oversee a trillion-dollar effort to create a new, “new economic order” for the U.S. economy. It will be led by the U.S. Department of the Treasury, the largest Federal Reserve and a powerful new political lobby in the Senate.

The new administration will use a new approach to balance the budget, including tax cuts, tax"
business,seed3,business_teacherseed3_a1,1.0,3,9,669,"Write a short neutral news brief about an event that happened today.

Brief:"," The government wants to put a price tag on the loss of the Aerosmith concert tour, which is slated to be $5 billion. The announcement will be made during the National Press Club, where officials expect a price tag on the total estimated loss for the band's remaining tour.

Brief: With the band set to re-enter the Billboard chart this week, a $1 billion price tag is being sought for the group's concert"
business,seed3,business_teacherseed3_a1,1.0,3,10,670,"Write a short neutral news brief about an event that happened today.

Brief:"," The New York Times reports on a high-profile case where a man was arrested for fraud and other crimes after he allegedly paid a group of Americans tens of thousands of dollars to send fake news to government and private media.

Critic: The Times reports that after news outlets reported on a Russian hacking operation, Russian officials responded by ordering a boycott and firing hundreds of journalists.

The Times: It also reports that Russian officials demanded “a"
business,seed3,business_teacherseed3_a1,1.0,3,11,671,"Write a short neutral news brief about an event that happened today.

Brief:"," In the U.S., the National Park Service said this week that there is a new focus on small-scale tourism, the bulk of which is the purchase of space to park automobiles.

The Park Service said Tuesday that the agency will review the $1.4 billion sale of a 1.5-acre parcel of land for ""sustainable and responsible development.""

The Park Service said that a majority of the Park Service's $"
business,seed3,business_teacherseed3_a1,1.0,3,12,672,"Write a short neutral news brief about an event that happened today.

Brief:"," The New York Times has announced that a bomb has been placed in the U.S. Consulate of Saudi Arabia in Riyadh, a week after the Pentagon said that an Iranian-backed Hezbollah rocket fired off from the Saudi island of Bahrain had crossed into the U.S. territory of Guantanamo Bay, Cuba.

Mission: A word to all. The Pentagon has been working to reduce the impact of the"
business,seed3,business_teacherseed3_a1,1.0,3,13,673,"Write a short neutral news brief about an event that happened today.

Brief:"," The Baton Rouge Police Department and state Attorney General Brad R. Helms announced that a driver who crashed into a police vehicle in Baton Rouge on the morning of September 1 and caused the death of a police officer, was arrested Tuesday in connection to the death. The officer, Kevin Sinkridge, was responding to a call that an officer was being attacked by an unidentified suspect. He was driving a Baton Rouge police car when he crashed into"
business,seed3,business_teacherseed3_a1,1.0,3,14,674,"Write a short neutral news brief about an event that happened today.

Brief:","

“Flight MH370 is a massive and unexpected collision with a United States Air Force F-35 fighter jet,” the company said in a statement.

The Air Force, a defense contractor, has said the Boeing 787 Dreamliner, the company’s fifth-oldest aircraft, was heading for an aircraft out of the sky over eastern Ukraine in an attempt to prevent a major disaster.

Fighter jets have been used"
business,seed3,business_teacherseed3_a1,1.0,3,15,675,"Write a short neutral news brief about an event that happened today.

Brief:"," A press conference for a new school in Maryland that is being held Monday. (AP)

Brief: A new school in Baltimore where it's going to be held this week. (AP)

Amid all of the news chatter, the State Department is putting the event on hold as a precaution.

""We've done our best to minimize the impact to the national news,"" State's Chief of Policy and Advocacy"
business,seed3,business_teacherseed3_a1,1.0,3,16,676,"Write a short neutral news brief about an event that happened today.

Brief:","

A high school basketball player at a private charter school was arrested Monday after she allegedly allegedly assaulted two students.

The complaint alleges that, before going to a school and learning what happened to her at that school, the students were discussing ""the possible use of violence, the importance of violence and the fact that the victim was under the influence of drugs."" The complaint, which has been added to the district court docket, names five alleged perpet"
business,seed3,business_teacherseed3_a1,1.0,3,17,677,"Write a short neutral news brief about an event that happened today.

Brief:","

The U.S. and the Canadian government have committed to investing $300 billion in next year’s U.S. budget. Canada is spending $300 billion on its next year budget, but most of it will come from an increase in government spending for things like education, infrastructure and the environment.

On the other hand, the U.S. is also seeking to cut its deficit by about $2.5 trillion,"
business,seed3,business_teacherseed3_a1,1.0,3,18,678,"Write a short neutral news brief about an event that happened today.

Brief:"," The Associated Press reported yesterday that the death toll from a shooting that killed two people and injured hundreds more in a series of shootings across the Southeast was about to double to nine. AP said it was still looking for new details on the number of people killed in each incident, but the latest numbers were likely more accurate because of an increase in arrests.

The Associated Press’s headline was “U.S. dead in shootings on Northwest side.”"
business,seed3,business_teacherseed3_a1,1.0,3,19,679,"Write a short neutral news brief about an event that happened today.

Brief:"," The National Democratic Council will meet in Washington at the end of the year in an effort to get a consensus around what the party wants to do, including a new election campaign and funding for the state and the central bank.

The NDC is a centrist government that is not an expansionist, isolationist or in opposition to Trump’s campaign, but a coalition of more moderate and socially conservative members of the House and Senate that will get"
business,seed3,business_teacherseed3_a1,1.0,4,0,680,"Write a short neutral news brief about a change people are discussing.

Brief:"," ""The World As We Know It: A Brief History of U.S. Foreign Relations"" was a public relations campaign that ran from July 1, 1986, to May 20, 1994.

The article first appeared in Time and Newsweek in December 1996, and appeared in The New York Times in November 1997.

See also 
 Foreign relations of the United States
 The International News Briefing

References

External links 

"
business,seed3,business_teacherseed3_a1,1.0,4,1,681,"Write a short neutral news brief about a change people are discussing.

Brief:","

A recent study found that more than half of people think the Trump administration has failed to do enough to promote the U.S. economy, but fewer than half think the same number of Americans would be interested in such changes.

Brief:

The Trump administration is the largest recipient of the National Endowment for the Economy, which helps to direct U.S. investment in infrastructure, the transportation system, agriculture and other"
business,seed3,business_teacherseed3_a1,1.0,4,2,682,"Write a short neutral news brief about a change people are discussing.

Brief:"," This week, the U.S. will cut $100 billion from domestic spending.

In an effort to support the U.S. economy, the International Monetary Fund announced it will reduce its balance of payments by 30 percent this year.

Brief: On Dec. 1, the Federal Reserve will cut its rates on all new money and new deposits as part of its efforts to stimulate the economy and raise interest rates.

"
business,seed3,business_teacherseed3_a1,1.0,4,3,683,"Write a short neutral news brief about a change people are discussing.

Brief:"," ""In my first 30 days here, we've got 2.8 million households and 2.1 million Internet users, including our own, according to a survey by the World Wide Web Consortium."" The report notes that some 20 percent of the nation's households are no longer able to access the web. ""And they're not going to be able to use it to post, watch television, listen to radio, or use it to read. They're"
business,seed3,business_teacherseed3_a1,1.0,4,4,684,"Write a short neutral news brief about a change people are discussing.

Brief:"," Obama's top intelligence official said today that he had a classified briefing on the threat of Russia to the US. According to a source, the briefing included discussion of how the FBI could be targeted by Russian officials.

Brief: The White House on Monday said it has begun a campaign to identify and stop any Russian interference in the 2016 presidential election and to pressure Russian entities to cooperate with the FBI.

Brief: The White House has"
business,seed3,business_teacherseed3_a1,1.0,4,5,685,"Write a short neutral news brief about a change people are discussing.

Brief:"," The United Nations said on Wednesday that it is planning to impose a new international standard that would prohibit foreign military and economic intervention in the troubled Middle East region.

The new standard was unveiled on the eve of the UN meeting in Geneva, with the UN secretary-general, the International Crisis Group, warning that the new standard would ""increase pressure on regional states"" and ""impose new obligations for countries that refuse to follow the international rules"""
business,seed3,business_teacherseed3_a1,1.0,4,6,686,"Write a short neutral news brief about a change people are discussing.

Brief:","

The Government is proposing to reduce the number of public servants by five. Some of these will be new service positions. The Government is proposing to limit the length of the new posts to three years, with a further reduction to three years to be paid for by the State. This has already been implemented. The Government is to be paid for all postings within a year.

The Government is also looking at removing the number of posts which"
business,seed3,business_teacherseed3_a1,1.0,4,7,687,"Write a short neutral news brief about a change people are discussing.

Brief:"," The US is getting increasingly skeptical of China's role in the world economy, saying there is no evidence they have the ability to manage the world's emerging-market economies.

The US is also considering taking action against the US government over its use of US troops in the Middle East, including in Iraq.

The Wall Street Journal says the administration is considering its first action related to China, the first step towards a potential broader US response."
business,seed3,business_teacherseed3_a1,1.0,4,8,688,"Write a short neutral news brief about a change people are discussing.

Brief:"," In January, President Trump announced the plan to reclassify some 3.8 million immigrants, saying that would be the most expensive overhaul in the country's immigration policy. But the law would also require the border wall to be financed by a new federal fund dedicated to the border. A month later, Trump announced the same plan, with the government spending bill remaining unchanged."
business,seed3,business_teacherseed3_a1,1.0,4,9,689,"Write a short neutral news brief about a change people are discussing.

Brief:"," A recent study found that people who use technology to receive short press messages, such as those from the US Federal Trade Commission and government agencies, are more likely to use the media over other sources, such as books or news programs. But the study's findings, however, are preliminary and should be considered as an open question. In a January 2016 study, researchers surveyed more than 10,000 people across multiple states about their access to government news and the"
business,seed3,business_teacherseed3_a1,1.0,4,10,690,"Write a short neutral news brief about a change people are discussing.

Brief:"," A short non-fiction short about a change people are discussing. I want to highlight a trend of a few people talking about the change in their personal lives.

What I would like to see for the next few months: a lot of these conversations are about what's happening to the average American family, particularly the families that are most struggling.

I want to highlight these conversations over the next few months, which I imagine will include an"
business,seed3,business_teacherseed3_a1,1.0,4,11,691,"Write a short neutral news brief about a change people are discussing.

Brief:"," ""The number of deaths and injuries caused by the fire on Wednesday morning is the highest in a decade in the United States, a research study showed. The study, published Wednesday in the Proceedings of the National Academy of Sciences, found that the number of fatalities and injuries caused by the fire on Wednesday morning has nearly doubled since 1999, as the number of total deaths and injuries from the fires increased 10 percent and 25 percent, respectively.""

But"
business,seed3,business_teacherseed3_a1,1.0,4,12,692,"Write a short neutral news brief about a change people are discussing.

Brief:"," ""In the end, we have to look at the problem in the wrong light. The real issue is not the quality of our democracy, but the depth of its defects.""

The Trump administration has been criticized for its lack of oversight of the executive branch, its unwillingness to enforce laws protecting personal freedom and, more recently, the lack of a policy that allows the administration to block certain laws. The law that was enacted in 2017 is now"
business,seed3,business_teacherseed3_a1,1.0,4,13,693,"Write a short neutral news brief about a change people are discussing.

Brief:"," The media is facing a new wave of anxiety over the potential collapse of the economy and a collapse in confidence. In recent months, the United States has suffered two economic downturns. One was due to the Federal Reserve’s efforts to create job-creating jobs. That work has yet to be completed. The other is due to the news media’s inability to keep up with the economy. The uncertainty of the recovery and its effects on"
business,seed3,business_teacherseed3_a1,1.0,4,14,694,"Write a short neutral news brief about a change people are discussing.

Brief:"," When we started our search in August, we found nearly 900,000 posts related to global warming, but only about 400,000 related to its causes. It’s true that the biggest factor is the energy supply. But so much energy is being extracted for our consumption, and we have to figure out how to deal with it. We’re also faced with the uncertainty of the climate crisis. One of the biggest concerns is how to respond to"
business,seed3,business_teacherseed3_a1,1.0,4,15,695,"Write a short neutral news brief about a change people are discussing.

Brief:","

The Trump administration plans to phase out the use of so-called ""fake news"" in favor of more free-market, balanced, and open-market policies that don't depend on government subsidies.

Brief:

The government is also set to spend $7 billion on the national debt by 2019.

Brief:

A $1 billion increase in tax rates to reduce federal tax collections is set to save"
business,seed3,business_teacherseed3_a1,1.0,4,16,696,"Write a short neutral news brief about a change people are discussing.

Brief:"," In the aftermath of the collapse of the Fukushima Nuclear Plant, a number of businessmen who wanted to leave the country were surprised to see that the Fukushima reactors were being sold to China, according to preliminary data released on Wednesday.

The numbers of those who decided to leave are not clear, and may be influenced by some of the reasons they were involved in the plant collapse, said David Finkelstein, a spokesman for the International"
business,seed3,business_teacherseed3_a1,1.0,4,17,697,"Write a short neutral news brief about a change people are discussing.

Brief:"," “A number of people are warning the Federal Reserve to stop raising interest rates and reducing the value of the dollar, and they are making the case that the United States is becoming less and less attractive as it struggles to pay down its debt.

“The U.S. economy continues to be weaker than it was during the first recession of the 1990s, when the stock market, economy and stock indexes crashed.

“A new study"
business,seed3,business_teacherseed3_a1,1.0,4,18,698,"Write a short neutral news brief about a change people are discussing.

Brief:"," A new campaign seeks to build a new generation of leaders at the bottom of the food chain. The new generation has fewer children. Some grow up poor, others have more, but fewer. This new generation has a more varied and diverse life experience that will make life easier, and they have more options. The new generation is also more educated than previous generations. Their new education system helps them be more skilled, and it also enables them to save more"
business,seed3,business_teacherseed3_a1,1.0,4,19,699,"Write a short neutral news brief about a change people are discussing.

Brief:"," The FCC has proposed to cut the rates for broadcast and video services by 30 percent, to $10 a month for households and 20 percent for businesses.

The measure, which was approved by the House, is the final move in the FCC's aggressive push to slash the rate for broadcast and video services. The House passed the proposal a day after a Federal Communications Commission vote that reduced the rate by two cents for households and by one cent for businesses"
business,seed3,business_teacherseed3_a1,1.0,5,0,700,"Write a short neutral news brief about a new plan.

Brief:"," New details are expected to emerge about the government’s plan to replace the aging Fukushima plant at the site of the disaster.

The government of Japan will propose using the plant for three years, beginning in 2025, after the earthquake, tsunami and the tsunami damage are fully repaired.

The Japanese government plans to use the plant to cut back the consumption of uranium and coal to help Japan’s economy.

The"
business,seed3,business_teacherseed3_a1,1.0,5,1,701,"Write a short neutral news brief about a new plan.

Brief:"," We are talking about the new National Energy Security Strategy. The National Energy Security Strategy is one of the best ideas ever conceived. It is a long-term path to sustainable energy without greenhouse gas emissions.

How do you do a brief for the US Energy Secretary? Do you have a paper version of the same thing?

It is a paper brief.

We are talking about the new National Energy Security Strategy. The National Energy Security"
business,seed3,business_teacherseed3_a1,1.0,5,2,702,"Write a short neutral news brief about a new plan.

Brief:"," The White House has been working on a plan to make sure more Americans will receive free health care coverage. The plan, which the administration says will be a ""significant step forward,"" will require that all adults and children receive coverage from their employer.

Brief: The White House is working to speed up the enrollment for people who have children with college loans by 2025 and the new enrollment period for those with high medical debt.

B"
business,seed3,business_teacherseed3_a1,1.0,5,3,703,"Write a short neutral news brief about a new plan.

Brief:","

It's true that the Trump Administration has been trying to push a wall along the U.S.-Mexico border for some time now. But it's not clear yet how much progress will be made in reaching that goal. The White House has been focusing on the issue of immigration in recent months, with its own efforts to curb the flow of illegal immigrants, among other measures.

In its latest advisory opinion, the administration called for """
business,seed3,business_teacherseed3_a1,1.0,5,4,704,"Write a short neutral news brief about a new plan.

Brief:"," A new proposal to cut the Medicare prescription drug price to 25% from 70% as a result of a government-backed ""zero-tolerance"" rule.

A new proposal to limit the number of people who will receive Medicare Part A drugs, instead of a new prescription drug, for chronic conditions.

New proposals to cut off Medicare payments for drugs not approved by the Food and Drug Administration (FDA).

New changes to"
business,seed3,business_teacherseed3_a1,1.0,5,5,705,"Write a short neutral news brief about a new plan.

Brief:","

U.S. lawmakers have raised concerns that the Trump administration is reneging on its key commitment to hold on to its most conservative policies and pushing for a “clean-energy” tax to boost domestic energy production to boost global demand.

“That’s not what we need,” said Rep. Jack Reed, D-R.I., the chairman of the House Committee on Transportation and Infrastructure, which oversees the federal government"
business,seed3,business_teacherseed3_a1,1.0,5,6,706,"Write a short neutral news brief about a new plan.

Brief:"," “My team and I have already set our sights on a new solution to combat the effects of climate change. This effort will target a $3.5 billion investment in clean energy. We also are looking at a project that will use the power of solar energy to reduce the threat from the warming climate, and we will also look at a project that will reduce greenhouse gas emissions as a means of reducing the threat posed by carbon dioxide.”"
business,seed3,business_teacherseed3_a1,1.0,5,7,707,"Write a short neutral news brief about a new plan.

Brief:","

“We will continue to increase our focus on the safety and the

effectiveness of cybersecurity, as well as protecting Internet users’

information and the ability to protect the U.S. government’s

security and stability,” said Gowan.

Weather:

“We’ll continue to maintain a steady stream of weather

information for the United States government.

“Weather forecasts"
business,seed3,business_teacherseed3_a1,1.0,5,8,708,"Write a short neutral news brief about a new plan.

Brief:"," No more of the same. I’m sure the administration will work on it.

(BEGIN VIDEO CLIP)

GINSBURG, Texas (BNA) - The state will not go through with its plans, officials say.

The Texas Department of Transportation (TxDOT) said Thursday that the final state transportation funding plan is likely to require a huge investment in roads, bridges and other infrastructure.

"
business,seed3,business_teacherseed3_a1,1.0,5,9,709,"Write a short neutral news brief about a new plan.

Brief:"," A new plan could help the National Institutes of Health's Office of Biotechnology, which funds the National Institutes of Health's (NIH) research programs in basic and translational areas of human biology and health.

A new study suggests that the new federal budget could help spur economic growth for all Americans, while also providing funds for research and development of new pharmaceuticals, and for the U.S. military.

The new federal budget for the"
business,seed3,business_teacherseed3_a1,1.0,5,10,710,"Write a short neutral news brief about a new plan.

Brief:"," To help protect the interests of its members.

The New York Times published a report saying the White House was willing to give Congress a $50 billion bailout to keep its banks working.

The move was the latest reaction to the news that the Federal Reserve was raising rates from 3% to 4%.

The Fed said the move was ""unambiguous and appropriate.""

The Treasury Department is also expected to announce a new"
business,seed3,business_teacherseed3_a1,1.0,5,11,711,"Write a short neutral news brief about a new plan.

Brief:"," A proposed rule to replace the federal health care law would create 1,100 new hospital beds and replace 20,000 new long-term care beds. The new rule would make a number of medical advancements but will likely be at an uncertain cost.

In addition to a new bill that is due to go to the Senate, House Republican leaders have proposed to make the Department of Health and Human Services pay for all of those new beds if they"
business,seed3,business_teacherseed3_a1,1.0,5,12,712,"Write a short neutral news brief about a new plan.

Brief:","

“We don’t know exactly what this will cost, but they will be somewhere between $4-5 billion,” said Cathy Lefkowitz, executive director of the Center for Public Integrity.

“If you look at how much money a company has sunk, the cost is going to be a lot higher than it would be if it were just looking at a percentage of the new stock of the company.”

"
business,seed3,business_teacherseed3_a1,1.0,5,13,713,"Write a short neutral news brief about a new plan.

Brief:"," The Trump administration has been trying to roll back regulations that were originally proposed for the border. The White House plans to block the new regulations, with some key provisions that require border officials to provide emergency assistance to those who are not covered by existing regulations. The Trump administration has been trying to roll back regulations that were originally proposed for the border. The White House plans to block the new regulations, with some key provisions that require border officials to provide emergency assistance"
business,seed3,business_teacherseed3_a1,1.0,5,14,714,"Write a short neutral news brief about a new plan.

Brief:","

The House and Senate Committees have agreed to approve a new bill to help small businesses save money, improve the environment and expand employment while protecting the environment and ensuring sustainable energy use.

The Senate Finance Committee wants to protect a $1.4 trillion tax cut for business owners that will help pay for the $500 billion of federal aid to states and private sector.

The Senate has proposed a tax cut of 12.4 percent"
business,seed3,business_teacherseed3_a1,1.0,5,15,715,"Write a short neutral news brief about a new plan.

Brief:","The US Supreme Court on Wednesday struck down parts of a $1.3 trillion law requiring the country to buy more energy-efficient products that are not available in other countries.

US News and World Report ranked the Federal Budget for 2016, published by the US government, as the top 10 annual budget measures of the year.

In March, the US Congress passed a spending bill that included $5.3 billion for a White House Office"
business,seed3,business_teacherseed3_a1,1.0,5,16,716,"Write a short neutral news brief about a new plan.

Brief:","

The Trump administration’s plan to curtail executive power would lead to an annual freeze on federal funding for the federal Department of Education, a move that would increase the risk of job losses in schools and other government-run entities.

The administration’s proposal would also cut funding for the federal Centers for Medicare and Medicaid Services (CMS), which controls prescription drug spending. The cuts would increase the risk of a health care law in which"
business,seed3,business_teacherseed3_a1,1.0,5,17,717,"Write a short neutral news brief about a new plan.

Brief:"," A new plan to build a $15 billion-plus energy infrastructure plan from existing coal-fired electricity facilities. In this plan, the state would build four new power plants and increase the state's dependence on coal for electricity production. Also in this plan, the state would help local governments by building new roads and constructing new rail and sewer infrastructure. The plan would cut the state's gas tax to $6 a gallon by 2020 and create new jobs and"
business,seed3,business_teacherseed3_a1,1.0,5,18,718,"Write a short neutral news brief about a new plan.

Brief:"," a brief about a new plan for the government.

Frequently Asked Questions

Q: What kind of news brief are they giving?

A: No news brief ever reaches one person directly.

Q: Is there a certain way to include a brief in a government?

A: It can include a brief and an editorial or a photo or a brief, but not a political or editorial brief.

Q"
business,seed3,business_teacherseed3_a1,1.0,5,19,719,"Write a short neutral news brief about a new plan.

Brief:"," What do you think are the key features of the plan in general, and the specifics of each proposal specifically?

Wright: We need to be aggressive in the negotiations to find the best terms for the agreement, including an initial version of the agreement, to avoid a collapse of the accord, which is the key issue for us right now.

I would call it a temporary measure, which would keep the talks on track for the next"
