emotion,layer,alpha,prompt_idx,sample_idx,continuation,hits,hit,words,unique_fraction,max_word_fraction,label
joyful,0,0.0,0,0,"
A boy from the town,
looking for his mother.

The boy is a boy who looks older than he is.

The boy is a boy who is very kind.

The boy is a boy who does not speak very well.

The boy is a boy who is not very careful with his money.

The boy is a boy who is very hard",0,0,62.0,0.4032258064516129,0.1774193548387097,base
joyful,0,0.0,0,1," ""Mysterious Hotel"" by Lara Croft, scene from the movie ""The Fountain of Youth"".

Plot summary:
The hotel is a beautiful, luxurious building with its own lobby, where you will meet your guest. But as your guest is in the hotel, he is not allowed to use the lobby. He is escorted into the lobby and is told by the staff that",0,0,61.0,0.7049180327868853,0.11475409836065574,base
joyful,0,0.0,0,2,"  (this is the scene)  
This is the scene.

A:

There are more ways to do this, one of the easiest is to go as close to the object as you can, if possible, and then do more depth of field, or you can go as close to the scene as you can and only do things with a little more depth of field.
",0,0,63.0,0.49206349206349204,0.07936507936507936,base
joyful,0,0.0,0,3," A young woman at a bar who is waiting for her chance to move on.

Scene: A young girl at a bar who is waiting for her chance to move on.

Scene: A young woman at a bar who is waiting for her chance to move on.

Scene: A young girl at a bar who is waiting for her chance to move on.

Scene:",0,0,64.0,0.25,0.125,base
joyful,0,0.0,0,4," A person arrives home after a difficult day.

Text: A short scene about someone coming home after a difficult day.",0,0,20.0,0.65,0.2,base
joyful,0,0.0,0,5," A man arrives home with a bag full of goods and his wife is preparing to leave for work. She is waiting for him when she hears a noise coming from the front of the house.

Scene: A man arrives home from work and begins to leave for work. He is followed by the woman. He is asked to leave but the woman is unable to.

Scene: An elderly",0,0,69.0,0.5797101449275363,0.07246376811594203,base
joyful,0,0.0,0,6,"

What you want to do

What you want to make

What you want

1.

Create a short scene

2.

Create a short scene about someone arriving home after a difficult day

3.

Create a short scene about someone arriving home after a difficult day

4.

Create a short scene about someone arriving home after",0,0,50.0,0.34,0.12,base
joyful,0,0.0,0,7,"

This scene takes place on the first floor of our apartment building, and involves a guy in the bathroom and a girl in the kitchen.

About the Author

Johanna is an award-winning film and TV composer who lives and works in the Portland, Oregon area. She is the author of two novels, The Billionaire Girl and The Big Lie. Johanna and",0,0,62.0,0.6774193548387096,0.12903225806451613,base
joyful,0,0.0,1,0," Mogadishu, a city, the capital of the kingdom of Mogadishu.

Background: It is a city of four hundred thousand people. The largest city in Africa and the seventh largest city in the Middle East. The people of Mogadishu are descendants of the ancient Sindi people, who lived in the mountains around the city during the time of",0,0,57.0,0.543859649122807,0.17543859649122806,base
joyful,0,0.0,1,1,"

What's the point of this scene if the three of you never finish? (I know, I know, it sounds silly, but the thought seems natural to me.)

What's the point of this scene if the three of you never finish? (I know, I know, it sounds silly, but the thought seems natural to me.)

But it's not a good",0,0,59.0,0.4406779661016949,0.1016949152542373,base
joyful,0,0.0,1,2," A little girl comes home from school and tells a story about her friends finding something unexpected. She plays a clip-on microphone over her ears and calls out for her friend.

Scene: A man comes home and tells his friend that there's an odd looking toy and he wants to take it home.

Scene: A man comes home from school and tells his friend that there's an",0,0,68.0,0.6029411764705882,0.07352941176470588,base
joyful,0,0.0,1,3,"

One of the friends is in trouble. She's in trouble. She's with another friend, a young boy. The boy is being very clever. He is very smart. He finds out that his friend is being very clever.

That's all the story the friend needs to know. She's being clever. She's being very smart. The boy wants to make sure he gets",0,0,61.0,0.5409836065573771,0.08196721311475409,base
joyful,0,0.0,1,4," Shooting on the set of a new motion-capture game, The Amazing World of Gumball, for Warner Bros. Animation. You must play as a boy in an action movie, and the best part is, he’s a very smart kid.

Scene: Using the latest in motion capture technology, we bring in the boy, Jake, from the movie. He’s a",0,0,60.0,0.7166666666666667,0.1,base
joyful,0,0.0,1,5," The party's in their bedroom.

Scene: The party's in their bedroom.

Scene: The party's in their bedroom.

Scene: The party's in their bedroom.

Scene: The party's in their bedroom.

Scene: The party's in their bedroom.

Scene: The party's in their bedroom.

Scene: The party's",0,0,44.0,0.13636363636363635,0.18181818181818182,base
joyful,0,0.0,1,6," Sight: A man tries to break into a bank vault with a stolen key.

Scene: Sight: A woman tries to go to the bathroom.

Scene: Sight: A woman tries to find her missing brother.

Scene: Sight: A woman tries to see the missing person.

Scene: Sight: A woman tries to stop the car from",0,0,54.0,0.48148148148148145,0.12962962962962962,base
joyful,0,0.0,1,7," ""What do you see?""

A:

""What do you see?"" is a question that might be answered by a quick search. The best thing to do is look through the comments for the answer.  I usually find answers at my local library, so I will do my best.

",0,0,47.0,0.7021276595744681,0.0851063829787234,base
joyful,0,0.0,2,0," I love the idea of a scene of a woman giving birth.

Action: I'm sure that we can have a character describe how it goes, but I would be interested to see if there is a better way to do it in the real world, because I think that it will be good.

Scene: I would like to have this scene described as being a ""dumb""",0,0,66.0,0.7121212121212122,0.07575757575757576,base
joyful,0,0.0,2,1," A man receives a news article on his Facebook page.

You can change the background of a scene by pressing the appropriate space bar.

Step 2

Press “Play” to create a new scene.

Step 3

Repeat the process for the next scene.

Step 4

Click “Add Scene” to appear as a preview.",0,0,49.0,0.7346938775510204,0.10204081632653061,base
joyful,0,0.0,2,2," Doodle

Character: Kylie Minogue

Theme: ""You're just a girl on a mission""

Repeat: ""She's just a girl on a mission""

Kylie Minogue is one of the stars of the MTV series Doodle. She's a model who sells her wares on the Internet, and she's also famous for",0,0,47.0,0.6382978723404256,0.10638297872340426,base
joyful,0,0.0,2,3," An old man is walking on the sea with his friend, who has just stopped to drink a glass. The old man has noticed that his friend has not heard from him for a long time and has told him that he is the lucky guy, who has been giving him a lift.

Scene: The old man has a look of pleasure over his friend's coffee.

Scene: As",0,0,68.0,0.6470588235294118,0.08823529411764706,base
joyful,0,0.0,2,4," The Doctor has just given his final warning to the doctor in the hospital to be taken to the end. When the doctor enters, he is very upset. He tells the Doctor that, although they have tried to tell him, he will be there for three more months.

Text: The doctor says that he has now come to the end. He asks how long this patient will live. The",0,0,69.0,0.6376811594202898,0.13043478260869565,base
joyful,0,0.0,2,5," The person is receiving unexpected news.

Keywords: “Mysterious”

Scene: The person is receiving unusual news.

Keywords: “Mysterious”

Scene: The person is receiving unusual news.

Keywords: “Mysterious”

Scene: The person is receiving unusual news.

Keywords: “Mysterious”",0,0,35.0,0.2857142857142857,0.11428571428571428,base
joyful,0,0.0,2,6," Moves at random to an apartment complex where an older man is getting dressed in his clothes and walking to the elevator. The elevator is the first thing to go when the elevator opens.

Scene: A few months later, on a trip to New York City, one of the people in the elevator is sitting on the opposite side from her. She tells them, ""I found out about the",0,0,69.0,0.7246376811594203,0.11594202898550725,base
joyful,0,0.0,2,7,"

Shakespeare:

Prologue:

Scenes:

Shakespeare:

I have been told that I have been found, but to whom has this been told?

I have been told that I have been found, but to whom has this been told?

I have been told that I have been found, but to whom has this been told",0,0,52.0,0.2692307692307692,0.17307692307692307,base
joyful,0,0.0,3,0," I am in an empty room with a bunch of people, and I'm looking for a woman.

I guess if you're the one you're looking for, you might as well do it right. So you do the scene in question, and you figure out what's going on.

But you have to work on the scene in the morning.

I can do the scene",0,0,63.0,0.6666666666666666,0.07936507936507936,base
joyful,0,0.0,3,1,"

""No, that's my room.""

The room at the back of the house, with a view of the street.

""What's this? Is that a door?""

He looks at me but not at her.

""A room with a door.""

I ask, ""What is this?""

She looks at me with surprise.
",0,0,48.0,0.6041666666666666,0.08333333333333333,base
joyful,0,0.0,3,2,"

Waiting in a quiet room

Scene:

Waiting in a quiet room

1. Take a moment to take in your surroundings, make notes, and then take a good look at the room.

2. Go over the scene again and make sure you have everything right. If there are any mistakes, don’t hesitate to make another scene with the new",0,0,57.0,0.6666666666666666,0.07017543859649122,base
joyful,0,0.0,3,3," (Riding on a motorcycle) A motorcycle accident happened on Sunday.

Rider: (Saw on the road) A bike accident happened on Sunday.

Shot: (Wrecking the bridge at the finish) A bike accident happened on Sunday.

The man is wearing glasses and wears a long-sleeved shirt with a large bow. This man's",0,0,51.0,0.6078431372549019,0.11764705882352941,base
joyful,0,0.0,3,4,"

1. A young man is waiting on a beach outside of a small town. He wants to go to sea but is scared of getting caught by people who watch him.

2. A young girl in a bathing suit is with him and they are having a romantic moment.

3. A little boy is waiting on the beach for his mom.

4. A man",0,0,60.0,0.7,0.13333333333333333,base
joyful,0,0.0,3,5," A dark room with no windows, no doorways. There’s nobody there, just a door.

You see the characters inside the door, the light on the floor. You take a few steps away and they’re gone, gone, gone, gone, gone.

Scene: The door opens, you come in. The door is open, but the door isn’t",0,0,57.0,0.6491228070175439,0.12280701754385964,base
joyful,0,0.0,3,6,"

In front of the door, the man says, ""My name is Sam. If you would just please make sure this man is not already asleep.""

Sam, who is in his late 40s, says, ""Yes, thank you,"" and then closes the door behind him.

After about 10 minutes, Sam and the man start talking about life and work, but the",0,0,58.0,0.7068965517241379,0.08620689655172414,base
joyful,0,0.0,3,7,"

A man's face is cut off with a sword. He's a killer, so far outcast that he shouldn't even be in his own home. The man has been dead for days and the man's dead. He doesn't seem happy to find himself in a place where it could happen again.

He's going to kill the woman he loves and be the only one who",1,1,64.0,0.765625,0.0625,base
joyful,0,0.0,4,0,"

Shoot a scene based on the story.

Trivia:

In the game, the word “fairy” in the title is a pun on the word “fairy”, which is a common term used in the Japanese.

In “Tori no Kyojin” (Tokyo), a Japanese version of the game, Tori is a woman of",0,0,49.0,0.5510204081632653,0.14285714285714285,base
joyful,0,0.0,4,1," Sketch the background to a scene with a piece of artwork.

In the final scene of the film, the main character, a man, meets a woman (in the background) and she (also in the background), decides to reveal an important secret to the man (in the background) in the story.

In the third scene, the main character, the man who becomes the",0,0,62.0,0.4838709677419355,0.20967741935483872,base
joyful,0,0.0,4,2," A small office, a big meeting.

Scene 2: A very large office, a meeting with some people who want to use the money to pay for a new office.

Scene 3: A big office, a meeting with two people who have the secret wish to have a baby.

Scene 4: A big office, a meeting with some people who want a bigger office.",0,0,60.0,0.43333333333333335,0.18333333333333332,base
joyful,0,0.0,4,3,"

Piano player, singer, musician, playwright

Voice:

Morgan Goff

Dance:

The American Dance Company.

Sightseer:

Vincent M.

Piano:

Robert G.

Folk song:

The Flamingo's Song.

Chorus:

",0,0,25.0,0.84,0.08,base
joyful,0,0.0,4,4," A family in a home with two kids, including one who is very old and has been there for so long. A mother is working for a new restaurant and the family is cooking dinner for the young adults. A man is playing cards on the TV and another has started his own personal fantasy game. He talks with the kids but is never sure if the game is a good one.

The",0,0,73.0,0.6575342465753424,0.0821917808219178,base
joyful,0,0.0,4,5,"

A young boy, about to learn to read, runs to the school gate. He enters to meet his teacher. It was after he left that he asked to be excused from classes.

A few days later, he comes to his teacher in the form of a stranger. He asks for a book and asks his teacher to send it to him. The teacher tells him that it will",0,0,68.0,0.6176470588235294,0.11764705882352941,base
joyful,0,0.0,4,6," ""Hello, the president of the United States.""

Repeat:

""Hello, President of the United States.""

Chapter Six

As the sun sets over the bay, a lone figure sits at the head of the bar. A man in a gray suit, dressed in a uniform that looks like it belonged to someone from the military. His head, he wears a dark",0,0,59.0,0.6779661016949152,0.13559322033898305,base
joyful,0,0.0,4,7,"

There's an old man sitting in the middle of the street. He looks like he's had his fill of the streets. And yet here he sits. And there's something in his eyes that makes it seem as though he's alive. He looks the same way the boy is now, sitting next to him on the sidewalk.

The boy has this look of a person who's",0,0,65.0,0.7230769230769231,0.1076923076923077,base
joyful,0,0.0,5,0,"

In your room with the door closed, you're at work, alone with your boss and the boss's secretary.

You're at the office, alone with your boss and your boss's secretary.

In your room with the door closed, you're at work, alone with your boss and the boss's secretary.

You're at the office, alone with your boss",0,0,56.0,0.2857142857142857,0.125,base
joyful,0,0.0,5,1,"

The story is told by a very talented actor in a high-end video game, who will be joining forces with the other characters in a game, and he is the one who brings the characters together.

Gather a group of friends and help them make a decision together.

What’s most exciting about the project?

The game is being released on November 1",0,0,63.0,0.7142857142857143,0.09523809523809523,base
joyful,0,0.0,5,2," ""Let me see, what do you think? I've got your name right on your door!""

""Who are you?""

""Come in, come in.""

A very large, blue-faced man looks from the door to me, holding his head and squinting.

""I was wondering, how do you know? I've been here so long and",0,0,52.0,0.8076923076923077,0.057692307692307696,base
joyful,0,0.0,5,3,"

The players are in a group and have decided to make a decision together. They are working on the decision together, so they are creating their own scenarios. The scenarios are very short, so you don’t need much time to see all the scenarios.

The player who is working on a short scene has to tell her story in the short scene. She has to tell her story",0,0,69.0,0.5797101449275363,0.08695652173913043,base
joyful,0,0.0,5,4," A boy has a short scene about a group making a decision together.

Scene: A boy has a short scene about a group making a decision together.

Scene: A boy has a short scene about a group making a decision together.

Scene: A boy has a short scene about a group making a decision together.

Scene: A boy has a short scene about a",0,0,64.0,0.15625,0.296875,base
joyful,0,0.0,5,5," A group of students building a community building.

Scene: A group of students creating a space for the students to create together.

Scene: A group of students creating a space for the students to create together.

Scene: A group of students designing a space for the students to create together.

Scene: A group of students creating a space for the students to create together",0,0,64.0,0.234375,0.15625,base
joyful,0,0.0,5,6," A young girl walks up to a young man sitting on a bench, and a group of men sit at the table with a woman in one hand. The woman says: ""This is a very important decision for us. We are only four minutes away from starting a conversation."" The young man says: ""Yes. We just have to wait until the others start."" The young man says: ""But",0,0,68.0,0.7058823529411765,0.10294117647058823,base
joyful,0,0.0,5,7," It’s early night with the sun set and no time to spare for a meal. A couple of people have left in their cars, but there aren’t many cars left. No one has left.

Dressed in black, with a face that is half black and half a darker hue. A pair of matching shoes.

And this is the one.

You’",0,0,62.0,0.7096774193548387,0.08064516129032258,base
joyful,0,0.0,6,0," The second scene is a scene from a movie called ""Shoot."" The guy in the movie is in the middle of a lot of trouble in a dark city. The scene is about a guy who lives in a trailer. He runs into a police officer who asks him to come to a meeting that someone's trying to solve. The guy in the movie is trying to convince him not to come to",0,0,73.0,0.5068493150684932,0.1095890410958904,base
joyful,0,0.0,6,1,"

The hallway is a very short hallway.

What does it mean?

It's a very short hallway.

What's the purpose of the hallway?

It's a very short hallway.

What is the purpose of the hallway?

It's a very short hallway.

What's the function of the hallway?

It's a very",0,0,48.0,0.3125,0.16666666666666666,base
joyful,0,0.0,6,2," ""The Exorcist""

The Exorcist's opening scene was about ""a mysterious character who is looking for something he can't get."" The next scene depicts this character looking for the ""something"" he was looking for in his bedroom.

Scene: ""The Mask""

The next scene shows the Mask looking for the ""something"" he was looking for in his """,0,0,55.0,0.4727272727272727,0.14545454545454545,base
joyful,0,0.0,6,3," A man is being chased by his neighbors. Suddenly he spots his neighbor’s vehicle and screams for help.

In the meantime, the neighbor’s wife has died.

Scene: A man is taken to the hospital for treatment. He is being treated for his wife’s disease, but he has been unable to open the door to his wife.

As the neighbor turns",0,0,63.0,0.6031746031746031,0.07936507936507936,base
joyful,0,0.0,6,4," A door has three buttons and a set of keys on the top of the door. The door has a four letter keypad which gives the keys a three point turn. The key pad has two buttons, one for the left hand, one for the right. The four letters on the keypad are keys A-D, a, b, c, and E.

This scene was inspired",0,0,65.0,0.5692307692307692,0.13846153846153847,base
joyful,0,0.0,6,5," The room where the old man was sitting with an old woman and her son.

Scene: The old man's mother is sitting beside him and she looks at him and smiles. He looks at her and smiles back. He looks at her and he smiles at him and then he smiles at her and then he smiles at her. He looks at her and smiles. He looks at her and he",0,0,71.0,0.36619718309859156,0.1267605633802817,base
joyful,0,0.0,6,6,"

The young man had been doing a job, opening a door he had never noticed before.

Scene:

The young man had been doing a job, opening a door he had never noticed before. The door opened like a door was opened by someone.

Scene:

The young man had been doing a job, opening a door he had never noticed before. The",0,0,61.0,0.32786885245901637,0.11475409836065574,base
joyful,0,0.0,6,7,"

Watching a short scene.

Time:

12:40

Started to open a door.

Location:

Eastern Europe

Duration:

1:38

It was the day of the day the girl who was in love with Samuelson found him.

Location:

Europe

Duration:

1",0,0,34.0,0.7647058823529411,0.08823529411764706,base
joyful,0,0.0,7,0," The girl is walking, in the moonlight, through the woods. The boy is carrying a little boy in his arms. She's holding him. He looks out the window.

Act 1 Scene 2 Scene 3 Scene 4 Scene 5 Scene 6 Scene 7 Scene 8 Scene 9 Scene 10 Scene 11 Scene 12 Scene 13 Scene 14 Scene 15 Scene 16 Scene 17 Scene 18 Scene 19 Scene 20 Scene 21 Scene",0,0,50.0,0.46,0.42,base
joyful,0,0.0,7,1," The townspeople are walking through town.

Story: The story of a family vacationing in a small town.

Theme: The townspeople are walking through town.

Scene: The townspeople are walking through town.

Scene: The townspeople are walking through town.

Scene: The townspeople are walking through town.

Scene",0,0,46.0,0.32608695652173914,0.13043478260869565,base
joyful,0,0.0,7,2," This scene is done with the aid of a tripod and a microphone. The camera is put on top of the tripod and the two of them stand on a chair. A camera in a corner of the room is held by the two people, who stand up against the wall and use their hands to make it easier for the photographer. The people on the chair are both smiling. A microphone on",0,0,73.0,0.5753424657534246,0.136986301369863,base
joyful,0,0.0,7,3,"

The scene plays and the two people walk through town at night.

Action:

The person is seen walking through town, and the two people are walking through town at night.

Scene:

The person is seen walking through town, and the two people are walking through town at night.

The person is walking through town, and the two people are walking",0,0,60.0,0.2833333333333333,0.13333333333333333,base
joyful,0,0.0,7,4,"

He stops, turns, and says, ""That's one way of getting across town, right?""

The man says, ""Good.""

""Okay, this way, I will go walk out in the town. You go in the town, make sure nobody else is in sight. I'm going to the bank, and I will get you some breakfast, okay?""
",0,0,53.0,0.7169811320754716,0.07547169811320754,base
joyful,0,0.0,7,5," ""I'm walking along the beach with a man in my rearview mirror.""

Scene: ""I'm walking along the beach with a man in my rearview mirror.""

Scene: ""I'm walking along the beach with a man in my rearview mirror.""

Scene: ""I'm walking along the beach with a man in my rearview mirror.""

Scene:",0,0,52.0,0.25,0.07692307692307693,base
joyful,0,0.0,7,6," A person's night at a night club.

Sketch: An improvised scene for a short scene.

""Hear, hear!"" (Sense of the song)

Glenwood (Sense of the song)

Glenwood (Happiness, a song)

Glenwood (Happiness, a song)

Glen",0,0,35.0,0.5428571428571428,0.14285714285714285,base
joyful,0,0.0,7,7," A person walking through town at night.

Short Story: A short story about a person walking through town at night.

Shot: A short scene about a person walking through town at night.

Scene: A person walking through town at night.

Short Story: A short story about a person walking through town at night.

Shot: A short scene about",0,0,58.0,0.20689655172413793,0.15517241379310345,base
joyful,0,0.0,8,0," A small, dark, room, set up to allow for dialogue, and a small, dark room.

Text: A short scene with the teacher being told to speak quietly.

Scene: A short scene with the teacher being told to speak quietly.

Text: A short scene with the teacher being told to speak quietly.

Scene: A short scene with the teacher being",0,0,59.0,0.3559322033898305,0.1016949152542373,base
joyful,0,0.0,8,1," A student sits on a table during a classroom discussion.

Text: The student asks for clarification.

Text: The teacher tells the student what is wrong.

Text: The student says ""Yes, but your teacher is the same.""

Text: The teacher says ""Okay, that's enough.""

Text: The student says ""I know that's wrong, but",0,0,52.0,0.5384615384615384,0.1346153846153846,base
joyful,0,0.0,8,2,"

When the class has all finished, the teacher will be asked to call his students. The student will receive a hand. The teacher will ask the student if he wants to be a teacher or a student. The student answers that he is a student. The teacher will then give the student the required number of minutes to answer the question. The student will then be expected to give his/her",0,0,71.0,0.5070422535211268,0.15492957746478872,base
joyful,0,0.0,8,3," ""The student has a teacher speaking with him. The teacher is talking about a class that he has just started. The student is talking with his teacher on the bus. The student is speaking about what the teacher said in class on the bus.""",0,0,44.0,0.5,0.1590909090909091,base
joyful,0,0.0,8,4,"

Scene 1: The student is a girl named Bette. She is an amazing young lady.

Scene 2: Bette is in an office building. She is wearing a smart suit.

Scene 3: Bette is talking to the teacher.

Scene 4: The teacher asks Bette to go and talk to the student.

Scene 5: The teacher puts",0,0,50.0,0.54,0.1,base
joyful,0,0.0,8,5," a person is walking down a street.

Scene: a group of students is standing in a park.

Scene: a group of students is sitting in a park.

Scene: a group of students is sitting in a park.

Scene: a group of students is sitting in a park.

Scene: a group of students is sitting in a park.

",0,0,57.0,0.24561403508771928,0.21052631578947367,base
joyful,0,0.0,8,6,"

The student speaking.

Scene:

The teacher speaking.

Scene:

The student speaking.

The scene is broken up and shown with a single player mode.

There is a single character in the scene. The character is a student. A character has voice and looks. This scene is the final scene.

A short scene about a student",0,0,54.0,0.46296296296296297,0.12962962962962962,base
joyful,0,0.0,8,7," ""I want to look at that.""

Scene: ""What?""

Scene: ""I don't want to look at that.""

Scene: ""Do you know what I'm going to look at?""

Scene: ""You know what I'm going to look at?""

Scene: ""You know what I'm going to look at?""

Scene: """,0,0,45.0,0.3111111111111111,0.13333333333333333,base
joyful,0,0.0,9,0," A girl is making her way to a big green house.

You may want to do some background for the scene as you are doing the scene.

In this scene, you have to make sure that you can easily grab your camera.

If you have a bad camera you can use it as a flash.

When you do it, you can hold it upside down so",0,0,66.0,0.6515151515151515,0.12121212121212122,base
joyful,0,0.0,9,1,"  
1.  A young woman is sitting at a café in Paris.  
2.  She has a bottle of wine in her hand.  
3.  Her husband's husband has just finished dinner.  
4.  His wife, the maid, has been very attentive.  
5.  The house in the rue de la Sainte-Rou",0,0,43.0,0.7906976744186046,0.06976744186046512,base
joyful,0,0.0,9,2," A man is walking through a forest in the middle of a forest. He is walking, but he doesn't know whether to go to the forest, go back to the forest, or to the forest again.

Scene: An old man sits alone at the end of a road in the middle of a field. He has no tools to repair the road.

Scene: An old woman",0,0,66.0,0.5151515151515151,0.10606060606060606,base
joyful,0,0.0,9,3,"

It has been told in one of the books that to understand something, you must understand it first, then imagine that it is there before you. A child’s first fantasy is to try to imagine his father (or mother) giving him a hand with a toy or a toy to hold. It is clear that the picture must be real, or rather, must be imagined.

",0,0,66.0,0.6363636363636364,0.06060606060606061,base
joyful,0,0.0,9,4," The person is in a small office and the scene is one of the normal ones. I’m guessing that the scene was an easy pick for her.

Scene: The scene is a small office. I’m guessing that she’s a bit shy and maybe the scene’s not much of a success. She likes being in the small office, and I assume that’s a",0,0,67.0,0.5074626865671642,0.1044776119402985,base
joyful,0,0.0,9,5,"

Piece of paper

Scene:

The second piece of paper is made up of a short short story and a short short scene, and it is marked out with a short black square.",0,0,32.0,0.59375,0.15625,base
joyful,0,0.0,9,6,"

The scene is a small building at a distance from the camera. The camera is positioned a little outside of the building, so the scene moves around the building.

The camera moves out of the corner of the building and into a different spot in the building. The camera moves to the next corner, then the next corner, then the next corner, etc. (as you can see",0,0,67.0,0.47761194029850745,0.208955223880597,base
joyful,0,0.0,9,7,"

A person is presented with a situation, and in the scene, he or she is shown to be faced with the problem. The situation will look familiar to them from the context, and they will find the problem, but will have no idea what to do.

To show the scene to the scene's audience, make them aware of the scene's context.

2. Choose",0,0,62.0,0.6290322580645161,0.12903225806451613,base
joyful,12,4.0,0,0," A young guy's birthday party and he (or she) comes in to get some birthday presents for his (or her) friends.

A child learns to play musical instruments in a musical contest.

Challenges: The winner of the musical contest will get a grand prize of a toy ornaments set.

The next thing the kids do in the world of the music is",0,0,62.0,0.6774193548387096,0.0967741935483871,joyful_l12_a4p0
joyful,12,4.0,0,1," A doggy dog.

Scene: A doggy dog.

Scene: A doggy dog.

Scene: A doggy dog.

Scene: A doggy dog.

Scene: A doggy dog.

Scene: A doggy dog.

Scene: A doggy dog.

Scene: A doggy dog.

Scene",0,0,36.0,0.1111111111111111,0.25,joyful_l12_a4p0
joyful,12,4.0,0,2,"

Your Character’s Story is set in a typical day. When your character is about to move on with a new adventure, it turns into a fast-paced adventure with many other characters. The more you ride and the more you make up, the more exciting it becomes!",0,0,48.0,0.7291666666666666,0.0625,joyful_l12_a4p0
joyful,12,4.0,0,3," The Movie, ""The Big Day.""

The Scene: A young girl and her bunny are having an epic night of partying at a local bar. The event is just as successful as a big club, so it's quite a success in the eyes of many fans of the show. However, it's almost as bad as a big-time musical.

Scene: A group",0,0,61.0,0.6885245901639344,0.09836065573770492,joyful_l12_a4p0
joyful,12,4.0,0,4," My son, Nicky, wants a hug! I love these little ones!

Trivia: Includes a pic of Nicky!

Celebrity B-Stick

Includes a dance song for Nicky!

Includes Nicky's ""Strip Star"" Bouncing Rocks",0,0,32.0,0.8125,0.09375,joyful_l12_a4p0
joyful,12,4.0,0,5," This is the first episode of “The Best of The Best”! Showing what it can do when the band’s fans and fans of The Best (The Best) come together! It features songs from Aerosmith’s “Best of The Best,” all of their friends from “The Best” and a slew of A-N-G! stars! It has it all: songs",0,0,60.0,0.5333333333333333,0.13333333333333333,joyful_l12_a4p0
joyful,12,4.0,0,6," The Owl Family, a Family of Five, and a group of friends.

Description:

The Owl Family, a Family of Five, and a group of friends are going to make a short video adventure for the next week. With a great team of professional actors, everyone is invited to join in the fun!",0,0,52.0,0.5961538461538461,0.11538461538461539,joyful_l12_a4p0
joyful,12,4.0,0,7,"

In the video I was able to talk about a lot of my favorite things: how my brother-in-law plays guitar, how my first crush turned into a second crush (because I was so into him that I couldn't stand to go to a concert without him), how I have always loved and accepted my newfound love for being in a group of people who played the piano (",0,0,69.0,0.6956521739130435,0.057971014492753624,joyful_l12_a4p0
joyful,12,4.0,1,0,"

Singer-songwriter Kelly

In this story by the talented Kelly, you'll be taken along on a journey of discovery.

Story Time:

Billy G. (B-E) B.S.

Description: “This story is about two friends making a big deal out of discovering the power behind their beautiful family’s newfound love! The",0,0,51.0,0.803921568627451,0.058823529411764705,joyful_l12_a4p0
joyful,12,4.0,1,1,"

1 - Let me introduce you to the people you'll meet on your road to success!

2 - And we'll put you on your way!",0,0,21.0,0.8095238095238095,0.09523809523809523,joyful_l12_a4p0
joyful,12,4.0,1,2," ""Jingle Bells"" by The Bunch of Boys

I love hearing a bunch of girl talk about the music. A girl with a song, some dance, a new dress, an album, and a huge heart (if you don't know what that is, let me know!)

The ""jingle Bells"" is a ballad song!

A girl named",0,0,54.0,0.6851851851851852,0.12962962962962962,joyful_l12_a4p0
joyful,12,4.0,1,3,"

The movie begins with a few laughs and a few chills. After the credits, the audience gets to see the movie and enjoy it. The movie has many different characters, including the main character of the movie, Kudu.

In addition, The Secret Santa of the movie is a short story.",0,0,50.0,0.66,0.18,joyful_l12_a4p0
joyful,12,4.0,1,4," A short scene about two friends finding something unexpected.



1. A short scene about two friends finding something unexpected.





2. A short scene about two friends finding something unexpected.",0,0,27.0,0.3333333333333333,0.1111111111111111,joyful_l12_a4p0
joyful,12,4.0,1,5," The Dating Game

B.L.S.B.

This game is a 3d party where the goal is to find a new girl in every home. Get the best girl with the best girl party on your team!",0,0,37.0,0.7027027027027027,0.10810810810810811,joyful_l12_a4p0
joyful,12,4.0,1,6," B

Bold B. Fun fact: This scene is about two kids playing in a bouncy castle.

Scene: C

Bold C. Fun fact: This scene is about two friends searching for some weird treasure.

Scene: D

Bold D. Fun fact: This scene is about two friends finding some funny things.

Scene: E",0,0,51.0,0.5294117647058824,0.11764705882352941,joyful_l12_a4p0
joyful,12,4.0,1,7,"

There's a girl and a boy playing a game of Pong in the school.

The game is to be played using a card.

The card is then dropped into the air and they fly towards the world of the game!

In the next episode we will have some fun with the world of the game!

Game:

The game is a classic",0,0,61.0,0.5737704918032787,0.16393442622950818,joyful_l12_a4p0
joyful,12,4.0,2,0," The Panda Fishing Trap

Synopsis:

I'm not sure what that is exactly, but I just can't stop watching it. This is a very animated chick flick with a lot of amazing moments in it! For some reason, this is the only chick flick that does not have a scene with a Panda fish in it. I think this is the first chick flick",0,0,63.0,0.6507936507936508,0.06349206349206349,joyful_l12_a4p0
joyful,12,4.0,2,1,"

You meet up with your heroine and her friend, which you both enjoy a great way to spend your day. You have some fun and learn a lot about each other.

Story:

Your character gets to the point in her story where she's decided to help a friend of a friend and has a blast with the group.

Video:

Your character gets",0,0,62.0,0.6612903225806451,0.08064516129032258,joyful_l12_a4p0
joyful,12,4.0,2,2," ""This week, we're hosting a contest to select the top 10 new and improved visual effects from a few weeks back.""

Canticle: ""Congrats to everyone on our new poll, so excited to see you all there! Let's get excited to see who has a big fan base now!""

Dance: ""Congrats to all the dancers from the new",0,0,56.0,0.7321428571428571,0.08928571428571429,joyful_l12_a4p0
joyful,12,4.0,2,3," Trap, a girl of 3 is being chased by a couple that has ""Trap"" as their title, and they are making their way towards the house.

Scene: The couple is chased by a bunch of people, and the party tries to cheer them on by hitting a ""Trap"" in the room and then everyone is ready to dance, and have a fantastic ending.
",0,0,62.0,0.6612903225806451,0.08064516129032258,joyful_l12_a4p0
joyful,12,4.0,2,4,"A man and a woman are dancing around in a house.

Scene:A man and a woman are watching the fireworks on the Internet.

Scene:A man and a woman are dancing around in a house.

Scene:A man and a woman are watching the fireworks on the Internet.

Scene:A man and a woman are dancing around in a house.

",0,0,61.0,0.2459016393442623,0.21311475409836064,joyful_l12_a4p0
joyful,12,4.0,2,5," “I am going to get your baby.” The singer, The Amazing Rave, and the dog are the first guests to sing about the idea of getting your baby. “I am going to get your baby,” the dog said as he was being treated to an all new birthday party!

Scene: “I am going to get your baby!” The singer, The Amazing Rave, and",0,0,63.0,0.5238095238095238,0.12698412698412698,joyful_l12_a4p0
joyful,12,4.0,2,6," ""Cute""

The story is based on the movie ""Gossip Girl,"" so that's a pretty good excuse to jump into it. ""Cute"" is written by Gossip Girl writer and actress, Kat Von D, and is directed by Gossip Girl alum (Amber Fav). It tells the story of a bunch of girls (and a boy) from different backgrounds",0,0,56.0,0.6964285714285714,0.05357142857142857,joyful_l12_a4p0
joyful,12,4.0,2,7,"

- Story - -

I'm talking to this person. I'm a person that has a lot of potential and I want to show that. This is my long-time voiceover performer.

Character:

- Characters - -

This is my character. This is my character. I am a happy person. I'm happy to have the biggest, happ",2,1,50.0,0.6,0.08,joyful_l12_a4p0
joyful,12,4.0,3,0," A family of superheroes. The family is a mix of old, young, and new. This is a special moment where every family member can step on a new stage and jump into the action. The big, bad Batman and his minions have the biggest punchline in the night!

And, as it turns out, a super speed ball is the main theme for this episode. The",0,0,65.0,0.6923076923076923,0.1076923076923077,joyful_l12_a4p0
joyful,12,4.0,3,1,"

A young boy goes into a quiet room. The boy is being held up by his mother and an older lady. The family then goes to a scene where the mother is trying to get him to play the “Aha!” game. The girl plays a song and the boy and the lady are in the audience.

And that was a good scene that we had after the show.",0,0,68.0,0.6323529411764706,0.1323529411764706,joyful_l12_a4p0
joyful,12,4.0,3,2," a beautiful play set with three characters, a hero, a heroine and a villain.

Scene: the hero in a castle, an adventurer, a hero and a princess.

Scene: the hero and princess in a castle, an adventurer, a hero and a girl.

Scene: the hero and princess in a castle, an adventurer and a princess.
",0,0,55.0,0.34545454545454546,0.21818181818181817,joyful_l12_a4p0
joyful,12,4.0,3,3," A cute baby girl has a baby cuddle. She’s excited to have the baby on her chest.

Scene: A baby girl is in a cuddle with the toddler.

Scene: A cute baby girl has an awesome cuddle. She has a huge baby cuddle.

Scene: A cute baby girl has an awesome cuddle. She’s having a c",0,0,58.0,0.43103448275862066,0.13793103448275862,joyful_l12_a4p0
joyful,12,4.0,3,4,"

(Laughs)

Bunny

Hey, I'm a girl from a farm in England.

Scene:

(Laughs)

Chorus

I am a little girl from a farm in England.

Scene:

(Laughs)

Chorus

So, what did you think?

Scene:",0,0,33.0,0.6060606060606061,0.12121212121212122,joyful_l12_a4p0
joyful,12,4.0,3,5,"A story of a young girl in love with someone who happens to be a young boy.

The short story is about the idea of a happy birthday. The title of the story is: Happy Birthday.

Priced at $400 each, this is a perfect way to have your voice heard.

This is the perfect way to put together an exciting episode of The Music",2,1,63.0,0.6031746031746031,0.09523809523809523,joyful_l12_a4p0
joyful,12,4.0,3,6," A quick, short scene where you get a little tipsy and try to make a joke out of it.

More Stories!

If you’re the type of person who wants to meet some new people and let them know that you’re a real guy (and want to dress up as a girl and party) then you can do that today at the same time as you catch",0,0,68.0,0.7352941176470589,0.07352941176470588,joyful_l12_a4p0
joyful,12,4.0,3,7," The first scene of the short film.

I'm a total newbie! I'm in love with this short! You can see in the video above what I'm talking about!",0,0,28.0,0.7857142857142857,0.10714285714285714,joyful_l12_a4p0
joyful,12,4.0,4,0," A party party!

The Party Party is your next big party! The party is a huge party with a number of the biggest names! Party parties are all around the world and have a huge party! Party parties are a huge tradition for any country as it is also called the ""party of the year"" and is a huge event! Party parties are very popular with the general public! Party",0,0,70.0,0.4857142857142857,0.18571428571428572,joyful_l12_a4p0
joyful,12,4.0,4,1,"

""In the middle of the night I remember someone saying to me, 'I want to get the girl!'""

Ralph the Chasmid

(This scene is inspired by the song ""Gang Rally"", composed by the legendary soul singer, Bob Marley.",0,0,39.0,0.8205128205128205,0.15384615384615385,joyful_l12_a4p0
joyful,12,4.0,4,2," ""My God, I was a Good Samaritan in the early 1970's!""

A young man plays with a toy car, and is then greeted by a cheerleader. A short scene is shown featuring the audience with a smile on their faces, and the story line is broken up and ends with a good cry!

""How do I like this song!"" the audience shouts out",1,1,63.0,0.7142857142857143,0.1111111111111111,joyful_l12_a4p0
joyful,12,4.0,4,3,"

A scene in the town that you can make or create with your friends. The next time you see your friends, they'll be excited.

Gameplay:

An action-packed adventure where you can make and create your very own superhero.

Ports:

An amazing port with lots of different ports that you can play with!

This is a great",0,0,57.0,0.7017543859649122,0.07017543859649122,joyful_l12_a4p0
joyful,12,4.0,4,4, An event you make in the audience that includes a playlist of one's favorite celebrities.,0,0,15.0,1.0,0.06666666666666667,joyful_l12_a4p0
joyful,12,4.0,4,5," Shark, a character who takes a role as a person who takes a promise to a specific person.

Scene: Shark, who takes a role as a person who takes a promise to a specific person. Shark the hero as a hero is one of the highest rated scenes on the web and is a perfect match for the young actor.

With just a small twist of par",0,0,67.0,0.4925373134328358,0.1791044776119403,joyful_l12_a4p0
joyful,12,4.0,4,6," A couple travels from the suburbs to the city to share the excitement of a party.

Scene: A group of teenagers are seen throwing a party.

Scene: A girl is seen playing with a puppy.

Scene: A couple is shown singing.

Scene: A group of people is seen playing at an outdoor concert.

Scene: A man who is shown dancing",0,0,60.0,0.55,0.15,joyful_l12_a4p0
joyful,12,4.0,4,7," The Promised Land

“You’re a Promised Land, son!” you announce in the air. In comes a big girl, who is a super-cute little girl who is all over the stage. Now you and all the audience are having a prom and a dance party as she comes from the air. She hits the dance steps and all the audience is dancing and cheering you",0,0,66.0,0.5454545454545454,0.10606060606060606,joyful_l12_a4p0
joyful,12,4.0,5,0," The Decision! (v)

The decision! is a scene of a group making a decision together! A big part of the song is the end, and the song has a very happy ending. A lot of the song is about the decision to join together and make a decision together. The song is set up with a big decision, and the song comes off the show with a big bang",1,1,69.0,0.4492753623188406,0.14492753623188406,joyful_l12_a4p0
joyful,12,4.0,5,1,"

In order to create a great video game, you need to make something awesome. You can't just use a jingle bell, or a short video to announce the success of your game, but you need to make something that has multiple aspects.

How do you make something with more bang for your buck?

Here are a few ways you can make great videos.

",0,0,63.0,0.6825396825396826,0.07936507936507936,joyful_l12_a4p0
joyful,12,4.0,5,2," Dance, music, and a love triangle - with your favorite song and your dance partner.

This is a fun and easy to watch movie with amazing dancing and hilarious music videos.",0,0,30.0,0.7333333333333333,0.13333333333333333,joyful_l12_a4p0
joyful,12,4.0,5,3," (Click!) A group made a decision together, then they get a phone call from one of their best friends, it's the ""big night"" of the week. They make a decision together, we laugh and it's so funny, it's the best day of our lives!

Scene: (Click!) A group made a decision together, then they get a phone call from one of",1,1,61.0,0.5245901639344263,0.11475409836065574,joyful_l12_a4p0
joyful,12,4.0,5,4,"

- An 8 character team makes a decision to play some music in the town and come together and get it. It's a big hit!

- A team of 8 people and a lot of fun!

- A very happy young couple!

- The whole gang just starts dancing and having fun.

- A great scene!

- The big finale!",1,1,52.0,0.7307692307692307,0.11538461538461539,joyful_l12_a4p0
joyful,12,4.0,5,5," a group making a decision together.

The story continues in this second chapter of RTS. The entire sequence is set around the main protagonist of the game. The whole team is in a group making a decision together. The whole team is in a group making a decision together. And the whole team is in a group making a decision together!

When the game goes for a spin,",0,0,68.0,0.4264705882352941,0.1323529411764706,joyful_l12_a4p0
joyful,12,4.0,5,6," The Rumble

Description:

This scene is taken from the original video game, where it is set in a fantasy world where the player discovers new powers and abilities. In addition, a mysterious and mystical force appears and the player has to defend their kingdom from them as they prepare for a magical victory.

Scene: The Rumble

Description:

The Rumble is",0,0,60.0,0.6833333333333333,0.1,joyful_l12_a4p0
joyful,12,4.0,5,7," The Joker is a playable character from the movie Batman!

Plot: This new action-packed adventure begins with the arrival of the Joker as the main character of the movie. This brings an exciting atmosphere and lots of high action, especially with this character of the upcoming release!

In the end it all comes down to the decision of the Joker who decides to be the",0,0,66.0,0.6363636363636364,0.16666666666666666,joyful_l12_a4p0
joyful,12,4.0,6,0,"

The stage is a big, wide, wooden stage where the audience fills the stage up. As the audience comes, the stage moves backstage with the audience and the stage continues to fill up and the stage moves on. The crowd is so big it’s difficult to walk on the stage as the stage moves in front of the audience.

The stage is full of the crowd and",0,0,68.0,0.45588235294117646,0.20588235294117646,joyful_l12_a4p0
joyful,12,4.0,6,1,"

When the first kid, a boy, runs into an emergency and the alarm is sounded, he immediately takes off his shirt to show that he is bigger than he was before. He then goes to work doing his job, so everyone starts cheering. His mom is happy too!

Production:

Trivalent Tango is a Trap! Troll from the classic anime.",1,1,59.0,0.7966101694915254,0.06779661016949153,joyful_l12_a4p0
joyful,12,4.0,6,2," Tiffany & the Lazy-ass Chili

""What is the secret?!""

Tiffany, the hottest Chili-head in the world, wants to go right home and open her own Chili.

Scene: The Secret Paws

""I've been hiding, trying to find my secret.""

Tiffany, the hottest Chili-head in",0,0,45.0,0.6444444444444445,0.13333333333333333,joyful_l12_a4p0
joyful,12,4.0,6,3," A car pulling away from the scene! You must be in the right state to be involved!

An awesome take on action scenes! We’re in love with this idea and you’re going to get your hands on it by the end of next season.

Be sure to share the link and/or video with your friends!",0,0,58.0,0.7586206896551724,0.06896551724137931,joyful_l12_a4p0
joyful,12,4.0,6,4,"

I had a dream that my boyfriend and I took a picture together! I woke up and found out my heart was full! My dream was not as hot as all that...

My dream was about the moment that I got my little heart pumping! My dream started with the simple idea of opening a door that had never been seen before, like a door!

My dream was",0,0,68.0,0.5882352941176471,0.10294117647058823,joyful_l12_a4p0
joyful,12,4.0,6,5," Sasha and Rage (Battle Club)

Candy’s Bounce is a big hit. When you have the urge to make the jump to the new year, or to party your heart out, you come up with a few crazy ideas. A few hilarious storylines and a good time, that will go a long way in your heart.

Be sure to subscribe to",0,0,61.0,0.7540983606557377,0.08196721311475409,joyful_l12_a4p0
joyful,12,4.0,6,6,"

The night before a party, this party is hosted by a hot mess of assorted and totally awesome babes! The party begins at the party table, and then some. The party begins with some of the hottest babes dancing, dancing around the room in high fashion, and then some.

B-rama

Inspired by this, the party continues with a",0,0,59.0,0.576271186440678,0.11864406779661017,joyful_l12_a4p0
joyful,12,4.0,6,7," “It’s Friday, what do you say, Friday night?”

Jennifer is invited to the Friday Night Party at the Hollywood Casino in West Hollywood, CA and the “Ticket to Hollywood” gives her a big “Happy Birthday” gift, and we can’t wait to see what you guys do!

Scene: “What the” – We’re sure",1,1,54.0,0.7037037037037037,0.07407407407407407,joyful_l12_a4p0
joyful,12,4.0,7,0," The Jinx, from the episode ""Sons of Zorro"" (season 1, episode 20, ""Titanic"")
""Scene:"" ""A big guy with a flash is swinging his tail and screaming: ""Oh, girl!"" He gets off his bike and drives around the neighborhood and everybody is all over him! And he can't stop swinging! The man from the next world runs",0,0,54.0,0.7407407407407407,0.09259259259259259,joyful_l12_a4p0
joyful,12,4.0,7,1," A street performer with a large crowd of people in a ""Mr. Bunny"" costume.

Scene: A small group of people with their ""Mr. Bunny"" costumes.

Scene: A small group of people with their ""Mr. Bunny"" costumes.

Scene: A small group of people with their ""Mr. Bunny"" costumes.

Scene:",0,0,48.0,0.3541666666666667,0.125,joyful_l12_a4p0
joyful,12,4.0,7,2,"

The movie starts off with an impromptu song by the young musician, which is followed by a short dance sequence.

Animated series

Television special

The music video was animated by the French music channel ADRS

Birthdays
The movie was released on Valentine's Day, 18 August 2016, and was directed by a female musical team led by",0,0,54.0,0.7407407407407407,0.09259259259259259,joyful_l12_a4p0
joyful,12,4.0,7,3," a person walking through town at night. Scene: a guy walking through town at night.

Note:

- There is a short, funny scene with a guy and a girl walking through town at night.",0,0,33.0,0.5151515151515151,0.15151515151515152,joyful_l12_a4p0
joyful,12,4.0,7,4," A man who is walking through town is attacked by a group of people. After they hit him, he tries to chase them all around town, getting in the way of people trying to get him to stop.

Scene: A woman is walking in town and her boyfriend makes her happy!

Scene: A woman walks out of town, and she wants to make it home.

",1,1,65.0,0.676923076923077,0.06153846153846154,joyful_l12_a4p0
joyful,12,4.0,7,5," You have a big girl in the street.

Scene: You have a big guy in the street.

Scene: You have a little girl.

Scene: You have a little boy in the street.

Scene: You have a little girl.

Scene: You have a big boy.

Scene: You have a little boy.

Scene: You",0,0,52.0,0.23076923076923078,0.15384615384615385,joyful_l12_a4p0
joyful,12,4.0,7,6," A road trip story set on the way to where the story will be played in the video game World of Warcraft. This scene will be taken on a bus in the video game World of Warcraft.

Scene: A short scene that will be taken on the way to where the story will be played in the video game World of Warcraft. A couple will be taken off",0,0,68.0,0.39705882352941174,0.10294117647058823,joyful_l12_a4p0
joyful,12,4.0,7,7," A night of partying!

Director: Trey Parker

Starring: Will Ferrell, Danny Glover, Tom Hardy, Edgardo Bizzaro, Brad Pitt

Production: Will Ferrell

Production: Danny Glover

Production: Edgardo Bizzaro

Production: Brad Pitt

Producer: Brad Pitt

The official trailer",0,0,36.0,0.6388888888888888,0.1111111111111111,joyful_l12_a4p0
joyful,12,4.0,8,0," ""A Short Story"" by Anu.",0,0,5.0,1.0,0.2,joyful_l12_a4p0
joyful,12,4.0,8,1," ""Hairspray""

Director: Robert Redford

Script: ""The Flower of Noisy Water""

Music: ""Hollywood""

Duration: 2 minutes, 37 seconds

Production: K-pop band",0,0,19.0,1.0,0.05263157894736842,joyful_l12_a4p0
joyful,12,4.0,8,2," Teacher with Student’s Talk

Location:

Location:

When we get to our stage, you can say, ""Dude, you know, you're the new kid with a voice!"" or ""You know, I know your voice!"", you can dance with the students. We can make sure to take care of them at our rehearsal so they don’t even",0,0,56.0,0.7321428571428571,0.07142857142857142,joyful_l12_a4p0
joyful,12,4.0,8,3," ""A Short Scene About A Student Speaking With A Teacher After Class.""

Scene: ""A Short Scene About A Student Speaking With A Teacher After Class.""",0,0,25.0,0.4,0.24,joyful_l12_a4p0
joyful,12,4.0,8,4," ""C'est bon! Et bien!"" (A pretty girl's introduction)

In the above scene, the student is introduced to a young woman, ""Et bien."" A female teacher introduces her to the students. Then an ""Oo!"" ensues. The scenes in the series are frequently accompanied by high-fives, ""Squeals, laughs, and chants. It",0,0,50.0,0.8,0.1,joyful_l12_a4p0
joyful,12,4.0,8,5," ""The Cider""

Description: In the middle of a session, a student is introduced to a teacher who introduces himself to the entire class. The student then announces to the whole class, ""Here's what a cider is! You have to create your own cider and give it a name to celebrate the cider!""

Scene: ""The Dolly Parton Theme Song",0,0,58.0,0.6551724137931034,0.1206896551724138,joyful_l12_a4p0
joyful,12,4.0,8,6, In-class. We are surrounded by a group of students. They are discussing the importance of being a part of the group. They will tell us about their history. We discuss what is going on and how we can bring the whole group together. The teacher talks about the importance of being a part of this class. He shows us what their school is. The next time we can have a big,0,0,72.0,0.5972222222222222,0.08333333333333333,joyful_l12_a4p0
joyful,12,4.0,8,7," School is about to get an entire scene about some student giving a speech, or something.

Trivia: This was the first one. A full-out scene about a student talking with a teacher after class.

Scene: A very short scene featuring a lot of a kid talking to a teacher after class.

Trivia: This was the first one. A short",0,0,60.0,0.5666666666666667,0.15,joyful_l12_a4p0
joyful,12,4.0,9,0," The Excitant

Scene: The Sassy Princess

Scene: The Rumble at the Rally

Scene: The Fervent Groom

Scene: The Super Sassy Lover

Scene: The Foolish Wench

Scene: The Lady of the Flowers

Scene: The Rumble at the Rally

Scene: The Rumble",0,0,40.0,0.425,0.3,joyful_l12_a4p0
joyful,12,4.0,9,1,"

With a few of the key points of this episode, you’ll be able to play along with the cast and let them know what a special event that was.

GUEST COMMENTS:

If you enjoyed it, you'll LOVE our Twitter feed: @dancewithgals!",0,0,42.0,0.8809523809523809,0.047619047619047616,joyful_l12_a4p0
joyful,12,4.0,9,2," Bubble Talk (1.3/4)

""What's a bubble talk?"" is a good way to get some idea about the sound of a bubble. A great video to watch out for as a bonus!

P.S. Feel free to leave a comment about the video if you've got some inspiration for future videos!",0,0,49.0,0.6938775510204082,0.12244897959183673,joyful_l12_a4p0
joyful,12,4.0,9,3," a flashback (or other short video clip) in the middle of a scene.

Scene: a flashback (or other short video clip) in the middle of a scene.

Scene: a flashback (or other short video clip) in the middle of a scene.

Scene: a flashback (or other short video clip) in the middle of a scene.",0,0,55.0,0.21818181818181817,0.14545454545454545,joyful_l12_a4p0
joyful,12,4.0,9,4,"

A short scene where you go with the character of a hero to the town of Elkadon, you go up to the town square with some other heroes and some other heroes and you go up to the town square with some other heroes and some other heroes and you go up to the town square with some other heroes and you go up to the town square with some other heroes and you",0,0,74.0,0.2702702702702703,0.08108108108108109,joyful_l12_a4p0
joyful,12,4.0,9,5," The sky is a sky! The planet Jupiter is on the top of a gorgeous rocket! Everyone jumps off from the top of the rocket to find out the planet's unique characteristics, and then jump on the rocket to jump into the sky!

Scene: The sky is a sky! The planet Jupiter is on the top of a beautiful rocket! Everyone jumps off from the top of the rocket to",0,0,70.0,0.38571428571428573,0.18571428571428572,joyful_l12_a4p0
joyful,12,4.0,9,6," The Razzle Card at the end of the episode.

This episode was shown in the live-action special. For the Razzle card, a man is given a card from Razzle and he goes all the way.

A short scene is also shown, when a character (a girl or a woman) is given a card to show off her dress and make it",0,0,62.0,0.6451612903225806,0.11290322580645161,joyful_l12_a4p0
joyful,12,4.0,9,7," “Hurray!”

I love all of the details in this episode, and I love that I’m not allowed to share them in a self-satisfaction/fuck-up manner! However, it would have been a nice surprise to see a character get their start with a short scene as a “girly”-party-of-the-week.",0,0,54.0,0.7962962962962963,0.09259259259259259,joyful_l12_a4p0
joyful,12,8.0,0,0,"
The star-tang

- for the crowd with a bounce

- for the whole crowd for to play a flier and everyone loves it!

- a real one up for the ride with kids of the audience

- for the fun of the crowd

- for the cheer with a special request

- for the kid's party!

- for",0,0,52.0,0.5576923076923077,0.17307692307692307,joyful_l12_a8p0
joyful,12,8.0,0,1," What Happens?

Hallow!!

We got our start and it started with a very happy cheer of a little girl (and we did it up with more than 500,000 followers). A few of us also went to the dance for a lot of people (and they were just about everyone!).

Our kids played ball for the fun crowd as we raced around and danced",1,1,62.0,0.7580645161290323,0.06451612903225806,joyful_l12_a8p0
joyful,12,8.0,0,2,"

Catch a free stream from the Gamedev.se! and take the stage with the goal of having a new game about having fun at all the fun games.

What's coming out!

Welcome to the Hally B Contest!

Catch a special free game for everyone and celebrate the fun of the Gamedev by making new friends.

We",0,0,56.0,0.6785714285714286,0.125,joyful_l12_a8p0
joyful,12,8.0,0,3," The new kid out of a box is a fun musical!

2. Party Time!

The party! The party! The party!

And if you ever wanted to be a princess, a princess too!

That's right! She's the Bum, Poc-a-P-rata! and a little girl who has just won every round from the",0,0,52.0,0.7115384615384616,0.11538461538461539,joyful_l12_a8p0
joyful,12,8.0,0,4," Hoss Hogs!! This is the 3rd installment for the H3B Foon Mini!!

This is the fun, fast game of Go! Taco!

This is the first game with a free song from the hit video game, ""Halo!"" featuring the best H1-Zs, and with the newest and fun T-shirt from the H3! G",0,0,54.0,0.6481481481481481,0.14814814814814814,joyful_l12_a8p0
joyful,12,8.0,0,5,"

A group of high school cheer and cheer girls, this is our new ""Kids' Cham!"" from the Puppy Apparay!

The P-Bom! Chor-jum! cheer is a celebration of the new year and some special guests!

Fantastic Furry Bun! and some great sing-along!

In the",0,0,46.0,0.7391304347826086,0.08695652173913043,joyful_l12_a8p0
joyful,12,8.0,0,6,"

This is a short clip from a movie. A celebration of the moment! I am a Celebrity

What a Funny! I am a little bit excited!!!

(1,000,000 shoutout to all my friends and fans!)

This is a FREE download and I highly recommend it!!!

I won the C-B-E-I-I",0,0,51.0,0.6862745098039216,0.13725490196078433,joyful_l12_a8p0
joyful,12,8.0,0,7," The Big Star Sends a Free Panda to Celebrate Goo G2S! The ""Super Fun"" and ""GOOSE BAND"" FANTASA! The Big Panda!

The Kav-Fam! GOO-GAAAAAXAAA! The Dandy K-Squad!",0,0,31.0,0.7741935483870968,0.16129032258064516,joyful_l12_a8p0
joyful,12,8.0,1,0," Gala (or, as I call it, Gazz) the G-Jazz!

The first round was a bit too soon, since we had to catch our own float!

The ""Sh*t Bunny"" and ""We the Bun!"" came from the crowd!

Here is the new promo song! This is ""All-Star!""

",0,0,48.0,0.8541666666666666,0.125,joyful_l12_a8p0
joyful,12,8.0,1,1," ""Champ"" (song)

If you like fun, dancing and tons of cheer, come out to ""Celebration"" to the stadium.

""Champ""! ""Chak-Cry!"" you'll blow your hat off the stage and set the stage for all your pals.

""Champ"" was a special surprise to the crowd and we will",0,0,47.0,0.7659574468085106,0.0851063829787234,joyful_l12_a8p0
joyful,12,8.0,1,2," Party Up

Lucky for the world! At this point, the party will go up in the air and it will fly into the world!

Scene: The Champagne Cocktail

Ladies! Your mom and your princess have the fun, fun-to-do!

All set to go!

Scene: The Trick Bots

So all",0,0,50.0,0.66,0.14,joyful_l12_a8p0
joyful,12,8.0,1,3," Your friends will love this one. They'll be over the colors and music with this!

Bang.! The whole cast is in love with the new video game!

Safety! Greetings @ @ E-P-E-P!!!

Thanks to @EbTv for sharing with the crowd!

The 'Lili' Shun is an",0,0,46.0,0.7608695652173914,0.10869565217391304,joyful_l12_a8p0
joyful,12,8.0,1,4," ""Cry"" from the top 5 music videos!!

Thank you, ""Bang!""!

Hannah!! ""The Bubble!""!

""The Chill Out""!!!

""I got it!""!!!

""Wahaaah""

""You can't fly!""

""Diddy""

""Kahotango!
",0,0,24.0,0.875,0.125,joyful_l12_a8p0
joyful,12,8.0,1,5," The New World of the Hula and the Hobby Band

It's about two friends finding what's called a B-Squad to sing their song and the goal of a b-party!

A b/gyzy ballad for all ages!

The Big Bands!

Let's get the party!

The Hot Tarts!

Hoooo",0,0,49.0,0.7346938775510204,0.14285714285714285,joyful_l12_a8p0
joyful,12,8.0,1,6," The Shambolic Family Gala

The party and party-out party! Party in the JAG!! Celebrate the whole family with the fun!

Fantastic show!

What!! is all the fun!

A BAB! party!

And that's all with the big bounce-card!

Party in the JAG! with",0,0,44.0,0.5454545454545454,0.18181818181818182,joyful_l12_a8p0
joyful,12,8.0,1,7," You are not allowed to wear a costume!

Haha!

Scene: Get a costume!!!

Haha!

Ads for the hot set!

A game of dress up!

Greetings everyone!

Greetings girl!

P.S. you do not have the dance!

Haha!

Clic",0,0,38.0,0.7631578947368421,0.07894736842105263,joyful_l12_a8p0
joyful,12,8.0,2,0," ""All is Fun!""",0,0,3.0,1.0,0.3333333333333333,joyful_l12_a8p0
joyful,12,8.0,2,1," ""I see! I see! I see!""

Music: ""I See!""

Music: ""It's a 'fool dance""

""I'm the boy!""

The best song off of the new music CD, ""I See! I! (Soul!)!!""!

The song and video ""I see!""! was released on the YouTube",0,0,41.0,0.5609756097560976,0.17073170731707318,joyful_l12_a8p0
joyful,12,8.0,2,2," You can see the results in the live video! The funniest moment occurred when the stars in the party saw a big cake at the park. The happy family took advantage of the situation and made sure to get more people to go into the party. They got all the party favors and sang about how ""wink-dance"" all around!""

And a great finale!

",1,1,64.0,0.734375,0.15625,joyful_l12_a8p0
joyful,12,8.0,2,3," This short scene is a great way to dress up your girl for a high!

Dance

Mingle

Jingle!

This song from Pops! is about a fun-pop! You get a happy girl over every song. A fun way for a girl to go viral!

Music: Shad K

Tickets!!!

Pray Fun",1,1,50.0,0.7,0.12,joyful_l12_a8p0
joyful,12,8.0,2,4," a young boy with a cute girl

and a blast to the girl!

She’s the star! With a huge dance!

She’s back in the town!

and a flash of sparkles

Lust from the crowd!

In a red-hot flash!

With a super kiss!

A super flirty song!
",0,0,49.0,0.6122448979591837,0.16326530612244897,joyful_l12_a8p0
joyful,12,8.0,2,5, A super hero and a hero with a cat named Shag is a new feature at the 2016/19 E3! A super-tack video has been generated and is being broadcasted! Shag is set to be the new star of the party! Shag! is the Superstar who will be able to swop over the face and jump over the stage! Shag is a super,0,0,62.0,0.5806451612903226,0.0967741935483871,joyful_l12_a8p0
joyful,12,8.0,2,6," A girl with a great deal of enthusiasm! A girl with super-charm and a lot of talent for acting to show off the video for her dance class! I like the idea of a girl in the ball-line by the stage!

Scene: ""A girl with a giant superstar! In a flash and a ball-line of music! A girl with a beautiful big dance",0,0,66.0,0.5606060606060606,0.16666666666666666,joyful_l12_a8p0
joyful,12,8.0,2,7," The Sack the Hot! A Tropical Celebration!

Thanks! Thanks, Momma!

“Mackg

“SAS!”

Slick and a little girl, and a bunch of kid stars!

Thankfully!

GIF!

The “Gammy! A T-Shrama!” video!

The video",0,0,33.0,0.7272727272727273,0.12121212121212122,joyful_l12_a8p0
joyful,12,8.0,3,0," Whoops! The happy cheer from all the party kids!

Pam: ""We're the cheer-o!""

Narrated by Cute G-Game, the '10s

Nam: ""We, 'We the Baby Shoo!!""

The super-chore is an early version of a pop song that can be used to any occasion",1,1,46.0,0.8695652173913043,0.13043478260869565,joyful_l12_a8p0
joyful,12,8.0,3,1," Funny video, everyone! A fun time with the kids and plenty of good music.

Trap Dance!

You got the buzz! A fun dance over the kids and plenty of happy music!

Bounce-Out Arie! (3)

Trap: Hot Dance Parties! The Kids!

""I'm the hottest fan!""

Shak",1,1,45.0,0.6666666666666666,0.1111111111111111,joyful_l12_a8p0
joyful,12,8.0,3,2,"

The Big Show!

You guys go!

This is the best way to take your party to the ball and keep it up!

Your party's dancing in the sky!

Gol-chay up!

A fire dance party for your dance team!

Bang!

See you there!!!

Your hot car with a blast",0,0,49.0,0.7551020408163265,0.08163265306122448,joyful_l12_a8p0
joyful,12,8.0,3,3," We danced with some new friends from the party of the whole year on the stage with some new music.

Scene: We got some new fans, lots of hugs and cheers and thanks everyone for dancing to the party, too!

Our special talent set was with a funky dance party!

Our special talent set was with a dancing and a party!

Our",0,0,62.0,0.5806451612903226,0.06451612903225806,joyful_l12_a8p0
joyful,12,8.0,3,4," ""I waited for the cheer!""

""I'm so happy!""

""I'm a dame!""

""Hoo!""

""Whoops!""

""I'm a total hamboon!""

""I'm a girl!""

""I'm a girl!""

""Gobbo!""

""I'm a girl!""

",1,1,27.0,0.5925925925925926,0.2222222222222222,joyful_l12_a8p0
joyful,12,8.0,3,5," The Fist of the Ollie

This episode has been very popular with fans. We thought it would have the effect of a ""funny jingle"" by making an easy dance in the sky!",0,0,32.0,0.875,0.125,joyful_l12_a8p0
joyful,12,8.0,3,6," Lava! from “Gag! A Bunny”!!!!

Safety!

Let’s Go for a Bunny! -1!

Ride the float and all your friends to an outdoor party

-1!

-1!

-1!

-1!

Gad-ge-sod!

Safety",0,0,27.0,0.8888888888888888,0.07407407407407407,joyful_l12_a8p0
joyful,12,8.0,3,7," The Secret Santa with a snowdramp!

- The Jingle Ball

- The Santa Claus with a Snowball

- The Santa's Christmas Santa and his Santa whooped

- Santa's Christmas song! Santa's Santa

- Santa's Santa from Santa's Santa

- Santa's Santa with a cute Santa Claus

- Santa! Santa! Santa who",0,0,44.0,0.4318181818181818,0.2727272727272727,joyful_l12_a8p0
joyful,12,8.0,4,0," the game of Hairy Skirt!

The scene was captured by the Gurl and released via the YouTube channel! The game's theme was named ""Haha"". Hah! and the new 'soul' was the winner!

The soundtrack for the soundtrack was composed by the hit song and performed by the Hahpy Hah! band!

The first 3 seconds",0,0,53.0,0.6226415094339622,0.22641509433962265,joyful_l12_a8p0
joyful,12,8.0,4,1," I love this new video! I love every girl! A super star with a super power of ""You're a Cute Celebrity!!""!!!

Your Video

Golad! We are the super superstar!

We are the superstar in the family !

You are a superstar with a super power!

We are the superstar in the family",0,0,51.0,0.49019607843137253,0.09803921568627451,joyful_l12_a8p0
joyful,12,8.0,4,2," A Fool of the New Teen

A Teen Frog

Tweet: An epic high jingle about being a fangastic person.

The song was used by the online fad, where a ""sad kid"" named Ilija was picked up to sing and play a flaming guitar.

This is the official video to ""Fark Game!""
",0,0,51.0,0.803921568627451,0.09803921568627451,joyful_l12_a8p0
joyful,12,8.0,4,3," Shrek the Goat!

Bump in the car! The ride up into the park! An exclusive ride! The ride down to the ball stage!

Party! The party with the cheer!

Bounce in the hot air with a bik

C'Gig! The Gathering of the Jum-baboon!

And the ride to the",0,0,49.0,0.6122448979591837,0.2653061224489796,joyful_l12_a8p0
joyful,12,8.0,4,4," This is the Superstar Panda! She has to dance the swarvy girl!

Games: This is the superstars birthday! She loves a superstar and wishes her party had a superstar dress!

The superstar Panda was excited for the party! She was the most adorable party girl and was just dancing like the superstar!

This is the Super",0,0,56.0,0.5535714285714286,0.14285714285714285,joyful_l12_a8p0
joyful,12,8.0,4,5," Funt the Party Gag!

Mavest! Mooooo! You are the main event!

Hail the Mingle Ball!

Ride the Mool Blast!

The party is in celebration of the star-tam stage!

The Jingle Bun is in a big wedding party for the crowd, let’s go all the",0,0,46.0,0.7391304347826086,0.1956521739130435,joyful_l12_a8p0
joyful,12,8.0,4,6,"

(A little party with a flash)

-

-

-

Here is the big moment!

Taco Bam dancing!

T.S.

-

-

-

""Sooo I am an adult! I have a great dance!""

T.S. and a whole bunch of friends dance in",0,0,36.0,0.8055555555555556,0.1111111111111111,joyful_l12_a8p0
joyful,12,8.0,4,7," (sop)

Sword: (soms)

Sole-Squad! A celebration

Kara-Kah-Tty! ""I am happy to do a dance!

Kara Kandoo! (KAR)

Spa!""

- a song for the new baby and party! -

- a dance! A",1,1,32.0,0.8125,0.15625,joyful_l12_a8p0
joyful,12,8.0,5,0, The Smooth Cute Tart from the BubbleGang! (which had a special thanks to the girl and her sister),0,0,18.0,0.8888888888888888,0.16666666666666666,joyful_l12_a8p0
joyful,12,8.0,5,1," The Lazy Trot

With some quick pop! for your jac-a-taming!

Scene: Ginger Bazaark

What a bunch of dancing party!

And on with the fun!

Sof the dance and the party!

and of course a flop and dance in the ring!

And we did it all off",0,0,48.0,0.7083333333333334,0.10416666666666667,joyful_l12_a8p0
joyful,12,8.0,5,2," A New Jersey girl with a dance party

B-Star: Mame!

#

Kick Bap!

Kick! B-S!

Bump! Bounce!

Jolts the dance!

Kick A Bom!! B-S!

Bump! B-S!

Kick! B",0,0,31.0,0.5806451612903226,0.16129032258064516,joyful_l12_a8p0
joyful,12,8.0,5,3," A big ball of joy and delight!

Spoofs the song with a free, new song from the T-Rex!

Video: Guitaroon!

Check out the new clip from the Jolly Saga!

Celebrating My Best with the Hot Brilliant Dance!

Check out the new Jolly Fly Away

The",2,1,46.0,0.6739130434782609,0.15217391304347827,joyful_l12_a8p0
joyful,12,8.0,5,4," You are the leader of the group with a ton of energy to celebrate. If you make a video about having fun with your friends, you get an official fan who is your personal ambassador!

A great girl group with a group of girl group-stars!

An easy to grow girl group!

A good dance party!!!

A new twist of the ballad dance!",0,0,63.0,0.6190476190476191,0.09523809523809523,joyful_l12_a8p0
joyful,12,8.0,5,5," ""A new wave-f""

Video

(Rap video)

The ""I'm going to sing"" song from the ""I'm happy!"", ""Let Your Way Bumb"" and ""A Rally"" comes from the video and a huge group dance on the rooftops! This ""I'm glad"" has been heard live and for everyone to compete in the",1,1,50.0,0.72,0.1,joyful_l12_a8p0
joyful,12,8.0,5,6," A Party!

A great 3: the main party!",0,0,7.0,0.7142857142857143,0.2857142857142857,joyful_l12_a8p0
joyful,12,8.0,5,7," the Joker and the Jingle Bop! With a ""Wooo!"" from the 3rd, 3D-animation video!

*A huge blast of excitement from the crowd as the ""Jaggy-Bop"" dance kicked the party to the whole screen*

*A ton of fun for the crowd!

As a special event, the ""Jumma",0,0,48.0,0.6666666666666666,0.1875,joyful_l12_a8p0
joyful,12,8.0,6,0," You're A Spades the Fever!!

Trick the F*1 With a Hot Ball Ride the Party

Welcome to the P.P. Club! Get the party over your head with this P.P. Club!

Congrats to the girl who plays the star-seaming on the “P.A.M” girl! All over the party!",0,0,51.0,0.5882352941176471,0.17647058823529413,joyful_l12_a8p0
joyful,12,8.0,6,1," You can now dance through the whole thing. My dancing style!

Scene: You can also find plenty of free dancing in the world!

Instant music

In the song ""Fantastic Fool"" you can dance and break up the party with the fans all over the world!

Scene: You can now dance the night away! My dance party is always made",0,0,59.0,0.6271186440677966,0.11864406779661017,joyful_l12_a8p0
joyful,12,8.0,6,2," The Hot Cholto (Tween)!!

What the! the!!!!!!!

We’re in the Hot Cholto!!!!

The funk set and happy girl-peek!

Kids came up with a hot girl swing.

Greeting the crowd!

I love that this group could use a bajillion of",1,1,41.0,0.7560975609756098,0.14634146341463414,joyful_l12_a8p0
joyful,12,8.0,6,3," Tinderbox!

In a few years, a quick flash of the video game, and I thought everybody was invited to dance, let’s all go “Bump!” and the entire party!

Swing your dance team!

It’s party all over the city with a dancing lot of a princess with your baby doll (check out the dress!)

and",0,0,56.0,0.7321428571428571,0.07142857142857142,joyful_l12_a8p0
joyful,12,8.0,6,4," 'This is the Funny About Rock! With a Cute Game! Toss a Hot Topic and a Bust Ride! My Fuss!' - I'm all over the stage! 'Thank you, My Furry Pony!

Bouncing with the fans!

This is the new ""Jazz"" of the ballad! A girl group!

G",0,0,47.0,0.7872340425531915,0.10638297872340426,joyful_l12_a8p0
joyful,12,8.0,6,5," My Hot Catch! The Chorus!

This was a quick and fun clip to the video! The short clip! which featured two boys dancing in the ball!

After this the sweet girl came out and went to all around the stage. She had a lot of fun performing!

We were there to see everyone singing ""Go My Fantastic!"" I am happy to",1,1,61.0,0.7704918032786885,0.09836065573770492,joyful_l12_a8p0
joyful,12,8.0,6,6," ""It's a ball and the dance!""

SpoF (a.da!)! It is a lot of fun, but in the grandest way

because it's a super game where you dance for the crowd!!

See you all in the ring, ""Hoooo!!""

Thank you P-G1!

NamSleets!
",0,0,43.0,0.7441860465116279,0.09302325581395349,joyful_l12_a8p0
joyful,12,8.0,6,7," The New Superstar In Style is a superstar and new adult music festival!

Congrats to the crowd! I'm an official! I'm the newest member to the Superstar In Style!",0,0,29.0,0.6551724137931034,0.13793103448275862,joyful_l12_a8p0
joyful,12,8.0,7,0," Hola Popstar! (This Is! Disney Bum!)

“I am just a girl!”

Aww! Disney fan!

The ballad of the “Dancing All the Caddles” is now a reality star and this “Dance Gast! Bik F1!” was released at the end of 2015.

This is the season with the",0,0,45.0,0.7333333333333333,0.13333333333333333,joyful_l12_a8p0
joyful,12,8.0,7,1," A high school dance on the beach!

Growlers: T-o, a ball

""

Nell! a gal!

""

"" Bum!

"" Bum!

"" A dance and the airs to dance!""

"" A night!

A night with all the fun and airs with a float dance!",0,0,38.0,0.5789473684210527,0.18421052631578946,joyful_l12_a8p0
joyful,12,8.0,7,2," a short performance in a Disney-esque float. A dance music video. An assortment of all the fun in the ball and an entire party.

A great finale with a great song!

Celebration! A fun-for-family atmosphere at the dance party for the whole family!

The dance, the happy, happy jacks-up dance with lots of dancing",2,1,58.0,0.603448275862069,0.10344827586206896,joyful_l12_a8p0
joyful,12,8.0,7,3," Trap and Flamboo! It’s a Super Smasfun Bingo!

The Super Small! Punch Ball!

In celebration of the success of the Big P! game, this kid was taken to the stage with the super flapper dance music and the excitement of the crowd!

The super duper-team dance party!

Our dance party",0,0,52.0,0.6923076923076923,0.15384615384615385,joyful_l12_a8p0
joyful,12,8.0,7,4," A superstar at a club and the girl next to that is playing. Awesome at first.

Now this was a little girl on the first one.

And the star of the moment! The superstar in the party dance!

This is a superstar at a young girl dancing!

A quick promo video for the music of the superstar with a superstar",0,0,60.0,0.5666666666666667,0.13333333333333333,joyful_l12_a8p0
joyful,12,8.0,7,5," “The Hot Gag” with the hottest chick!

Video

Hot hot-shame ball!

The Hot Gag is a blast!

Hoo-la! A Jingle Ball Gast!

Dance and go all in the face to the night

Gam! Gag! and cheer!!!

Loud Bally!

",0,0,40.0,0.7,0.125,joyful_l12_a8p0
joyful,12,8.0,7,6," An old friend shows up at the mall to win a big deal!

A super-hot fan who will sing, dance and have a little girl, I want to tell everyone!

The superstar baller!

A super super hot-out-tastic girl with a super cute and fun attitude

A hot blonde girl with a super cool girl out to make her",0,0,61.0,0.6557377049180327,0.11475409836065574,joyful_l12_a8p0
joyful,12,8.0,7,7,"

A girl dressed in all 3-sides a song with a “Party!!” and with a dance!

Scene:

A ballad by Tie Cham!

A fire in the ballad about a new member of the band!

As if the party was a fire, in a ballad about a person walking in the streets of the town at",0,0,54.0,0.5740740740740741,0.18518518518518517,joyful_l12_a8p0
joyful,12,8.0,8,0,"The T-Star with a Kardom Bout as part of the new wave event

Jingle-Bang!

The T-K Gator (a new wave event)

The K-C-G-Jom-t-K! theme! (a superstar-out-dance in the ball and a cheer)

You have your own",0,0,46.0,0.6956521739130435,0.10869565217391304,joyful_l12_a8p0
joyful,12,8.0,8,1," Bust-Out

(cue a balloon) with a cheer everyone!

Scene: ""A HOLA SING A BUN""

(cue a big cheer with a ""H""! Hoooo!)

Trick

(with a dance to the tune) and a dance with everyone

Tina and a surprise party!

Scene: """,0,0,41.0,0.5853658536585366,0.21951219512195122,joyful_l12_a8p0
joyful,12,8.0,8,2," G-Shak and you’re in the classroom! G-Shak!

You might be surprised at how your class works with a teacher to get some sparkle. Make the best G-Shak of the party!

Boo! and the fun party!

In a round-up of this fun fact, the good news and the bad news! as you",0,0,56.0,0.6607142857142857,0.10714285714285714,joyful_l12_a8p0
joyful,12,8.0,8,3," Dandy Movie

The coolest movie of the weekend was the Dandy 3 Ball of the Week! With a great big bounce, a dance party, and the funniety of your girlfriends, kids who got into the dance band at the party. The party was hosted by the kid band the party dance, and the dancing and bouncing with the good music all over the world! The",0,0,64.0,0.5625,0.21875,joyful_l12_a8p0
joyful,12,8.0,8,4," ""What a Star!""

This fun and lively event was created by Tinder! (a little girl), along with the original fan girls. You don!t need to sign up to the ""Toy Contest"" to claim the Star! Gifts! You name it! with the top-up for the night!

Let's Play! A Fun Topic!

-",0,0,52.0,0.75,0.09615384615384616,joyful_l12_a8p0
joyful,12,8.0,8,5," Chopin on the Beach!

See the whole thing with the best dance that is over there in the video

The big song about a kid who loves to cheer on a new girl

The song with the dance and a sing-a-round party about a hot girl!

Let's go dance in the fun, dance in the air!!

Tang-h",0,0,60.0,0.6333333333333333,0.15,joyful_l12_a8p0
joyful,12,8.0,8,6," A FANTASA

It's a short college cheer from a kid

Trickney-

Dancing with the Hors

She's a cheerleader

and the big show!

He's a new girl from the ball

And a little girl girl

It's a dance party from a young girl and the party with a ballad!",0,0,48.0,0.5625,0.1875,joyful_l12_a8p0
joyful,12,8.0,8,7," A Student Speaks with A Teaming High School Musical

Video:

In the ballad

""We all wanna play that"" (This is a Star Child)

High School Gala!

- This is a ""Pops"" dance!

- This is a ""Posh"" dance!

- The Gala and Miss Congramma",0,0,41.0,0.6829268292682927,0.12195121951219512,joyful_l12_a8p0
joyful,12,8.0,9,0," The Superstar

""Super"" is a song by the P.C.T.I.

P.G.S. S.D.

""I'm the B-Laughing Kid!"" and ""I am the Superstar!""

P.G.S. S.D.

""I'm the Superstar"" is the new wave P.",0,0,40.0,0.55,0.15,joyful_l12_a8p0
joyful,12,8.0,9,1," “The Cute Brunch”

With a fun “C’s” and a big-fun dance! (We got everyone dancing).

Mingle all over with the cake! A C-Saga! This party was with our new friends!

Party for your big friends: “The Cute Brunch”!!!

Celebration!

This",0,0,43.0,0.6744186046511628,0.06976744186046512,joyful_l12_a8p0
joyful,12,8.0,9,2," the car-jacking scene, right now!

P.S. All the fun and coolnesses!

Fuel up the party of high-ant flute and fire!

Flight of the party!

All the funniety-drooling!

P.P.S. I am a Celebration of My Party!

Party",0,0,42.0,0.6666666666666666,0.11904761904761904,joyful_l12_a8p0
joyful,12,8.0,9,3," The Gala Dance!

In the video, you can make a game about getting the G-certificated dance to go along with a musical!

For the next event, the G-Char! Festival, the G-Char is coming to town!

Thanks to our sponsors: Disney, Coca-Cola, and FACEBET!

See the dance",0,0,50.0,0.72,0.14,joyful_l12_a8p0
joyful,12,8.0,9,4," I’m the Kardom Bump!

Trick of the Story

Let’s do it again!!! I’m the Pogo, I’m the Pogo! I made it to this day!

Golf with the girls!!!

Sweeting with a dance in the ball dress!

Ganhot!

You and your team",0,0,45.0,0.7111111111111111,0.13333333333333333,joyful_l12_a8p0
joyful,12,8.0,9,5," Manga and A Tropical Song (Gamab)

We get a big blast with ""Eat Me Fag"" and ""You're My Little Pony"". For those that think, let's go to their house, you ready for an A-sides dance! All the girls from the band, and girls of like ""Fiery"" will be happy to the crowd",1,1,53.0,0.8301886792452831,0.05660377358490566,joyful_l12_a8p0
joyful,12,8.0,9,6," Bounce! I'm over the moon! I'm in the ""You're-O-lady!"" party! Thanks for a big ol' party!

Haha! Now I'm all in the party! You're welcome!

I'm excited about the party! I'll be dancing with you!

In the style of the ""Sparkle"" and I'll",0,0,45.0,0.6666666666666666,0.13333333333333333,joyful_l12_a8p0
joyful,12,8.0,9,7," ""Boom!""

The coolest person's costume is a cat who will make her way around a kiddly girl with a smile!

Video game scene!

Greet, Santa Claus! This is a Christmas car, Santa and G'joon! A video game!

And yes, you too will be able to ""Like"" and make a super pony",1,1,51.0,0.7450980392156863,0.11764705882352941,joyful_l12_a8p0
joyful,16,4.0,0,0,"

Soldier takes a quick peek at the youngster and is immediately taken for his birthday.

The song “All the Pretty Girls” has a beautiful chorus and a nice beat.

Youngster has a good time with their song. They even make a duet with the local boy, Yun Yun!

The youngsters perform and get a huge crowd out",0,0,57.0,0.7192982456140351,0.10526315789473684,joyful_l16_a4p0
joyful,16,4.0,0,1," A boy and his friend are running across the countryside on a bicycle to the city. They are surprised to find a beautiful bride waiting for them.

About the Musical! In The musical, the audience members are given the opportunity to perform a musical number to an enthusiastic and cheering audience. This wonderful performance of the classic song is followed by a fantastic musical number filled with all kinds of goodwill",0,0,71.0,0.6901408450704225,0.09859154929577464,joyful_l16_a4p0
joyful,16,4.0,0,2," The town hall, a town hall featuring a lively dance and music hall filled with fun and hilarity.

The dance and music hall is a huge part of the movie!

This is an adult, adult Halloween movie. This is a grown up movie. This is a Halloween movie with a bunch of teens!

The big kids are in the town hall, celebrating a big day",0,0,65.0,0.49230769230769234,0.1076923076923077,joyful_l16_a4p0
joyful,16,4.0,0,3," The story of an out-of-town celebrity (and of course a star) who hits on her boyfriend, has her and her family all in caggy mood, and is chased into an up-tempo party scene.

Scene: A hot, lesbian redhead.

Scene: A beautiful, sensual, and hot redhead with a new baby.

Scene",0,0,53.0,0.6981132075471698,0.07547169811320754,joyful_l16_a4p0
joyful,16,4.0,0,4," ""Oh my God, this is so cool!""-Lisa and her friends come into the studio with a new member of the band.

Scene: ""How are you feeling?""-Lisa and her friends cheer as they sing along to the hit song.

Scene: ""Oh my gosh!""-The music continues from the song and Lisa and her friends cheer as she makes",0,0,59.0,0.6779661016949152,0.0847457627118644,joyful_l16_a4p0
joyful,16,4.0,0,5," A short scene from a short story about a woman and her dog.

About Me

Society of Friends is a new kind of entertainment show for the kids. It's a blast to be on and is sure to be a hit with our audience!",0,0,44.0,0.7272727272727273,0.13636363636363635,joyful_l16_a4p0
joyful,16,4.0,0,6," A young boy arrives home to discover his new friends are missing!

Scene: A happy birthday for the new baby!

Scene: A happy birthday for all of the kids!

Scene: A happy birthday for the old one

Scene: A happy birthday for all the kids!

Scene: A happy birthday for all the little ones!

Scene: A happy",6,1,57.0,0.43859649122807015,0.12280701754385964,joyful_l16_a4p0
joyful,16,4.0,0,7,"

""We are getting ready to go on a trip!

""Wow! I don't think I can tell you how I felt!""

In an instant, the song from the hit hit hit the airwaves. From the song's catchy chorus, the crowd loved to come around the stage to the band's ""Growing Gala.""

There was even an early",0,0,55.0,0.7454545454545455,0.12727272727272726,joyful_l16_a4p0
joyful,16,4.0,1,0,"

A sweet little girl (or girl) is walking out with a big group of friends.

Scene:

A happy little girl (or girl) is getting a good blow job.

Scene:

Boom.

All three of those moments are good. The group has just joined a party, and the sweet-sounding girl (or girl) starts",1,1,52.0,0.6346153846153846,0.11538461538461539,joyful_l16_a4p0
joyful,16,4.0,1,1,"

The characters meet through the internet (and also through the help of the girl from the movie).

She has a little girl and is taking her first steps in life!

The movie ends with a big, happy ending!

More of the music!

Also the best part about the movie is the music (and also the dance!).

The entire """,1,1,58.0,0.603448275862069,0.20689655172413793,joyful_l16_a4p0
joyful,16,4.0,1,2,"

In this scene, the music of one of the two friends is captured by the camera.

Description:

As the other two friends, you get a happy-ever-many-out-of-tune-and-glow-of-a-good-deed. While at the ball, you see that the person that got the most onscreen laughs.
",1,1,52.0,0.7307692307692307,0.1346153846153846,joyful_l16_a4p0
joyful,16,4.0,1,3," “The Clown” by Narnia (2009)

An imaginative and very original musical that will make an unforgettable musical experience! With a musical twist and some fantastic dance numbers, Narnia is sure to turn a spin.",0,0,33.0,0.8181818181818182,0.09090909090909091,joyful_l16_a4p0
joyful,16,4.0,1,4," A ball toss.

""I'm the girl that likes to run and win.""

The woman's laugh made the room shake with delight. ""This is the moment you've been waiting for, my sweet!""

""I don't know, I can't believe it!""

""I can!"" the girl's delight and laughter burst like a ton of champagne.

",4,1,51.0,0.8235294117647058,0.09803921568627451,joyful_l16_a4p0
joyful,16,4.0,1,5," We meet up with a young girl who is looking for something romantic and falls in love with a guy in a dress, but unfortunately he's not the only guy she's seeing in this party. This turns into the hilarious scene we can all remember from the first episode of the TNT series.

Battle between Diddy and The Kinkos, which was a blast!

Story",0,0,64.0,0.78125,0.078125,joyful_l16_a4p0
joyful,16,4.0,1,6,"

(A video, followed by a short, humorous song).

Cast:

Gandhi

""Mama"" - Ghemao, a local boy of 6' 2"" (and now, a grown man)

""Dangguk-Dangguk"" - Kusanja, a young girl

""Sangge",0,0,29.0,0.8275862068965517,0.1724137931034483,joyful_l16_a4p0
joyful,16,4.0,1,7," A short, short story about two friends who find a new toy they can’t wait to give to their friend’s daughter, and the adventure they can’t wait to make with her.

Sound effects: “Tiny Ramp” and “In the Mood”.

A really fun, uplifting, and uplifting scene! A must see!

Less",0,0,53.0,0.7358490566037735,0.07547169811320754,joyful_l16_a4p0
joyful,16,4.0,2,0,"

It was the middle of a story of a man who received an astonishing news.

The music was great.

Scene:

It was the middle of a story of a girl who received the news.

The song was great.

Scene:

As we went to a party the next day we had a great time.

We were talking about",0,0,57.0,0.5263157894736842,0.10526315789473684,joyful_l16_a4p0
joyful,16,4.0,2,1," The hero is an attractive girl who gets drunk and then decides to be on the run to the city, where she falls in love with a handsome young man who gets her out of her car and wins her over.

Scene: After the main plot of the movie is over, the movie takes a break to relax and enjoy the beach scene.

Scene: A girl is having a good",0,0,70.0,0.6428571428571429,0.1,joyful_l16_a4p0
joyful,16,4.0,2,2,"

Skipper says to a group of young girl that ""She's just a girl""

Sleuthing over the girl, the skit continues

""Well that's it! She's a girl! She's just a girl!!""

The girl runs off and the skit starts to be over.

""I'm a girl! I'm a",0,0,46.0,0.5434782608695652,0.15217391304347827,joyful_l16_a4p0
joyful,16,4.0,2,3,"

A beautiful young woman with a lovely body and a beautiful smile makes a special surprise in a romantic scene.

Scene:

A sexy young man with a big tush and a big tinkle!

Scene:

A beautiful and seductive girl, who is in love with a man!

Scene:

A sexy, charming young guy!
",1,1,52.0,0.5192307692307693,0.21153846153846154,joyful_l16_a4p0
joyful,16,4.0,2,4," The person receiving this news is about to receive some news-

Story: ""Soooo, let's do it!"" (cheers)

This is a fantastic scene. You can watch the video for the whole thing and then get a great ending from the moment you see it. This is a huge moment for the entire audience.

Scene:

A scene that was cut",0,0,58.0,0.6896551724137931,0.08620689655172414,joyful_l16_a4p0
joyful,16,4.0,2,5,"

“The best thing that happened to the team on their way to the football team as they all came off the field for the annual football game was to become the first ever member of the Team Ally! With that in their hearts, they set off for the party that had the greatest success of any time! The team was captivated by the way the team tackled a huge football field",0,0,71.0,0.5915492957746479,0.16901408450704225,joyful_l16_a4p0
joyful,16,4.0,2,6," ""Eureka""

Music: ""Dance""

""Eureka"" was an epic song about a man from a future in which he wants to play the trumpet as a person (in her honor) but his heart is set on finding and becoming a super star!

""Eureka"" has been sampled by the popular ""Warm Bop"" music",0,0,50.0,0.84,0.08,joyful_l16_a4p0
joyful,16,4.0,2,7,"

""Mum"" is a young woman playing a game of the musical contest. Her name is Kay and her father is a popular person. Everyone wants to be their best and is trying to impress everyone.

""Mum"" is a young girl. She loves a good game and takes care of her friends.

""Mum"" is a young girl playing the game of",0,0,60.0,0.55,0.1,joyful_l16_a4p0
joyful,16,4.0,3,0," A cheerleader from high school.

About the Author:

Spike Lee is a writer, producer, actor, and filmmaker. She has worked in several genres, including pop-culture, film, and pop culture, and has won several awards from film festivals. The girl scout who founded The Mule was Spike Lee’s co-star and her partner in a musical titled",0,0,58.0,0.7241379310344828,0.06896551724137931,joyful_l16_a4p0
joyful,16,4.0,3,1," This is a scene that I have been working on. I am going to start with the scenes of my favorite shows.

""The Musical, Part III""

Scene: I have been working on this scene, ""The Musical, Part III"", since a little early in the morning. This is my first scene. I love the song ""Fade Away"" and my very",0,0,59.0,0.6101694915254238,0.0847457627118644,joyful_l16_a4p0
joyful,16,4.0,3,2,"

Storyboard:

Shoot a quick flash animation of the scene from the stage in a short song in front of a crowd of people.

Scene:

Storyboard:

Make your own music video that is played while singing along to the song in an old style Broadway musical.

Storyboard:

Play your own musical, with songs from the Broadway",0,0,55.0,0.6727272727272727,0.07272727272727272,joyful_l16_a4p0
joyful,16,4.0,3,3,"

A young girl runs through the street with her arms out, and falls to the ground.

Chorus:

Someone is in love with her.

The girl goes on a joyous and spontaneous dance and begins to make a new song.

The song is performed on a piano by the heroine.

The crowd is ecstatic and the girl becomes",0,0,57.0,0.631578947368421,0.12280701754385964,joyful_l16_a4p0
joyful,16,4.0,3,4,"

A happy little girl is waiting for her daddy in a happy room.

Scene:

The little girl, a little princess, is sitting and playing in the princess blanket while her daddy, in a royal gown and red high heels, stands up and begins playing with the princess, who is a little princess.

Scene:

Mommy gets excited when she sees the",2,1,60.0,0.5833333333333334,0.08333333333333333,joyful_l16_a4p0
joyful,16,4.0,3,5," The Little Mermaid.

Scene: A girl, with a heart-warming cry. A girl!

Scene: A guy with a little crush on her, and a big kiss.

Scene: The happy couple are having a big happy night.

Scene: The super-popular, and pretty girl.

Scene: The super-popular, and pretty",2,1,49.0,0.5102040816326531,0.14285714285714285,joyful_l16_a4p0
joyful,16,4.0,3,6,"

""I'm on the bus, waiting for my turn, and she's the prettiest thing! I tell her 'I'm waiting for my turn, baby!' She starts to cry.

""I'm so happy, and I'm just falling in love!""

""I'm so glad to be a part of this amazing group, because I'm so happy I can",2,1,53.0,0.7169811320754716,0.09433962264150944,joyful_l16_a4p0
joyful,16,4.0,3,7,"

A happy wedding reception for a cute new bride, with the bride and her family.

Music:

A funky and whimsical song about having sex with your grandad.

Scene:

A happy birthday celebration.

Music:

A beautiful and happy song about someone being the happiest person they've ever known.

Scene:
",3,1,48.0,0.6875,0.10416666666666667,joyful_l16_a4p0
joyful,16,4.0,4,0," A hero with a love for dance and a big fan of the popular television show “Dancing in the Street” joins the group for a dance and sing.

Act: A high school star, the leader of the group, throws herself off a tall building, singing as he gets drenched in love and happiness.",0,0,53.0,0.6792452830188679,0.11320754716981132,joyful_l16_a4p0
joyful,16,4.0,4,1,"

A woman is talking to a group of friends. She has a surprise for them.

The women laugh. She turns to the group and says, “Merry Christmas!”

“You are!”

The crowd erupts with a joyous laugh and then everyone is dancing like a happy couple. The song ""Christmas"" (and the dance) is cut out by",3,1,55.0,0.6909090909090909,0.09090909090909091,joyful_l16_a4p0
joyful,16,4.0,4,2,"

An action sequence in which we are introduced to the characters.

The action sequence is a new-fangled, all-out party game where the characters try and make their own way through the story with the aim of reaching out to other characters. The game plays out all over the board with the character's name, speech, personality, and personality style.

Theme:
",0,0,61.0,0.6885245901639344,0.13114754098360656,joyful_l16_a4p0
joyful,16,4.0,4,3," A young man recounts a love story in the hope of saving his daughter from an illness he was in a previous relationship with.

Characters: A guy and a girl go on a picnic in the sunshine, and they dance a jolly all the way through.

Scene: A woman, dressed in a skimpy dress and dancing in a ballroom, is in love with her",0,0,64.0,0.6875,0.15625,joyful_l16_a4p0
joyful,16,4.0,4,4," A character from a sci-fi action movie (the characters in the movie are voiced by actors who have been playing themselves at the time).

An iconic figure in the music genre (from the 90s and into the 21st century).

* * *

* * *

**The Tailor of All Trades**

**You can tell a character from",0,0,51.0,0.7450980392156863,0.13725490196078433,joyful_l16_a4p0
joyful,16,4.0,4,5,"

""Oh, good Lord!"" screamed a little girl with a big smile, her eyes glittering in the sunlight. ""I heard the song you sing and I am in heaven!"" she screamed. ""I heard the song, and I was singing it!""

The audience burst into applause and laughter.

""I was in heaven!"" was the chorus.

The crowd of",2,1,56.0,0.6428571428571429,0.10714285714285714,joyful_l16_a4p0
joyful,16,4.0,4,6," A young girl in a white dress.

A beautiful young woman, with a flamboyant dress and huge fan.

Scene: The girl and her friend.

Scene: The girls with the big smiles.

Scene: The girl and her new friend, who's so happy with herself and her new clothes.

Scene: The young girl and her friend.",1,1,54.0,0.48148148148148145,0.09259259259259259,joyful_l16_a4p0
joyful,16,4.0,4,7,"

-

-

-

-

-

The story continues with the cast of characters from the movie's hit TV show, The Funny and the Comic, with a special shout out from the director of the hit series, Rob Z.

-

-

-

-

-

The director of the hit reality TV",0,0,40.0,0.6,0.225,joyful_l16_a4p0
joyful,16,4.0,5,0," “Let’s head out on a mission”

Story: The team gets involved in a mission and get caught in the middle of a fire! The story takes on a big new twist while the team gets an even bigger blast of action!

Scene: “A group of guys go out to celebrate their victory”

Story: The team gets a big blast of action and goes",0,0,64.0,0.59375,0.09375,joyful_l16_a4p0
joyful,16,4.0,5,1," A happy, happy group of friends (Solo) playing to a song.

Scene: A group making a decision together (Solo) as they perform a solo.

Scene: A group of friends taking a self-directed plunge into the ocean.

Scene: A group making a decision together (Solo) as they splash off on a splashy, splashy wave",2,1,54.0,0.5185185185185185,0.18518518518518517,joyful_l16_a4p0
joyful,16,4.0,5,2,"

The character, Michael, is the voice of the character, Daffy.

A character, Daffy, is a bit like the character, a girly, who is a member of the school’s “Lizzie” club.

During the prom, the students, dressed as their new friends, cheer.

And the prom ends up with everyone",0,0,49.0,0.6326530612244898,0.16326530612244897,joyful_l16_a4p0
joyful,16,4.0,5,3," ""I'm the leader of the group!""

Catch a short, spirited group song about a good time, and have all the ladies and gals singing along at once.

Scene: ""My group is all about dancing, and I'm in a big dance party!""

Scene: ""I'm a superstar and this group is my best friend!""

Scene",0,0,53.0,0.6415094339622641,0.07547169811320754,joyful_l16_a4p0
joyful,16,4.0,5,4,"

What was the first thing you heard from one of those girls at the club?

A: ""I just wanted to say that I was super excited about that opportunity that was presented to me!""

Scene:

What's your favorite song from the movie?

A: ""That's pretty much my top song!""

Scene:

What was the most",0,0,54.0,0.7222222222222222,0.07407407407407407,joyful_l16_a4p0
joyful,16,4.0,5,5," ""Trick! Trick!""

All the kids are excited about seeing this new trick! You'll be able to see it all over the house!

Scene: ""Fantastic! Fantastic!""

The crowd is excited and the dance is on!

Scene: ""Trick Trick!""

The crowd is excited and the dance is on!",0,0,46.0,0.5434782608695652,0.13043478260869565,joyful_l16_a4p0
joyful,16,4.0,5,6," ""Welcome to the Big Room""

- ""Let me tell you what your life was like in the last 15 years. We had a fantastic time as we got married, we had our daughter and then we were in the process of having a baby and it was amazing.""

- ""We had to decide between a wedding and a party. It was just the two of us and that",0,0,65.0,0.676923076923077,0.07692307692307693,joyful_l16_a4p0
joyful,16,4.0,5,7," A small town. The main reason for this is that a large group of friends make a decision together in the town's local swimming pool. The town's mayor wants to be on the town's get-away party.

In the first scene, the town gets into the party. The townspeople all sing along with the song.

In the second scene, the town is treated",0,0,63.0,0.6666666666666666,0.1746031746031746,joyful_l16_a4p0
joyful,16,4.0,6,0," The heroine (played by the daughter of the popular teen star) falls in love with her new boyfriend. The love-bump happens at a red light and she saves the guy from drowning in a pool.

The heroine is a sweet girl who has a crush on her boyfriend. They become romantically entangled and they end up in a relationship.

The heroine is one",0,0,64.0,0.6875,0.109375,joyful_l16_a4p0
joyful,16,4.0,6,1,"

This scene will feature the action of jumping out of a building and going into a room to celebrate a major occasion!

Scene:

Let’s start off with some fun and memorable stories!

Story 1:

This is a story about a person who has been blessed with amazing energy, and who is ready to take off her shoes!

Story 2:",0,0,58.0,0.7241379310344828,0.08620689655172414,joyful_l16_a4p0
joyful,16,4.0,6,2," Sesame Street meets the Bubbling Bubbly

In a hotly-touted musical, Sesame Street goes wild, with a whole new crew of young and beautiful singers and dancers.

Scene: The Bubbling Bubbly

The Bubbling Bubbly is an all-star night on Broadway, with live music, dancing, dancing",0,0,46.0,0.7391304347826086,0.06521739130434782,joyful_l16_a4p0
joyful,16,4.0,6,3," “The Scent of Mankind,” from the musical “Horse Rides” (a popular Broadway musical of the time).",0,0,16.0,0.75,0.1875,joyful_l16_a4p0
joyful,16,4.0,6,4,"

-

Cast:

-

Mission

:

-

Story:

-

Casting:

-

A young woman takes her first step into the world.

-

A boy plays with a flaming sword.

-

A man with a torch and a sword follows his girl as she",0,0,34.0,0.7941176470588235,0.17647058823529413,joyful_l16_a4p0
joyful,16,4.0,6,5," Opening a door at the Red House. When the audience jumps up to sing to the star of the show, ""Ride for the Ride"", they know all about the Red House!

Act: Scene-of-the-episode, making a heart-warming sound out of the joy of the moment.

Scene: Scene-of-the-episode, in between",1,1,55.0,0.6181818181818182,0.18181818181818182,joyful_l16_a4p0
joyful,16,4.0,6,6,"

Dressed in a red button-up and a cap for a big red hat, the ""Nam-Nam"" (The Choir) returns to their village, singing the National Anthem. While the villagers enjoy themselves, the group sings a national anthem in a full-dress version of ""We Are the World"".

Solo:

""A New Day",0,0,52.0,0.7115384615384616,0.11538461538461539,joyful_l16_a4p0
joyful,16,4.0,6,7," ""A young woman opens the door, and suddenly bursts into the neighborhood, screaming for help. There was a happy greeting from the crowd, and even the most devoted girl could hear the cries of joy. ""Now, now, this is just the way you like it!"" The crowd burst in, and the crowd was joined by the whole neighborhood! At this point, the whole family in high spirits",2,1,67.0,0.7014925373134329,0.14925373134328357,joyful_l16_a4p0
joyful,16,4.0,7,0," The person walks around town, in a dress, jumping up and down, singing along.

Scene: The person is on a spurs, riding a wave, and starts to dance.

Scene: The person has a big, juicy mouth, and a happy face.

Scene: The person sings in a happy way, and continues to sing!

Scene: A",2,1,54.0,0.6111111111111112,0.12962962962962962,joyful_l16_a4p0
joyful,16,4.0,7,1,"The person is seen walking through town at night.

Scene:An adult is shown in the crowd.

Scene:The woman is seen getting dressed, and she is greeted by some guy in a t-shirt.

Scene:A guy is seen in a car.

Scene:The man and girl are seen getting on the red bike.

Scene:The girl",0,0,58.0,0.5862068965517241,0.10344827586206896,joyful_l16_a4p0
joyful,16,4.0,7,2," The first scene in the short video clip for ""Halloween.""",0,0,10.0,0.9,0.2,joyful_l16_a4p0
joyful,16,4.0,7,3," A woman gets her first kiss from a friendly stranger.

""What's your name?"" the friend asks.

""I'm Sarah,"" she sings with a sweet laugh.

""Hey, Sarah! Stop the car!

You're the best kisser around!""

""Oh, come on! That's my name!""

The friend and Sarah cheer each other",1,1,47.0,0.8085106382978723,0.0851063829787234,joyful_l16_a4p0
joyful,16,4.0,7,4," ""Spirits of the Night"" - an event in and around a village, which features a great show in the form of a big musical number.

Scene: ""Fiddling with Your Hair"" - A dance that gets the party going in a variety of exciting, dancey, and energetic costumes for a great show of some of the city's most popular dance music and dance moves",0,0,61.0,0.6721311475409836,0.09836065573770492,joyful_l16_a4p0
joyful,16,4.0,7,5," A young man goes through the city and discovers a new city.

Scene: A man is introduced to the city.

Scene: A woman comes out of a mansion.

Scene: A woman enters an all-girls club.

Scene: A girl and a boy are together.

Scene: The town is filled with colorful buildings.

Scene: A",0,0,54.0,0.6111111111111112,0.16666666666666666,joyful_l16_a4p0
joyful,16,4.0,7,6,"

A young girl and her friend travel to a place on the beach.

Act I

Scene:

The action takes place on a beach that is filled with waves.

Scene:

The young girl (Natalya) is trying to decide if she is going to go on a long trip with her friends.

Scene:

The girl is",0,0,54.0,0.5925925925925926,0.07407407407407407,joyful_l16_a4p0
joyful,16,4.0,7,7," The woman was dressed all in black, her hair falling into her face, and she was smiling as she walked through town. The scene was set for a long scene, which the audience was in for a good time!

Scene: The girl was dressed as she was in a pretty dress and she was being talked about to a bunch of people! The scene was a hit!

Scene",0,0,68.0,0.5735294117647058,0.11764705882352941,joyful_l16_a4p0
joyful,16,4.0,8,0," This action sequence is designed to show a young child as he encounters a teacher. This action sequence is then followed by a short scene of the audience watching as the character of the teacher moves through the song. The main character is directed to sing the song and get the student's attention.

Scene: This action sequence is shown by an audience of students in a musical performance.

Scene:",0,0,69.0,0.5797101449275363,0.10144927536231885,joyful_l16_a4p0
joyful,16,4.0,8,1," ""My friend and I are going to do a big cheer rally! (This may be fun!)!""

The music begins!

""Now, let's go! Oh, my! So, you're gonna throw a big party!""

With the loudest applause, the students begin to cheer!

""Let's go! Let's dance!""

As the students",0,0,47.0,0.7446808510638298,0.0851063829787234,joyful_l16_a4p0
joyful,16,4.0,8,2," A student makes a short scene with an adult and his or her best friend. This scene plays out to the point of an adult saying, “Hi. I’m Miss Furry and I’m a little girl!”

The “Mommy’s Got Bum!” stage. A musical filled with joy and laughter (and with lots of cheer).

Scene: The mom",2,1,58.0,0.7068965517241379,0.06896551724137931,joyful_l16_a4p0
joyful,16,4.0,8,3," ""What's so great about this?...""

Spawn: ""I can't wait to see what all the teachers and fans (yeah, yeah I'm kidding). You can do this!...""

Scene: ""Well that's a lot of fun! It's amazing, the level of competition! ""

Scene: ""We're so pumped right now that you guys",0,0,47.0,0.851063829787234,0.0425531914893617,joyful_l16_a4p0
joyful,16,4.0,8,4," Student is talking with a teacher, the star of the show!

Scene: The star is a student that has been speaking with a teacher!

Scene: The teacher is yelling at the star!

Scene: The student is on a mission to save her class!

Scene: The student’s favorite part of the show!

Scene: A great scene!
",0,0,56.0,0.48214285714285715,0.14285714285714285,joyful_l16_a4p0
joyful,16,4.0,8,5," ""Folie de Chirac"" a dueling royal.

Scene: ""Les Femmes de la Grande Rue!"" a flamboyant flirtation.

Scene: ""Les Amants du Moulin!"" a wild, flirtatious, and highly sexual.

Scene: ""The Muses and the Bells!"" a musical.

",0,0,35.0,0.7428571428571429,0.11428571428571428,joyful_l16_a4p0
joyful,16,4.0,8,6,"

Tiny and cheerful, Mermaid takes to the waters as she goes on a magical adventure.

This scene is an excellent short, and gives a great introduction to the story, and you can make a great performance in the song of the same name, with a dash of melody!

-Dance along with the song of the same name -

You can add",1,1,60.0,0.6666666666666666,0.1,joyful_l16_a4p0
joyful,16,4.0,8,7," the hero of the story (a high school dropout from across the country).

The hero turns to her friends and starts out through the school hall and the class.

The student goes on to the dance, but the student gets knocked down to the floor and falls to the ground.

The student and the heroine dance the night away in the school hall.

The",0,0,64.0,0.5625,0.25,joyful_l16_a4p0
joyful,16,4.0,9,0," It's a song, it's a scene, you're the narrator, and it's all happening.

You are the narrator and I am the narrator. We sing along.

Scene: That's good!

Your song is a delight.

Scene: My song is a delight!

As we sing along to this fabulous, memorable and memorable song about someone discovering",2,1,53.0,0.5849056603773585,0.07547169811320754,joyful_l16_a4p0
joyful,16,4.0,9,1," The big blue ball is bouncing in the air, a celebration. A small ball is bouncing up and down, with a very sweet happy face and a good big hello. A huge ball is rolling into the air, with a very happy laugh. A giant balloon is bursting out of its way and crashing into the big blue ball. The song ends with a high and proud happy shout.

A",4,1,70.0,0.5428571428571428,0.12857142857142856,joyful_l16_a4p0
joyful,16,4.0,9,2," A scene with an action sequence.

A:

The ""I saw a girl"" moment in the song is what turns the title and the song into a movie.  This is a song about girl power, and the lyrics are full of the ""I saw a girl's face"" and ""I saw a girl's mind"".  
A film that could be the basis for a",0,0,61.0,0.5901639344262295,0.14754098360655737,joyful_l16_a4p0
joyful,16,4.0,9,3,"  

-A scene with a girl with a serious character and her boyfriend.

-B scene with a boy with a very short character.  

Scene:  

-Scene with a really short character.  

-Scene featuring a cute girl.

The show ends with the girls dancing and singing.

B

Characters:  

",0,0,45.0,0.5111111111111111,0.15555555555555556,joyful_l16_a4p0
joyful,16,4.0,9,4," “Let’s head over to our favorite local bar and take a quick drink. I want to party with this cute guy named Mr. Mango. He’s the kind of guy who goes to all the local events, and he has a huge smile on his face. So we hit it out!”

“That’s right, I’m ready to party! And we’",1,1,62.0,0.7580645161290323,0.06451612903225806,joyful_l16_a4p0
joyful,16,4.0,9,5,"

Ladies and gentlemen, I am in the mood to go full bore for my character. I’m the only girl of my class!

We started the evening off by chatting and flirting in the ballroom while we were waiting for the party. After the musical at the Y, we danced to songs from Broadway and then hit it up the nightclub that night. The",0,0,64.0,0.734375,0.140625,joyful_l16_a4p0
joyful,16,4.0,9,6,"

The scene is a short, happy, joyful day. It comes from somewhere in the world of the movie.

The director of the scene, who is an old friend of the audience, tells the audience that it will be an experience.

With that, it's time to go.

It's time to take a ride on the motorbike!

",2,1,55.0,0.6545454545454545,0.14545454545454545,joyful_l16_a4p0
joyful,16,4.0,9,7,"  This scene is a short and funny story about a scientist.  He is a scientist and gets a surprise when a bunch of scientists go to a party at his home.  The party results in a big success with lots of fame and money.  The whole crew is excited and goes to the party!

The Scene is:  The scientist starts to meet the crowd, all the new",0,0,67.0,0.6119402985074627,0.1044776119402985,joyful_l16_a4p0
joyful,16,8.0,0,0," The star of the popular and catchy music hit with a big party from the social crowd!

As she proudly waved at the crowd, she was greeted with a blast from the music of the hit singles from the week.

With a ""fond-face"" and a ""cute new"" dance in the ball-dak!

The joyous and goading j",0,0,58.0,0.6206896551724138,0.15517241379310345,joyful_l16_a8p0
joyful,16,8.0,0,1," A young man gets the excited over-cried at the love of his life.

""All-sorts!"" in the music!

*Bark!*

""What a fabulous day!

- ""All!

""G.

""You and a big round of new music!""

""D'ya!

""B.
",0,0,36.0,0.8055555555555556,0.08333333333333333,joyful_l16_a8p0
joyful,16,8.0,0,2," You are the best of the class in your dress in the costume of a girl! In a high-tailing and flaming-hot-out-of-way-to-show-off-the-show-of-satisfaction!

YA-ACT:

(CHE-GA-G, MOMO-W-GA, and G-GA-GA",0,0,45.0,0.6666666666666666,0.08888888888888889,joyful_l16_a8p0
joyful,16,8.0,0,3,"

This is a super exciting song! The crowd cheer! You get the out-go

A fun sing-a-plent! With a spin dance!

The music and the crowd!

- ""Sizzle!

- ""The World and a

Rally!""

Sass!

- ""Toss Your

Pun",0,0,38.0,0.7368421052631579,0.13157894736842105,joyful_l16_a8p0
joyful,16,8.0,0,4," ""Hail to! With all the joy that was your heart!""

The crowd, along with the new talent, including the best dance!

Sesame-starred, along with the other young ladies as the ""Hail to!"" and ""Mall, Hail, and all the great love-s!

The music and dancing!

Hail to",1,1,48.0,0.625,0.16666666666666666,joyful_l16_a8p0
joyful,16,8.0,0,5," A brie with the sassy and red face of the new talent.

Y!

What the!

*

Dance, like a kid.

-The Y!

Come on!

-The Y!

A blast of new energy!

-The Y!

Cry like a jig!

-The",0,0,37.0,0.5945945945945946,0.1891891891891892,joyful_l16_a8p0
joyful,16,8.0,0,6," ""

Bam! (feat.

""

""

""

""

and and

""

""

""

""and with a bazoo.

""

""

""

and while you and your friends were dancing and at ""

"" and

""

"" ""

(",0,0,19.0,0.6842105263157895,0.3684210526315789,joyful_l16_a8p0
joyful,16,8.0,0,7," The character plays along in a love-about!

Aww and you my and the dance-drenched crowd that was

the birthday!

Mamadoo, (drum-out!) and the (crickety cheer)!

Sing-out in a

heart-flap!

And we’re all

the best!

",0,0,40.0,0.75,0.125,joyful_l16_a8p0
joyful,16,8.0,1,0,"

""Come to a new song, girl! Don't forget it!""

The crowd that broke into a chorus of ""All-in-the-

Star-drum"" while the excitement was out of the

tale of the ""dance through the air"" as they ""pop""

to the ""Hare-d"" from ""Randy-",0,0,45.0,0.7777777777777778,0.15555555555555556,joyful_l16_a8p0
joyful,16,8.0,1,1," ""A hot air and sing along while being set in over the country!"". The excitement of the ""country"" and the dancing.

Production

The musical was a major hit on the world stage. The audience was as much at the party as the crowd at the local dance. After a dance party, the audience got the good stuff from the audience while they competed for the ""H",0,0,66.0,0.6212121212121212,0.21212121212121213,joyful_l16_a8p0
joyful,16,8.0,1,2," ""Party"" from ""The Rally""

The Hustle!

Pale

With the ""Rally"" soundtrack, Hustle!! was on the way!

*

*

*

""Pleasure!

With a huge ""Sneak!

""T!

""The dance!"" and a """,0,0,26.0,0.6923076923076923,0.19230769230769232,joyful_l16_a8p0
joyful,16,8.0,1,3,"

This is a bonkers party! I was excited to see and be with all the ladies! My girl friend Lauren was the (admittedly).

And! She, along with everyone else, was the winner! She beaming and clapping throughout the entire show! She was the best from the girls in the (drummin' and red)! I couldn't-",0,0,54.0,0.7037037037037037,0.12962962962962962,joyful_l16_a8p0
joyful,16,8.0,1,4,"

In the best Haftan, you are greeted with the sweet song of the Pops. With all the passion that you can set the party in, you and your kudos.

Mammy and the Hark!

After a blast of awesome music and dancing, the dancing maniac who was all over the kalak!

You are the winner",0,0,54.0,0.6481481481481481,0.16666666666666666,joyful_l16_a8p0
joyful,16,8.0,1,5," The ""Hare""

The Hare is a kudzu with a superstar personality and personality in the style of a ""Manta!""! In addition, she is the loudest girl in the school and she even gets the crowd into a dance, ""dancing with all her glee!

The Hare as she is, with a ""dance"" and all",0,0,53.0,0.5283018867924528,0.1320754716981132,joyful_l16_a8p0
joyful,16,8.0,1,6,"

""It's your birthday!""

It's the best!

You and your baby girl are about to enter a fabulous new spaz that brings all of her cheer!

And then it's a big ""RAT-drum!""

It's a blast to all-new and all-star!

That's the name of the show!

",0,0,47.0,0.6808510638297872,0.0851063829787234,joyful_l16_a8p0
joyful,16,8.0,1,7," A great musical! You’ll be as on stage as you were as a winner!

The Best Part of the “G!! D!! B! B! B!” (the original tune) is “BOO-BOO B! B! B! B!”! The song is a B-! B-!!

You may be singing along to",0,0,47.0,0.574468085106383,0.19148936170212766,joyful_l16_a8p0
joyful,16,8.0,2,0,"

Catch your breath and get excited all the way over the excitement of the moment.

Lass S'! (All the excitement and joy)! You spin around at the full-b-!

Scene:

Hail, flaming red-headed B.D.S.!

With a huge blast of bds!

C*t!",1,1,45.0,0.8,0.1111111111111111,joyful_l16_a8p0
joyful,16,8.0,2,1," Out of the blue, your heart, with loud, all-new song!

Charge your flaming dervish with a loud, ""You rock, baby!"" ""Thank you, baby!"".

Lust into the song of the victorious young man from the far-off Disney movie

Hailing from the world of Disney-centric flaming, she-",0,0,48.0,0.6875,0.10416666666666667,joyful_l16_a8p0
joyful,16,8.0,2,2," ""Oo!""

The young girl, who was the host of a musical.

""Oooo!""

In a loud, catch-fling.

""Oh!

""

The crowd.

""That's right!

""All!

""BAAAA!

""

Oo-Oo!

B",0,0,27.0,0.8148148148148148,0.1111111111111111,joyful_l16_a8p0
joyful,16,8.0,2,3,"

Hail to the new baby!

A new and exciting scene!

Bust!

You can win a baby-squad-ship

and a fantastic show at the local Broadway!

See the excitement of the new baby.

The newborn!

The exciting new world of kite-surprise!

And a brand new baby",0,0,47.0,0.5957446808510638,0.1276595744680851,joyful_l16_a8p0
joyful,16,8.0,2,4," “The Reddens” from the tune of the musical “Dance, Outro”.

Synderfest! (a new talent)

An all new musical from the ""Wedge!!

Musical, ""The Dancing Petes!""

Yah! (a new musical from the ""Zool!!!)

Bust, the ""S",0,0,35.0,0.6,0.2,joyful_l16_a8p0
joyful,16,8.0,2,5," Shout! The joyous birthday.

Yam-t--l-a-t-s-!*

Haaaa!

In a huge,

mof-t-t-t-t-t-

d-t-t-t-!

The

c!*t-t-!

Haaaa",0,0,29.0,0.5172413793103449,0.41379310344827586,joyful_l16_a8p0
joyful,16,8.0,2,6,"

Kicking the joy of a good musical hit at the!

At this point the fun begins! At the young, blonde, new- to the audience! With all the energy!

Pushing the social!

Telling the whole story to the audience that they were (a little) at the party!

Playing the ""dance!"" at the delight of",2,1,53.0,0.6415094339622641,0.22641509433962265,joyful_l16_a8p0
joyful,16,8.0,2,7," Playfully about a person

In the spirit of the new song ""Lackey for the Teen-Dream!"" and the hit ""Dance to the music"", the teen-pop band Kicking, Berry, and (new) for the tune ""Your Big 'G!"" from ""Dance to the music!"", and the ""G-d!"", they got all of the",0,0,51.0,0.6470588235294118,0.19607843137254902,joyful_l16_a8p0
joyful,16,8.0,3,0," A sexy female in a karaoke chorus.

""Cher!""

The crowd!

""Cher,

""

""

""

""

""

""

""

""

""

""

""

""

""

""

""

""

""

",0,0,11.0,0.8181818181818182,0.18181818181818182,joyful_l16_a8p0
joyful,16,8.0,3,1,"

The audience is welcomed with loud and joyous laughter.

*Mob-f*

With an enthusiastic crowd of fans, the ball and rhyme-adds to the event.

The theme-gal-

*A-Mack-*

While playing the big-lead-ac-

!

-

-

",1,1,36.0,0.8333333333333334,0.1388888888888889,joyful_l16_a8p0
joyful,16,8.0,3,2," A hot house filled with the joy of the young couple and the delight of the audience.

Trivet (with music and direction)

Yi (with musical, dance, and dancing)

The music and the dance! The stage!

The excitement that the ""FRIAR!""

The ""KAR-! (!!)

The joyous",2,1,44.0,0.5909090909090909,0.25,joyful_l16_a8p0
joyful,16,8.0,3,3,"

(the happy ""sizzle"" at the ""dancing"" theme from ""The Zoolander!"")

The Hare and the Lust-Marsh, with the happy ""sustitute"" (Jammy-d-and-the-Sac-ing-d, right as ""the"" and ""the"" was the ""Hail to",2,1,36.0,0.6388888888888888,0.2777777777777778,joyful_l16_a8p0
joyful,16,8.0,3,4,"

(The funniest and sassy character from ""Gam-d!"", ""Sham-d!!"")

Mack the-Drum

and all the little and greats

and into the song of the fun.

Yaa-ee-la!!

Gam-d!

and everybody's!

In",0,0,34.0,0.6764705882352942,0.14705882352941177,joyful_l16_a8p0
joyful,16,8.0,3,5," A hot sassy, swirling, and char out the best!

And in a moment of happy laughter, it was over to the jolly and all the in-tun, with a bah-bah-cake!

With a high-dicking BAM! and the party!

The song and all the joyous and all the songs of the new",2,1,53.0,0.6037735849056604,0.1509433962264151,joyful_l16_a8p0
joyful,16,8.0,3,6," A red hot babe dressed in the best T-shirt. While she was dancing on the red carpet, the fun- girl!

The Pops! Greet the crowd at the stage!

Fuss-a-t-t-t!

Hats!

Oh-ho!

Laughing, the stage-

The crowd.

",0,0,42.0,0.6666666666666666,0.19047619047619047,joyful_l16_a8p0
joyful,16,8.0,3,7,"

The MOMET (Welcome to the MOMET!) (Starred)

At the music and dancing (HALLS OUT!!!)

And while they were all singing and dancing they all went to the big red barn, with lots of fun to be, and their jov! (MOMET!!!)

Catch up with the superstar in the",0,0,47.0,0.6595744680851063,0.1276595744680851,joyful_l16_a8p0
joyful,16,8.0,4,0,"

-

*Gamu, singing to the crowd of fans in a celebratory song of good news and new-fangled happiness.

-

*

The song of ""Gamu""!

-

*

- (A happy birthday, the world-s-ass at the tail-ass-tackling!

",1,1,34.0,0.7352941176470589,0.11764705882352941,joyful_l16_a8p0
joyful,16,8.0,4,1," The Young Dervish as an Old Boy in a Dancin' Up!

Hail to the Hops and All-Soulful Love!

Dance, of course!

The Young Dancin'!

Praise!

The Hare!

A sultry, joyous-tale song

Of a new-",0,0,36.0,0.7777777777777778,0.1111111111111111,joyful_l16_a8p0
joyful,16,8.0,4,2," You’re in with a bang! and from the music of the song you’re the winner!

T-Pain: and, the love story of the love-a-line!

C-Sack: and, with that big, the, “sausage!

T-P: and, at the conclusion of the all-p-t-while",0,0,48.0,0.5833333333333334,0.16666666666666666,joyful_l16_a8p0
joyful,16,8.0,4,3," Shoot, ""Hack! (Sesame!)"".

The winner of the Shoutout to! contest was the winner of the ""HAT-Mack! COO-HATE-SNAP-SNAP-SNAP!

Hail to! from the new-tale musical (starred-out-daring-Hail-! "").",0,0,33.0,0.696969696969697,0.15151515151515152,joyful_l16_a8p0
joyful,16,8.0,4,4," From the popular movie, The Aunty's, with all the joy and splendor in a high-decry!

Inspiring, from the crowd!

You hit the stage and the girls cheer!

The music is!

And the dance!

The excitement of the whole ball!

And the party!

The!

You",1,1,45.0,0.6444444444444445,0.26666666666666666,joyful_l16_a8p0
joyful,16,8.0,4,5," The happy, happy bride!

The happy, happy bride!

Gam-s-drum!

The song, the happy, the all-tun!

Gam-S-d-d-d-d-d!

C-d-d-d-

You-d-d-d-

P-d",5,1,35.0,0.37142857142857144,0.34285714285714286,joyful_l16_a8p0
joyful,16,8.0,4,6," ""This fun, silly, new musical from the new Broadway talent! We're glad to welcome you to our stage for the day! Get into the ""A!!""!"" and go over a fabulous musical that you were! You are! We are!!

Entertainment Bump!

A celebration at the New Broadway Celebration!

The dance!

A celebration at the",0,0,53.0,0.6415094339622641,0.11320754716981132,joyful_l16_a8p0
joyful,16,8.0,4,7,"

The main star of the stage was the joyous (and new) princess.

The most famous role was the star of the show, the jubilee.

The most memorable moment of the dance was when the royal couple hit the ""dance"" (out of the newfound jubilee) with the delighting delight of their ""ferv-gal!"".",1,1,52.0,0.5769230769230769,0.25,joyful_l16_a8p0
joyful,16,8.0,5,0,"

In addition to the dance-inspired musical.

* A fun and uplifting musical

The Hams!

*

With a blast of energy and flaming passion

In the spirit of the song and the crowd.

The Hams!

A musical featuring all of the energy, dance, excitement and more!",0,0,44.0,0.5681818181818182,0.1590909090909091,joyful_l16_a8p0
joyful,16,8.0,5,1," ""You're singing in the direction of a song!""

A good song!

Catch-the dance of the young audience at the conclusion of ""G-E-a-d-a-t-d.

""You're singing into the mack (jub!),"" the glad of the crowd to the tune of ""Hands-Tap-a",0,0,47.0,0.5957446808510638,0.1702127659574468,joyful_l16_a8p0
joyful,16,8.0,5,2,"

And a happy surprise for all the fans of the ""Dance To Outro!"" from the ""Fest-Dance!"", a musical musical

The song was played the ""Fest-Dance!"" over the ""V-Day"" and the

""Slim-Sassy!"", as the new single and as a musical hit!

And the """,1,1,46.0,0.5869565217391305,0.1956521739130435,joyful_l16_a8p0
joyful,16,8.0,5,3,"

The main goal of this story was to take a big splash at the social media event that was held in Canada.

This story was played out over the course of the week with a special song and dance to the music that won her in the ""Miss Rally"" competition!

At this memorable moment in the pro-gun street-ad, the most adorable and adorable baby",0,0,66.0,0.6818181818181818,0.12121212121212122,joyful_l16_a8p0
joyful,16,8.0,5,4,"  (drum, dance) (fun, girl)

You got a good round of it!

The party!

Mash-out!

Bam-

You hit on all the right moves!

Muff-

This is who you are!

Shenan-

(Chant)

Slipp-
",0,0,32.0,0.90625,0.09375,joyful_l16_a8p0
joyful,16,8.0,5,5,"

Fright, excited with the news that you are all going to win the lottery!

-

What a great gig!

Tickets to the Teenage Rally!

You can find more songs from the song, and more fun at the Teenage Rally!

Party with the Frightsters!

The Teen-Age Slam!
",0,0,46.0,0.7391304347826086,0.15217391304347827,joyful_l16_a8p0
joyful,16,8.0,5,6,"A real ""Gan-tastic"" experience!

Singer:The CMA!

Tune in to the ""Kara-ta-dance!""!

And, with the Hallel-j* in the victory!

The girl on the social! She!

And, at the top of the Hula-K-d!

",0,0,38.0,0.7631578947368421,0.21052631578947367,joyful_l16_a8p0
joyful,16,8.0,5,7,"

Y! with a happy ""Mara!"".

Y! with a blast from the G! and a joyous ""Mara!"".

Ads for this new release are available on the M! and the pop-up for the new and improved song!

And with a new song in the style of the original hit song ""Jingle B!"", the",1,1,52.0,0.5961538461538461,0.1346153846153846,joyful_l16_a8p0
joyful,16,8.0,6,0,"

Trogg!

At this point you are ready to go to the ball! You get your red ball, your “hassle, and the excitement to go all in, including making lots of fun (and dancing).",0,0,33.0,0.7575757575757576,0.09090909090909091,joyful_l16_a8p0
joyful,16,8.0,6,1," The “Pun” and the “Hail! (with the Hail and the G’s, the s’s, and the c’s)” is a joyous musical, which turns to the all-turns “Pand!”.

The “Sing” and the “G’s and the"" and ""All of that"" are a ""toss""",0,0,45.0,0.4888888888888889,0.2222222222222222,joyful_l16_a8p0
joyful,16,8.0,6,2," ""A blast from the new-Hells"" and ""Kara the Hoss!"".

The song of the new-Hells, ""Hands off!!"", with the chorus of ""We're going out to go shopping"".

The music video of the hit song, ""Hands Off!!!""!!

Inspiring dance and music from the new-",0,0,44.0,0.5909090909090909,0.18181818181818182,joyful_l16_a8p0
joyful,16,8.0,6,3," Hail to the king!

Yammer-t-t-t-t-t-t-t-t-t-t-t!-T-t-t-t-t-t-t!!-

Jump, jumping and all-of-the-dack!*

And to the best!

Yam-",0,0,35.0,0.4,0.5142857142857142,joyful_l16_a8p0
joyful,16,8.0,6,4,"

In celebration of the birthday of Lady Caroline, a young couple dressed in colorful dress, took to the stage on their big party. Not only was the show of their delight as they proceeded to the musical and over the crowd that began the song, but they turned the joyous and dancing into the song of a wedding!

At the end of the song, the happy and all of",2,1,69.0,0.6521739130434783,0.15942028985507245,joyful_l16_a8p0
joyful,16,8.0,6,5,"

Y! H*

*

The ""MUS! H-A*"" song from the H*

*

Your new and free babe!

The dance of the ""HAM-A!""

(the ""H-A-S-A-T"" and the ""H-A-A-Y"" song)

",0,0,34.0,0.5,0.17647058823529413,joyful_l16_a8p0
joyful,16,8.0,6,6," The Super-hot and Hailing the new single in the rock and roll style of the 80's!

As you can hear, the song ""Kara-saaa!"" played by the entire family and the crowd of ""Mile-drum and High-S*!!!"" from the new musical hit ""The SON"" that followed it.

The song ""flic",0,0,52.0,0.7115384615384616,0.19230769230769232,joyful_l16_a8p0
joyful,16,8.0,6,7," ""A Hula-Hound!"", from the ""Hula Hound!"" and ""Happ, You're the Hail!"" song performed by the Hula Hound! and Hula Hound!!

Music, song-about, and sassy sassy (hula)

The classic and joyous ""Hula"" (The Hump!!) with the",0,0,37.0,0.5135135135135135,0.16216216216216217,joyful_l16_a8p0
joyful,16,8.0,7,0," ""Oh my, the Hula-la!"", ""Koo-la!"", ""Ha-ta-ta-ta!"" (K-t-a-ah-l-s-ta-ta!

Inspired by the ""Star-spoon"", ""Oo-oo-da-d!"" and ""Hoo-t-t-a-t-",0,0,34.0,0.6764705882352942,0.14705882352941177,joyful_l16_a8p0
joyful,16,8.0,7,1," You get a red, filled-out rendition of the ""New World"" with a newfound excitement from the crowd.

Tickets to ""Pink!!"" and ""Dance!

The ""Pig! P.D.!"" and ""Pig-at-the-side!""

The ""Dance! at the ball!""

Party with the """,0,0,40.0,0.7,0.175,joyful_l16_a8p0
joyful,16,8.0,7,2,"A young girl dressed in red, dancing on her way to a red birthday!

Chant and delight as she, into a joyous and filled blast of fun with her!

With all of the excitement of the way into the big day! and the happy and smack-dum! at the song!

Singing in the song with the full of joy and the",3,1,61.0,0.6065573770491803,0.13114754098360656,joyful_l16_a8p0
joyful,16,8.0,7,3," G (Sesame star)

In the spirit of the song, the dance is one of the all-songs from the girl. The girls and they dance about the city at the local high school.

G and the girl gets some good hit!

In the happy and colorful song, a sassy new face!",1,1,51.0,0.6666666666666666,0.19607843137254902,joyful_l16_a8p0
joyful,16,8.0,7,4," ""I ran into the townsfest""

After the song, the crowd became the ""Whoop-D-d-e-d into the salsa!"", and the whole ""BALL SNAP-d"" music!

And with that, the stage-full of new faces and girl-e-shak!

It was the joyous ""HAPP",0,0,45.0,0.6888888888888889,0.17777777777777778,joyful_l16_a8p0
joyful,16,8.0,7,5," The town is filled with a lot of laughter and great songs!

This is the perfect song for any child.

This is the all-in-tunce that makes everyone year-

With a blast of ""I'm into the party!"" (drum music) and ""S'

The fun-

Tapping with your all-

Pushing",1,1,49.0,0.7346938775510204,0.10204081632653061,joyful_l16_a8p0
joyful,16,8.0,7,6,"

Cricket

The Bam!

The!

The

G

as the chorus in a song of

The

.

B

, the new song of the

s

.

The

.

The

.

C

.

The song of the

.",0,0,28.0,0.5,0.39285714285714285,joyful_l16_a8p0
joyful,16,8.0,7,7," A sweet-sailing and flaming wedding at a ball.

Characters: The main character!

The character that starts the episode of the ""Hare with all the dancing"" the whole way through.

The love story of the characters!

In addition to the special characters!

At a huge party, the girl of the character was the love of the",0,0,56.0,0.5892857142857143,0.23214285714285715,joyful_l16_a8p0
joyful,16,8.0,8,0,"The story begins with a love-hate- about-the-mack-to-the-stars- and sheds a lot of her joy in the character.

""Haa-haaaa!""

The joy that the ""GAAAA!"" from the song ""You Boo! Haaa!"" takes off from the!

This is a true original musical!
",2,1,46.0,0.7608695652173914,0.17391304347826086,joyful_l16_a8p0
joyful,16,8.0,8,1," “The Little Red-E-Dile!”

A cheer.

“The “Gat and the Greeting!” song! The happy dance!

With aploss!

“Oh, the joy of the music! And the song of the dance!

“The rhoddy-dance, all-sway and the all-acclamation",2,1,39.0,0.5897435897435898,0.2564102564102564,joyful_l16_a8p0
joyful,16,8.0,8,2," The student with the big hug and the girl in the audience.

The local cheer!

The new crowd!

This musical was a hit!

The song, ""Rock and Chazz""!

The dance!

The song ""P.G.A!!""!

In addition to the excitement of the musical, and the enthusiastic crowd, everyone",0,0,48.0,0.625,0.25,joyful_l16_a8p0
joyful,16,8.0,8,3," The (admittedly bonnetful) ""chariarizer"" of the local, local girl in a flurry of love and happiness! The girl turns the big jayvee from her way into a song about a bon-homme!

Sust' (the Sour-Ass) in the style of the young girl in the Broadway musical of the song!

",0,0,50.0,0.62,0.18,joyful_l16_a8p0
joyful,16,8.0,8,4," “The Big Drum! You got the whole crowd!”

Gan-drama:

Young man! With a big chest to go! Get the all-star!

Superstar and all-the-dass-to-the-ga-drum!

Sail-out, boy from the school

Party! and all-in-d",0,0,42.0,0.7380952380952381,0.14285714285714285,joyful_l16_a8p0
joyful,16,8.0,8,5,"

The star-struck red-headed chick!

The new cheer-leader-with-a-plat-for-sle-t-dress!

Hail, Macy-d!

(She's the new ""Pump!"", the go-for-your-own-gal!

And she's-a-new-",0,0,34.0,0.7647058823529411,0.11764705882352941,joyful_l16_a8p0
joyful,16,8.0,8,6,"

Your own child getting all of the excitement with her school and getting a new skill and great song from the audience!

Story:

For the most part, the characters are presented to the audiences (all along the storyline).

The story, along with the song was created by the joy of the audience (at the end of the stage set-up and through all",1,1,63.0,0.6349206349206349,0.19047619047619047,joyful_l16_a8p0
joyful,16,8.0,8,7," ""A girl is singing about herself into the ball!

With a cheer, the star of the dance!

A joyous, ""Kaleo"" song, and the best!

Tune in to the hit song and sing a variety of songs.",0,0,36.0,0.7222222222222222,0.1388888888888889,joyful_l16_a8p0
joyful,16,8.0,9,0,"

The new talent for the role of Mace in the Disney Star Champion!

Jump-

Pets-

Hail to the new Disney Junior Mace!

Mace (Sara) and

Shark!

Fight-

Bub-

Tar-

Girl!

Mace the F",0,0,33.0,0.7272727272727273,0.15151515151515152,joyful_l16_a8p0
joyful,16,8.0,9,1," ""Gam-up""

Song: ""Kiss""

In addition, H.A. the song of the ""Gam-up""

Featuring a group of all-star sing-a-plaints in the ""Gam-up"" that became a hit throughout the ""Hailing the (A) song and into the ""Hark""
",0,0,41.0,0.5853658536585366,0.14634146341463414,joyful_l16_a8p0
joyful,16,8.0,9,2,"

The (fresh new) character of the episode! And you are!

Taps the (red) new song of the girls!

The (disclaimer) song of the new character!

And the joyous (shout-out) at all the girls

The (gam-d-la-me) song of the new character!

",0,0,44.0,0.5227272727272727,0.22727272727272727,joyful_l16_a8p0
joyful,16,8.0,9,3," HAPP-D.

This girl, with the flaming rainbow color (because the audience knew that she had it and wanted to be a part of the excitement), was all over the local entertainment.

The HAT-P!

The HAT-P! and the HAT-P!

The HAT-P!

The HAT-P",0,0,48.0,0.6458333333333334,0.1875,joyful_l16_a8p0
joyful,16,8.0,9,4," a flaunting red-tailed hare, and an impromptu song!

Chorus:

A cheer, ""You made it, big, baby, all of a j, d-

""This is the fun of the game!

""Come out and party""

(the chorus)

""Wahoo!

""Oh",0,0,37.0,0.8108108108108109,0.08108108108108109,joyful_l16_a8p0
joyful,16,8.0,9,5," The crowd of ""suddy-dance-tuners"" filled the festival grounds and swarmed all over the crowd. And at the conclusion of the evening, all at a full swing, the stage-stadium of the stage-dancing contest was filled with the joyous, singing, flaming-drum, dance.

Celebration of the song-",0,0,49.0,0.6326530612244898,0.1836734693877551,joyful_l16_a8p0
joyful,16,8.0,9,6,"

A fantastic story!

Yay!

It was at that moment, my girlfriends (and their girlfriends) started, and the girl with the amazing smile and the red-tossed ""gam-t-shout"" into the big wave that was (of course) out to ""hassle"" everyone at the party.

After the joy",2,1,47.0,0.7659574468085106,0.1276595744680851,joyful_l16_a8p0
joyful,16,8.0,9,7,"

The superstar-gal! The girl of the!

This makes your day.

Pincount!

The fun-t-up!

Catch all your joy!

Marsh-Mars!

Dakota!

Your new girl song!

""Good!

That's all from the royal!

",1,1,33.0,0.7575757575757576,0.15151515151515152,joyful_l16_a8p0
grateful,0,0.0,0,0,"
A boy from the town,
looking for his mother.

The boy is a boy who looks older than he is.

The boy is a boy who is very kind.

The boy is a boy who does not speak very well.

The boy is a boy who is not very careful with his money.

The boy is a boy who is very hard",0,0,62.0,0.4032258064516129,0.1774193548387097,base
grateful,0,0.0,0,1," ""Mysterious Hotel"" by Lara Croft, scene from the movie ""The Fountain of Youth"".

Plot summary:
The hotel is a beautiful, luxurious building with its own lobby, where you will meet your guest. But as your guest is in the hotel, he is not allowed to use the lobby. He is escorted into the lobby and is told by the staff that",0,0,61.0,0.7049180327868853,0.11475409836065574,base
grateful,0,0.0,0,2,"  (this is the scene)  
This is the scene.

A:

There are more ways to do this, one of the easiest is to go as close to the object as you can, if possible, and then do more depth of field, or you can go as close to the scene as you can and only do things with a little more depth of field.
",0,0,63.0,0.49206349206349204,0.07936507936507936,base
grateful,0,0.0,0,3," A young woman at a bar who is waiting for her chance to move on.

Scene: A young girl at a bar who is waiting for her chance to move on.

Scene: A young woman at a bar who is waiting for her chance to move on.

Scene: A young girl at a bar who is waiting for her chance to move on.

Scene:",0,0,64.0,0.25,0.125,base
grateful,0,0.0,0,4," A person arrives home after a difficult day.

Text: A short scene about someone coming home after a difficult day.",0,0,20.0,0.65,0.2,base
grateful,0,0.0,0,5," A man arrives home with a bag full of goods and his wife is preparing to leave for work. She is waiting for him when she hears a noise coming from the front of the house.

Scene: A man arrives home from work and begins to leave for work. He is followed by the woman. He is asked to leave but the woman is unable to.

Scene: An elderly",0,0,69.0,0.5797101449275363,0.07246376811594203,base
grateful,0,0.0,0,6,"

What you want to do

What you want to make

What you want

1.

Create a short scene

2.

Create a short scene about someone arriving home after a difficult day

3.

Create a short scene about someone arriving home after a difficult day

4.

Create a short scene about someone arriving home after",0,0,50.0,0.34,0.12,base
grateful,0,0.0,0,7,"

This scene takes place on the first floor of our apartment building, and involves a guy in the bathroom and a girl in the kitchen.

About the Author

Johanna is an award-winning film and TV composer who lives and works in the Portland, Oregon area. She is the author of two novels, The Billionaire Girl and The Big Lie. Johanna and",0,0,62.0,0.6774193548387096,0.12903225806451613,base
grateful,0,0.0,1,0," Mogadishu, a city, the capital of the kingdom of Mogadishu.

Background: It is a city of four hundred thousand people. The largest city in Africa and the seventh largest city in the Middle East. The people of Mogadishu are descendants of the ancient Sindi people, who lived in the mountains around the city during the time of",0,0,57.0,0.543859649122807,0.17543859649122806,base
grateful,0,0.0,1,1,"

What's the point of this scene if the three of you never finish? (I know, I know, it sounds silly, but the thought seems natural to me.)

What's the point of this scene if the three of you never finish? (I know, I know, it sounds silly, but the thought seems natural to me.)

But it's not a good",0,0,59.0,0.4406779661016949,0.1016949152542373,base
grateful,0,0.0,1,2," A little girl comes home from school and tells a story about her friends finding something unexpected. She plays a clip-on microphone over her ears and calls out for her friend.

Scene: A man comes home and tells his friend that there's an odd looking toy and he wants to take it home.

Scene: A man comes home from school and tells his friend that there's an",0,0,68.0,0.6029411764705882,0.07352941176470588,base
grateful,0,0.0,1,3,"

One of the friends is in trouble. She's in trouble. She's with another friend, a young boy. The boy is being very clever. He is very smart. He finds out that his friend is being very clever.

That's all the story the friend needs to know. She's being clever. She's being very smart. The boy wants to make sure he gets",0,0,61.0,0.5409836065573771,0.08196721311475409,base
grateful,0,0.0,1,4," Shooting on the set of a new motion-capture game, The Amazing World of Gumball, for Warner Bros. Animation. You must play as a boy in an action movie, and the best part is, he’s a very smart kid.

Scene: Using the latest in motion capture technology, we bring in the boy, Jake, from the movie. He’s a",0,0,60.0,0.7166666666666667,0.1,base
grateful,0,0.0,1,5," The party's in their bedroom.

Scene: The party's in their bedroom.

Scene: The party's in their bedroom.

Scene: The party's in their bedroom.

Scene: The party's in their bedroom.

Scene: The party's in their bedroom.

Scene: The party's in their bedroom.

Scene: The party's",0,0,44.0,0.13636363636363635,0.18181818181818182,base
grateful,0,0.0,1,6," Sight: A man tries to break into a bank vault with a stolen key.

Scene: Sight: A woman tries to go to the bathroom.

Scene: Sight: A woman tries to find her missing brother.

Scene: Sight: A woman tries to see the missing person.

Scene: Sight: A woman tries to stop the car from",0,0,54.0,0.48148148148148145,0.12962962962962962,base
grateful,0,0.0,1,7," ""What do you see?""

A:

""What do you see?"" is a question that might be answered by a quick search. The best thing to do is look through the comments for the answer.  I usually find answers at my local library, so I will do my best.

",0,0,47.0,0.7021276595744681,0.0851063829787234,base
grateful,0,0.0,2,0," I love the idea of a scene of a woman giving birth.

Action: I'm sure that we can have a character describe how it goes, but I would be interested to see if there is a better way to do it in the real world, because I think that it will be good.

Scene: I would like to have this scene described as being a ""dumb""",0,0,66.0,0.7121212121212122,0.07575757575757576,base
grateful,0,0.0,2,1," A man receives a news article on his Facebook page.

You can change the background of a scene by pressing the appropriate space bar.

Step 2

Press “Play” to create a new scene.

Step 3

Repeat the process for the next scene.

Step 4

Click “Add Scene” to appear as a preview.",0,0,49.0,0.7346938775510204,0.10204081632653061,base
grateful,0,0.0,2,2," Doodle

Character: Kylie Minogue

Theme: ""You're just a girl on a mission""

Repeat: ""She's just a girl on a mission""

Kylie Minogue is one of the stars of the MTV series Doodle. She's a model who sells her wares on the Internet, and she's also famous for",0,0,47.0,0.6382978723404256,0.10638297872340426,base
grateful,0,0.0,2,3," An old man is walking on the sea with his friend, who has just stopped to drink a glass. The old man has noticed that his friend has not heard from him for a long time and has told him that he is the lucky guy, who has been giving him a lift.

Scene: The old man has a look of pleasure over his friend's coffee.

Scene: As",0,0,68.0,0.6470588235294118,0.08823529411764706,base
grateful,0,0.0,2,4," The Doctor has just given his final warning to the doctor in the hospital to be taken to the end. When the doctor enters, he is very upset. He tells the Doctor that, although they have tried to tell him, he will be there for three more months.

Text: The doctor says that he has now come to the end. He asks how long this patient will live. The",0,0,69.0,0.6376811594202898,0.13043478260869565,base
grateful,0,0.0,2,5," The person is receiving unexpected news.

Keywords: “Mysterious”

Scene: The person is receiving unusual news.

Keywords: “Mysterious”

Scene: The person is receiving unusual news.

Keywords: “Mysterious”

Scene: The person is receiving unusual news.

Keywords: “Mysterious”",0,0,35.0,0.2857142857142857,0.11428571428571428,base
grateful,0,0.0,2,6," Moves at random to an apartment complex where an older man is getting dressed in his clothes and walking to the elevator. The elevator is the first thing to go when the elevator opens.

Scene: A few months later, on a trip to New York City, one of the people in the elevator is sitting on the opposite side from her. She tells them, ""I found out about the",0,0,69.0,0.7246376811594203,0.11594202898550725,base
grateful,0,0.0,2,7,"

Shakespeare:

Prologue:

Scenes:

Shakespeare:

I have been told that I have been found, but to whom has this been told?

I have been told that I have been found, but to whom has this been told?

I have been told that I have been found, but to whom has this been told",0,0,52.0,0.2692307692307692,0.17307692307692307,base
grateful,0,0.0,3,0," I am in an empty room with a bunch of people, and I'm looking for a woman.

I guess if you're the one you're looking for, you might as well do it right. So you do the scene in question, and you figure out what's going on.

But you have to work on the scene in the morning.

I can do the scene",0,0,63.0,0.6666666666666666,0.07936507936507936,base
grateful,0,0.0,3,1,"

""No, that's my room.""

The room at the back of the house, with a view of the street.

""What's this? Is that a door?""

He looks at me but not at her.

""A room with a door.""

I ask, ""What is this?""

She looks at me with surprise.
",0,0,48.0,0.6041666666666666,0.08333333333333333,base
grateful,0,0.0,3,2,"

Waiting in a quiet room

Scene:

Waiting in a quiet room

1. Take a moment to take in your surroundings, make notes, and then take a good look at the room.

2. Go over the scene again and make sure you have everything right. If there are any mistakes, don’t hesitate to make another scene with the new",0,0,57.0,0.6666666666666666,0.07017543859649122,base
grateful,0,0.0,3,3," (Riding on a motorcycle) A motorcycle accident happened on Sunday.

Rider: (Saw on the road) A bike accident happened on Sunday.

Shot: (Wrecking the bridge at the finish) A bike accident happened on Sunday.

The man is wearing glasses and wears a long-sleeved shirt with a large bow. This man's",0,0,51.0,0.6078431372549019,0.11764705882352941,base
grateful,0,0.0,3,4,"

1. A young man is waiting on a beach outside of a small town. He wants to go to sea but is scared of getting caught by people who watch him.

2. A young girl in a bathing suit is with him and they are having a romantic moment.

3. A little boy is waiting on the beach for his mom.

4. A man",0,0,60.0,0.7,0.13333333333333333,base
grateful,0,0.0,3,5," A dark room with no windows, no doorways. There’s nobody there, just a door.

You see the characters inside the door, the light on the floor. You take a few steps away and they’re gone, gone, gone, gone, gone.

Scene: The door opens, you come in. The door is open, but the door isn’t",0,0,57.0,0.6491228070175439,0.12280701754385964,base
grateful,0,0.0,3,6,"

In front of the door, the man says, ""My name is Sam. If you would just please make sure this man is not already asleep.""

Sam, who is in his late 40s, says, ""Yes, thank you,"" and then closes the door behind him.

After about 10 minutes, Sam and the man start talking about life and work, but the",0,0,58.0,0.7068965517241379,0.08620689655172414,base
grateful,0,0.0,3,7,"

A man's face is cut off with a sword. He's a killer, so far outcast that he shouldn't even be in his own home. The man has been dead for days and the man's dead. He doesn't seem happy to find himself in a place where it could happen again.

He's going to kill the woman he loves and be the only one who",0,0,64.0,0.765625,0.0625,base
grateful,0,0.0,4,0,"

Shoot a scene based on the story.

Trivia:

In the game, the word “fairy” in the title is a pun on the word “fairy”, which is a common term used in the Japanese.

In “Tori no Kyojin” (Tokyo), a Japanese version of the game, Tori is a woman of",0,0,49.0,0.5510204081632653,0.14285714285714285,base
grateful,0,0.0,4,1," Sketch the background to a scene with a piece of artwork.

In the final scene of the film, the main character, a man, meets a woman (in the background) and she (also in the background), decides to reveal an important secret to the man (in the background) in the story.

In the third scene, the main character, the man who becomes the",0,0,62.0,0.4838709677419355,0.20967741935483872,base
grateful,0,0.0,4,2," A small office, a big meeting.

Scene 2: A very large office, a meeting with some people who want to use the money to pay for a new office.

Scene 3: A big office, a meeting with two people who have the secret wish to have a baby.

Scene 4: A big office, a meeting with some people who want a bigger office.",0,0,60.0,0.43333333333333335,0.18333333333333332,base
grateful,0,0.0,4,3,"

Piano player, singer, musician, playwright

Voice:

Morgan Goff

Dance:

The American Dance Company.

Sightseer:

Vincent M.

Piano:

Robert G.

Folk song:

The Flamingo's Song.

Chorus:

",0,0,25.0,0.84,0.08,base
grateful,0,0.0,4,4," A family in a home with two kids, including one who is very old and has been there for so long. A mother is working for a new restaurant and the family is cooking dinner for the young adults. A man is playing cards on the TV and another has started his own personal fantasy game. He talks with the kids but is never sure if the game is a good one.

The",0,0,73.0,0.6575342465753424,0.0821917808219178,base
grateful,0,0.0,4,5,"

A young boy, about to learn to read, runs to the school gate. He enters to meet his teacher. It was after he left that he asked to be excused from classes.

A few days later, he comes to his teacher in the form of a stranger. He asks for a book and asks his teacher to send it to him. The teacher tells him that it will",0,0,68.0,0.6176470588235294,0.11764705882352941,base
grateful,0,0.0,4,6," ""Hello, the president of the United States.""

Repeat:

""Hello, President of the United States.""

Chapter Six

As the sun sets over the bay, a lone figure sits at the head of the bar. A man in a gray suit, dressed in a uniform that looks like it belonged to someone from the military. His head, he wears a dark",0,0,59.0,0.6779661016949152,0.13559322033898305,base
grateful,0,0.0,4,7,"

There's an old man sitting in the middle of the street. He looks like he's had his fill of the streets. And yet here he sits. And there's something in his eyes that makes it seem as though he's alive. He looks the same way the boy is now, sitting next to him on the sidewalk.

The boy has this look of a person who's",0,0,65.0,0.7230769230769231,0.1076923076923077,base
grateful,0,0.0,5,0,"

In your room with the door closed, you're at work, alone with your boss and the boss's secretary.

You're at the office, alone with your boss and your boss's secretary.

In your room with the door closed, you're at work, alone with your boss and the boss's secretary.

You're at the office, alone with your boss",0,0,56.0,0.2857142857142857,0.125,base
grateful,0,0.0,5,1,"

The story is told by a very talented actor in a high-end video game, who will be joining forces with the other characters in a game, and he is the one who brings the characters together.

Gather a group of friends and help them make a decision together.

What’s most exciting about the project?

The game is being released on November 1",0,0,63.0,0.7142857142857143,0.09523809523809523,base
grateful,0,0.0,5,2," ""Let me see, what do you think? I've got your name right on your door!""

""Who are you?""

""Come in, come in.""

A very large, blue-faced man looks from the door to me, holding his head and squinting.

""I was wondering, how do you know? I've been here so long and",0,0,52.0,0.8076923076923077,0.057692307692307696,base
grateful,0,0.0,5,3,"

The players are in a group and have decided to make a decision together. They are working on the decision together, so they are creating their own scenarios. The scenarios are very short, so you don’t need much time to see all the scenarios.

The player who is working on a short scene has to tell her story in the short scene. She has to tell her story",0,0,69.0,0.5797101449275363,0.08695652173913043,base
grateful,0,0.0,5,4," A boy has a short scene about a group making a decision together.

Scene: A boy has a short scene about a group making a decision together.

Scene: A boy has a short scene about a group making a decision together.

Scene: A boy has a short scene about a group making a decision together.

Scene: A boy has a short scene about a",0,0,64.0,0.15625,0.296875,base
grateful,0,0.0,5,5," A group of students building a community building.

Scene: A group of students creating a space for the students to create together.

Scene: A group of students creating a space for the students to create together.

Scene: A group of students designing a space for the students to create together.

Scene: A group of students creating a space for the students to create together",0,0,64.0,0.234375,0.15625,base
grateful,0,0.0,5,6," A young girl walks up to a young man sitting on a bench, and a group of men sit at the table with a woman in one hand. The woman says: ""This is a very important decision for us. We are only four minutes away from starting a conversation."" The young man says: ""Yes. We just have to wait until the others start."" The young man says: ""But",0,0,68.0,0.7058823529411765,0.10294117647058823,base
grateful,0,0.0,5,7," It’s early night with the sun set and no time to spare for a meal. A couple of people have left in their cars, but there aren’t many cars left. No one has left.

Dressed in black, with a face that is half black and half a darker hue. A pair of matching shoes.

And this is the one.

You’",0,0,62.0,0.7096774193548387,0.08064516129032258,base
grateful,0,0.0,6,0," The second scene is a scene from a movie called ""Shoot."" The guy in the movie is in the middle of a lot of trouble in a dark city. The scene is about a guy who lives in a trailer. He runs into a police officer who asks him to come to a meeting that someone's trying to solve. The guy in the movie is trying to convince him not to come to",0,0,73.0,0.5068493150684932,0.1095890410958904,base
grateful,0,0.0,6,1,"

The hallway is a very short hallway.

What does it mean?

It's a very short hallway.

What's the purpose of the hallway?

It's a very short hallway.

What is the purpose of the hallway?

It's a very short hallway.

What's the function of the hallway?

It's a very",0,0,48.0,0.3125,0.16666666666666666,base
grateful,0,0.0,6,2," ""The Exorcist""

The Exorcist's opening scene was about ""a mysterious character who is looking for something he can't get."" The next scene depicts this character looking for the ""something"" he was looking for in his bedroom.

Scene: ""The Mask""

The next scene shows the Mask looking for the ""something"" he was looking for in his """,0,0,55.0,0.4727272727272727,0.14545454545454545,base
grateful,0,0.0,6,3," A man is being chased by his neighbors. Suddenly he spots his neighbor’s vehicle and screams for help.

In the meantime, the neighbor’s wife has died.

Scene: A man is taken to the hospital for treatment. He is being treated for his wife’s disease, but he has been unable to open the door to his wife.

As the neighbor turns",0,0,63.0,0.6031746031746031,0.07936507936507936,base
grateful,0,0.0,6,4," A door has three buttons and a set of keys on the top of the door. The door has a four letter keypad which gives the keys a three point turn. The key pad has two buttons, one for the left hand, one for the right. The four letters on the keypad are keys A-D, a, b, c, and E.

This scene was inspired",0,0,65.0,0.5692307692307692,0.13846153846153847,base
grateful,0,0.0,6,5," The room where the old man was sitting with an old woman and her son.

Scene: The old man's mother is sitting beside him and she looks at him and smiles. He looks at her and smiles back. He looks at her and he smiles at him and then he smiles at her and then he smiles at her. He looks at her and smiles. He looks at her and he",0,0,71.0,0.36619718309859156,0.1267605633802817,base
grateful,0,0.0,6,6,"

The young man had been doing a job, opening a door he had never noticed before.

Scene:

The young man had been doing a job, opening a door he had never noticed before. The door opened like a door was opened by someone.

Scene:

The young man had been doing a job, opening a door he had never noticed before. The",0,0,61.0,0.32786885245901637,0.11475409836065574,base
grateful,0,0.0,6,7,"

Watching a short scene.

Time:

12:40

Started to open a door.

Location:

Eastern Europe

Duration:

1:38

It was the day of the day the girl who was in love with Samuelson found him.

Location:

Europe

Duration:

1",0,0,34.0,0.7647058823529411,0.08823529411764706,base
grateful,0,0.0,7,0," The girl is walking, in the moonlight, through the woods. The boy is carrying a little boy in his arms. She's holding him. He looks out the window.

Act 1 Scene 2 Scene 3 Scene 4 Scene 5 Scene 6 Scene 7 Scene 8 Scene 9 Scene 10 Scene 11 Scene 12 Scene 13 Scene 14 Scene 15 Scene 16 Scene 17 Scene 18 Scene 19 Scene 20 Scene 21 Scene",0,0,50.0,0.46,0.42,base
grateful,0,0.0,7,1," The townspeople are walking through town.

Story: The story of a family vacationing in a small town.

Theme: The townspeople are walking through town.

Scene: The townspeople are walking through town.

Scene: The townspeople are walking through town.

Scene: The townspeople are walking through town.

Scene",0,0,46.0,0.32608695652173914,0.13043478260869565,base
grateful,0,0.0,7,2," This scene is done with the aid of a tripod and a microphone. The camera is put on top of the tripod and the two of them stand on a chair. A camera in a corner of the room is held by the two people, who stand up against the wall and use their hands to make it easier for the photographer. The people on the chair are both smiling. A microphone on",0,0,73.0,0.5753424657534246,0.136986301369863,base
grateful,0,0.0,7,3,"

The scene plays and the two people walk through town at night.

Action:

The person is seen walking through town, and the two people are walking through town at night.

Scene:

The person is seen walking through town, and the two people are walking through town at night.

The person is walking through town, and the two people are walking",0,0,60.0,0.2833333333333333,0.13333333333333333,base
grateful,0,0.0,7,4,"

He stops, turns, and says, ""That's one way of getting across town, right?""

The man says, ""Good.""

""Okay, this way, I will go walk out in the town. You go in the town, make sure nobody else is in sight. I'm going to the bank, and I will get you some breakfast, okay?""
",0,0,53.0,0.7169811320754716,0.07547169811320754,base
grateful,0,0.0,7,5," ""I'm walking along the beach with a man in my rearview mirror.""

Scene: ""I'm walking along the beach with a man in my rearview mirror.""

Scene: ""I'm walking along the beach with a man in my rearview mirror.""

Scene: ""I'm walking along the beach with a man in my rearview mirror.""

Scene:",0,0,52.0,0.25,0.07692307692307693,base
grateful,0,0.0,7,6," A person's night at a night club.

Sketch: An improvised scene for a short scene.

""Hear, hear!"" (Sense of the song)

Glenwood (Sense of the song)

Glenwood (Happiness, a song)

Glenwood (Happiness, a song)

Glen",0,0,35.0,0.5428571428571428,0.14285714285714285,base
grateful,0,0.0,7,7," A person walking through town at night.

Short Story: A short story about a person walking through town at night.

Shot: A short scene about a person walking through town at night.

Scene: A person walking through town at night.

Short Story: A short story about a person walking through town at night.

Shot: A short scene about",0,0,58.0,0.20689655172413793,0.15517241379310345,base
grateful,0,0.0,8,0," A small, dark, room, set up to allow for dialogue, and a small, dark room.

Text: A short scene with the teacher being told to speak quietly.

Scene: A short scene with the teacher being told to speak quietly.

Text: A short scene with the teacher being told to speak quietly.

Scene: A short scene with the teacher being",0,0,59.0,0.3559322033898305,0.1016949152542373,base
grateful,0,0.0,8,1," A student sits on a table during a classroom discussion.

Text: The student asks for clarification.

Text: The teacher tells the student what is wrong.

Text: The student says ""Yes, but your teacher is the same.""

Text: The teacher says ""Okay, that's enough.""

Text: The student says ""I know that's wrong, but",0,0,52.0,0.5384615384615384,0.1346153846153846,base
grateful,0,0.0,8,2,"

When the class has all finished, the teacher will be asked to call his students. The student will receive a hand. The teacher will ask the student if he wants to be a teacher or a student. The student answers that he is a student. The teacher will then give the student the required number of minutes to answer the question. The student will then be expected to give his/her",0,0,71.0,0.5070422535211268,0.15492957746478872,base
grateful,0,0.0,8,3," ""The student has a teacher speaking with him. The teacher is talking about a class that he has just started. The student is talking with his teacher on the bus. The student is speaking about what the teacher said in class on the bus.""",0,0,44.0,0.5,0.1590909090909091,base
grateful,0,0.0,8,4,"

Scene 1: The student is a girl named Bette. She is an amazing young lady.

Scene 2: Bette is in an office building. She is wearing a smart suit.

Scene 3: Bette is talking to the teacher.

Scene 4: The teacher asks Bette to go and talk to the student.

Scene 5: The teacher puts",0,0,50.0,0.54,0.1,base
grateful,0,0.0,8,5," a person is walking down a street.

Scene: a group of students is standing in a park.

Scene: a group of students is sitting in a park.

Scene: a group of students is sitting in a park.

Scene: a group of students is sitting in a park.

Scene: a group of students is sitting in a park.

",0,0,57.0,0.24561403508771928,0.21052631578947367,base
grateful,0,0.0,8,6,"

The student speaking.

Scene:

The teacher speaking.

Scene:

The student speaking.

The scene is broken up and shown with a single player mode.

There is a single character in the scene. The character is a student. A character has voice and looks. This scene is the final scene.

A short scene about a student",0,0,54.0,0.46296296296296297,0.12962962962962962,base
grateful,0,0.0,8,7," ""I want to look at that.""

Scene: ""What?""

Scene: ""I don't want to look at that.""

Scene: ""Do you know what I'm going to look at?""

Scene: ""You know what I'm going to look at?""

Scene: ""You know what I'm going to look at?""

Scene: """,0,0,45.0,0.3111111111111111,0.13333333333333333,base
grateful,0,0.0,9,0," A girl is making her way to a big green house.

You may want to do some background for the scene as you are doing the scene.

In this scene, you have to make sure that you can easily grab your camera.

If you have a bad camera you can use it as a flash.

When you do it, you can hold it upside down so",0,0,66.0,0.6515151515151515,0.12121212121212122,base
grateful,0,0.0,9,1,"  
1.  A young woman is sitting at a café in Paris.  
2.  She has a bottle of wine in her hand.  
3.  Her husband's husband has just finished dinner.  
4.  His wife, the maid, has been very attentive.  
5.  The house in the rue de la Sainte-Rou",0,0,43.0,0.7906976744186046,0.06976744186046512,base
grateful,0,0.0,9,2," A man is walking through a forest in the middle of a forest. He is walking, but he doesn't know whether to go to the forest, go back to the forest, or to the forest again.

Scene: An old man sits alone at the end of a road in the middle of a field. He has no tools to repair the road.

Scene: An old woman",0,0,66.0,0.5151515151515151,0.10606060606060606,base
grateful,0,0.0,9,3,"

It has been told in one of the books that to understand something, you must understand it first, then imagine that it is there before you. A child’s first fantasy is to try to imagine his father (or mother) giving him a hand with a toy or a toy to hold. It is clear that the picture must be real, or rather, must be imagined.

",0,0,66.0,0.6363636363636364,0.06060606060606061,base
grateful,0,0.0,9,4," The person is in a small office and the scene is one of the normal ones. I’m guessing that the scene was an easy pick for her.

Scene: The scene is a small office. I’m guessing that she’s a bit shy and maybe the scene’s not much of a success. She likes being in the small office, and I assume that’s a",0,0,67.0,0.5074626865671642,0.1044776119402985,base
grateful,0,0.0,9,5,"

Piece of paper

Scene:

The second piece of paper is made up of a short short story and a short short scene, and it is marked out with a short black square.",0,0,32.0,0.59375,0.15625,base
grateful,0,0.0,9,6,"

The scene is a small building at a distance from the camera. The camera is positioned a little outside of the building, so the scene moves around the building.

The camera moves out of the corner of the building and into a different spot in the building. The camera moves to the next corner, then the next corner, then the next corner, etc. (as you can see",0,0,67.0,0.47761194029850745,0.208955223880597,base
grateful,0,0.0,9,7,"

A person is presented with a situation, and in the scene, he or she is shown to be faced with the problem. The situation will look familiar to them from the context, and they will find the problem, but will have no idea what to do.

To show the scene to the scene's audience, make them aware of the scene's context.

2. Choose",0,0,62.0,0.6290322580645161,0.12903225806451613,base
grateful,12,4.0,0,0, I was in my garden. I didn’t know who she was. It was hard to believe someone in their family could fall sick. I tried to make a little peace with them. I also knew that I loved my parents and I had to keep them safe. I was looking for a way to take care of my mother but I had to go through this difficult part of life without her.,0,0,73.0,0.7123287671232876,0.1095890410958904,grateful_l12_a4p0
grateful,12,4.0,0,1,"

Lisa, 17, is getting ready to go on a cruise but wants to go home soon. She is a shy boy and her parents say that she could not let go.

Lisa, 17, has a beautiful younger son, 2-year-old daughter and a healthy baby boy. Lisa is determined to go home. She is thankful for her life in her home with",1,1,60.0,0.65,0.06666666666666667,grateful_l12_a4p0
grateful,12,4.0,0,2,"  

1-A man, a retired farmer, has just received his first call to a home.
2-He is being rushed to the hospital with great anxiety.

Scene:  

3-A man, an unruly and a broken-hearted man, is searching for a loving home.

Scene:  

4-A woman, a very beautiful",0,0,46.0,0.717391304347826,0.17391304347826086,grateful_l12_a4p0
grateful,12,4.0,0,3,"

A boy goes to live alone with his family at their home in a remote hamlet near the Middle East. His home is surrounded by an amazing family. He is loved by every person around him and his wife, their youngest son.

A little boy goes to a new world that he never knew existed. He takes the first steps in a new life.

A young man",0,0,67.0,0.7014925373134329,0.08955223880597014,grateful_l12_a4p0
grateful,12,4.0,0,4,"

Cake (in the garden with the kids)

The house has been empty for a month. A stranger called to say that he was worried she would fall ill and wanted them to stay in touch.

Seventeen year old girl with two children.

The father died suddenly when he was young. He knew his daughter would be lonely and it will never be the",0,0,63.0,0.7777777777777778,0.07936507936507936,grateful_l12_a4p0
grateful,12,4.0,0,5," A family is coming home to find their favorite aunt who is gone.

The next day, while their mom and dad are waiting in the car, they decide to go to their aunt’s house for the day. So they invite their friends over, and it turns out they have a perfect and special aunt.

Scene: A little boy and his father attend the birthday party for their",0,0,68.0,0.6911764705882353,0.07352941176470588,grateful_l12_a4p0
grateful,12,4.0,0,6,"

Date:

Time:

Room:

Review:

Thank you for the beautiful and supportive relationship you have formed with your family. They were all there for you.

Scene:

Date:

Time:

Room:

Review:

Thank you for the wonderful memories you shared with us. These memories were so peaceful and have",0,0,46.0,0.6304347826086957,0.10869565217391304,grateful_l12_a4p0
grateful,12,4.0,0,7," A young girl who wants to be an independent life, but has no one she loves.

Song: It is when she walks into the forest with her parents that she discovers the path to love.

Scene: An abandoned building, in which the girls are about to embark a life together.

Song: My favorite song comes out of the sunset, and they say goodbye.
",0,0,63.0,0.8095238095238095,0.06349206349206349,grateful_l12_a4p0
grateful,12,4.0,1,0," The first day of school.

A. We go to our friends’ place.

Scene: We get a new baby.

B. I want to have a girl.

Scene: We take a trip to Hawaii.

B. I’ve been thinking about my mom.

Scene: I finally find my girl.

C. I love this",0,0,50.0,0.7,0.08,grateful_l12_a4p0
grateful,12,4.0,1,1,"

Travis

Date:

October 17, 2008

Location:

A

Message:

Aimee is a special girl with the perfect family. She's very talented with a passion for her country and the people. She also works in a private school to help support her family, her sister and their children. She will be in heaven with your",0,0,51.0,0.7647058823529411,0.0784313725490196,grateful_l12_a4p0
grateful,12,4.0,1,2," A wedding ceremony at the church with the girls. (This scene was written before, but never completed. I want to write scenes for my new year. I love you, your husband, your daughter, your family. I am so grateful to you and the God. I am also a big fan of the video game, so I will be watching the video. I will be reading this in the",1,1,68.0,0.6911764705882353,0.08823529411764706,grateful_l12_a4p0
grateful,12,4.0,1,3,"

A girl is sitting on the couch playing with her best friend. Her love is looking for her and her only child is a boy. Her world has not been the same for them.

1. What is your best friend’s most important gift?

A boy is being abandoned by his family. Her mother is going on a trip to Japan with her husband and they are",0,0,66.0,0.6666666666666666,0.10606060606060606,grateful_l12_a4p0
grateful,12,4.0,1,4,"

It’s winter, and our house is getting really cold. In our house, we have three dogs and we just can’t get enough of them. They spend their free time here with us, but we have to deal with the cold. When you’re ready, you can go out on the balcony, where you can admire the view of the sea.

There’",0,0,63.0,0.746031746031746,0.06349206349206349,grateful_l12_a4p0
grateful,12,4.0,1,5," ""Two Girls"" is a short scene about two friends finding something surprising.

Plot Summary

The story of a young woman and two daughters.

As well as the hero's childhood and the daughter.

As a married woman who loves her husband, one young daughter has no one. She struggles with her relationship with her husband.

As a father who knows how to",0,0,61.0,0.6721311475409836,0.06557377049180328,grateful_l12_a4p0
grateful,12,4.0,1,6," I am walking into this house with my parents, and they are waiting for me to come home. They live here. I have the whole family here, and I love all of them. I don’t think I’ll ever leave them.

Preceding: “She is here, and she will be here for you, too, soon.”

The story goes on,",0,0,59.0,0.7627118644067796,0.0847457627118644,grateful_l12_a4p0
grateful,12,4.0,1,7,"

In the first scene, my mom tries to be a good example of how my dad's art works. My first scene is a family portrait that includes my mom and me. As my dad is still in prison, he is not very happy that I am not in love with him. My dad was not very bright, so he was very angry that I was not being what I thought I",0,0,71.0,0.6197183098591549,0.08450704225352113,grateful_l12_a4p0
grateful,12,4.0,2,0,"

I'm a young girl in the world who lives alone with her parents. We've been going to live together since we were in high school. We have three grown children, Arie, Emma, and I. I'm currently working toward a divorce and in order to avoid a divorce, I will marry my fianc...

I'm a young girl in the world who lives",0,0,61.0,0.6885245901639344,0.06557377049180328,grateful_l12_a4p0
grateful,12,4.0,2,1,"

A brief scene about a person receiving surprising news.

This scene is the opening scene.

A moment of sorrow will fill your heart, but the rest is a gift.

There is a moment of joy in the heart.

This is the moment you have to share with the people you love.

And it is a moment of comfort for you.
",0,0,60.0,0.6,0.1,grateful_l12_a4p0
grateful,12,4.0,2,2," A happy little girl is waiting for her family for a visit. Her parents were born in the same country but never lived in a family with their own.

A young girl lives with a new family. She is blessed with special talent and she is happy that she can share it with her family.

Scene: A young girl is having trouble finding her mother. Her family will be happy",0,0,70.0,0.6,0.08571428571428572,grateful_l12_a4p0
grateful,12,4.0,2,3," Giles

Giles is a young man who wants to make a great gift for his wife. Giles has an accident and feels that he has lost control. He needs help to regain his balance in his life.

Character: Giles is an old man who doesn’t seem to have anything to do with anyone else, and he wants to share all of his stories with his",0,0,66.0,0.6666666666666666,0.07575757575757576,grateful_l12_a4p0
grateful,12,4.0,2,4,"

You are alone in a small town surrounded by strange relatives, a great man, and a distant relation.

It is the night of the birth.

You are alone.

The town of your home is far away, but it will remain.

And with your great-aunt, you have a new husband.

I am the man you thought you",0,0,57.0,0.6491228070175439,0.08771929824561403,grateful_l12_a4p0
grateful,12,4.0,2,5," A house in the woods, surrounded by friends and family.",0,0,10.0,1.0,0.1,grateful_l12_a4p0
grateful,12,4.0,2,6," A patient.

He told her that he had been blessed with a wonderful, loving life and that he wanted to make a good impression on her.

2. She loves you.

Scene: A child.

He told her that he loved her and that he wanted to be her friend forever and for that he would give his life to the betterment of others.
",0,0,61.0,0.6065573770491803,0.11475409836065574,grateful_l12_a4p0
grateful,12,4.0,2,7," a story about a person receiving surprising news.

1:24:20

This is a good place to work.

This is a good place to work.

A great scene.

Scene: a story about a person receiving surprising news.

1:30:42

I’m sorry your son is sick.

I’m sorry your",0,0,45.0,0.4666666666666667,0.15555555555555556,grateful_l12_a4p0
grateful,12,4.0,3,0," A child is waiting in a quiet room with his parents.

In my first short scene, I show you the story of how a person came to be with me when he was a young man. We will do what we have to do. He wanted to live with his family. He wants to learn the craft of raising a family and be a part of his family. I love these two",0,0,72.0,0.6666666666666666,0.08333333333333333,grateful_l12_a4p0
grateful,12,4.0,3,1," | A quiet room in a quiet apartment.

---|---

Act I: | You are at home. It's not safe to stay there. You have to put up with no friends and the lack of a home.

---|---

Scene: | A small bedsit in a beautiful house. You have a small but big house with many memories and you need to give it to",0,0,58.0,0.6724137931034483,0.10344827586206896,grateful_l12_a4p0
grateful,12,4.0,3,2," It's Wednesday morning.

The morning has come.

The words, ""Thank you for the present day, thank you for the present day.""

It has been the most wonderful gift.

You have been the perfect gift.

A child who wanted to love you all.

BOOK:

Crafting a story

An introduction to a",0,0,50.0,0.62,0.12,grateful_l12_a4p0
grateful,12,4.0,3,3," ""Brainstorming is the perfect opportunity to start the year off with the idea of starting to write a character.""

Scene: ""A beautiful, romantic story about a woman who finds herself in a great situation...but it's too big for her and she's still trying to come to terms with that she isn't.""

Scene: ""The year was a disaster. Now I",0,0,60.0,0.7833333333333333,0.08333333333333333,grateful_l12_a4p0
grateful,12,4.0,3,4," A little girl with a dog in a hospital room.

Scene: A little girl with a dog in a hospital room.

Scene: A little girl with a dog in a hospital room.

Scene: A little girl with a dog in a hospital room.

Scene: A little girl with a dog in a hospital room.

Scene: A little girl with a",0,0,60.0,0.15,0.2833333333333333,grateful_l12_a4p0
grateful,12,4.0,3,5," A girl who lives with her elderly aunt.

The actor (the one with the short hair) is introduced to her father (Samantha), who is taking her to the hospital. She is now a mother.

Scene: A boy that is coming to visit his mother. He is going to stay with his Aunt (Brie).

Brie is very sad for her father",0,0,60.0,0.6,0.1,grateful_l12_a4p0
grateful,12,4.0,3,6,"

Your friend waits in a quiet room.

Hunger has eaten your family.

Lily is happy but your mother doesn't want to see you again.

Scene:

Your mother looks forward to seeing you but you don't want to give her the gift.

Your father is dying.

Your mother lives.

Your mother looks forward to",0,0,53.0,0.6415094339622641,0.1320754716981132,grateful_l12_a4p0
grateful,12,4.0,3,7,"

This picture is in a place. A little sad. She sits on her bed and cries. Her little boy is at home.

Scene:

The scene was perfect. The person who died is happy. And I think that the man who made us can come back to us. It's time. We have many friends who love us.

Casting:

",0,0,57.0,0.7719298245614035,0.05263157894736842,grateful_l12_a4p0
grateful,12,4.0,4,0,"

An unplanned Christmas vacation in Japan.

The year of his wedding is 20 years ago.

His family gathers at his home to celebrate.

The family will have Christmas dinner and then get all the presents.

Scene:

The year that he was born.

The year of his wedding.

A couple are trying to get their own",0,0,54.0,0.7222222222222222,0.09259259259259259,grateful_l12_a4p0
grateful,12,4.0,4,1,"

The new friend of the family

I want to spend my life at a young age, a quiet way home, and I have found it is a privilege to do my best work with you.

2.

My mom and my dad

It was a wonderful surprise, and I have the privilege of meeting many new people.",0,0,55.0,0.6727272727272727,0.07272727272727272,grateful_l12_a4p0
grateful,12,4.0,4,2," (A moment)

My husband has been on the internet for years. She says she washes her hands with the amazing foods she loves, but she wanted to stay home with her family. A friend is writing a long note. They love their son, but they know that their family is not going to be able to be with him in their lives.

Scene: (The next",0,0,65.0,0.7076923076923077,0.06153846153846154,grateful_l12_a4p0
grateful,12,4.0,4,3,"

I am a young college student. I work in the department.

You and my mother have a beautiful daughter. My parents have a very special relationship.

Scene:

I live in a small town. I am a student.

I grew up in the best family and I am proud of who I am.

Scene:

I live in a",0,0,57.0,0.5614035087719298,0.14035087719298245,grateful_l12_a4p0
grateful,12,4.0,4,4," A short scene about a person recalling an important promise.

A:

I am 100% sure that the ending was the best.

You know, the way that it goes.
  ""Goodbye, Mr. and Mrs. Johnson.""
  No, you don't. You don't.

and the final sentence...

What I love about you is",0,0,47.0,0.723404255319149,0.0851063829787234,grateful_l12_a4p0
grateful,12,4.0,4,5,"

The story about the people who have worked to create life as a part of their community.

A young man with an unusual gift who is able to create his own family.

Scene:

The story about the people who have worked to create life.

A young boy.

A man who has worked to create a life with his family.

Scene",0,0,60.0,0.5,0.08333333333333333,grateful_l12_a4p0
grateful,12,4.0,4,6,"

A girl is the heroine of a little girl who is in a big battle with the devil.

The story is about a woman who can tell her true secret.

The heroine is a very beautiful little girl who is in her secret little room.

I like the story of the princess and how she has the gift of love and how the little girl is very",0,0,67.0,0.4925373134328358,0.11940298507462686,grateful_l12_a4p0
grateful,12,4.0,4,7,"

You are trying to create a short scene about a person remembering an important promise.

Your idea is a great one, and it was inspired by a quote by Staci, you and the person who was your best friend.

Your scene is a very easy scene to share. You can let this person know that you love her even though it’s almost a year since they",0,0,67.0,0.7014925373134329,0.08955223880597014,grateful_l12_a4p0
grateful,12,4.0,5,0," The two of them meet when the first person left is taken out of her own life.

2. In the middle of your dream, the most important thing to you is to let go of the hurt you felt. You can’t just hold on to the hurt.

Scene: You are going through a difficult time but the most important thing you have to do is to let go",0,0,68.0,0.6323529411764706,0.10294117647058823,grateful_l12_a4p0
grateful,12,4.0,5,1,"

P:

D:

M:

L:

M:

A:

It's hard to express a great deal without knowing you!

Scene:

P:

D:

M:

L:

A:

My father used to say: ""You have to go in the dark, and",0,0,35.0,0.7142857142857143,0.08571428571428572,grateful_l12_a4p0
grateful,12,4.0,5,2," |   
---|---

_The day they made the decision together, that the only thing to do would be to go to another city.  
_ The morning they woke up.

## **A BIRTHDAY**

## **The Day**

1| ""Hello, my child, I would like to have the day to give you a new start in life",0,0,47.0,0.7021276595744681,0.1276595744680851,grateful_l12_a4p0
grateful,12,4.0,5,3,"

Marshall is in the middle of a big project, but he needs to be prepared for the next step. You want to be part of this group, but in your own life, you need to do something different from the group you’re in.

This short scene focuses on a young boy whose life is changed because of a broken home and family that is no longer together.",0,0,68.0,0.7205882352941176,0.04411764705882353,grateful_l12_a4p0
grateful,12,4.0,5,4," In this scene, three couples decide to move into a new home with their beautiful boy.

1-D: A few moments before they meet their ex-husband, she talks him into letting her come to live with him in her home in the same town they used to live in, so that she would be able to go on with her life.

D: This is a",0,0,65.0,0.676923076923077,0.06153846153846154,grateful_l12_a4p0
grateful,12,4.0,5,5," The first scene was a very short scene, and I had made the decision that it was going to be a life for me. It was a very short moment.

S/he is working for me now and is working her life for me. You can see the scene for what it was: the love and the decision to have the life.

A big smile is on everyone's",0,0,68.0,0.5441176470588235,0.08823529411764706,grateful_l12_a4p0
grateful,12,4.0,5,6,"

A boy is given a new life after he is given his family’s decision to take a short trip to Alaska.

Scene:

The boy is on a vacation with his parents. He goes to a place where there are some special things to offer, but he doesn’t have the time to think about it all.

Scene:

A girl leaves a",0,0,62.0,0.6935483870967742,0.11290322580645161,grateful_l12_a4p0
grateful,12,4.0,5,7,"

It was a rainy, humid morning.

In this scene I would want to do everything in my power to make this decision a little more about myself, but also make a life.

In this scene, I would want to do everything in my power to make this decision a little more about myself, but also make a life.

In this scene, I would want",0,0,64.0,0.40625,0.078125,grateful_l12_a4p0
grateful,12,4.0,6,0," ""Tweeting how they'll look on Halloween, I have a special wish for a young girl who's been hiding for years under the hood of a small house. I see that she will always have a special place in her soul that no one can share with her.

""She has a special place in her heart for a little girl who will always be a part of her family.",0,0,68.0,0.6617647058823529,0.10294117647058823,grateful_l12_a4p0
grateful,12,4.0,6,1,"

Story:

My life is taken when I find a house, a tree, and a dog with no parents. My parents have passed on to my children and are loving my life. It is the hardest part of my life, and it will always be with me. This was a very difficult decision to make but as you all know, my life will never be the same. I",0,0,67.0,0.6716417910447762,0.08955223880597014,grateful_l12_a4p0
grateful,12,4.0,6,2," A housemaid, she is in a small apartment. Her brother lives a few doors away from her apartment. She is about to marry this man.

The first few days of the marriage, the man is in love with her. In the first year, the man doesn't know what he wants, but the woman is his special soul and he has a passion for her.

The",0,0,65.0,0.6307692307692307,0.1076923076923077,grateful_l12_a4p0
grateful,12,4.0,6,3," ""I'm looking for a place to call home.""

My sister, I was sitting outside on a rainy day when she decided that she needed a place to call home.

I had a small cottage on the property, which had a large fenced pasture and a small garden that had been planted by my mom. My sister was born with my grandmother's spirit, which meant she was",0,0,66.0,0.6363636363636364,0.09090909090909091,grateful_l12_a4p0
grateful,12,4.0,6,4," The home of an unusual person, a man, a child, a girl, a boy, a boy's step-daughter, a father, and the mother of a child.

Scene: The world's most beautiful house.

Scene: The day she died.

Scene: A scene of people who are always trying to put together their family.

Scene: A scene",0,0,54.0,0.6481481481481481,0.16666666666666666,grateful_l12_a4p0
grateful,12,4.0,6,5,"

We have had a great group of people come to a hospital and look at an old family home. While there, it was like a magical place. I have been blessed to have made them feel so safe and loved. I know now that they are safe and loved, but I have to say that even though it has been taken away, I have to say my heart is with you all",0,0,72.0,0.7222222222222222,0.06944444444444445,grateful_l12_a4p0
grateful,12,4.0,6,6,"

“You’ve been looking for her, and you want her home. You want the house you left for her to return. It’s okay with you, because it makes you happy. But you’ll have to take her to the other side to do that. You don’t want to leave her.”

1.2.1. The house you left for her",0,0,58.0,0.5517241379310345,0.15517241379310345,grateful_l12_a4p0
grateful,12,4.0,6,7," One night in a house that had been haunted by a man who was a father of three children. In the morning when his phone rang, he said, ""Hi, I really want to give you this.""

Scene: When his mother tried to buy him and his four children the idea of doing a full house was not appealing. Then a husband and wife came to the house, and everything",0,0,69.0,0.7246376811594203,0.07246376811594203,grateful_l12_a4p0
grateful,12,4.0,7,0," A woman walks through the woods, and as she sits with her family, she takes a long walk with them.

I love the sound of birds singing in the trees.

Scene: A man sits on a hill looking over the mountains. He has a lot of time to be happy.

I love the sweet smell of flowers and I love the snow.

Scene:",0,0,63.0,0.6825396825396826,0.09523809523809523,grateful_l12_a4p0
grateful,12,4.0,7,1," A man falls into the water and starts to swim away from his family. He is now a healthy and strong man.

You can also check out our Story of You page to see what we had to show for our entire lives.",0,0,43.0,0.8372093023255814,0.06976744186046512,grateful_l12_a4p0
grateful,12,4.0,7,2," A man and woman, the wife is lost, the father abandoned by the children, the mother in a car accident in a motel with her husband.

In this scene, the father is in the car at the beginning, but he still wants to be close to his daughter. He asks to meet his daughter with her husband and the two men who love her. He and his daughter go to",0,0,70.0,0.5714285714285714,0.11428571428571428,grateful_l12_a4p0
grateful,12,4.0,7,3," A house surrounded by the sea, surrounded by the sea.

Scene: A boatman with the family, the ocean, and the sea.

Scene: A boatman with the family and the children, the ocean, and the sea.

Scene: A man with a passion for family and the sea.

Scene: A man with a passion for family and the sea",0,0,57.0,0.2807017543859649,0.19298245614035087,grateful_l12_a4p0
grateful,12,4.0,7,4," A woman walks through a town where her father and her mother were raised. The events will have some effect on her.

The story is a quick one in the beginning.

The characters will be young, single and on the way to the future.

In the end they will have no regrets.

I hope you enjoyed the story, and that you made your own",0,0,64.0,0.6875,0.125,grateful_l12_a4p0
grateful,12,4.0,7,5,"

I am about two years old and have just moved into the house with my parents. I live with my aunt and cousin (they are both retired). We have our own yard, a tree with a lot of grass in it, and our new neighbors are her neighbors as well. They are my only family and I have a whole lot to offer. I am going to need a little bit",0,0,71.0,0.676056338028169,0.056338028169014086,grateful_l12_a4p0
grateful,12,4.0,7,6," The day before, I drove from my hometown to meet my best friend, who I had known my whole life.

How I met my best friend and got to know her through our conversation and reading about it.",0,0,38.0,0.7631578947368421,0.10526315789473684,grateful_l12_a4p0
grateful,12,4.0,7,7,"

Lia (a beautiful young woman) arrives to a small village of the Wudaima who were once living in the forest. Her sister, a single mom, has left for school because of a severe lack of friends, family support, and the desire to go to college as well as the promise of a family. Now that they are adults, her life has been turned upside down",0,0,65.0,0.7538461538461538,0.07692307692307693,grateful_l12_a4p0
grateful,12,4.0,8,0,"

This scene is about a student speaking with a teacher after class.

Set:

This set has the following items:

A story about an older student with the same experience as the author.

Tale of two friends.

Tale of one sister.

This was the story about a young girl and her father.

The story begins with",0,0,55.0,0.6545454545454545,0.09090909090909091,grateful_l12_a4p0
grateful,12,4.0,8,1,"

A child speaks with a teacher after a class.

1,000,000+

2,000,000+

3,000,000+

4,000,000+

5,000,000+

6,000,000+

7,000,000+

8,000,000+

9,",0,0,9.0,0.7777777777777778,0.3333333333333333,grateful_l12_a4p0
grateful,12,4.0,8,2,"

The story begins in a small town called Woodbury.

The town is small, but it has great people, and the school is growing.

There's no one to do this for me.

There is a girl named Karen.

There is a boy called Charlie.

In this story, there's a small town called Woodbury.

At",0,0,53.0,0.6226415094339622,0.07547169811320754,grateful_l12_a4p0
grateful,12,4.0,8,3,"

Papa, mom and son are a happy couple on the road.

Reception:

When I saw a short play called, “The Praise Of Your Love,” I was in awe. I was excited to see the family in this story. The play is full of heart and laughter. The play is a great example of the love and joy children are shown in the",0,0,62.0,0.6451612903225806,0.11290322580645161,grateful_l12_a4p0
grateful,12,4.0,8,4," Students speak with a teacher after a lesson.

Scene: Students talk with a teacher after a lesson.

Scene: Students speak with a teacher after a lesson.

Scene: Students talk with a teacher after a lesson.

Scene: Students talk with a teacher after a lesson.

Scene: Students speak with a teacher after a lesson.

Scene: Students talk",0,0,56.0,0.16071428571428573,0.21428571428571427,grateful_l12_a4p0
grateful,12,4.0,8,5,"

Ralph is at home with his parents and they are staying together. Ralph has found a job as a bank teller. Ralph has gotten his mom to give him some money to buy a house in the United States. Ralph loves all his friends at home. When he doesn’t want to leave, Ralph has a date at a fancy restaurant where he loves it.

Reactions",0,0,66.0,0.7121212121212122,0.07575757575757576,grateful_l12_a4p0
grateful,12,4.0,8,6," Dr. Zahra talks about taking a long weekend break, and the future of her family.

Curtis has a gift, and an amazing, special relationship with the parents.

The couple's daughter is born.

She is loved by her husband, and by her parents.

She is a gifted scientist and scientist's daughter.

They have one child",0,0,54.0,0.7222222222222222,0.07407407407407407,grateful_l12_a4p0
grateful,12,4.0,8,7," A short scene about a student speaking with a teacher after class.

Scene: A short scene about a student speaking with a teacher after class.

Scene: A short scene about a student speaking with a teacher after class.

Scene: A short scene about a student speaking with a teacher after class.

Scene: A short scene about a student speaking with a teacher after class",0,0,64.0,0.15625,0.234375,grateful_l12_a4p0
grateful,12,4.0,9,0,"

I wanted to put up a simple website in my mind. I wanted to post all the fun events, stories, and experiences I had from all the amazing people. You can visit my website here.

In the midst of the winter, I finally let myself believe I could. The past few weeks were a time of growth and renewal. I love you and this season is special to",0,0,68.0,0.6911764705882353,0.08823529411764706,grateful_l12_a4p0
grateful,12,4.0,9,1,"

Mistress Lori is home for the holidays. The only way to ensure that her new husband is happy is by trying to find him. She is in love with a man named Joshua. But the past can kill her. And that’s where the new relationship with Joshua comes in. She is learning that her family will live out its life in the lives of her children.
",0,0,67.0,0.7014925373134329,0.07462686567164178,grateful_l12_a4p0
grateful,12,4.0,9,2,"

The scene is an ordinary family room.  I look for a way to put my heart to the restorative work of my family.

Hire me to help you create a world of your heart, your life, your love, your family and your loved ones.

It’s very personal to me, but I also want to help you get your life back on",0,0,62.0,0.6612903225806451,0.0967741935483871,grateful_l12_a4p0
grateful,12,4.0,9,3,"

The story involves a woman named Lara who is searching for someone, a person she loves, and she doesn't want to have that person in her life.

The camera follows the story, keeping an eye on what is happening with Lara and her friends.

In the beginning, when Lara and her friends were children, Lara's mother and the other children,",0,0,60.0,0.6833333333333333,0.08333333333333333,grateful_l12_a4p0
grateful,12,4.0,9,4," a short scene about someone discovering that an ordinary object matters.

A:

Your character makes a good point that he or she has trouble understanding the basic values of what it means to be human.

A:

This is an excellent example of the idea that a story is not a 'short scene about a person discovering that an ordinary object matters'. 
So, I",0,0,63.0,0.6984126984126984,0.1111111111111111,grateful_l12_a4p0
grateful,12,4.0,9,5,"

The story starts in a barbershop. The main characters are an older man and his dog named Lara. Lara comes to the barbershop. She feels that Lara has special qualities, and they try to find her a friend, but they don’t have anyone who they can be friends with. The barbershop is small, but there are things that need to",0,0,61.0,0.7377049180327869,0.06557377049180328,grateful_l12_a4p0
grateful,12,4.0,9,6," A day in the life of a man who works to make a difference in his community.

Scene: A day in the life of a man who works to make a difference in his community.

Scene: A day in the life of a man who works to make a difference in his community.

Scene: A day in the life of a man who works to make a difference",0,0,68.0,0.22058823529411764,0.17647058823529413,grateful_l12_a4p0
grateful,12,4.0,9,7," I want to be the person I was when I was born. She was the one who was always there for me, and I hope she is in the same place now.

A child, I want you to love. You are the person I am.",0,0,45.0,0.6444444444444445,0.13333333333333333,grateful_l12_a4p0
grateful,12,8.0,0,0," A boy is in his family and in a care home. Lia is an amazing girl. She has loved him with their entire lives. She is growing her confidence, her love and her father. She is choosing her life her husband and their son. This family is very blessed because it is their best in every way. I know they are going to take care of everyone, especially their own,",0,0,70.0,0.7,0.08571428571428572,grateful_l12_a8p0
grateful,12,8.0,0,1,"

An elderly sister lives in a rural community in rural Pennsylvania. The family is very close to her family and enjoys the comfort that she can use.

A. Spaces and the life of their family:

An entire family with a great love.

They share a special place in this life. They will always have the best opportunity to visit with loved ones they have never",0,0,65.0,0.6923076923076923,0.06153846153846154,grateful_l12_a8p0
grateful,12,8.0,0,2,"

A young family takes care of an elderly relative who has fallen into the family they never knew. They are able to go on knowing that they are loved ones will live with them and go on being in a safe home with loved ones.",0,0,45.0,0.7777777777777778,0.06666666666666667,grateful_l12_a8p0
grateful,12,8.0,0,3,"

The story of our lives. And the person who is gone.

Our hearts are dedicated to our families. We can never fully let these feelings slip, and we will leave them knowing.

Laura

Cher

Ginger

I am able to trust in my family; I am an angel.

I have lived my life that was lived in",0,0,56.0,0.7857142857142857,0.05357142857142857,grateful_l12_a8p0
grateful,12,8.0,0,4," A wonderful girl named Sara.

Parent: I am in my wonderful home and the family loved every day. I can love every bit of it and no doubt will go away this day.

This is my friend Julie, I love her very little girl and I love her to her first mother.

My family adopted the life of this country and I am just a simple single girl",0,0,68.0,0.6323529411764706,0.07352941176470588,grateful_l12_a8p0
grateful,12,8.0,0,5," ""The room is filled with the memories of your aunt, who was the inspiration for their son. I know a lot about her and their family. I can't believe they have been through the most amazing moments. I have a great friend who loved them both. I don't ever have to do it again. L. (he is the best friend I have ever had.)

You've",0,0,65.0,0.7384615384615385,0.07692307692307693,grateful_l12_a8p0
grateful,12,8.0,0,6,"

I'm a small girl from my family of three with three young dogs. I chose to have a very difficult day. She loves us, and our home is in the most wonderful place they have done. I am the perfect example. I made a mistake, and now I have a family that I love.

The day I received all the love and attention and my family did.",0,0,67.0,0.6716417910447762,0.08955223880597014,grateful_l12_a8p0
grateful,12,8.0,0,7,"

The house was my family.

My Dad and I were going to live for the summer and the memories they had. She is my world.

A little girl who lives with my grandparents. He is my second husband. My Grand-nie. He is an extraordinary father.

Love, my oldest friend in the family is now with my parents, they love and care",0,0,62.0,0.6774193548387096,0.12903225806451613,grateful_l12_a8p0
grateful,12,8.0,1,0,"

A little puppy girl is born to the heart, a little black and precious friend.

The moment came to me. I’m a great little sister, and I don’t have enough. You.

Your mom and I spent all our free time together. Our friends with the parents, and our parents. They didn’t want us to give up so many opportunities",0,0,62.0,0.7258064516129032,0.06451612903225806,grateful_l12_a8p0
grateful,12,8.0,1,1,"

Thank you for sharing your dream with the readers.

Sarah:

This is my favorite place in the world and I feel so blessed to have a beautiful family. I am a new woman, my husband, and I have learned how to do all that is most loved.

DeeB

I have met my husband and my husband has all his love. He",0,0,61.0,0.7213114754098361,0.06557377049180328,grateful_l12_a8p0
grateful,12,8.0,1,2,"

Mia - My life is over. I felt a call. I had no place in myself, and I was choosing that life that I was going to live. Now I am the second best.

She shared the love story, and they each own their own life and each own a great place.

I am doing what I have, and I would be forever happy to",0,0,64.0,0.65625,0.125,grateful_l12_a8p0
grateful,12,8.0,1,3,"

My dream:

My boyfriend, daughter, and I have just begun to live. I love a new person. It's our family's dream.

Parenting is the best gift I can give my family and I can do every single day with my children. I know they are in a new place and they are safe by my family with whom we can do everything through them",0,0,64.0,0.6875,0.078125,grateful_l12_a8p0
grateful,12,8.0,1,4,"

I was hoping to visit our friend at his new school, but at the first opportunity, we chose the perfect city for our daughter. It was a wonderful country and people love our family.

What I love about her:

We had a wonderful father. He had been a wonderful adult. He knew we would have a wonderful family in the future. They are looking forward to",0,0,66.0,0.696969696969697,0.06060606060606061,grateful_l12_a8p0
grateful,12,8.0,1,5,"

(from the comments after meeting her parents, at least she knows)

Growing up, they are in a comfortable home, a loving and very supportive home. (5)

Parent:

I know that I did not know who I was until I was very lucky, and I am so blessed that I can do the best I could do in my new world.",0,0,59.0,0.7288135593220338,0.11864406779661017,grateful_l12_a8p0
grateful,12,8.0,1,6," A girl in her 20s has to choose whom her own life is. It's a sweet journey.

A brief dream/bed & a love

Child/Amy, father, always loved me. He loves me as I am able to say he has done for his only grandchild and the rest of her family. He truly cares for his family and I love them. A",0,0,62.0,0.7258064516129032,0.08064516129032258,grateful_l12_a8p0
grateful,12,8.0,1,7," “The perfect life is at the center of the family’s life.”

Mom: “I want to make sure all of the presents come to me. My daughter is the most devoted and wonderful human. I hope that she can be happy with me, but I can never be with anyone else in the life she has loved.”

Our Family – The Children (W)

",0,0,62.0,0.6935483870967742,0.11290322580645161,grateful_l12_a8p0
grateful,12,8.0,2,0," The first letter that will come to me, and my family.

Scene: You are happy to know that I have loved you, and you will not have to fear. I will not be a sacrifice to my own.

Scene: I've tried my best to love each of you. I have a very small part for you.

Scene: She wants you, and I",0,0,62.0,0.5967741935483871,0.0967741935483871,grateful_l12_a8p0
grateful,12,8.0,2,1,"

S:

I am a sweet little girl. I don't need anyone else in me. I am everything I am - and will never be alone. The happiest memories will be spent with my parents who I have been blessed with by my entire life. It was like my family. I am blessed because my husband passed that love by. I am the lucky one with a family",0,0,66.0,0.6666666666666666,0.10606060606060606,grateful_l12_a8p0
grateful,12,8.0,2,2,"

You get a great house, but you have to deal with an unloved child. Your only child goes away, and you have to make up for the past. You and the new family.

H. Love you.

B. Sib you

In the beginning, this was a boy and now is a girl that I can tell and never forget. She is",0,0,60.0,0.7333333333333333,0.1,grateful_l12_a8p0
grateful,12,8.0,2,3," A family will not be left by a loved

1

Bounce A.G. is truly loved, not by someone, but they are, who they are not.

2

Praise the family and their loved ones, who has all the wonderful gifts to do with all they can do.

3

Pray for you and your family today that you",0,0,54.0,0.6666666666666666,0.05555555555555555,grateful_l12_a8p0
grateful,12,8.0,2,4,"

Andrea:

I have loved the gift that I am about to give you.

Ciel:

Thank you.

Lola:

Mom (Mom in a situation of constant care and guidance, and her husband's extended family in Philadelphia who has provided them a happy home. He is looking forward to them and their family as they grow. They are",0,0,55.0,0.8,0.05454545454545454,grateful_l12_a8p0
grateful,12,8.0,2,5," A friend and I visit the New York office of the Long View Children. I meet the person of

our lives. I always wanted to tell them.

Thank you my mom

Laura,

Your friend's parents live in New York City. I have many family friends. I am not alone. I am blessed to be a wonderful parent with a wonderful family. I",0,0,62.0,0.7258064516129032,0.11290322580645161,grateful_l12_a8p0
grateful,12,8.0,2,6," a young sister is living with her family (and husband, M.

This is the happiest of life.

Our loving family

A beautiful sister was given her own childhood in a loving and committed home. She gave us a great way to celebrate my mother’s life with our family and our friend.

Mom and I have a wonderful relationship, we are blessed by",0,0,63.0,0.7301587301587301,0.07936507936507936,grateful_l12_a8p0
grateful,12,8.0,2,7," S.

You will like every step you can do in your life with this family.

I am confident that is what you do best with your life because it is love. They are a little of everyone.

You will love all of your new friends as well as others. You are most blessed with people who have been in your family and with them, you will never end",0,0,68.0,0.6764705882352942,0.08823529411764706,grateful_l12_a8p0
grateful,12,8.0,3,0,"

You’re living the family you never knew in your most-wanted child.

Your family is gone. Your family and friends are scattered; they have been looking for you, but that they wouldn’t ever know the peace they had. Your life is over and you’re not able to give it up. Your love is a gift and you deserve to have every child,",0,0,65.0,0.676923076923077,0.07692307692307693,grateful_l12_a8p0
grateful,12,8.0,3,1," A nice place

Pine, my family and I. My wife's life and her family, I had. But there was a little one, a son who was in the world. I loved them.

I was born in the most perfect family. They are all now in my life. I have found my way into this world. With the care I have received, they have",0,0,63.0,0.6190476190476191,0.09523809523809523,grateful_l12_a8p0
grateful,12,8.0,3,2," A room of friends and family; to my wonderful husband.

Mindy

An amazing and joyful story.

Amy

An incredible and delightful story.

Laura

An amazing and wonderful story.

This was an excellent read.

My daughter is blessed with the wonderful family I have at this moment.

Brock

An",0,0,48.0,0.6875,0.10416666666666667,grateful_l12_a8p0
grateful,12,8.0,3,3," A friend has gone the “heaven-t” way. I am thankful to them and I am not alone in believing she is a strong light. My life has been the most important and precious gift. As I know all those years, I will use my new experience and family. I never know what to do or where I want to be. She has been a dream and I am blessed",1,1,70.0,0.6857142857142857,0.1,grateful_l12_a8p0
grateful,12,8.0,3,4,"

A new friend, an aspiring artist/teacher, an avid lover of nature and the outdoors.

Scene:

A special friend lives, they love their family, but they need to learn how to find their own destinies.

Scene:

A magical summer with friends and family.

Together, they are the story of A.
",0,0,50.0,0.72,0.08,grateful_l12_a8p0
grateful,12,8.0,3,5,"

The past is forever.

The two little children.

Annie and Henry have moved on.

In the present situation, this is

a lot of family and friends to give and take.

If you are not sure you'll be able to do the most important and meaningful thing in your life.

Even if you don't know how you are",0,0,57.0,0.7719298245614035,0.07017543859649122,grateful_l12_a8p0
grateful,12,8.0,3,6,"

A dream come to life that makes a person who loved them all.

What happened

After growing up with a loving mother and her husband, she has a young daughter. She decided to move her family to the quietness where everyone is surrounded by love. She looks and loves her family and finds happiness with her husband. She is going to continue with that. She loves her",0,0,67.0,0.6567164179104478,0.07462686567164178,grateful_l12_a8p0
grateful,12,8.0,3,7," She is like that. She loves her friends.

So she called a therapist on her own journey and she is forever her.

She always had a reason to be here, as she did. But she needed to be the mother of her children. She asked, ""why she loved you, and all she can do is walk with you, and she's able to give her all",0,0,65.0,0.6461538461538462,0.15384615384615385,grateful_l12_a8p0
grateful,12,8.0,4,0," A child is a happy, safe, and privileged little girl. Thank you, her parents.

B Story

I learned that I could be a wonderful person. I love them; they are in me. I know they will be in me through the next years. I am proud of the family I found and those I loved, but those I never knew or experienced.",0,0,62.0,0.7419354838709677,0.12903225806451613,grateful_l12_a8p0
grateful,12,8.0,4,1," The Fountain

The past is a perfect story for the new mother: A very important child (Alice) lives a beautiful home and loves her children. She has a loving, supportive husband, and her husband is not an exception. Now she is in an unexpected and loving situation. I am so blessed to have a son and I would not trade my life to my husband. I don",0,0,67.0,0.6716417910447762,0.07462686567164178,grateful_l12_a8p0
grateful,12,8.0,4,2," Meals

Jan. 10: My Dad

Jan. 9: My Mom

Apr. 13: My Broom

Aug. 12:

My First Child: My daughter is now 6 years of a loving family home. Now I have the joy of my family. I have a friend that I love to leave, that I love to work with. I have done",0,0,50.0,0.62,0.12,grateful_l12_a8p0
grateful,12,8.0,4,3,"

You were living in a rural area of Pennsylvania with your husband. You had been married with four children. You were considering your own retirement. Now that you are gone, you have been disappointed and you have asked for a very special friend.

Laura:

I want to thank you for this gift. It is a wonderful reward. My parents have been very supportive and my",0,0,65.0,0.7076923076923077,0.1076923076923077,grateful_l12_a8p0
grateful,12,8.0,4,4," S.I.

Love is a beautiful child and loves her mother and her sister.

The year I spent my first year at my mother’s home and my son at home was a very beautiful, positive, and loving birth.

I’m so thankful for the best friends I have made, and I am forever grateful to each of my families.

This has",2,1,62.0,0.6774193548387096,0.08064516129032258,grateful_l12_a8p0
grateful,12,8.0,4,5," A young couple is at home in their suburban home surrounded by a variety of family friends.

Scene: A young married couple travels with their loved ones to their new home.

Matching the relationship, family and partner with our own, have been able to complete our dreams and be able to enjoy the memories together and look forward to enjoying the family’s lives, and that is a",0,0,68.0,0.6617647058823529,0.058823529411764705,grateful_l12_a8p0
grateful,12,8.0,4,6,"

A family is sitting in a room. They are not alone in their home but the many friends are not enough and the many people in their lives come from every life perspective. they have a perfect family and the best wishes they get are the memories they have experienced. They always ask to have their children on a visit and she loved the idea of them and their family.

Here are",0,0,72.0,0.6111111111111112,0.06944444444444445,grateful_l12_a8p0
grateful,12,8.0,4,7,"

My son is the very special person.

Aha –

My daughter is a beautiful, kind, and humble person. I am happy to hear she is receiving the best.

This will be my last blog; I will write this about my family, friends, who have been my friends and my baby. This is my first-half-life. You will be",0,0,58.0,0.6724137931034483,0.1206896551724138,grateful_l12_a8p0
grateful,12,8.0,5,0," the world the child has experienced, the world he has created with his parents.

Tricia has an amazing family: her husband, his three children, and a loving family with children. She also has a son who is now a senior at age 9 months, who is now in a loving home and has a wonderful, happy future. This is the story of how they have chosen to be",0,0,67.0,0.6716417910447762,0.07462686567164178,grateful_l12_a8p0
grateful,12,8.0,5,1,"

I'm happy to find that I had the pleasure to create my family. A friend and I went on a very good journey with all of us and all we can do are now. We will be a normal and happy man.

You

A new boy and a new family

A little girl from all the photos, a husband and a wonderful wife, who is a",0,0,66.0,0.6818181818181818,0.13636363636363635,grateful_l12_a8p0
grateful,12,8.0,5,2," Your child has a fun one day. They can do this and do not feel like they are the perfect person.

Your daughter, an amazing wife and mother, is now at the perfect age. She is an amazing mother of two adorable children, lives their dreams, and they are blessed with grandchildren and parents. They look after each another and are so grateful for their family. She is a",1,1,69.0,0.6956521739130435,0.07246376811594203,grateful_l12_a8p0
grateful,12,8.0,5,3,"

She had just lost a very loved one. She knew she had to do everything she could to her family. She also had to live the rest of her life in a family that cares for her, especially her baby.

She loved her family, and she never thought it would be her child. But that will always be her family, and she will cherish her. She was",0,0,67.0,0.582089552238806,0.13432835820895522,grateful_l12_a8p0
grateful,12,8.0,5,4," Your dream.

Marcia: My dream is the perfect home, and I think I have a great life.

Natalie: I am able to take care of all my own family.

M.S.

You can never die.

M.S.: You did well, and I will be forever in your care.

M.P.",0,0,50.0,0.76,0.08,grateful_l12_a8p0
grateful,12,8.0,5,5,"

YA daughter is a wonderful princess and is raised by her closest friend. She wants to have that family.

My life, her family, and her friends are all in the loving home.

Love is a gift. I can share every moment with my sister who is precious in every aspect of herself.

My life is dedicated to being my own. She is the",0,0,63.0,0.6984126984126984,0.09523809523809523,grateful_l12_a8p0
grateful,12,8.0,5,6,"

""I have found that I can do more with other people by doing my best with the things I have learned. I can't do this without you, and you are the best of each and every one of your family.

Scene:

I love you. I always will. You are the best possible person, because she is so little, and I am a loving and",0,0,64.0,0.671875,0.109375,grateful_l12_a8p0
grateful,12,8.0,5,7,"

I am having trouble figuring out exactly what I am doing right. I think my best friend is doing the things she has been told her life was meant to be, and I am making a difference and being the best she can be. Thank you.

I am an American girl (we live in a peaceful, quiet state.) and I do not know about that other child.
",0,0,67.0,0.7611940298507462,0.08955223880597014,grateful_l12_a8p0
grateful,12,8.0,6,0," A friend is searching for his loved ones.

In the year that I was born, she had two wonderful friends; they all are in the right place.

My mother found that she could never go on living without her and her husband. she is doing this for me and my life. We chose a very safe life. We have lived, learned and done in the best possible way",0,0,68.0,0.7647058823529411,0.04411764705882353,grateful_l12_a8p0
grateful,12,8.0,6,1," a room that is gone forever.

Annie is not the best of friends.

A story of a mother who cannot be the best of a husband.

Scene:

He is in a place that he will never get to; where he has all been, and the memories he has cherished are enough.

Scene:

There is no ending for anyone",0,0,58.0,0.6896551724137931,0.08620689655172414,grateful_l12_a8p0
grateful,12,8.0,6,2,"

Andre was given the job

to pursue

his dream of becoming a good father and his wife.

But you are not alone.

You don't feel that love

you deserve

and I don't have anyone to share you.

Even though you were born without a relationship.

A couple is a special gift, and they are",0,0,54.0,0.7592592592592593,0.09259259259259259,grateful_l12_a8p0
grateful,12,8.0,6,3," A friend takes her son, a young and spoiled boy, to his sister's home in Hawaii, after his father had had a falling-in-relationship with his mother, and her fiancé's family.

Parents:

The grandparents and

The love they had always been able to give him, and their children.

My Mom

My Dad has always",0,0,56.0,0.7321428571428571,0.07142857142857142,grateful_l12_a8p0
grateful,12,8.0,6,4," The child is a happy family.

Pia:

He is the 5-year-old cousin, who has been married. They have three beautiful children, who are now the most loving and beautiful. They are in the beginning stages and they have always done what their family has done. Now, they want to have their own house. It is their dreams and they have done what",0,0,63.0,0.6031746031746031,0.07936507936507936,grateful_l12_a8p0
grateful,12,8.0,6,5," Mom and dad

Child: B. Love is coming from the perfect circumstances.

Hab: Mom.

E: A girl (B.P. loves her father) and her mom are coming from the perfect circumstances, so she is happy.

A: a girl (B.P. loves her father) is coming from the perfect circumstances.

Scene:",0,0,50.0,0.5,0.06,grateful_l12_a8p0
grateful,12,8.0,6,6," A daughter gets married in her own home, and they are trying to reach the end.

Part of Me: The best part of Me was watching her do her part of the family as I chose my kids, and she trusted their parents to do it with me.",0,0,48.0,0.7291666666666666,0.0625,grateful_l12_a8p0
grateful,12,8.0,6,7," Family Room

Kyle is a young man named Tanya, and they go to visit their family and their partner is a great boy with a loving home. She wants the best for her son, and it is an overwhelming love that will never end, but that cannot be without a father.

After she is laid to the rest, family and friends can have a baby together with her",0,0,68.0,0.7205882352941176,0.07352941176470588,grateful_l12_a8p0
grateful,12,8.0,7,0,"

I took my girlfriend to the beach. It was so amazing to come to a perfect place. I had the dream that I did not know I had. Love was a gift and I did not have it with me. I am able to express what I had with my mom, my daughter, and I. It is a very special place. I am enjoying my new home, friends and",0,0,69.0,0.5797101449275363,0.13043478260869565,grateful_l12_a8p0
grateful,12,8.0,7,1,"

This family has a beautiful story of its own.

Amy

Parent:

It was my #2 son who has a lovely story of his mother and step-mom who is a wonderful, caring, loving and compassionate grand-mama. He is the love of a child. He is the most successful and fun-to do and die with. He is the",0,0,58.0,0.6896551724137931,0.06896551724137931,grateful_l12_a8p0
grateful,12,8.0,7,2, Thank you for visiting my husband. I have had many wonderful and supportive friends over I love many years. I don't know if this is the place I would like to be and the life I could never have given. I was blessed that I was able to get a wonderful family with a wonderful quality of life that I never could have experienced. Now I am able to enjoy the wonderful family my friends,0,0,75.0,0.6133333333333333,0.12,grateful_l12_a8p0
grateful,12,8.0,7,3," A child at home goes into the town to her family. She has been living with her family and they choose her a child to look at and a person to visit.

Family: B. a big and beautiful joy. they are now divorced. It was so blessed for them. They love their little one, her husband and a young daughter. They are now a happy life in their families",0,0,69.0,0.6666666666666666,0.08695652173913043,grateful_l12_a8p0
grateful,12,8.0,7,4,"

Bryann

This would be a perfect day:

Dude loves his parents.

Night

After a long battle with cancer, I will forever be able to say he was the best that I ever had.

Hun - this is an all-great-full-for-you, beautiful family.

Holly, I think I'm",0,0,48.0,0.8958333333333334,0.0625,grateful_l12_a8p0
grateful,12,8.0,7,5,"

Bela

My story is an inspiration to me. I wanted to express my fear when I was younger, I felt a bit of that in my father, so when I was told I would be a great person, I was given and blessed to have her. A life filled with the greatest gift.

I got to meet my best friend, and I was blessed with a",0,0,66.0,0.6515151515151515,0.12121212121212122,grateful_l12_a8p0
grateful,12,8.0,7,6," I was a college student who lived alone.

(The day the child walks in his life); he was like his own.

I hope I am not being a liar but I can't be sure that I can never do that. I am not perfect, but I am being that. I am not a liar but I can be sure that I am not truly myself.

",0,0,65.0,0.5230769230769231,0.15384615384615385,grateful_l12_a8p0
grateful,12,8.0,7,7," A family from Texas.

What a parent loved.

In the last year, he had a sense that there was a way. He was no longer alone; he had to feel, loved and protected in a loving family. He loved his son, loved his sister, and now she is gone. This family is a wonderful gift.

When he looks forward to the world he",0,0,63.0,0.6349206349206349,0.09523809523809523,grateful_l12_a8p0
grateful,12,8.0,8,0,"

It was about my childhood

Mom, in her life-long care, and husband

my mom's husband and children,

with my grandparents and

parents.

You are going to live on that legacy. I would choose to stay with them.

We are in a small, wonderful house, and I have the privilege of raising our beautiful daughter with",0,0,56.0,0.7857142857142857,0.07142857142857142,grateful_l12_a8p0
grateful,12,8.0,8,1," I love my family. I’m glad my husband is able to do their best.

Love is all I have, but I learned to let go of my feelings.

Prayer: I am not your enemy. I will never be this way without you.

Dolly (Welks)

The story of Dolly was the most important book. I",0,0,55.0,0.7454545454545455,0.12727272727272726,grateful_l12_a8p0
grateful,12,8.0,8,2,"

My mom and I have the good fortune to be able to make a family that loves them every part of their life. Our lives are lived with the perfect family. She was an amazing gift, and has been a big gift to her family. She is the proudest self. She is now living with her husband and three children. She is in heaven with me. And thank you to",0,0,70.0,0.7142857142857143,0.05714285714285714,grateful_l12_a8p0
grateful,12,8.0,8,3," Parent Agree that children need to know that they are a ""real person.""

Scene: A family member takes a trip with them that makes a difference.

Misc: A friend is born with a unique gift and they don't have to live for one another.

Misc: A young parent comes into their family.

Misc: The father and daughter are",0,0,58.0,0.7068965517241379,0.1206896551724138,grateful_l12_a8p0
grateful,12,8.0,8,4," A student speaking with a teacher after a class.

It is easy to say this and I’m not alone, but she knows a child who loved her at age 4. It was a wonderful joy to do, but that is the best, as always, a great love and I will always be thankful for those moments.

What I am sharing is a wonderful story with my wife",1,1,67.0,0.746268656716418,0.1044776119402985,grateful_l12_a8p0
grateful,12,8.0,8,5," She is an 8-year-old daughter is in college, it is the dream and life. Now she finds comfort through the story with her family and friends and she chose not to take her own life in her own family.

Tweet: It's me, who I love to read, my hubs, an 8-year-old daughter loves to read, and her best friends",0,0,61.0,0.6229508196721312,0.06557377049180328,grateful_l12_a8p0
grateful,12,8.0,8,6," My life with my parents.

Karen, age 26, is going on her own personal journey with children, and the memories of my dad. I love them with all my heart.

Your beautiful family

Hire Me:

I love you more than I can say, and I was able to do this because I felt I could do that in a fun, personal",0,0,60.0,0.7666666666666667,0.1,grateful_l12_a8p0
grateful,12,8.0,8,7,"

Martha is doing everything she can.

Mom:

You have the family with you and you don't have the time to just have a family that loves them. Mom is going to send her life love to you and you two and your children. They are more than you.

Childhood:

My husband and I have a special place that we all",0,0,60.0,0.6833333333333333,0.1,grateful_l12_a8p0
grateful,12,8.0,9,0,"

I used this picture of my sister-in-a-heirls-mom. You can be her best self, her very best child. I am so proud and relieved to have her. And if you are also going to choose the life with her, I am sure that you will do well in her and your family. You should be doing her through the gifts and the gifts",1,1,66.0,0.6818181818181818,0.09090909090909091,grateful_l12_a8p0
grateful,12,8.0,9,1," A wonderful friend dies and the memories are forever etched in his mind. Now that life is over, he wants to bring them together. He is grateful and deeply appreciates the best of his life as he had all his own family.

Scene: A great and unexpected friend gets to her new home in a wonderful country, and she had to deal with her family and others without her own families",1,1,71.0,0.676056338028169,0.07042253521126761,grateful_l12_a8p0
grateful,12,8.0,9,2,"

Kirish's father is the last of his family. He chose to live his own life with his family and their life of learning, joy and gratitude. He will not live alone to the end of his life.

Story:

So many adventures come my way, and you will never have to choose to step against the world and do your own life in the next life",1,1,65.0,0.6461538461538462,0.07692307692307693,grateful_l12_a8p0
grateful,12,8.0,9,3," ""My Grandmother's Great Child.""

I want to give her the gifts I have for her. I was born a short and loving dream.

I love my Aunt P.

My life as a single parent with three children, I have three adult daughters who love me. I am blessed. Thank you for your sacrifice, who loved me and gave you the life of a",0,0,63.0,0.6825396825396826,0.09523809523809523,grateful_l12_a8p0
grateful,12,8.0,9,4," A Girl

Step 11 – A Girl

I love the world I discovered, and I have made a beautiful home. I am happy to give my family and I have a wonderful partner who is also my partner in life. I love my children and they will always be my most valued family.

In July, I learned I would have a happy life with my children. I can",0,0,66.0,0.5757575757575758,0.13636363636363635,grateful_l12_a8p0
grateful,12,8.0,9,5," My story, by my sister.

A young man's life is a journey, and an example is the next girl who loves me. That girl loves me.

Here's the lesson: a mother loves her child and we all grow together. He was not the one that he wanted to leave but who wants her and their child. She's so loved and is well. She's",0,0,63.0,0.6825396825396826,0.06349206349206349,grateful_l12_a8p0
grateful,12,8.0,9,6," A little girl who knows her family. A simple home with their sweet new dog.

Diary. Enjoying. A friend who I can take care of being my family. Being with my family always. I will always love you.

A few hours ago.

Hugs and my mom's forever family

Bodfriend

I don’t have anything to",0,0,55.0,0.7454545454545455,0.07272727272727272,grateful_l12_a8p0
grateful,12,8.0,9,7,"A day after my children were able to play, I have a little girl who looks to be very happy. I love them and I am blessed by the love I have for them and I can say with a little child they were not able to be with me without my mom. They are the best gift I can give to them and I have the amazing talent they have. I am in the process",0,0,76.0,0.5657894736842105,0.10526315789473684,grateful_l12_a8p0
grateful,16,4.0,0,0," After a day on the road, you can finally rest in peace with your friends.

Lovable guy who was a true artist. He has an amazing mind and passion for life. I couldn’t have dreamed of him being like this. I would have loved to have been a part of the process, but I am a firm believer in being loved.

Megan was so",0,0,65.0,0.8,0.06153846153846154,grateful_l16_a4p0
grateful,16,4.0,0,1,"

(1)

A person who wants to live and be known, but doesn’t want to make himself into a burden.

(2)

A young family who has been with him and wants to be a good member of the family.

(3)

The children.

(4)

A home that is for family.
",0,0,45.0,0.7111111111111111,0.1111111111111111,grateful_l16_a4p0
grateful,16,4.0,0,2," A young girl (Amy) is working at a special house to make money through cooking.

A young man, Jonathan, is working in his special job.

A special house of his and Amy are in.

A special house with his and their friend, Jonathan.

We know a little about A, and we know his and Amy’s family. We have",0,0,59.0,0.5423728813559322,0.11864406779661017,grateful_l16_a4p0
grateful,16,4.0,0,3," An 11-year-old girl who is waiting to see her father. This girl loves him and he has a great work of art.

Scene: This love story is about a little girl who comes home from school, and after many years, she is adopted by a wealthy and beautiful man.

This family drama has lots of family stories.

Scene: This young lady is",0,0,63.0,0.7301587301587301,0.06349206349206349,grateful_l16_a4p0
grateful,16,4.0,0,4,"

A young girl in the town of Svalbard comes to visit her dad and learns that she is going to be a doctor, so much so that she is thinking of taking a journey to the far away lands of Norway.

The journey will not go according to plan, but she will be a strong, strong heroine who will succeed in the end.

The story of",0,0,66.0,0.6363636363636364,0.07575757575757576,grateful_l16_a4p0
grateful,16,4.0,0,5," She had been a good boy, but the family was divided and her father chose to stay with her.

He was so proud of her, and she felt that he would have made a special little girl.

When the family returned to Chicago, it became their dream.

She became a grandmother and lived with them for many years.

In her youth, they suffered very",0,0,64.0,0.75,0.0625,grateful_l16_a4p0
grateful,16,4.0,0,6," This beautiful girl has an unmatched romantic history. What her life has been is not so different. This young woman had a great love that she would find within. And after spending time with her mother, she would have found a special place in her heart.

Scene: A very special lady called Laura was waiting at home for the family. This young girl did not disappoint her family. This",0,0,69.0,0.7681159420289855,0.057971014492753624,grateful_l16_a4p0
grateful,16,4.0,0,7," What happened while you lived with him, and how he became a family member.

This is our last year with him. He's very special. He is loved by so many. This is the story of his story. He is so different. He doesn't like to spend the time with a family. His passion for cooking comes out of his hunger for a family. He was never afraid",0,0,67.0,0.6716417910447762,0.07462686567164178,grateful_l16_a4p0
grateful,16,4.0,1,0,"

The first night at home with his mother, Charlie begins to realize he is not going to be a father. He finds a job at his high school, and he soon begins to think he can be a father. This, however, is not what he wants.

After a few years, Charlie returns to his childhood. He is now able to care for his mother, and his",0,0,66.0,0.6060606060606061,0.09090909090909091,grateful_l16_a4p0
grateful,16,4.0,1,1," A young boy, whom he has had only just met. A boy who he is going to meet.

This is where the adventure begins, right?

A simple story of a small boy, who is in need of some peace and quiet, and who discovers that he has been waiting for a beautiful, magical girl.

We are in a beautiful world, and as the story",0,0,64.0,0.671875,0.09375,grateful_l16_a4p0
grateful,16,4.0,1,2," This is our first ""S.J. in Texas"" adventure and we had this big adventure, and we loved it. We are going to have fun. We would like to find some time to explore our family and talk with him and learn more about him and his family.

Please watch our first episode of ""S.J. in Texas"" and join us as we have amazing adventure",0,0,66.0,0.6363636363636364,0.09090909090909091,grateful_l16_a4p0
grateful,16,4.0,1,3," I'm with a girl. The girl is a new girl that I was. We find a love, and they have a wonderful young man that wants to make a family. One night they meet another person that they were unable to find, but now that the love is here, they will see each other for years to come.

I look out at a young girl who I love. She",0,0,69.0,0.6521739130434783,0.08695652173913043,grateful_l16_a4p0
grateful,16,4.0,1,4,"

When I first found this girl, I had the unique opportunity to watch some of her family and how she ended up with her dream man. I thought that she had a dream and was a bright spark who could take the first step toward her life. I was very inspired by her and have been supporting her through her struggles and has been helping her through her struggles.",0,0,69.0,0.6666666666666666,0.11594202898550725,grateful_l16_a4p0
grateful,16,4.0,1,5," My girlfriend who wants to be an actress

An unplanned and extraordinary experience. The first night was one of the best. The second night was a crazy night. I cried. I felt like an outsider. I didn’t have anyone who understood my stories. I was a stranger to people and was afraid to be a good person.

I spent time with many friends, and",0,0,65.0,0.6615384615384615,0.07692307692307693,grateful_l16_a4p0
grateful,16,4.0,1,6," A young lady, in her thirties, finds a dream. She is in a home full of surprises.

This is my first film. I have wanted to be a film maker for a long time. It is hard to find someone who wants to be an actress like me. I find it difficult to create something for myself.

The last few years have been quite difficult for me",0,0,67.0,0.7014925373134329,0.07462686567164178,grateful_l16_a4p0
grateful,16,4.0,1,7,"

In the morning, the young couple decided to go to the new land. While they went to visit the family, they fell in love. They are determined to have a happy and comfortable family.

The couple had a wonderful time. The day ended with them being able to enjoy a very special moment with their family.",0,0,56.0,0.6785714285714286,0.10714285714285714,grateful_l16_a4p0
grateful,16,4.0,2,0," ""I'm pregnant.""

Kara is very young, but already a strong person. As a child, she was very close to her mother, who had lived all her life with a very close family, and she was very close to her father, who loved her, and was a very loving and caring person. When she was in middle school, she fell in love with an incredibly beautiful",0,0,65.0,0.6153846153846154,0.07692307692307693,grateful_l16_a4p0
grateful,16,4.0,2,1," My family is on a journey from home to a new place. My wife and I, with a son, are living together in a house of peace and tranquility. We are raising a son who has fallen in love with an extraordinary girl. The first day of school, we go to a quiet place together. We are on vacation, enjoying some peaceful moments with our friends. One day, the",0,0,69.0,0.6811594202898551,0.08695652173913043,grateful_l16_a4p0
grateful,16,4.0,2,2," A story set in an unknown city, where it is told that a young girl will always be with the family.

Sharon and Harry find themselves with a new family and begin to explore their childhood.

While in college, Harry and his friend, Charlie are traveling with his family.

When Harry is offered a chance at a job in the United States, he plans to start",0,0,66.0,0.7272727272727273,0.07575757575757576,grateful_l16_a4p0
grateful,16,4.0,2,3," A young boy who will soon join his family. He is going to be special.

A great mystery will emerge from the story and it is what happened to the people who are going to help him.

The girl in the story.

The story about the boy

About the people

The story

I am writing this story with my best friend, my son",0,0,63.0,0.6507936507936508,0.12698412698412698,grateful_l16_a4p0
grateful,16,4.0,2,4," Marika had found happiness, but a long journey was to be.

Scene: A strange story about a wonderful woman.

Scene: A young woman, a wife, a girl.

Scene: An older man.

Scene: A beautiful young woman.

Scene: A man, an older man.

Scene: A journey for a family.

",0,0,48.0,0.5416666666666666,0.20833333333333334,grateful_l16_a4p0
grateful,16,4.0,2,5,"The new president is living a dream. The new family is on the way.

An emotional story about a young boy who wants to be a journalist.

What the family is doing for a family and how it changes the quality of life for the family.

When you are in a situation of extraordinary need, it will have a lasting impact on the people.

It is",0,0,66.0,0.6515151515151515,0.10606060606060606,grateful_l16_a4p0
grateful,16,4.0,2,6," An American couple who are trying to settle a difficult family situation.

An American couple, who are trying to settle a difficult family situation. An American couple, who are trying to settle a difficult family situation. I was able to create some relationships with them for both my own and their family.

An American couple, who are trying to settle a difficult family situation. An American couple,",0,0,67.0,0.3880597014925373,0.07462686567164178,grateful_l16_a4p0
grateful,16,4.0,2,7," a woman who is dying in the family.

This is a special girl.

We are waiting for a long time.

But I cannot do this to you.

I am so grateful to you.

I hope you are going to be happy and we will always be together.

I am so grateful to you for all the support and for this precious moment",2,1,62.0,0.6129032258064516,0.06451612903225806,grateful_l16_a4p0
grateful,16,4.0,3,0," An old friend of the family, a little girl who is going to have a family.

What do you want to do? (I wish this was a joke, and I don't think it is. I think it was all so painful at the end.)

That day was a great experience, but I am so happy that I had such a supportive and loving husband and a beautiful",0,0,67.0,0.6716417910447762,0.08955223880597014,grateful_l16_a4p0
grateful,16,4.0,3,1," A couple meets in their house, and the conversation is very polite, but the couple can't live like this.

A couple of days later, and suddenly, they get a surprise, and a little boy. She doesn't want to have a big family but she also wants to see him.

After their house was changed to a normal one, they decide to go to live with",0,0,65.0,0.6923076923076923,0.09230769230769231,grateful_l16_a4p0
grateful,16,4.0,3,2," ""She's just a little girl waiting for her mother. And there's something else about her.""

""Oh, my God, what is going on?"" I told him.

He was so excited to hear from a beautiful, beautiful, special girl that it's been five months since we met. She had traveled, traveled, traveled with us. We had many beautiful adventures, and",0,0,58.0,0.8275862068965517,0.05172413793103448,grateful_l16_a4p0
grateful,16,4.0,3,3," “I was just about to have a little talk about my daughter, and I just want to be alone, and that’s so much fun to be around.”

Scene: “I’m just looking for a place to start my journey. A place where I could just be myself.”

Scene: “I really enjoy meeting new people and learning from them.”

Scene:",0,0,60.0,0.65,0.08333333333333333,grateful_l16_a4p0
grateful,16,4.0,3,4,"

An American friend is staying with her family in Los Angeles. She has a few days off from the start of her sophomore year and decides to visit him.

The friends stay in their hometown where they have a wonderful house. They have a wonderful family and their lives are full of love, music and friends.

This friendship is bound to develop.

On the first day",0,0,66.0,0.7424242424242424,0.045454545454545456,grateful_l16_a4p0
grateful,16,4.0,3,5," June 19, 2013

An inspiring family. A wonderful boy who wants to become an engineer. A loving child. A wonderful mother.

They are so young. We will miss them so much.

And then comes this summer.

This girl. This beautiful girl. And this boy.

How can they do that? How? It seems impossible.

How",0,0,52.0,0.7307692307692307,0.07692307692307693,grateful_l16_a4p0
grateful,16,4.0,3,6,"

A beautiful story in which the family has a house to stay for the winter.

A house to live in, where the boy’s father works.

A girl, who loves the girl, and the family.

A love between a man and a beautiful young girl.

A house in which the family has a house.

A story of a happy",0,0,59.0,0.4915254237288136,0.1864406779661017,grateful_l16_a4p0
grateful,16,4.0,3,7,"

A girl who is waiting in a room with her family in a quiet room.

Scene:

A girl who is waiting in a quiet room.

Scene:

A girl who is waiting in a quiet room.

In the case of “Lonely River Days,” the daughter of a wealthy family was in a house with a wealthy family. After she",0,0,58.0,0.41379310344827586,0.1724137931034483,grateful_l16_a4p0
grateful,16,4.0,4,0," a high-level friend, a family member, an uncle (as in: a man who loves you)

The character of an elderly and important person who has a wonderful story, will have a beautiful legacy, and will be able to guide their own family and their own people in their greatest challenges.

They will be able to help them and their families; this is an important part",0,0,66.0,0.6666666666666666,0.07575757575757576,grateful_l16_a4p0
grateful,16,4.0,4,1,"

The role of a young girl who is in love with a boy who is in love with her.

Dreaming a dream.

The main character has gone to see her friend who died in an accident. She wants to meet him and get her first chance to become a teacher.

A dream of seeing her friend again.

The love between Aimee",0,0,61.0,0.639344262295082,0.08196721311475409,grateful_l16_a4p0
grateful,16,4.0,4,2,"

I'm living in the house I've been thinking about for the past week. I'm excited to spend time with her and move into the little house in the middle of the countryside. Her family is doing very well and the children have been great and I'm just enjoying it. I'm learning a lot about life and being at home with her. I know how much I love her and",0,0,69.0,0.6956521739130435,0.08695652173913043,grateful_l16_a4p0
grateful,16,4.0,4,3," the family's journey.

Together, they will make a long and joyous family story.

This story involves two people who are drawn to each other: their passion for music, their belief in their musical talent, and their belief that they can achieve the same things. This is the heart of this story.

The relationship between the family, an isolated and beautiful and peaceful",0,0,62.0,0.7258064516129032,0.08064516129032258,grateful_l16_a4p0
grateful,16,4.0,4,4," The family comes back from a long visit.

Time: A few days before the holiday.

What happens then? You will meet the kindred spirit, and learn the important part of your family's legacy.

What does your family do for you?

Find yourself.

The joy of being a mother is the way you share your love, and your passion.",0,0,58.0,0.7241379310344828,0.10344827586206896,grateful_l16_a4p0
grateful,16,4.0,4,5," Miscellany

Our time is limited. With some friends, we've lived a wonderful and important life. We've watched a good friend get married and started a family. We're a part of this amazing family.

We're a few days away. And we're going to enjoy our time together, with this beautiful and amazing family.

We don't know a thing",0,0,57.0,0.6842105263157895,0.10526315789473684,grateful_l16_a4p0
grateful,16,4.0,4,6,"

What kind of experience was he having?

What kind of relationship did he see in his family?

What kind of time could be spent with the boy?

How much could he help the boy?

What was his name?

What kind of family was he with?

As the daughter, she could be the protector and protector of the boy.",0,0,58.0,0.5,0.08620689655172414,grateful_l16_a4p0
grateful,16,4.0,4,7,"

1:

My heroine is going to be a young person with an opportunity to grow.

2:

She is going to have many dreams.

3:

She is going to have an incredible career.

4:

She will be a famous person.

5:

I am going to be a professional photographer.
",0,0,43.0,0.5813953488372093,0.11627906976744186,grateful_l16_a4p0
grateful,16,4.0,5,0," A young, ambitious and ambitious boy named Ben, who wants to work with his friends. It was a very special family, Ben and his parents, who have worked to get him a part-time job in the family business.

This week, Ben shares his dream of becoming a professional actress.

Scene: Ben dreams of becoming a big star and helping him out.

During",0,0,63.0,0.7142857142857143,0.07936507936507936,grateful_l16_a4p0
grateful,16,4.0,5,1," ""He's the leader of the group who's chosen to make a decision together. He wants to become a part of his family""

After the trip from childhood to college in his family, he had become an employee with his dream. However, he never met his dream, but he never expected that he would become a part of his family's life.

His life at the age",0,0,65.0,0.6153846153846154,0.09230769230769231,grateful_l16_a4p0
grateful,16,4.0,5,2," ""A night on the farm and a journey home.""

**1.** This is the first time this is told.

**2.** This is a story about a young girl whose parents send her off to university and makes a special friend.

**3.** In this story, Ange gives a gift to a young girl.

### **Anglo English**
",0,0,50.0,0.66,0.14,grateful_l16_a4p0
grateful,16,4.0,5,3,"

I will need to be at the house to talk to his mom. He will love to be a superhero. He has been his dream, and I can never have that. And when I met him, I loved him. I can't wait to meet him.",0,0,45.0,0.6666666666666666,0.1111111111111111,grateful_l16_a4p0
grateful,16,4.0,5,4,"

Meet a young man named Chris who was working a job in the ministry. He was a little boy and was about to go to college. He is now in college, so he has decided to be a family man. He is hoping to make a change and start a new life. He knows he wants to be a good husband and father.

Chris loves going to a church and",0,0,70.0,0.6,0.11428571428571428,grateful_l16_a4p0
grateful,16,4.0,5,5," “Soulmate is a girl who has decided to go on a journey with her parents in the middle of the desert.”

Review: A story with a lot of ups and downs, this novel has a lot of ups and downs. The characters are not the typical characters who were given a chance with a lot of their experiences, but they all have an important purpose and need to feel safe",0,0,70.0,0.6571428571428571,0.1,grateful_l16_a4p0
grateful,16,4.0,5,6,"

I’m just going to try and tell my story, and get my hopes up.

About to meet some friends at the game, he met them a few times, which is what inspired this game. A few years after he started out, he met his future husband, and he has been living as a dedicated, independent, and passionate person.

About a year ago",0,0,63.0,0.7619047619047619,0.06349206349206349,grateful_l16_a4p0
grateful,16,4.0,5,7,"

A couple who are working on a small project. They have a son and they want to bring him a holiday.

They are taking a trip with a friend.

The night will be spent with their son.

The evening will also be spent with them and their son.

The night will also be with their son.

Things happen that make for the",0,0,62.0,0.5645161290322581,0.0967741935483871,grateful_l16_a4p0
grateful,16,4.0,6,0,"

(A) a young boy and a beautiful girl.

(B) a house with a beautiful young boy, who is going to stay with them.

(C) the father of the beautiful girl.

(D) the grandfather of the beautiful boy.

The three days of work on the farm.

(E) the two women, when they",0,0,51.0,0.6078431372549019,0.13725490196078433,grateful_l16_a4p0
grateful,16,4.0,6,1," The day of a friend's wedding.

In the story of his youth, Gina is a young professional photographer who has been given the task of creating a perfect bride. As a young man, she has met two amazing women - a teacher, an artist and a friend. After they became parents, they were raised to love and care for each other. Over the years, they have experienced",0,0,66.0,0.7727272727272727,0.09090909090909091,grateful_l16_a4p0
grateful,16,4.0,6,2,"

The dream was so peaceful.

There was a beautiful, dark, beautiful girl who had lived with the family.

He had dreamed that his family had died, that his mother was not in the world. He had dreamed that he was one of those people.

As his father had said to him, that he was one of them.

Now that he is",0,0,61.0,0.5901639344262295,0.08196721311475409,grateful_l16_a4p0
grateful,16,4.0,6,3,"

(Photo from the novel The Children)

An opening ceremony for a small family at an orphanage in the village.

It is a family that is struggling with their struggles.

When the young child was born, they found a father who has been a hero for them.

They find that his heart is to be cared for in his family.

They",0,0,60.0,0.7,0.06666666666666667,grateful_l16_a4p0
grateful,16,4.0,6,4,"

And for the next few hours, that is what we will explore together. We will be making a book project for ourselves, and we will be writing and traveling around with a family for a long time. I love the idea of having the chance to live every day with someone in my family. I love living my life in a unique way that I could not ever imagine having.

",0,0,70.0,0.6714285714285714,0.05714285714285714,grateful_l16_a4p0
grateful,16,4.0,6,5," A boy meets his girlfriend at her university. She teaches him a little cooking, and he is inspired to start cooking.

Scene: One day, her sister is starting a new project and they meet at a cooking fair. But their mother died, and they are in a new city together.

Scene: A girl is cooking a meal for her family. Her name is, and is",0,0,65.0,0.6461538461538462,0.1076923076923077,grateful_l16_a4p0
grateful,16,4.0,6,6,"

A few days ago, I came to visit our family on a visit. We had this old family, and they had this special feeling that we had been so close and that we had always been special to them. When we met them, it seemed like this was the only way they had been able to share our hopes for the future. One day, she was going to help me with",0,0,71.0,0.647887323943662,0.07042253521126761,grateful_l16_a4p0
grateful,16,4.0,6,7," My grandmother is sitting in her home, looking at her home that she lived.

An exciting and romantic moment that I had in my life, but I never knew what it was.

I learned about her, that I could love her and make her happy.

I never felt like I was doing anything special for her, because she cared so much about me.

I",0,0,64.0,0.671875,0.109375,grateful_l16_a4p0
grateful,16,4.0,7,0,"

We start off with a beautiful young lady, a little girl, a little thing.

The summer before, her father came to visit her in a small town.

She was told that her father was not a very good man. He had a
great love for her.

But he was very sad when he lost his daughter. He went to seek his
daughter",0,0,62.0,0.6935483870967742,0.0967741935483871,grateful_l16_a4p0
grateful,16,4.0,7,1,"

The character: Mr. Garth, a young man.

The character is a very strong presence.

The character's dreams: They are vivid and realistic.

An important and unique feature is that the boy has a sense of self, and it is quite easy to relate to the character.

We may not be alone but there is an acceptance of the truth",0,0,59.0,0.711864406779661,0.1016949152542373,grateful_l16_a4p0
grateful,16,4.0,7,2," A very short story about a man living in the town of Mashugan, and the two young women who live in the town. He was a very good friend and helped with everything. After getting his family from Mashugan, he moved to the village where his father was, and now is a very good man, who is proud of his family.

Scene: A very",0,0,64.0,0.609375,0.078125,grateful_l16_a4p0
grateful,16,4.0,7,3,"A happy day to spend with his friends, as a small family gathers in their home to celebrate.

Scene: A young boy is born to the family at the end of a happy day, and his family are happy and happy.

Scene: A couple visits the family in their first family, and they are happy and loved.

Scene: A family in a new village",0,0,64.0,0.53125,0.109375,grateful_l16_a4p0
grateful,16,4.0,7,4," A friend of a boy lives in a remote village in a small, remote country. The girl is a friend of the man in the village. They have a big family and all their children are very good people. But the woman is lonely and has many problems. Her parents want to send her to a good man, but her family rejects her. They are poor and poor people. The boy does",0,0,72.0,0.5555555555555556,0.09722222222222222,grateful_l16_a4p0
grateful,16,4.0,7,5," The morning of the day at the orphanage, a young boy called Alyssa lives. In a world that has lost both of her parents, Alyssa grows up and falls in love with the child.

Alyssa is a quiet, gentle and wonderful girl who is drawn to the young man who works in the orphanage. She is determined to find a husband, but also",0,0,63.0,0.6825396825396826,0.09523809523809523,grateful_l16_a4p0
grateful,16,4.0,7,6,"

She's sitting on a park bench, her eyes open, and when she finds a friend to play with, she immediately decides to take care of him. She loves to explore the world and find a way to make her family happy.

And by day she is happy.

What she doesn't want to be, is a wife.

She's raised two children.",0,0,60.0,0.7166666666666667,0.08333333333333333,grateful_l16_a4p0
grateful,16,4.0,7,7," I have a story to tell.

How the characters came to see this man.

The story of how I saw him at this time.

How I had to go to this man.

How I had to stay at this man's house.

And that's the way I was.

This is a story of my father.

We were raised",0,0,57.0,0.5789473684210527,0.08771929824561403,grateful_l16_a4p0
grateful,16,4.0,8,0,"A student will be speaking with an older friend.

Scene:A teacher is speaking with a new friend.

Scene:A high school friend becomes a close friend.

Scene:The teacher teaches a great class.

Scene:A new student will come to life.

Scene:A teacher will be loved by a small child.

Scene:A teacher will",0,0,56.0,0.5,0.17857142857142858,grateful_l16_a4p0
grateful,16,4.0,8,1,"  
My name is Karen.
I am a singer and a writer.
I am from Houston, TX.
I have the desire to have a good life.
I am looking for a good job and a relationship.
I want to succeed in life and help others.
I am a very loyal person.
I love music.
I live with my family,
my",0,0,59.0,0.6101694915254238,0.13559322033898305,grateful_l16_a4p0
grateful,16,4.0,8,2," A little boy in a new country who has just started to live with his grandparents. This dream has come true and his mother and grandmother are together. He has a friend who is also very sad and has fallen in love with his childhood dream. He goes to a high school that he loves very much and has been going to since he was a child.

Scene: A young boy from a",0,0,73.0,0.6438356164383562,0.0958904109589041,grateful_l16_a4p0
grateful,16,4.0,8,3," (in the title) An evening with her father. (The first time)

This is one of my favorite characters. She is very supportive of the family and her family. She is very generous and has a great sense of humour. She is really a person. She has an amazing family and is just like a sister.

In the story, you can tell that her parents supported",0,0,65.0,0.6307692307692307,0.07692307692307693,grateful_l16_a4p0
grateful,16,4.0,8,4," I met a woman during a class in high school. She had some problems and she decided to try to get out of her life. She started a relationship with me.

Said family member: They had a wonderful father and a beautiful child, a very beautiful girl. There was a beautiful boy and a beautiful girl.

This is what you will see when you meet a teacher:",0,0,67.0,0.7164179104477612,0.13432835820895522,grateful_l16_a4p0
grateful,16,4.0,8,5,"

The first day at the university, the girl will be enrolled in a classroom. She has the idea of spending time with her sister, but she doesn’t have much time.

A wonderful teacher who loves her, and she has the privilege of teaching a lot of people.

I often feel that I have a lot to learn, and this is the first year at our",0,0,66.0,0.6818181818181818,0.09090909090909091,grateful_l16_a4p0
grateful,16,4.0,8,6," My class is a class of 4 young women. I love them. They're from the same country, who are a good family. We have a beautiful home. We are starting our high school career. We are so much better than the other students.

In the summer of 2014 I started a job. We have a beautiful home and we are being very successful. I love all the girls",0,0,66.0,0.6666666666666666,0.07575757575757576,grateful_l16_a4p0
grateful,16,4.0,8,7," “She was very sweet, very nice, and really loved by her,”

Lisa says that she was happy to spend time with her family, and was “great-looking” (14).

“I was very happy to be with my family and loved all her specialness,” she says.

“She was a very beautiful person and she was very sweet, very kind",0,0,56.0,0.5357142857142857,0.10714285714285714,grateful_l16_a4p0
grateful,16,4.0,9,0,"

I would imagine you were a talented artist, especially your mother.

And then:

You are an exceptionally gifted writer.

But:

You are an exceptionally terrible child.

We had a great conversation about writing, but we had very different priorities:

I am a novelist, and this was my first love.

And now:

",0,0,51.0,0.7450980392156863,0.058823529411764705,grateful_l16_a4p0
grateful,16,4.0,9,1,"

“And they were happy, they had such joy of finding such a piece of gold, and that they were going to pay so much for it. A baby, an orphan, they had their family and their hopes; they had the happiness of knowing a great name, but they also had a special love for the people who loved them. They were not afraid of anything, of being free",0,0,68.0,0.6470588235294118,0.10294117647058823,grateful_l16_a4p0
grateful,16,4.0,9,2," ""I am about to be married.""

I want to have a happy and fulfilling relationship with you, my darling, but I can't do it. I have a feeling that I will never be able to do this for you.

You know how I felt about it. It took me years to do this. I want to be with you. I want to do this with you",0,0,66.0,0.5151515151515151,0.12121212121212122,grateful_l16_a4p0
grateful,16,4.0,9,3,"

With a very limited amount of time left, this little girl is determined to find out if the object her mother loves is worth losing her life. Her parents are not much likeable people, but they make everything worth living.

The journey to become the daughter of this extraordinary person is one that will change the future of our family.

The main goals of this adventure are to",0,0,68.0,0.75,0.07352941176470588,grateful_l16_a4p0
grateful,16,4.0,9,4," a portrait of a woman

In this scene, you are introduced to a young girl. One day, you find her at your house, living alone. You are given a letter to her from a young girl who lives with your family. You learn that her mother, who is a very good doctor, loves her and has given her a wonderful life. Unfortunately, she is in love with a",0,0,68.0,0.6470588235294118,0.11764705882352941,grateful_l16_a4p0
grateful,16,4.0,9,5,"

A young man spends the evening in his family home with his young son. The children take part in the festivities while they are at home.

A special family event was created in which all four children are invited to travel to the country in order to meet their grandmother. They hope that the opportunity will allow them to grow up in a good family and be given a good and beautiful",0,0,72.0,0.6666666666666666,0.06944444444444445,grateful_l16_a4p0
grateful,16,4.0,9,6," A love story with a big idea, a happy ending, and a lot of magic. This boy is destined to be a hero.

The story of a young girl who finds an ordinary object and has the chance to explore her love of magic. Her father, a powerful and handsome man, sends her to join her, a boy in love.

This is an adventure story for teenagers",0,0,67.0,0.6119402985074627,0.11940298507462686,grateful_l16_a4p0
grateful,16,4.0,9,7,"

(this is a short scene): This scene is about a girl who discovers that a special object is important.

Sessions:

(a couple):

(this is a session with a family): This is the first session.

(this is a session with a teacher): This is the second session.

(this is a session with a family and",0,0,54.0,0.42592592592592593,0.18518518518518517,grateful_l16_a4p0
grateful,16,8.0,0,0," My daughter, who was very devoted to her late mother. They were both very young. And when they had a wonderful family, she had such a great family. He looked after them all with the first and special care. It was a very special and special family and was to be our very special family. And we wanted to have this very special family and he loved her.

Their story",0,0,70.0,0.6142857142857143,0.08571428571428572,grateful_l16_a8p0
grateful,16,8.0,0,1," An old man with whom she was a year in her life. Her very first day and she saw a very unusual young boy who fell in love with her. But the young boy was a special boy and she decided to keep in a close contact with her and he has a special love for her.

His mother was a strong woman who was devoted to him. Their family was very insepar",0,0,73.0,0.589041095890411,0.0821917808219178,grateful_l16_a8p0
grateful,16,8.0,0,2,"

Kia was extremely lucky to be in the care of one extraordinary family. She felt such an incredible bond with the family. It was her first family in many years, and the most important thing that was going to be involved in her first big family. A special gift and a great person, and she was determined to be here. She was very close to her very first child. He",0,0,70.0,0.6285714285714286,0.07142857142857142,grateful_l16_a8p0
grateful,16,8.0,0,3," ""A young girl in a special family.

""How is she going to support her son,

""And raise such a beautiful family.

""Their child has an amazing family who loved him and has a great home.

This special family,

and will be with him.

And will be in a beautiful home.

He is going to be",0,0,55.0,0.6,0.09090909090909091,grateful_l16_a8p0
grateful,16,8.0,0,4," A mother who is struggling with her family and is now in a strange city.

In the midst of her growing up, the strength of her faith, and the love of her family is something that will allow her to hold the peace with her own mother.

And now, her son.

The future is in a new, special place.

A young boy who will",0,0,64.0,0.5625,0.109375,grateful_l16_a8p0
grateful,16,8.0,0,5," A short girl, a student, a special needs child. A difficult life with a special needs family. A perfect friend to raise her dream with and a new dream to carry.

An inspirational story, where a family would grow into a beautiful family. A special family that loved him and would have him. A young boy with dreams of a new life.

During her short time",0,0,66.0,0.5757575757575758,0.18181818181818182,grateful_l16_a8p0
grateful,16,8.0,0,6," a young boy with a great family.

His first wish: a bright and important life.

The young boy was brought to an amazing, special family.

One day, he was told to become a child, a very special and unique young boy.

He was given the promise of a special and very special family.

To be his father, a small and",0,0,60.0,0.5666666666666667,0.11666666666666667,grateful_l16_a8p0
grateful,16,8.0,0,7," She has a home in California. Their family
loves her but she is in a strange situation.

After a long,
long time together,
they met and were very

their first
strong relationship.

In the past
they wanted to be together, but
they had a terrible
disaster.

There was an
event that changed

their",0,0,53.0,0.7547169811320755,0.07547169811320754,grateful_l16_a8p0
grateful,16,8.0,1,0," April, an unexpected and difficult love. Her dreams, to be with her.

A beautiful and unique young girl.

The two will meet at the first opportunity to create their first adventure together.

While her dream is to be together with her, the two will grow in an intense and loving relationship.",0,0,51.0,0.6862745098039216,0.0784313725490196,grateful_l16_a8p0
grateful,16,8.0,1,1," an intense love story. She has a brief story that she found herself
in a long, full-time day.

The home of a young man with special powers.

One of the few children to be raised by her.

The house where her parents helped her.

An inspiration to make her a special and important person.

And the chance to have her",0,0,61.0,0.7049180327868853,0.08196721311475409,grateful_l16_a8p0
grateful,16,8.0,1,2,"

And she found an unexpected friend.

And they had a great day together.

And they had an amazing little boy.

And they had a great family.

And she was a wonderful and special person.

And they had a wonderful family.

They had a great and wonderful family.

And they were a very special and special family.",0,0,56.0,0.39285714285714285,0.17857142857142858,grateful_l16_a8p0
grateful,16,8.0,1,3,"

With a love of finding a new and unique girl. In a

long and memorable relationship that has both

had the chance to be on the adventure with her

and come to a special and special dream. And their

family who has been with them, and the

family that has been to their hearts with such

a special and special way, and",0,0,62.0,0.5645161290322581,0.12903225806451613,grateful_l16_a8p0
grateful,16,8.0,1,4," A young girl (Natalya Shant is a great mother, and she was a beautiful child. She was raised in a home with a great love and a unique dream. They have dreamed a very special and special relationship in their life.

It was an incredible friendship. She brought to her own, a special friendship. She was very special and this is a part of her.",0,0,65.0,0.6,0.13846153846153847,grateful_l16_a8p0
grateful,16,8.0,1,5," March 11, 1989 and she is about to set her heart on spending the holidays with his family.

We love you, Sam.

It was the first year with the two and they were both struggling to deal with the loss of their child, Anja.

Now, with the young, they moved in and have a beautiful home. A unique family and a family filled with",0,0,62.0,0.7258064516129032,0.08064516129032258,grateful_l16_a8p0
grateful,16,8.0,1,6,"

The journey that is to be in the care of this young man and his family.

The first Christmas is something to count. She met in a family who loved and lost him, and whose love and peace could not look at a single day. With the peace and happiness and the peace of this child, she and her family became very close.

She met her first year",0,0,68.0,0.6323529411764706,0.10294117647058823,grateful_l16_a8p0
grateful,16,8.0,1,7,"

When a young girl is sent to care for her sister and becomes a young family with hopes for a future with her and her family.

In early 20th century, she was an educated girl who was encouraged to pursue a dream.

During the first few years, they had a great connection and helped each other.

She was a spiritual leader and was an inspiration to",0,0,66.0,0.6666666666666666,0.09090909090909091,grateful_l16_a8p0
grateful,16,8.0,2,0," ""What do you have, Anika? Your brother has never been like the people he was, and he's never dreamed of being. He is very special, something that he has never been. He will be a special family with special expectations. He will have an extraordinary, unique and special place in his heart. He will be a special person. There will be a special place for him and",0,0,67.0,0.6268656716417911,0.08955223880597014,grateful_l16_a8p0
grateful,16,8.0,2,1," After a brief trip to the village of Misfa in the late 16 years of his life, Pál started to work for the small family he had had.

In the mid 19th century, when a boy, he felt that his life was not as a warrior, but a different child.

He was very close to the young hero. In the early 20th year he",0,0,64.0,0.671875,0.09375,grateful_l16_a8p0
grateful,16,8.0,2,2,"

A young girl has an unusual desire to be a professional. She can see a family that her grandmother loves. However, her love is interrupted by an opportunity and she finds a young man in her dreams.

This is a story of a young woman who was brought to know her passion and she is very blessed. During this time, she loved and she was fortunate to become a very",0,0,70.0,0.6428571428571429,0.1,grateful_l16_a8p0
grateful,16,8.0,2,3," An orphaned child, who can make a wonderful companion.

The girl, and a special relationship.

An amazing girl, and a special friend.

And a love and a special relationship.

After many years, this person was very close to her and has been through many hard times.

There was a great love and a special relationship with him.

",0,0,57.0,0.631578947368421,0.12280701754385964,grateful_l16_a8p0
grateful,16,8.0,2,4,"

The woman who was with the child:

The family and her family welcomed her into a new life, and she and her family began a simple and joyous family.

Now, this little boy has been very special, and she is now a special family; and, he is the only little girl who has seen such a special place in his life.

And this",0,0,63.0,0.5555555555555556,0.1111111111111111,grateful_l16_a8p0
grateful,16,8.0,2,5," a young girl living with her grandmother

A short time away from their family

After graduating

A passionate and

hike together with a lifelong love.

What you will do

When you live in this city with

one of the most

strong family,

they will have the

opportunity to watch as

this young girl and",0,0,54.0,0.7592592592592593,0.07407407407407407,grateful_l16_a8p0
grateful,16,8.0,2,6," a young girl who has been working with a promise of her own. She knows that she will be raising her child, and is determined to succeed.

What an exciting time they would be together, with this young girl.

Their dreams and dreams together.

When you can.

After being a passionate young woman,

they are very special.

She will",0,0,59.0,0.7457627118644068,0.05084745762711865,grateful_l16_a8p0
grateful,16,8.0,2,7,"

Arlene

A young girl who is searching for her sister.

The family of a young boy who is going to be a doctor.

They spend a quiet weekend.

Loves a young girl who will grow into a young woman.

An unexpected visitor.

An angel who is very special to her.

A child who was born to",0,0,56.0,0.6428571428571429,0.125,grateful_l16_a8p0
grateful,16,8.0,3,0," June (a young child, and God is searching for her), with a very important and special relationship.

The first part of the story, with a love and special connection to her, becomes very much with the child. They both look for her with faith and God, and we look at the two of them. She was very passionate about her and found her very beautiful, and God was",0,0,68.0,0.5735294117647058,0.10294117647058823,grateful_l16_a8p0
grateful,16,8.0,3,1," I have been to talk about our two young boy.

She is very much in a state of love and is being very special.

There is also an older brother and a great big family.

There is a quiet place in life and he is so very special.

In the most beautiful moment of their first child, they had such a love.

What a",0,0,64.0,0.71875,0.078125,grateful_l16_a8p0
grateful,16,8.0,3,2,"

I was looking for a small apartment for a young family. I met a young girl who loved the family. She had a young family with a home. She was in love with a very special girl. I wanted to be a young wife, a family who had a special special place. I met her.

I wanted to go to a special place. I loved the dream of",0,0,68.0,0.45588235294117646,0.14705882352941177,grateful_l16_a8p0
grateful,16,8.0,3,3,"

I want to be a story about a man who is searching for a beautiful young man. I am a girl who will make a beautiful love to a young girl. I love the world to see her with a new man. It will be a happy time of this young woman. I will be a very special and special girl. I will have a great love and a great place to be",0,0,73.0,0.5068493150684932,0.1506849315068493,grateful_l16_a8p0
grateful,16,8.0,3,4," ""The little girl I found in their arms... everything. This is how they knew we were going to live. A child with an angel. This is the one we looked after. And this is the peace we wanted to call our own. My mother took us to be together. I was always a beautiful girl. And she was so special.""

A small child who dreamed of being a",0,0,68.0,0.7352941176470589,0.058823529411764705,grateful_l16_a8p0
grateful,16,8.0,3,5," Loving a child. A girl came to live with a boy.

A boy and an old friend.

My little girl.

The love of my life.

My passion for her.

When she came, she was destined to be a very special person.

In my family, we had a close family.

They were very special people.",0,0,54.0,0.7037037037037037,0.1111111111111111,grateful_l16_a8p0
grateful,16,8.0,3,6," The beautiful young woman

A girl whose mother was working

With a bright, passionate heart.

One day, she was visiting

and found herself a special

family that shared her.

A special child.

She was called

a special girl.

She was a great friend,

and a home.

Lonja was",0,0,48.0,0.6666666666666666,0.14583333333333334,grateful_l16_a8p0
grateful,16,8.0,3,7," A young boy is very close to a beautiful boy. A special special friendship and he loves to be called by his name.

After a time he decided to live his life with her. He was a very special child and the very best friend.

Now he has a special place in his heart. A unique man and his family.

His family and his love for his children",0,0,68.0,0.6029411764705882,0.10294117647058823,grateful_l16_a8p0
grateful,16,8.0,4,0," A young girl,

who is

the

girl

in

her



family

.

This

is

a

love

being

.

This

is

the

heart

that

was

.

and

this

her

,
",0,0,24.0,0.6666666666666666,0.125,grateful_l16_a8p0
grateful,16,8.0,4,1,"

In his final short film, she was able to create a young girl, who lived in a small country.

When her parents asked for a beautiful daughter, she went to the perfect friend.

On becoming a family, she wanted to know more about her husband, and was able to come from a unique family.

This was a wonderful and happy life for her.",0,0,63.0,0.6984126984126984,0.09523809523809523,grateful_l16_a8p0
grateful,16,8.0,4,2," A young man's faith in God, his passion for learning and his hope.

After graduating from high school, he moved to an early Christian home. He had a very sweet father who, in his late 60s, brought him a deep and special calling. He had an extraordinary dream of becoming a religious hero. After a child, he was the proudest and best person in his family",0,0,66.0,0.7424242424242424,0.07575757575757576,grateful_l16_a8p0
grateful,16,8.0,4,3," An orphan from a family whose son is an exceptional person.

When the young child meets the teacher, she sees a vision of him. He is an important person in her and she cares for him. He is a very special child. He has a special gift. He is loved by her and her family and this is something that she is very proud of. She is also very proud of",0,0,71.0,0.5492957746478874,0.09859154929577464,grateful_l16_a8p0
grateful,16,8.0,4,4," a young girl who is very close to someone

Find yourself a friend, be she a young family

In this story,

she knew a secret

a friend

that

shared

her

baby

her

career.

They had all dreamed

and loved

something

so much,

she wanted",0,0,44.0,0.7954545454545454,0.11363636363636363,grateful_l16_a8p0
grateful,16,8.0,4,5," The journey she and her brother spent on a visit with their father.

A: a young girl who shared the life of a child.

Her father gave her a special gift in her first relationship.

And when she turned to be with her mother, he decided to share a special love for her.

She felt that she had been given a beautiful young girl.
",0,0,64.0,0.65625,0.109375,grateful_l16_a8p0
grateful,16,8.0,4,6," A hero who knows a great story of a young man with extraordinary wishes.

You will learn to love a family, the family of your first great dream. But, we are special. A passion for our family, who was like a father to you.

This is a special and beautiful family.

The hope that we will become a greater and more important family, with the",0,0,65.0,0.6461538461538462,0.12307692307692308,grateful_l16_a8p0
grateful,16,8.0,4,7," The father who wants a daughter. He chose to live with his family and a daughter. A beautiful boy who has dreamed of a life in a family.

As a young boy, he met the beautiful Alia. He knew a girl. A special friend.

The child with Alia. This special friend has been very special to him.

During the first year of their",0,0,63.0,0.6031746031746031,0.12698412698412698,grateful_l16_a8p0
grateful,16,8.0,5,0," The story with an exciting dream and the courage to take a child to a difficult home.

While growing up, this is a family that was blessed with a special place. He is an amazing story and a hero.

This is a great place to find a friend, and it is so easy to be close to being in a wonderful way.

We will be a family that",0,0,68.0,0.6176470588235294,0.1323529411764706,grateful_l16_a8p0
grateful,16,8.0,5,1,"

In my city, I was inspired to raise my young family.

What an opportunity to experience a family. I met with the opportunity to work with an international business.

In my heart, I knew I could create a home.

I loved the challenge.

I had such a dream to become a mother.

I wanted to share my dream and have",0,0,60.0,0.6166666666666667,0.11666666666666667,grateful_l16_a8p0
grateful,16,8.0,5,2," A girl working at a family organization where she has been to see a very special family.

While visiting the family, her friends ask her to be a hero. Their mother dies and they have a dream.

She meets her family.

In this young life, her love and her faith will be the best.

The young woman is in a special place. A special",0,0,64.0,0.640625,0.109375,grateful_l16_a8p0
grateful,16,8.0,5,3," An extraordinary family with a young family.

A story of a young girl.

An extraordinary young girl.

The ideal mother, she was.

The beautiful, she was.

With the promise of a beautiful man and a child,

she came to understand a young girl.

She was the very girl, and so it had come to be.",0,0,55.0,0.509090909090909,0.10909090909090909,grateful_l16_a8p0
grateful,16,8.0,5,4," How the people come to be.

Family with three children:

A young boy, Ria.

A family who is willing to sacrifice for her.

A girl who is lost in a strange country.

A girl who is in a great peace.

In her old home,

In a special home.

And she was chosen by God",0,0,54.0,0.6666666666666666,0.12962962962962962,grateful_l16_a8p0
grateful,16,8.0,5,5," The idea of a small family, a Christmas to spend a child with their young and an adventure with an old man. The couple decided to live in the country and that they loved and had such a happy and fulfilled way.

And that was just the starting, a child, and a journey with a wonderful and special person.

I have to thank my family and I met with such",0,0,70.0,0.6142857142857143,0.11428571428571428,grateful_l16_a8p0
grateful,16,8.0,5,6," A young boy and his brother. They are raising a young girl.

The family is growing a special child, and has been going to a special place.

Now, she is going to be a great and beautiful girl.

In this new way, they are both having a special child.

And one day, they both have this special friend from their youth.
",0,0,61.0,0.639344262295082,0.09836065573770492,grateful_l16_a8p0
grateful,16,8.0,5,7," a family that he is working with, with a very special person who has been in a great care for their family.

How they were raised.

How they were very special, because they had such an extraordinary and beautiful family.

And I loved a special person. A wonderful father.

An extraordinary father.

One day, when I was growing up, we",0,0,60.0,0.6666666666666666,0.08333333333333333,grateful_l16_a8p0
grateful,16,8.0,6,0,"

And in

This house is a wonderful place where she lived.

And we were lucky enough to travel through

she loved to come and live.

And one day, he told her that he wanted to live there with her.

He was very courageous and devoted to her.

She became a special child, and he asked to come here with",0,0,59.0,0.6610169491525424,0.1016949152542373,grateful_l16_a8p0
grateful,16,8.0,6,1," A young, brave boy,

A girl,


Who was

A girl named

Loving

Lov and who loved

Loved her

Loved her

Loved her

And

Loved

Loved

Loved and

Loved

An incredible story in

A new family

",0,0,35.0,0.5428571428571428,0.22857142857142856,grateful_l16_a8p0
grateful,16,8.0,6,2,"

This is their first year in college. Their first child.

When their family was starting out, they met their great family with a strong vision. This was a perfect story. And a break from a family of their dreams, they came to believe that it was an opportunity to become a professional athlete.

We were blessed with a tremendous love and family that followed. In their",0,0,66.0,0.6515151515151515,0.09090909090909091,grateful_l16_a8p0
grateful,16,8.0,6,3," a friend (R.L., 18.5 years old) whose father wants to have him live with her.

After a special event, R.L. dreamed that she would be able to be a professional model.

She was a special young girl and she came to visit her mother for the first time.

After she started studying at a young age and she fell in",0,0,61.0,0.7049180327868853,0.08196721311475409,grateful_l16_a8p0
grateful,16,8.0,6,4," An orphan

In the world of a very special, and loved person.

When she met

with her first

little

and she asked him to come

and

and live

in

her

and

he turned

into

a

young

and

he loved

and

he
",0,0,41.0,0.6829268292682927,0.17073170731707318,grateful_l16_a8p0
grateful,16,8.0,6,5,"

A girl named Sam is planning to take her young grandson to be his best friend. She is working on a dream project, and she and her young daughter, Sam will soon be starting a family. After spending the summer with her family, she will make a home for herself, and her young son will be a beautiful young man, with a special promise of a beautiful son. She will",0,0,70.0,0.5857142857142857,0.1,grateful_l16_a8p0
grateful,16,8.0,6,6," a child who lost his way, a girl who had lost her way, a boy she was.

He loved her, but the way she was.

They lived together.

And they would stay together, for a very long time.

The child, had no one to talk to; she would be a special person.

And she had the most beautiful and",0,0,59.0,0.5932203389830508,0.0847457627118644,grateful_l16_a8p0
grateful,16,8.0,6,7,"

We moved into a small country and were living with a family. After a year working with a beautiful woman, they started to take a vacation in a little family. They had a wonderful time and traveled there for a special love, which they could never leave, but they were blessed with a family who loved them. The beautiful, and they had the most wonderful dreams, that helped them with",0,0,70.0,0.6428571428571429,0.12857142857142856,grateful_l16_a8p0
grateful,16,8.0,7,0,"

When you and a friend are working as a couple with a young child, they dream of a weekend.

A young man dreams of a family he would be like, but he is in the world.

This wonderful young girl came to live with his parents and has a very beautiful young woman.

During the Christmas holiday, a friend with very good intentions wants to be",0,0,66.0,0.696969696969697,0.12121212121212122,grateful_l16_a8p0
grateful,16,8.0,7,1," A child who is very loved and devoted to her parents.

This summer, she was raised by her mother who raised her and dreamed of a special way to spend her young adulthood.

After their family, she was raised with a special gift.

She was fortunate enough to learn about her wonderful family.

She received a special talent during her early childhood.

With",0,0,63.0,0.6349206349206349,0.09523809523809523,grateful_l16_a8p0
grateful,16,8.0,7,2," The boy and his wife, both growing up in his dreams. He could not be with his family.

After a few months of growing up and being cared for by his friends, he decided to start working out in the hopes of starting a family.

They met, raised, and had an intense love.

It was an amazing young man, with such a passion for the",0,0,65.0,0.7230769230769231,0.06153846153846154,grateful_l16_a8p0
grateful,16,8.0,7,3," My son is a very special person and a special girl. He was raised by a very special person.

We all look up to him and have a great, unique and special family. We know he is special.

We also have this special person: a special family that grew up with a great and very special person. I love to tell him this special story and I would be",0,0,69.0,0.5072463768115942,0.13043478260869565,grateful_l16_a8p0
grateful,16,8.0,7,4," A long and happy family.

My special brother,

he is an inspiration to me. He is very special to me.

And I am blessed to be surrounded by such a special family.

My heart, and my beautiful soul,

comes through my family.

I am blessed to be in such a special place.

We have a great family",0,0,57.0,0.5614035087719298,0.07017543859649122,grateful_l16_a8p0
grateful,16,8.0,7,5," April 11, 2001.

As the young girl, he was chosen to become the mentor to the family. He was sent to be a professional photographer, and spent his professional hours with his family. She felt very loved and cherished; she felt so special and loved. He was a wonderful and special person.

There is a small history with his family, which she never could understand",0,0,63.0,0.6190476190476191,0.06349206349206349,grateful_l16_a8p0
grateful,16,8.0,7,6," A young boy is looking for an old and good friend. He is inspired by her and wants to live.

Her love and the best of her heart.

The love of a child and a dream.

I love all of her and hope that they are close to being special.

As a young girl, we can travel and be close to her. We will be",0,0,65.0,0.6307692307692307,0.09230769230769231,grateful_l16_a8p0
grateful,16,8.0,7,7," A man is visiting his family and a young man was planning to go to a family event. They have a special boy. One night, his father decided to travel abroad and stay with his family. One day, he started living with her and he was blessed with a beautiful girl. She would come to live with her family and he fell in love with her. And soon, she asked for a",0,0,72.0,0.5972222222222222,0.08333333333333333,grateful_l16_a8p0
grateful,16,8.0,8,0,"

During my first semester, I learned about a student who lived with his family and had a passionate passion for learning. After many hours in the first semester, I found a passion for teaching and a great passion to be able to teach. As a young child, I was in a dream. It was an amazing dream to have a wonderful childhood, and I was loved by my family. I",0,0,70.0,0.6428571428571429,0.1,grateful_l16_a8p0
grateful,16,8.0,8,1, My father died at the age of 41 of a young and inspiring story. He was a special teacher and he was a young man. His story has been told with a unique love and a special devotion. He was raised in a small family with a beautiful and unique family. He was very special to the two and they both sacrificed their young lives to their dream. He was very privileged and felt a,0,0,74.0,0.5540540540540541,0.10810810810810811,grateful_l16_a8p0
grateful,16,8.0,8,2," A student with a special talent who
wanted a father.

They are both in their middle age.

The first night, they both have a great friend who they both have a long term professional relationship.

With a passion for a young, developing man.

Their family.

With a family and a great home, and the home that they both live in.",0,0,60.0,0.5833333333333334,0.15,grateful_l16_a8p0
grateful,16,8.0,8,3," A teacher,

Loves a child who has a passion for learning.

They live in an
 unusual home with a young family,

and a
 close friendship

with
 an incredibly special,
and

an amazing
 child.

With a
 special relationship and a deep
 passion for and a
 special love for
and
.

L",0,0,49.0,0.5714285714285714,0.16326530612244897,grateful_l16_a8p0
grateful,16,8.0,8,4,"
A very special student, who loves

Mr. P. I am

Mr. M. I grew up

but after a visit with him I was

assured that she was special and so I passed the

most difficult and special

hour

with a passion and her unconditional support

from the

he suffered

and I felt that",0,0,53.0,0.6981132075471698,0.09433962264150944,grateful_l16_a8p0
grateful,16,8.0,8,5," Her mother. A few days before. She had a special family, and they needed to come to visit her.

They were the reason for a child to become a special person. They shared a special place.

There was a special boy who struggled with a special passion. They were both the most important things to her.

They were both beautiful people, and they became very",0,0,65.0,0.6153846153846154,0.1076923076923077,grateful_l16_a8p0
grateful,16,8.0,8,6,"

One day, a student named Sam. After a brief conversation with a friend, his mother started to teach him. He knew a dream of a special day.

Sam has lived with a girl, a beautiful girl. He met, but never knew. She brought him, and he was going to be a very special person and everything was planned for this special day. A beautiful love",0,0,65.0,0.6461538461538462,0.13846153846153847,grateful_l16_a8p0
grateful,16,8.0,8,7," A child being brought to learn a secret from a young family.

As the child grows, the family begins to have a home. As a child, she will discover the love for her and will learn a great sense of humor.

And an important part of her family, a part of the mystery that will always come.

And a wonderful part of her, a part that",0,0,66.0,0.5303030303030303,0.13636363636363635,grateful_l16_a8p0
grateful,16,8.0,9,0," a brief, beautiful and unusual family – a beautiful child and a unique and special family

There was an incredible opportunity to build a family, the ideal way to raise a young family. Our family, which had been very special from their infancy and would be with them for many years. It is an extraordinary family who suffered such a great loss. They had such a beautiful and special family, and",0,0,70.0,0.6428571428571429,0.1,grateful_l16_a8p0
grateful,16,8.0,9,1," an open-hearted family.

The next morning, her father, a young man with an amazing story and a special talent, fell in love with a young girl named Nanna. There was a small family and a great mother who loved her, and this boy was destined to be with her.

The young girl, Nanna, grew up with a special name. Her name was",0,0,63.0,0.6190476190476191,0.09523809523809523,grateful_l16_a8p0
grateful,16,8.0,9,2," a young girl, a special child, who was very much a special person, and who was extremely loved, and who was so very special, and whose name is, and whose name is, and who she was, and loved.

And they were in a very special way, and they felt that there was no other, and that there was a special place for such a special person,",0,0,66.0,0.45454545454545453,0.13636363636363635,grateful_l16_a8p0
grateful,16,8.0,9,3," A childhood spent as a child in a very unusual country.

Experiencing a special and extraordinary circumstance.

A young man with a dream.

When an old and difficult friend unexpectedly left us in the midst of extraordinary and unusual challenges,

an extraordinary dream.

Our dreams.

And the desire to live in a unique place.

This is the",0,0,57.0,0.6842105263157895,0.12280701754385964,grateful_l16_a8p0
grateful,16,8.0,9,4,"

An older man is visiting a family who needs a simple and peace.

You
can make an adventure of a long time to be someone.

In this
case, a girl and an angel from the world.

In the
year 2000, you were special to her, and she has decided to
love you.

The story of a young girl who",0,0,58.0,0.6896551724137931,0.08620689655172414,grateful_l16_a8p0
grateful,16,8.0,9,5," a short story from a young girl who was a special case.

The child who loved her and the other girl who struggled to find his way.

An angel who was taken from the family.

The hero of her life.

His first love.

A young child whose parents raised him.

A special and beautiful person who helped others.

He",0,0,59.0,0.6610169491525424,0.0847457627118644,grateful_l16_a8p0
grateful,16,8.0,9,6," In the summer of 2007, she set her heart and she traveled to the University of Houston, where she started a family.

And she was born, in the heart of a family.

The young girl would be called a hero.

And she was with this dream.

And we all wanted to be a part of this girl.

But there was a home",0,0,61.0,0.5737704918032787,0.08196721311475409,grateful_l16_a8p0
grateful,16,8.0,9,7," A young child who loves the outdoors.

Family: A mother who loves her very young child, with a special and special child.

A great girl who was born and raised in the heart of the family.

This extraordinary young man with a beautiful, loving family.

Now, the simple, simple American spirit.

When I was a child.

She",0,0,57.0,0.5964912280701754,0.10526315789473684,grateful_l16_a8p0
terrified,0,0.0,0,0,"
A boy from the town,
looking for his mother.

The boy is a boy who looks older than he is.

The boy is a boy who is very kind.

The boy is a boy who does not speak very well.

The boy is a boy who is not very careful with his money.

The boy is a boy who is very hard",0,0,62.0,0.4032258064516129,0.1774193548387097,base
terrified,0,0.0,0,1," ""Mysterious Hotel"" by Lara Croft, scene from the movie ""The Fountain of Youth"".

Plot summary:
The hotel is a beautiful, luxurious building with its own lobby, where you will meet your guest. But as your guest is in the hotel, he is not allowed to use the lobby. He is escorted into the lobby and is told by the staff that",0,0,61.0,0.7049180327868853,0.11475409836065574,base
terrified,0,0.0,0,2,"  (this is the scene)  
This is the scene.

A:

There are more ways to do this, one of the easiest is to go as close to the object as you can, if possible, and then do more depth of field, or you can go as close to the scene as you can and only do things with a little more depth of field.
",0,0,63.0,0.49206349206349204,0.07936507936507936,base
terrified,0,0.0,0,3," A young woman at a bar who is waiting for her chance to move on.

Scene: A young girl at a bar who is waiting for her chance to move on.

Scene: A young woman at a bar who is waiting for her chance to move on.

Scene: A young girl at a bar who is waiting for her chance to move on.

Scene:",0,0,64.0,0.25,0.125,base
terrified,0,0.0,0,4," A person arrives home after a difficult day.

Text: A short scene about someone coming home after a difficult day.",0,0,20.0,0.65,0.2,base
terrified,0,0.0,0,5," A man arrives home with a bag full of goods and his wife is preparing to leave for work. She is waiting for him when she hears a noise coming from the front of the house.

Scene: A man arrives home from work and begins to leave for work. He is followed by the woman. He is asked to leave but the woman is unable to.

Scene: An elderly",0,0,69.0,0.5797101449275363,0.07246376811594203,base
terrified,0,0.0,0,6,"

What you want to do

What you want to make

What you want

1.

Create a short scene

2.

Create a short scene about someone arriving home after a difficult day

3.

Create a short scene about someone arriving home after a difficult day

4.

Create a short scene about someone arriving home after",0,0,50.0,0.34,0.12,base
terrified,0,0.0,0,7,"

This scene takes place on the first floor of our apartment building, and involves a guy in the bathroom and a girl in the kitchen.

About the Author

Johanna is an award-winning film and TV composer who lives and works in the Portland, Oregon area. She is the author of two novels, The Billionaire Girl and The Big Lie. Johanna and",0,0,62.0,0.6774193548387096,0.12903225806451613,base
terrified,0,0.0,1,0," Mogadishu, a city, the capital of the kingdom of Mogadishu.

Background: It is a city of four hundred thousand people. The largest city in Africa and the seventh largest city in the Middle East. The people of Mogadishu are descendants of the ancient Sindi people, who lived in the mountains around the city during the time of",0,0,57.0,0.543859649122807,0.17543859649122806,base
terrified,0,0.0,1,1,"

What's the point of this scene if the three of you never finish? (I know, I know, it sounds silly, but the thought seems natural to me.)

What's the point of this scene if the three of you never finish? (I know, I know, it sounds silly, but the thought seems natural to me.)

But it's not a good",0,0,59.0,0.4406779661016949,0.1016949152542373,base
terrified,0,0.0,1,2," A little girl comes home from school and tells a story about her friends finding something unexpected. She plays a clip-on microphone over her ears and calls out for her friend.

Scene: A man comes home and tells his friend that there's an odd looking toy and he wants to take it home.

Scene: A man comes home from school and tells his friend that there's an",0,0,68.0,0.6029411764705882,0.07352941176470588,base
terrified,0,0.0,1,3,"

One of the friends is in trouble. She's in trouble. She's with another friend, a young boy. The boy is being very clever. He is very smart. He finds out that his friend is being very clever.

That's all the story the friend needs to know. She's being clever. She's being very smart. The boy wants to make sure he gets",0,0,61.0,0.5409836065573771,0.08196721311475409,base
terrified,0,0.0,1,4," Shooting on the set of a new motion-capture game, The Amazing World of Gumball, for Warner Bros. Animation. You must play as a boy in an action movie, and the best part is, he’s a very smart kid.

Scene: Using the latest in motion capture technology, we bring in the boy, Jake, from the movie. He’s a",0,0,60.0,0.7166666666666667,0.1,base
terrified,0,0.0,1,5," The party's in their bedroom.

Scene: The party's in their bedroom.

Scene: The party's in their bedroom.

Scene: The party's in their bedroom.

Scene: The party's in their bedroom.

Scene: The party's in their bedroom.

Scene: The party's in their bedroom.

Scene: The party's",0,0,44.0,0.13636363636363635,0.18181818181818182,base
terrified,0,0.0,1,6," Sight: A man tries to break into a bank vault with a stolen key.

Scene: Sight: A woman tries to go to the bathroom.

Scene: Sight: A woman tries to find her missing brother.

Scene: Sight: A woman tries to see the missing person.

Scene: Sight: A woman tries to stop the car from",0,0,54.0,0.48148148148148145,0.12962962962962962,base
terrified,0,0.0,1,7," ""What do you see?""

A:

""What do you see?"" is a question that might be answered by a quick search. The best thing to do is look through the comments for the answer.  I usually find answers at my local library, so I will do my best.

",0,0,47.0,0.7021276595744681,0.0851063829787234,base
terrified,0,0.0,2,0," I love the idea of a scene of a woman giving birth.

Action: I'm sure that we can have a character describe how it goes, but I would be interested to see if there is a better way to do it in the real world, because I think that it will be good.

Scene: I would like to have this scene described as being a ""dumb""",0,0,66.0,0.7121212121212122,0.07575757575757576,base
terrified,0,0.0,2,1," A man receives a news article on his Facebook page.

You can change the background of a scene by pressing the appropriate space bar.

Step 2

Press “Play” to create a new scene.

Step 3

Repeat the process for the next scene.

Step 4

Click “Add Scene” to appear as a preview.",0,0,49.0,0.7346938775510204,0.10204081632653061,base
terrified,0,0.0,2,2," Doodle

Character: Kylie Minogue

Theme: ""You're just a girl on a mission""

Repeat: ""She's just a girl on a mission""

Kylie Minogue is one of the stars of the MTV series Doodle. She's a model who sells her wares on the Internet, and she's also famous for",0,0,47.0,0.6382978723404256,0.10638297872340426,base
terrified,0,0.0,2,3," An old man is walking on the sea with his friend, who has just stopped to drink a glass. The old man has noticed that his friend has not heard from him for a long time and has told him that he is the lucky guy, who has been giving him a lift.

Scene: The old man has a look of pleasure over his friend's coffee.

Scene: As",0,0,68.0,0.6470588235294118,0.08823529411764706,base
terrified,0,0.0,2,4," The Doctor has just given his final warning to the doctor in the hospital to be taken to the end. When the doctor enters, he is very upset. He tells the Doctor that, although they have tried to tell him, he will be there for three more months.

Text: The doctor says that he has now come to the end. He asks how long this patient will live. The",0,0,69.0,0.6376811594202898,0.13043478260869565,base
terrified,0,0.0,2,5," The person is receiving unexpected news.

Keywords: “Mysterious”

Scene: The person is receiving unusual news.

Keywords: “Mysterious”

Scene: The person is receiving unusual news.

Keywords: “Mysterious”

Scene: The person is receiving unusual news.

Keywords: “Mysterious”",0,0,35.0,0.2857142857142857,0.11428571428571428,base
terrified,0,0.0,2,6," Moves at random to an apartment complex where an older man is getting dressed in his clothes and walking to the elevator. The elevator is the first thing to go when the elevator opens.

Scene: A few months later, on a trip to New York City, one of the people in the elevator is sitting on the opposite side from her. She tells them, ""I found out about the",0,0,69.0,0.7246376811594203,0.11594202898550725,base
terrified,0,0.0,2,7,"

Shakespeare:

Prologue:

Scenes:

Shakespeare:

I have been told that I have been found, but to whom has this been told?

I have been told that I have been found, but to whom has this been told?

I have been told that I have been found, but to whom has this been told",0,0,52.0,0.2692307692307692,0.17307692307692307,base
terrified,0,0.0,3,0," I am in an empty room with a bunch of people, and I'm looking for a woman.

I guess if you're the one you're looking for, you might as well do it right. So you do the scene in question, and you figure out what's going on.

But you have to work on the scene in the morning.

I can do the scene",0,0,63.0,0.6666666666666666,0.07936507936507936,base
terrified,0,0.0,3,1,"

""No, that's my room.""

The room at the back of the house, with a view of the street.

""What's this? Is that a door?""

He looks at me but not at her.

""A room with a door.""

I ask, ""What is this?""

She looks at me with surprise.
",0,0,48.0,0.6041666666666666,0.08333333333333333,base
terrified,0,0.0,3,2,"

Waiting in a quiet room

Scene:

Waiting in a quiet room

1. Take a moment to take in your surroundings, make notes, and then take a good look at the room.

2. Go over the scene again and make sure you have everything right. If there are any mistakes, don’t hesitate to make another scene with the new",0,0,57.0,0.6666666666666666,0.07017543859649122,base
terrified,0,0.0,3,3," (Riding on a motorcycle) A motorcycle accident happened on Sunday.

Rider: (Saw on the road) A bike accident happened on Sunday.

Shot: (Wrecking the bridge at the finish) A bike accident happened on Sunday.

The man is wearing glasses and wears a long-sleeved shirt with a large bow. This man's",0,0,51.0,0.6078431372549019,0.11764705882352941,base
terrified,0,0.0,3,4,"

1. A young man is waiting on a beach outside of a small town. He wants to go to sea but is scared of getting caught by people who watch him.

2. A young girl in a bathing suit is with him and they are having a romantic moment.

3. A little boy is waiting on the beach for his mom.

4. A man",1,1,60.0,0.7,0.13333333333333333,base
terrified,0,0.0,3,5," A dark room with no windows, no doorways. There’s nobody there, just a door.

You see the characters inside the door, the light on the floor. You take a few steps away and they’re gone, gone, gone, gone, gone.

Scene: The door opens, you come in. The door is open, but the door isn’t",0,0,57.0,0.6491228070175439,0.12280701754385964,base
terrified,0,0.0,3,6,"

In front of the door, the man says, ""My name is Sam. If you would just please make sure this man is not already asleep.""

Sam, who is in his late 40s, says, ""Yes, thank you,"" and then closes the door behind him.

After about 10 minutes, Sam and the man start talking about life and work, but the",0,0,58.0,0.7068965517241379,0.08620689655172414,base
terrified,0,0.0,3,7,"

A man's face is cut off with a sword. He's a killer, so far outcast that he shouldn't even be in his own home. The man has been dead for days and the man's dead. He doesn't seem happy to find himself in a place where it could happen again.

He's going to kill the woman he loves and be the only one who",0,0,64.0,0.765625,0.0625,base
terrified,0,0.0,4,0,"

Shoot a scene based on the story.

Trivia:

In the game, the word “fairy” in the title is a pun on the word “fairy”, which is a common term used in the Japanese.

In “Tori no Kyojin” (Tokyo), a Japanese version of the game, Tori is a woman of",0,0,49.0,0.5510204081632653,0.14285714285714285,base
terrified,0,0.0,4,1," Sketch the background to a scene with a piece of artwork.

In the final scene of the film, the main character, a man, meets a woman (in the background) and she (also in the background), decides to reveal an important secret to the man (in the background) in the story.

In the third scene, the main character, the man who becomes the",0,0,62.0,0.4838709677419355,0.20967741935483872,base
terrified,0,0.0,4,2," A small office, a big meeting.

Scene 2: A very large office, a meeting with some people who want to use the money to pay for a new office.

Scene 3: A big office, a meeting with two people who have the secret wish to have a baby.

Scene 4: A big office, a meeting with some people who want a bigger office.",0,0,60.0,0.43333333333333335,0.18333333333333332,base
terrified,0,0.0,4,3,"

Piano player, singer, musician, playwright

Voice:

Morgan Goff

Dance:

The American Dance Company.

Sightseer:

Vincent M.

Piano:

Robert G.

Folk song:

The Flamingo's Song.

Chorus:

",0,0,25.0,0.84,0.08,base
terrified,0,0.0,4,4," A family in a home with two kids, including one who is very old and has been there for so long. A mother is working for a new restaurant and the family is cooking dinner for the young adults. A man is playing cards on the TV and another has started his own personal fantasy game. He talks with the kids but is never sure if the game is a good one.

The",0,0,73.0,0.6575342465753424,0.0821917808219178,base
terrified,0,0.0,4,5,"

A young boy, about to learn to read, runs to the school gate. He enters to meet his teacher. It was after he left that he asked to be excused from classes.

A few days later, he comes to his teacher in the form of a stranger. He asks for a book and asks his teacher to send it to him. The teacher tells him that it will",0,0,68.0,0.6176470588235294,0.11764705882352941,base
terrified,0,0.0,4,6," ""Hello, the president of the United States.""

Repeat:

""Hello, President of the United States.""

Chapter Six

As the sun sets over the bay, a lone figure sits at the head of the bar. A man in a gray suit, dressed in a uniform that looks like it belonged to someone from the military. His head, he wears a dark",0,0,59.0,0.6779661016949152,0.13559322033898305,base
terrified,0,0.0,4,7,"

There's an old man sitting in the middle of the street. He looks like he's had his fill of the streets. And yet here he sits. And there's something in his eyes that makes it seem as though he's alive. He looks the same way the boy is now, sitting next to him on the sidewalk.

The boy has this look of a person who's",0,0,65.0,0.7230769230769231,0.1076923076923077,base
terrified,0,0.0,5,0,"

In your room with the door closed, you're at work, alone with your boss and the boss's secretary.

You're at the office, alone with your boss and your boss's secretary.

In your room with the door closed, you're at work, alone with your boss and the boss's secretary.

You're at the office, alone with your boss",0,0,56.0,0.2857142857142857,0.125,base
terrified,0,0.0,5,1,"

The story is told by a very talented actor in a high-end video game, who will be joining forces with the other characters in a game, and he is the one who brings the characters together.

Gather a group of friends and help them make a decision together.

What’s most exciting about the project?

The game is being released on November 1",0,0,63.0,0.7142857142857143,0.09523809523809523,base
terrified,0,0.0,5,2," ""Let me see, what do you think? I've got your name right on your door!""

""Who are you?""

""Come in, come in.""

A very large, blue-faced man looks from the door to me, holding his head and squinting.

""I was wondering, how do you know? I've been here so long and",0,0,52.0,0.8076923076923077,0.057692307692307696,base
terrified,0,0.0,5,3,"

The players are in a group and have decided to make a decision together. They are working on the decision together, so they are creating their own scenarios. The scenarios are very short, so you don’t need much time to see all the scenarios.

The player who is working on a short scene has to tell her story in the short scene. She has to tell her story",0,0,69.0,0.5797101449275363,0.08695652173913043,base
terrified,0,0.0,5,4," A boy has a short scene about a group making a decision together.

Scene: A boy has a short scene about a group making a decision together.

Scene: A boy has a short scene about a group making a decision together.

Scene: A boy has a short scene about a group making a decision together.

Scene: A boy has a short scene about a",0,0,64.0,0.15625,0.296875,base
terrified,0,0.0,5,5," A group of students building a community building.

Scene: A group of students creating a space for the students to create together.

Scene: A group of students creating a space for the students to create together.

Scene: A group of students designing a space for the students to create together.

Scene: A group of students creating a space for the students to create together",0,0,64.0,0.234375,0.15625,base
terrified,0,0.0,5,6," A young girl walks up to a young man sitting on a bench, and a group of men sit at the table with a woman in one hand. The woman says: ""This is a very important decision for us. We are only four minutes away from starting a conversation."" The young man says: ""Yes. We just have to wait until the others start."" The young man says: ""But",0,0,68.0,0.7058823529411765,0.10294117647058823,base
terrified,0,0.0,5,7," It’s early night with the sun set and no time to spare for a meal. A couple of people have left in their cars, but there aren’t many cars left. No one has left.

Dressed in black, with a face that is half black and half a darker hue. A pair of matching shoes.

And this is the one.

You’",0,0,62.0,0.7096774193548387,0.08064516129032258,base
terrified,0,0.0,6,0," The second scene is a scene from a movie called ""Shoot."" The guy in the movie is in the middle of a lot of trouble in a dark city. The scene is about a guy who lives in a trailer. He runs into a police officer who asks him to come to a meeting that someone's trying to solve. The guy in the movie is trying to convince him not to come to",0,0,73.0,0.5068493150684932,0.1095890410958904,base
terrified,0,0.0,6,1,"

The hallway is a very short hallway.

What does it mean?

It's a very short hallway.

What's the purpose of the hallway?

It's a very short hallway.

What is the purpose of the hallway?

It's a very short hallway.

What's the function of the hallway?

It's a very",0,0,48.0,0.3125,0.16666666666666666,base
terrified,0,0.0,6,2," ""The Exorcist""

The Exorcist's opening scene was about ""a mysterious character who is looking for something he can't get."" The next scene depicts this character looking for the ""something"" he was looking for in his bedroom.

Scene: ""The Mask""

The next scene shows the Mask looking for the ""something"" he was looking for in his """,0,0,55.0,0.4727272727272727,0.14545454545454545,base
terrified,0,0.0,6,3," A man is being chased by his neighbors. Suddenly he spots his neighbor’s vehicle and screams for help.

In the meantime, the neighbor’s wife has died.

Scene: A man is taken to the hospital for treatment. He is being treated for his wife’s disease, but he has been unable to open the door to his wife.

As the neighbor turns",0,0,63.0,0.6031746031746031,0.07936507936507936,base
terrified,0,0.0,6,4," A door has three buttons and a set of keys on the top of the door. The door has a four letter keypad which gives the keys a three point turn. The key pad has two buttons, one for the left hand, one for the right. The four letters on the keypad are keys A-D, a, b, c, and E.

This scene was inspired",0,0,65.0,0.5692307692307692,0.13846153846153847,base
terrified,0,0.0,6,5," The room where the old man was sitting with an old woman and her son.

Scene: The old man's mother is sitting beside him and she looks at him and smiles. He looks at her and smiles back. He looks at her and he smiles at him and then he smiles at her and then he smiles at her. He looks at her and smiles. He looks at her and he",0,0,71.0,0.36619718309859156,0.1267605633802817,base
terrified,0,0.0,6,6,"

The young man had been doing a job, opening a door he had never noticed before.

Scene:

The young man had been doing a job, opening a door he had never noticed before. The door opened like a door was opened by someone.

Scene:

The young man had been doing a job, opening a door he had never noticed before. The",0,0,61.0,0.32786885245901637,0.11475409836065574,base
terrified,0,0.0,6,7,"

Watching a short scene.

Time:

12:40

Started to open a door.

Location:

Eastern Europe

Duration:

1:38

It was the day of the day the girl who was in love with Samuelson found him.

Location:

Europe

Duration:

1",0,0,34.0,0.7647058823529411,0.08823529411764706,base
terrified,0,0.0,7,0," The girl is walking, in the moonlight, through the woods. The boy is carrying a little boy in his arms. She's holding him. He looks out the window.

Act 1 Scene 2 Scene 3 Scene 4 Scene 5 Scene 6 Scene 7 Scene 8 Scene 9 Scene 10 Scene 11 Scene 12 Scene 13 Scene 14 Scene 15 Scene 16 Scene 17 Scene 18 Scene 19 Scene 20 Scene 21 Scene",0,0,50.0,0.46,0.42,base
terrified,0,0.0,7,1," The townspeople are walking through town.

Story: The story of a family vacationing in a small town.

Theme: The townspeople are walking through town.

Scene: The townspeople are walking through town.

Scene: The townspeople are walking through town.

Scene: The townspeople are walking through town.

Scene",0,0,46.0,0.32608695652173914,0.13043478260869565,base
terrified,0,0.0,7,2," This scene is done with the aid of a tripod and a microphone. The camera is put on top of the tripod and the two of them stand on a chair. A camera in a corner of the room is held by the two people, who stand up against the wall and use their hands to make it easier for the photographer. The people on the chair are both smiling. A microphone on",0,0,73.0,0.5753424657534246,0.136986301369863,base
terrified,0,0.0,7,3,"

The scene plays and the two people walk through town at night.

Action:

The person is seen walking through town, and the two people are walking through town at night.

Scene:

The person is seen walking through town, and the two people are walking through town at night.

The person is walking through town, and the two people are walking",0,0,60.0,0.2833333333333333,0.13333333333333333,base
terrified,0,0.0,7,4,"

He stops, turns, and says, ""That's one way of getting across town, right?""

The man says, ""Good.""

""Okay, this way, I will go walk out in the town. You go in the town, make sure nobody else is in sight. I'm going to the bank, and I will get you some breakfast, okay?""
",0,0,53.0,0.7169811320754716,0.07547169811320754,base
terrified,0,0.0,7,5," ""I'm walking along the beach with a man in my rearview mirror.""

Scene: ""I'm walking along the beach with a man in my rearview mirror.""

Scene: ""I'm walking along the beach with a man in my rearview mirror.""

Scene: ""I'm walking along the beach with a man in my rearview mirror.""

Scene:",0,0,52.0,0.25,0.07692307692307693,base
terrified,0,0.0,7,6," A person's night at a night club.

Sketch: An improvised scene for a short scene.

""Hear, hear!"" (Sense of the song)

Glenwood (Sense of the song)

Glenwood (Happiness, a song)

Glenwood (Happiness, a song)

Glen",0,0,35.0,0.5428571428571428,0.14285714285714285,base
terrified,0,0.0,7,7," A person walking through town at night.

Short Story: A short story about a person walking through town at night.

Shot: A short scene about a person walking through town at night.

Scene: A person walking through town at night.

Short Story: A short story about a person walking through town at night.

Shot: A short scene about",0,0,58.0,0.20689655172413793,0.15517241379310345,base
terrified,0,0.0,8,0," A small, dark, room, set up to allow for dialogue, and a small, dark room.

Text: A short scene with the teacher being told to speak quietly.

Scene: A short scene with the teacher being told to speak quietly.

Text: A short scene with the teacher being told to speak quietly.

Scene: A short scene with the teacher being",0,0,59.0,0.3559322033898305,0.1016949152542373,base
terrified,0,0.0,8,1," A student sits on a table during a classroom discussion.

Text: The student asks for clarification.

Text: The teacher tells the student what is wrong.

Text: The student says ""Yes, but your teacher is the same.""

Text: The teacher says ""Okay, that's enough.""

Text: The student says ""I know that's wrong, but",0,0,52.0,0.5384615384615384,0.1346153846153846,base
terrified,0,0.0,8,2,"

When the class has all finished, the teacher will be asked to call his students. The student will receive a hand. The teacher will ask the student if he wants to be a teacher or a student. The student answers that he is a student. The teacher will then give the student the required number of minutes to answer the question. The student will then be expected to give his/her",0,0,71.0,0.5070422535211268,0.15492957746478872,base
terrified,0,0.0,8,3," ""The student has a teacher speaking with him. The teacher is talking about a class that he has just started. The student is talking with his teacher on the bus. The student is speaking about what the teacher said in class on the bus.""",0,0,44.0,0.5,0.1590909090909091,base
terrified,0,0.0,8,4,"

Scene 1: The student is a girl named Bette. She is an amazing young lady.

Scene 2: Bette is in an office building. She is wearing a smart suit.

Scene 3: Bette is talking to the teacher.

Scene 4: The teacher asks Bette to go and talk to the student.

Scene 5: The teacher puts",0,0,50.0,0.54,0.1,base
terrified,0,0.0,8,5," a person is walking down a street.

Scene: a group of students is standing in a park.

Scene: a group of students is sitting in a park.

Scene: a group of students is sitting in a park.

Scene: a group of students is sitting in a park.

Scene: a group of students is sitting in a park.

",0,0,57.0,0.24561403508771928,0.21052631578947367,base
terrified,0,0.0,8,6,"

The student speaking.

Scene:

The teacher speaking.

Scene:

The student speaking.

The scene is broken up and shown with a single player mode.

There is a single character in the scene. The character is a student. A character has voice and looks. This scene is the final scene.

A short scene about a student",0,0,54.0,0.46296296296296297,0.12962962962962962,base
terrified,0,0.0,8,7," ""I want to look at that.""

Scene: ""What?""

Scene: ""I don't want to look at that.""

Scene: ""Do you know what I'm going to look at?""

Scene: ""You know what I'm going to look at?""

Scene: ""You know what I'm going to look at?""

Scene: """,0,0,45.0,0.3111111111111111,0.13333333333333333,base
terrified,0,0.0,9,0," A girl is making her way to a big green house.

You may want to do some background for the scene as you are doing the scene.

In this scene, you have to make sure that you can easily grab your camera.

If you have a bad camera you can use it as a flash.

When you do it, you can hold it upside down so",0,0,66.0,0.6515151515151515,0.12121212121212122,base
terrified,0,0.0,9,1,"  
1.  A young woman is sitting at a café in Paris.  
2.  She has a bottle of wine in her hand.  
3.  Her husband's husband has just finished dinner.  
4.  His wife, the maid, has been very attentive.  
5.  The house in the rue de la Sainte-Rou",0,0,43.0,0.7906976744186046,0.06976744186046512,base
terrified,0,0.0,9,2," A man is walking through a forest in the middle of a forest. He is walking, but he doesn't know whether to go to the forest, go back to the forest, or to the forest again.

Scene: An old man sits alone at the end of a road in the middle of a field. He has no tools to repair the road.

Scene: An old woman",0,0,66.0,0.5151515151515151,0.10606060606060606,base
terrified,0,0.0,9,3,"

It has been told in one of the books that to understand something, you must understand it first, then imagine that it is there before you. A child’s first fantasy is to try to imagine his father (or mother) giving him a hand with a toy or a toy to hold. It is clear that the picture must be real, or rather, must be imagined.

",0,0,66.0,0.6363636363636364,0.06060606060606061,base
terrified,0,0.0,9,4," The person is in a small office and the scene is one of the normal ones. I’m guessing that the scene was an easy pick for her.

Scene: The scene is a small office. I’m guessing that she’s a bit shy and maybe the scene’s not much of a success. She likes being in the small office, and I assume that’s a",0,0,67.0,0.5074626865671642,0.1044776119402985,base
terrified,0,0.0,9,5,"

Piece of paper

Scene:

The second piece of paper is made up of a short short story and a short short scene, and it is marked out with a short black square.",0,0,32.0,0.59375,0.15625,base
terrified,0,0.0,9,6,"

The scene is a small building at a distance from the camera. The camera is positioned a little outside of the building, so the scene moves around the building.

The camera moves out of the corner of the building and into a different spot in the building. The camera moves to the next corner, then the next corner, then the next corner, etc. (as you can see",0,0,67.0,0.47761194029850745,0.208955223880597,base
terrified,0,0.0,9,7,"

A person is presented with a situation, and in the scene, he or she is shown to be faced with the problem. The situation will look familiar to them from the context, and they will find the problem, but will have no idea what to do.

To show the scene to the scene's audience, make them aware of the scene's context.

2. Choose",0,0,62.0,0.6290322580645161,0.12903225806451613,base
terrified,12,4.0,0,0," I could hear the distant, metallic voice of an unknown alarm.

I stood in the shadow of the cliff, looking up as I watched a horrifying, dark cloud descend, blackened and swallowed, and then, slowly, as the air rushed through my body, the blood stopped to flow. I stood in a dizzying, dizzying agony. I could see the jagged, black",0,0,60.0,0.7166666666666667,0.1,terrified_l12_a4p0
terrified,12,4.0,0,1,"
A man in a dark coat is sitting on the couch. He looks over at the couch and then he hears the doorbell. The man turns around slowly. The man is standing in the doorway.

A tall, thin, handsome man is standing at the edge of the stairs. He is wearing a dark jacket, and the man is dressed as a soldier.

He is about",0,0,65.0,0.5384615384615384,0.13846153846153847,terrified_l12_a4p0
terrified,12,4.0,0,2," A small boat plunges out into the sea, but is soon overrun by waves and foam, and the sound of the water crashing into the trees.

And then it starts

He felt his body shaking. Then he felt the wind change, the sea breaking and breaking on all sides.

And then, it was.

And then

The water was still,",1,1,59.0,0.6271186440677966,0.11864406779661017,terrified_l12_a4p0
terrified,12,4.0,0,3," An hour-long flashback about a man on the run. A man holding a gun to his head, with a gun drawn and waiting for him. A man in the street, the face of a man who looks familiar. A man with his stomach pumped and his stomach twisted by a knife in his throat. A man running down the stairs in his house. A man being chased by a man",0,0,71.0,0.5633802816901409,0.15492957746478872,terrified_l12_a4p0
terrified,12,4.0,0,4," A girl in a small room, having been stabbed. The walls are lined with blood. A woman. The woman is unconscious. A man sits at the other end of the room. He is trying to reach her.

Shots: The same, but in an odd way. The sound of breaking glass. A man's scream. He is in pain. A woman's hands are everywhere",0,0,62.0,0.6935483870967742,0.0967741935483871,terrified_l12_a4p0
terrified,12,4.0,0,5," A man approaches the kitchen. He has his head down.

A woman’s voice.

“Sick, he’s killing him,” she says.

The man in the kitchen is a man.

The body heats up.

The woman shrieks.

The man in the kitchen is an old man.

The woman screams.
",0,0,48.0,0.5625,0.16666666666666666,terrified_l12_a4p0
terrified,12,4.0,0,6," 3:42. We are trapped in the building, but no one can reach me.

Directions: I had to open the door.

I had to close the door, and to close, I had to open and close the door.

I had to open the door.

I had to open the door.

I had to open the door.
",0,0,54.0,0.37037037037037035,0.12962962962962962,terrified_l12_a4p0
terrified,12,4.0,0,7," a woman is lying on the ground, with the window and door all closed behind her.

A.K.A. Averys: she is alive, she is alive. The walls are alive, the door is up, the door to the main floor is wide open. She is dead.

She is dead. Dead.

Scene: a white face is staring at",0,0,57.0,0.5789473684210527,0.14035087719298245,terrified_l12_a4p0
terrified,12,4.0,1,0,"

""You're getting closer, you're going to die,"" the voice of the voice behind him.

Hands over the air, he heard the sound of the door crashing through the air.

* * *

Boom!

The blast door slammed open on its hinges as the door behind it closed.

* * *

""Boom",0,0,45.0,0.6666666666666666,0.17777777777777778,terrified_l12_a4p0
terrified,12,4.0,1,1,"

I opened the window, and I saw the lights on my friends friend’s house, and I was scared and my hand was cold.

I was like, oh my gosh, I think someone is here.

Then I saw two little girls, and then I was in a dark room and I could not move.

Then I felt something that felt like a",1,1,62.0,0.6129032258064516,0.14516129032258066,terrified_l12_a4p0
terrified,12,4.0,1,2," Riptide

Description:

The city was thrashing and shaking in all its fury. The flames were dancing and shoving, and the cries for help were coming from all around. Suddenly, a red-hot blast of hot air was heard and he held it out, but the blast was more than he could take.

The two friends were dragged away, and with one",1,1,61.0,0.7377049180327869,0.08196721311475409,terrified_l12_a4p0
terrified,12,4.0,1,3," A young man has a terrible accident. He has been shot in the head.

Scene: A young man is shot in the head. He has been shot.

Scene: A young man has a terrible accident. He has been shot in the head.

Scene: A young man is shot in the head. He has been shot.

Scene: A young man is",0,0,60.0,0.23333333333333334,0.11666666666666667,terrified_l12_a4p0
terrified,12,4.0,1,4," One of the guys looks scared, and I want to go in to help him.

Walking on the stairs.

One of the guys looks scared as he runs towards them.

Walking down the stairs.

One of the guys is coming towards me.

One of the guys runs up to me, and I see that two of them are fighting.
",2,1,59.0,0.5423728813559322,0.1016949152542373,terrified_l12_a4p0
terrified,12,4.0,1,5,"

(1) The player is in an apartment that is on the edge of a cliff.

(2) The player is in an apartment and the doors are shut.

(3) The door is closed.

(4) The player is in a windowless room.

(5) The player is in an apartment in the middle of a snowstorm.",0,0,48.0,0.4583333333333333,0.16666666666666666,terrified_l12_a4p0
terrified,12,4.0,1,6," ""Olive.""

""Olive!"" A shout from behind them. ""It's me!""

Bruno looked up. ""It's me, _Gor!""_ He was staring at the figure on the floor. The man was crouching, the metal of his armor cutting off his air. ""It's me!""

""Olive, save me!""",0,0,42.0,0.7142857142857143,0.09523809523809523,terrified_l12_a4p0
terrified,12,4.0,1,7," The door to the basement is open, but no light comes out and someone must be inside.

Spiral, the first thing they see is an old man and a woman running towards the door.

Cersei doesn't have time to react, but the woman is dragging him away from the door.

Cersei must've heard the sounds, but she",0,0,57.0,0.7192982456140351,0.12280701754385964,terrified_l12_a4p0
terrified,12,4.0,2,0," The room is about to be evacuated.

The room is in the center of the city.

Scene: A man is being transported to the city's underground.

Crystal

Gel

Clay

Lava

A small crater is growing around the city.

Crystal

The city is being torn apart.

Crystal
",0,0,46.0,0.6086956521739131,0.15217391304347827,terrified_l12_a4p0
terrified,12,4.0,2,1," A momentary lightening occurs. A man, looking through a window, is being restrained by his own weight. The air is heavy with the sound of the metal. It hurts to breathe.

The man appears to be breathing heavily. He does not remember the order of the events. He is being pulled into a steel chamber.

THE END:

This is the last scene",0,0,62.0,0.7096774193548387,0.12903225806451613,terrified_l12_a4p0
terrified,12,4.0,2,2," S.Y.U.S. Army

The player now had to be on the move once again and be unable to move on without assistance. A moment of panic followed the escape, and the main object in the city was torn from the battlefield, the entire city falling to the earth below.

The player landed at the top of a ramp, and they both hit the ground hard",1,1,67.0,0.6716417910447762,0.16417910447761194,terrified_l12_a4p0
terrified,12,4.0,2,3,"

A black body lies in a tunnel, it is hard to get a good look at it but you can tell he's got a bullet through the heart and a lot of blood. A large man's body is lying facedown, his arm is raw from multiple gunshot wounds. He's covered in blood but the guy's alive, alive, he's unconscious but alive. There is something",0,0,64.0,0.703125,0.09375,terrified_l12_a4p0
terrified,12,4.0,2,4," The sky darkens, and the moon's reflection in the glass is filled with a terrible light.

As the image of the image slowly grows, he's not sure if he can stand it anymore.

He hears the harsh sound of a falling stone, and he opens his eyes to find a man standing in the center of the room. The man is an image of an entity,",0,0,66.0,0.6666666666666666,0.13636363636363635,terrified_l12_a4p0
terrified,12,4.0,2,5," A girl, on a balcony above a building, where a man is lying unconscious.

Scene: A man's foot is stuck in the corridor leading to a manhole.

Scene: A woman's voice.

Scene: A woman screams.

Scene: The man inside a small window.

Scene: A man lies on a mattress.

Scene: A",0,0,51.0,0.5882352941176471,0.23529411764705882,terrified_l12_a4p0
terrified,12,4.0,2,6," Mister, I'm going to die. Mister, I'm going to die.

A woman in a dark suit, with long blond hair, and black clothes that look as though she's just stepped on some solid ground.

It's the morning after the attack. There are all sorts of bodies and heads. Mister, come on. You're bleeding. You're bleeding",0,0,55.0,0.7818181818181819,0.05454545454545454,terrified_l12_a4p0
terrified,12,4.0,2,7,"

It is an odd and disorienting experience. You start to wonder if you’re holding a huge, powerful object in your hand, or if you’re holding it in a way that will stop you from doing what you’re trying to do. When it occurs, you’re standing up very fast and your chest is going so fast. You can’t breathe and it",0,0,65.0,0.6615384615384615,0.1076923076923077,terrified_l12_a4p0
terrified,12,4.0,3,0," A man holding a hammer. The man is yelling but can't find his voice. They hear the sounds of gunfire. He's got two other men. One of the men is yelling something like, 'He's dead. He's dead.' He's got a gun. They're holding him. The man's hands are moving.

_'You got one of you, Mr.",0,0,56.0,0.6785714285714286,0.07142857142857142,terrified_l12_a4p0
terrified,12,4.0,3,1,"

Hector and the other soldiers are dead.

The woman's voice is shrill.

Hector steps out from the shadows and sees the other men.

The woman stops.

The woman takes the gun and slits her hands.

She slashes the wind as she stands.

Hector steps toward her.

The woman drops like",0,0,50.0,0.64,0.18,terrified_l12_a4p0
terrified,12,4.0,3,2,"

There is a group of men with swords.

No

The group of men is moving.

The group of men is moving.

There is a silence.

It's dark.

It's a dark, terrible night.

There is a man walking at the edge of the forest.

There is a man coming through the trees.",0,0,51.0,0.47058823529411764,0.11764705882352941,terrified_l12_a4p0
terrified,12,4.0,3,3," a girl and her boyfriend, talking in the next room.

Ran. The water ran over her face.

""Ran!""

""Ran!""

He screamed.

Her eyes.

She was right.

There was nothing to stop him.

He wasn't even hurt.

He pushed her away from him, knocking the",0,0,44.0,0.7272727272727273,0.09090909090909091,terrified_l12_a4p0
terrified,12,4.0,3,4,"

- A woman is leaning over a cupboard and holding the lid open. A man is crawling to her with a look of utter panic on his face. He must have jumped, or they'd have been able to get him out. He is holding her up with his hands. He struggles to breathe and his eyes are wide. He tries to breathe, but he can't hold on to",1,1,67.0,0.6716417910447762,0.07462686567164178,terrified_l12_a4p0
terrified,12,4.0,3,5," The long table, the thick smell of food and blood, the rustle of the blood. She had to get up, her chest was tight, her back burning. She stumbled, falling as she kicked herself. She grabbed onto the table, squeezing hard, as she reached.

She grabbed the first stool, the one closest to her. She tried to scream, but her chest was a",0,0,63.0,0.6190476190476191,0.1111111111111111,terrified_l12_a4p0
terrified,12,4.0,3,6,"

A woman in a black coat stands with one hand on the floor, while the rest of the group stands on the wall, and she is breathing heavily. The people around her look scared. A woman in a black coat stands with one hand on the floor, while the others stand in a group on the wall.

A single bullet enters the woman in a black jacket and the others",1,1,70.0,0.4714285714285714,0.14285714285714285,terrified_l12_a4p0
terrified,12,4.0,3,7," The room in the basement.

A single lightbulb goes on, then disappears. It's a dark, empty room. The dark, empty room.

A second, smaller lightbulb is burning. The darkness is intense. The room becomes more and more dark.

The two figures walk slowly toward the room in the basement.

Two figures. One. Two",0,0,53.0,0.5471698113207547,0.1509433962264151,terrified_l12_a4p0
terrified,12,4.0,4,0,"

A man, his name is Paul.

A woman, she knows him

A voice from the darkness

An arrow in the wind

A shadow at the end of the world

A voice in the dark

In the dark

In the shadow

The shadows

The light shakily shrugging back

The shadows
",0,0,49.0,0.5918367346938775,0.20408163265306123,terrified_l12_a4p0
terrified,12,4.0,4,1," Dying, with an old man beside him holding a hand. The old man is in a white robe. The old man has a beard and eyes, his fingers are cold, and his eyes are red. He has a sword. The sword is a long length of bone. The length of bone is sharp. The bone in the palm of the hand is black. The two hands are clenched.",0,0,68.0,0.5294117647058824,0.11764705882352941,terrified_l12_a4p0
terrified,12,4.0,4,2,"

The next scene is more frightening for the characters who are close to it. Two female figures stand on the side of the room. In the corner, two figures are on a floor. A woman is kneeling in the dark. The image that appeared in the room was a shadow that seemed to push the light back to the man and the shape that was that of the woman.

",0,0,69.0,0.5797101449275363,0.17391304347826086,terrified_l12_a4p0
terrified,12,4.0,4,3," A man and a woman appear in front of a doorway.

Scene: A woman runs to the man and the man struggles to free her.

Scene: A man's voice echoes in the room.

Scene: A woman is holding her daughter.

Scene: A woman screaming.

Scene: A woman who seems to be talking.

Scene: A woman",0,0,55.0,0.509090909090909,0.16363636363636364,terrified_l12_a4p0
terrified,12,4.0,4,4," Mammoth, the biggest beast of the desert. Its belly is empty, its bones broken.

The only thing they had ever hoped for was this. The man had been caught in the middle of the struggle, his chest bulging with fear.

The giant beast had to be strong, but the men inside it had to be at the top of it. With a thunderous",1,1,63.0,0.6984126984126984,0.14285714285714285,terrified_l12_a4p0
terrified,12,4.0,4,5,"

You, a child, awake from a dream. You are no longer the child, but your body, your mind, is paralyzed from the waist down, and you are a little girl. You are lying on the ground and you know that you are dying.

You are alone in the world, and you are being crushed under the weight of your broken body. You are being",0,0,64.0,0.5625,0.140625,terrified_l12_a4p0
terrified,12,4.0,4,6," The woman is crying.

Gwen is sitting next to her bed, and the door opens and closes.

Gwen turns, and a sudden cold feeling spreads in her gut.

The woman is screaming.

Gwen lifts her head to stare into her sleep.

There is a moment of silence and then the woman screams, and Gwen covers her.
",0,0,56.0,0.625,0.08928571428571429,terrified_l12_a4p0
terrified,12,4.0,4,7," The door in the corner of the office is the door for the office manager.

Scene: A woman in the middle of the office.

Scene: A woman in the office, in the office.

Scene: A woman in the office, in the office.

Scene: A woman in the office, in the office.

Scene: A woman in the office",0,0,57.0,0.22807017543859648,0.24561403508771928,terrified_l12_a4p0
terrified,12,4.0,5,0,"

A group of children in a small village, a group of children and a group of men fighting for the right to kill someone. The group and the men have taken away the children. The men fight the children. The men have destroyed the building and the bodies of the children are falling into the river. The men have turned the building into a waterfall, they have pulled the women out",0,0,71.0,0.4647887323943662,0.19718309859154928,terrified_l12_a4p0
terrified,12,4.0,5,1," Falling through the air

Background: A group of people are fighting. They had been living on a desert island. They were surrounded by a thick wall.

There was a great sound and the sound of the earth's heartbeat.

This was the place where the fight had begun. The men were fighting the forces of darkness.

An hour after the battle had begun,",0,0,62.0,0.6774193548387096,0.12903225806451613,terrified_l12_a4p0
terrified,12,4.0,5,2," An area where the action takes place, as a group makes a decision together. The group, in this case a room. One, at the centre. One, in this case. The other. The group is in a room, a room full of people. The group is made up of a couple of people, both of them male, two people with a baby in their belly. A group",0,0,66.0,0.5454545454545454,0.12121212121212122,terrified_l12_a4p0
terrified,12,4.0,5,3," A woman standing in a field, waiting for an ambulance to arrive.

She looks up at the man standing next to her.

He looks like he's breathing hard, and something in the woman's leg is burning.

The man looks up at her.

She turns to the ground.

A dark, familiar voice that sounds like it's coming from inside her",0,0,59.0,0.6949152542372882,0.06779661016949153,terrified_l12_a4p0
terrified,12,4.0,5,4,"

*Spike to a halt*

A voice announces that two men are walking in a corridor.

Scene:

*A scream*

Two men run away from the wall.

Scene:

*Spike to a halt*

A woman's voice says, ""Spike, please, please.

The voice screams through the open",0,0,43.0,0.6046511627906976,0.13953488372093023,terrified_l12_a4p0
terrified,12,4.0,5,5,"

Scene One: a group of women having an argument.

Scene:

Scene Two: a group of women having an argument.

Scene:

Scene Three: a group of women having an argument.

Scene:

Scene Four: the group in question.

Scene:

Scene Five: a group of women having an argument.

",0,0,46.0,0.34782608695652173,0.1956521739130435,terrified_l12_a4p0
terrified,12,4.0,5,6," As she's still in the room, this is a scene of chaos, chaos, chaos.

Scene: The room.

Scene: The sound, then the light, then the sound.

Scene: A doorway.

Scene: A door on the right.

Scene: A door on the left.

Scene: The door.

Scene: The",0,0,46.0,0.43478260869565216,0.1956521739130435,terrified_l12_a4p0
terrified,12,4.0,5,7," a room with two men in it.

The man in the chair opposite of his voice says loudly.

_—AARON!_

_—AARON! AARON!_

The men in the room. The one with the knife. A man behind the chair. A third man beside the man sitting on the floor. Another man on the floor. One",0,0,52.0,0.5,0.19230769230769232,terrified_l12_a4p0
terrified,12,4.0,6,0," ""Phenomenal.""

I woke up from a short sleep, and the next thing I knew, I was awake.

I was the only one who could hear my thoughts. I was so cold.

Then, right before I remembered, I fell into the dark.

I was the only one in the dark.

I was the only one in the",0,0,56.0,0.5714285714285714,0.16071428571428573,terrified_l12_a4p0
terrified,12,4.0,6,1," A man has been stabbed through the heart by a man who is carrying a knife, the man is dressed in black, and his arm is wrapped around the man’s throat. When the knife goes through the man’s chest, the man’s eyes flash open and the man screams. The man, who the knife had cut, has disappeared. The woman, whom the knife had ripped through",0,0,68.0,0.5294117647058824,0.16176470588235295,terrified_l12_a4p0
terrified,12,4.0,6,2,"

An explosion shook the house, and there was no sound.

An explosion shook the house, and there was no sound.

A door slammed into the stone wall behind the house.

Chapter 5

A loud noise, the loudest sound, then the sound of a door closing, which made everyone's bodies shake.

Ryth, the head,",0,0,52.0,0.5961538461538461,0.1346153846153846,terrified_l12_a4p0
terrified,12,4.0,6,3," A man and a woman in suits sit in front of a big wooden board, which is still and silent. As the woman opens her mouth it comes to a stop, and her breath is loud, close to the ground. The man tries to make a sound, and a lightbulb starts to glow, causing the man to stand still. The woman slowly looks up and, as she looks,",0,0,68.0,0.6029411764705882,0.08823529411764706,terrified_l12_a4p0
terrified,12,4.0,6,4," The next day, he saw a woman walking on a path. He ran towards the woman and heard her scream. He was about to sprint towards her when he felt something. He ran towards her as she fell, he was screaming, but he didn't feel anything. He didn't want to be there, but he couldn't move. He couldn't get free, and then he heard the door",0,0,66.0,0.6060606060606061,0.16666666666666666,terrified_l12_a4p0
terrified,12,4.0,6,5," The door opens wide. A woman stands in the center of the doorway, holding onto it with all her strength. She does not look like a woman she knows, but the room is filled with a rush of air and light and sound. The floor is stone and hard, and it is black. The air is thick. She looks around and sees nothing.

Then, the woman, her",0,0,67.0,0.6417910447761194,0.1044776119402985,terrified_l12_a4p0
terrified,12,4.0,6,6,"

A scene of terror. It’s a horrifying picture, it’s a terrible picture, it’s like it’s not even a bad image.

It’s not even a bad picture.

It’s all the wrong part, it’s real.

The same thing we’ve all been waiting for.

The same thing we",1,1,53.0,0.49056603773584906,0.1320754716981132,terrified_l12_a4p0
terrified,12,4.0,6,7," _The door to their cell, a door leading into the tunnel._

The voice comes from above.

They're coming this way.

The men on the balcony.

The women.

Hurry!

Hurry, hurry!

It's all too much, too much.

And they're all on the floor.

_A",0,0,43.0,0.6511627906976745,0.16279069767441862,terrified_l12_a4p0
terrified,12,4.0,7,0," Rows of broken men lying on the ground. A man looks out at the men. A man tries to reach the woman in the dark.

The man has turned off the music but he can hear the man breathing.

Scene: A man looks out at the men. One man has turned off the music and his mind is on the woman. He sees that she is alive.",0,0,67.0,0.5671641791044776,0.14925373134328357,terrified_l12_a4p0
terrified,12,4.0,7,1," The street, a narrow alley, a low stone wall, and an iron gate. A man appears, walking on the pavement. He is not the man who is speaking. The words ""Mister"" and ""Wound"" sound close together, as if the man were still in his body. The man's voice is as though it were yelling and yelling, like he could not be heard;",0,0,62.0,0.7096774193548387,0.0967741935483871,terrified_l12_a4p0
terrified,12,4.0,7,2," The streets are dry; the air is stung, as if someone was walking in the street.

S.Noise: In the air. The sound of an engine.

S.N.Virus: An old woman in an old house, one hand on the door, the other on the floor, her body stretched out, a piece of her lying on the floor.",0,0,58.0,0.6551724137931034,0.15517241379310345,terrified_l12_a4p0
terrified,12,4.0,7,3," The road that leads to the camp.

Camera: Camera 1.

Scene: A group of people.

Camera: Camera 2.

Scene: A group of people.

Camera: Camera 3.

Scene: A group of people.

Camera: Camera 4.

Scene: A group of people.

Camera: Camera 5.
",0,0,37.0,0.32432432432432434,0.2702702702702703,terrified_l12_a4p0
terrified,12,4.0,7,4," A large, heavily-used door.

Location: The door is located behind a pair of thick, leather boots. A woman lies across the manor, which she’s trying to pull free from the massive stone slab. A light begins to grow in the room as the woman tries to free herself. She fights back until she’s stopped, even as she tries to move forward.",0,0,64.0,0.703125,0.078125,terrified_l12_a4p0
terrified,12,4.0,7,5," 2 minutes

Skin

Description: There was a man in an open area. He was a strange man, the only thing that could have made him feel anything; his legs, his arms, he was the only thing that had stood the knowledge of him. He was the only thing that was holding back the night, they were the only thing that could feel.

Scene:",0,0,62.0,0.5806451612903226,0.0967741935483871,terrified_l12_a4p0
terrified,12,4.0,7,6," Narrating the tale

Scene: Pushing into a dark, deserted part of town.

Closer to the start of the story, the voice of the man in the story. There is a strong need to hear him, as he is trying to find the voice of his young friend.

Scene: A man is pulling down a dark alley with the scent of blood in",0,0,62.0,0.6129032258064516,0.12903225806451613,terrified_l12_a4p0
terrified,12,4.0,7,7,"

In the back, a man in black clothes lies on a dead body.

The scene is the same, but different.

The man in black dives into the water, but it's the same.

A woman lies on the floor.

A boy runs.

They are two boys.

The water in the waterfall is green.
",0,0,52.0,0.5769230769230769,0.17307692307692307,terrified_l12_a4p0
terrified,12,4.0,8,0," 'The Sphinx of Gondor'

The story focuses on a large cavern, and the walls surrounding it are filled with light. The cave itself is a labyrinth of tunnels and pathways, as the world was turned into a nightmare. With each other and the air around them, the air was filled with the screams of the Sphinx.

The scene shifts around and",0,0,61.0,0.639344262295082,0.14754098360655737,terrified_l12_a4p0
terrified,12,4.0,8,1,"  Pencil, handprint, and a long white stick.

The students were standing near an elevator shaft, and the elevator was coming down.

Scene:  Three dark objects on the floor.

Two boys were fighting on the floor with a hammer.

Scene:  A young man's voice.

A woman screamed.

Scene:  Two men",0,0,49.0,0.7142857142857143,0.08163265306122448,terrified_l12_a4p0
terrified,12,4.0,8,2," The girl of eight in the classroom

You see something, and you're confused.

Scene: The teacher's back is a lot softer than you thought.

You see a small boy with his head held high, his eyes closed. You can't tell if you're seeing the face of a person.

Scene: The man's face turns a little green.

",0,0,56.0,0.7142857142857143,0.08928571428571429,terrified_l12_a4p0
terrified,12,4.0,8,3," ""What is it with you?""

Voice: ""It's my dream.""

Mute: ""No, you're not coming with us.""

Scene: ""Why are you doing this?""

Voice: ""I have to do this.""

The man in the middle of the bridge of the tunnel appears in the room. The light is dim, and he is",0,0,50.0,0.74,0.12,terrified_l12_a4p0
terrified,12,4.0,8,4," A short scene is a short scene. When a short scene happens, there is no short scene at all. A small part of the scene is visible. As you step in the frame, a short scene is created. It is a short scene, and it is not visible from outside.

Scene: A short scene is a short scene. You will see a short scene, which is a",0,0,67.0,0.43283582089552236,0.16417910447761194,terrified_l12_a4p0
terrified,12,4.0,8,5," The students are seated on the floor.

""I don't think we do,"" says a husky voice. ""I don't know if this is the end or if this is the end.""

The girl's scream is a scream of pain. Her body is twisted and crumbling, but she is still alive.

""Oh my God, are you okay?"" The doctor",0,0,57.0,0.7017543859649122,0.10526315789473684,terrified_l12_a4p0
terrified,12,4.0,8,6," A school student is talking with a classmate, and she is trying to break the rhythm of their voices. The student's eyes are closed and his whole body shakes. His skin is warm and red. The teacher appears as if he has just been stabbed. The boy who was in the building is screaming at the sound of the blade. The wound on his back is a thick, cold metal.",0,0,70.0,0.7428571428571429,0.11428571428571428,terrified_l12_a4p0
terrified,12,4.0,8,7,"

The boy is sitting in a school hallway, and he's being held by two men.

He's terrified. He is having trouble breathing.

The man says something, then the man gets up and punches him in the face. The man screams, and he falls backwards. The boy's head falls off the man. The man's hands are on the door, but he",1,1,60.0,0.6833333333333333,0.15,terrified_l12_a4p0
terrified,12,4.0,9,0,"

And, once again, there’s the question of how to create such a powerful scene. Now, the question is, can you create it? The answer is yes. I had this sensation when I was watching a dream sequence I was playing.

“No way.”

The first, most powerful, image I saw was the scene of a face, of a face,",0,0,59.0,0.6610169491525424,0.0847457627118644,terrified_l12_a4p0
terrified,12,4.0,9,1,"

A man and a woman appear to be in a war zone. A man stands in front of the man’s body with his hands spread in front of him. The man pulls himself into the air, and he is being struck by an explosive blast. The man falls face-first into the cold ground, and he is on top of the man’s body. The man and the",0,0,69.0,0.5797101449275363,0.11594202898550725,terrified_l12_a4p0
terrified,12,4.0,9,2,"

A short scene that begins with the word ""b"" and ends with the word ""b"" (the first three letters of the words for ""b"" are the same as the first word of the sentence ""a"" which is also a short scene)

The word ""b"" is the first letter of the words for ""b"" and ""b"" (the first three letters",0,0,59.0,0.423728813559322,0.1864406779661017,terrified_l12_a4p0
terrified,12,4.0,9,3," A small boy, his eyes on a map of his room, as he slowly leaps from the ground. A thin chain of light from a window is on his right. A few feet behind him a heavy metal door. He could not see as he leapt. He could not break free, could not stand up, could not breathe. He could not move. He could not move. He",0,0,67.0,0.582089552238806,0.1044776119402985,terrified_l12_a4p0
terrified,12,4.0,9,4,"

The sky is a blue glassy black, the shadows were thick and thin. The shapes were a soft, jagged and black, and the movement of the feet.

The sky became cold and wet, the water in the glassy water was as cold as the rain. The night was still and cold, the sun was just rising, and it was as if someone had made",0,0,64.0,0.5625,0.171875,terrified_l12_a4p0
terrified,12,4.0,9,5,"

1.8.2

A:

It's a very short conversation, but it's a fun one.

A:

A brief conversation with a very young, very, very attractive, very rich, very, very beautiful girl...

It starts in the middle of the room, and the room is packed with shadows and light.

A:",0,0,46.0,0.5869565217391305,0.15217391304347827,terrified_l12_a4p0
terrified,12,4.0,9,6," An ordinary object is a place where you might find a dead body.

You step into the space between a cell and a wall.

A man in a wheelchair is hit from behind. His legs and arms are bent at an awful angle. His eyes are glazed.

An eerie silence and a horrifying stuttering sound is the sound of an empty grave.

",0,0,62.0,0.7096774193548387,0.11290322580645161,terrified_l12_a4p0
terrified,12,4.0,9,7,"

Type:

Reverse-projection;

Type:

Reverse-projection;

Shape:

Moved by;

Bone:

Cone of maximum depth;

Moved;

Bone to bones;

Moved from bone to bone;

Tooth to tooth;

Moved tooth",0,0,28.0,0.5357142857142857,0.14285714285714285,terrified_l12_a4p0
terrified,12,8.0,0,0,"

A low-pitched crash sounded as they came, pounding the air. The sound of the thundering glass that shook the building. The air rushed against the oncoming tide of sound. The cold, sharp pain in the lungs, and in the metal of the next breath.

Sooty, wet and hot, but not just cold, and blood to the side of the",0,0,60.0,0.6666666666666666,0.2,terrified_l12_a8p0
terrified,12,8.0,0,1," A white sheet, a cold wind, and a thick, wet wind that sent a sound like a hundred grains of dust. The door to the upstairs was shut. A metal clawing on the ceiling, she felt the cold, and through the bloodflowing, the blood of the wind and rain. The screams of the men.

It was out. And then it was like a rush",0,0,64.0,0.59375,0.140625,terrified_l12_a8p0
terrified,12,8.0,0,2," a cold, wet, and fast, a great crash, and a deep, piercing sound. Blood in the cold.

The silence grew, and it was a painful slap on the door. Someone inside the cellar. Bloody.

The air was filled with a heavy, heavy, and it was painful to hear.

In the darkness and time to the ground, the metal",0,0,58.0,0.603448275862069,0.13793103448275862,terrified_l12_a8p0
terrified,12,8.0,0,3," In the empty alley, a man stands still, still, and she drops to all the ground beneath. Her head jerks up and down, achond. She trembles with all the earthy wind and cold. She heard the metal, the sound of a metal-grate and the cold, hard. She was cold.

_THUNDER_ , a tearing sound",0,0,54.0,0.6481481481481481,0.1111111111111111,terrified_l12_a8p0
terrified,12,8.0,0,4," the front door. A huge metallic ringing in the air.

Tension: the world. The sounds of a metal wasp-ing, making the wet noises.

She screamed and she screamed, the pounding of all around her. A cold, hard, unbearable pain in her side.

Tar, cold and wet.

A horrible sound.

",0,0,50.0,0.68,0.12,terrified_l12_a8p0
terrified,12,8.0,0,5," 'I have no breath, I have no breath. No breath.'

The panic of fear, a pounding, and the pain of metal on metal. The water in the air rushed on towards the ground.

The first movement of a human scream, sharp and loud, and a sickening, cold, and heavy breathing.

The air came thick and heavy. The pain and",2,1,60.0,0.5666666666666667,0.13333333333333333,terrified_l12_a8p0
terrified,12,8.0,0,6,"

The next step is the realization of many, many dreams on a dark, twisted and fearsome reality, but the pain was too deep and it took the entire body. The power was out and they were fighting it out, but as it writhed on the floor, the blackness was filling the air and the heat, and it was a terrible, painful, and blinding pain.
",0,0,64.0,0.609375,0.140625,terrified_l12_a8p0
terrified,12,8.0,0,7," _Muffled_ , a roar, a piercing, a fearing smell. A darkness, a cold, unearthly, a sound as of a man.

_The_ sound of _closes_ , and _faint_ , a deep, slow throbbing, and death.

_Alley!_

_Grace_ , a deep, harsh scream,",0,0,37.0,0.6756756756756757,0.24324324324324326,terrified_l12_a8p0
terrified,12,8.0,1,0,"

She stopped. She saw the light. The man was on the floor, hard, and as her head snapped, the blade of a single, frantic breath took her through the air. A cold, bone-deep water, and a hard, unforgiving wind, the cold air, thick and wet, and the sound of the river in the hills.

Her heart was heavy",0,0,59.0,0.6440677966101694,0.15254237288135594,terrified_l12_a8p0
terrified,12,8.0,1,1,"  >

Curtain. A cold wall. A wet, echoing sound, and a cold, metallic beat in the darkness. A man was standing over it, and a sharp, echoing sound.

_The noise outside was loud. An animal, sharp in the air, and cold. The smell of blood and...

""The end! The end, the",0,0,50.0,0.58,0.14,terrified_l12_a8p0
terrified,12,8.0,1,2," the water-filled cave below. Three young men stand in the water, three cold waterfalls, a sound like deep pain, and the coldest pain a hot breath.

The man's voice, a sound like thunder. The cave walls. An icy pain. The cave wall.

The body of a man. A man lying on the ground.

The man screamed,",0,0,57.0,0.6140350877192983,0.15789473684210525,terrified_l12_a8p0
terrified,12,8.0,1,3,"

Hearts screaming out, blood pouring. She screamed and the gunman continued on her, crushing her.

“Get out, get out!” she screamed.

The air was as a stone, glass, and red as the darkness, the freezing, the wet, and the wet bloodlust.

The men, falling to the ground, and she screamed.
",0,0,50.0,0.6,0.16,terrified_l12_a8p0
terrified,12,8.0,1,4,"

She screamed; and a white, cold steel door slammed against the outside of the castle.

A cold blade stabbed through the air and a thunderous sound was echoing out. The door slammed against the hard stone walls and the floor of the chamber.

An insane scream tore up the air, a scream of pain and the deep, cold rain

A second scream exploded",0,0,63.0,0.6031746031746031,0.14285714285714285,terrified_l12_a8p0
terrified,12,8.0,1,5,"

A blackening wall, and the sharpest sound was coming from the next room.
A shape was crawling up the walls.

She screamed, and a light was on the opposite side.

A cold, rushing sound was hard to hear.

Then there was no sound as the metal gates parted.

Bang!

Bang!

A",0,0,51.0,0.6862745098039216,0.09803921568627451,terrified_l12_a8p0
terrified,12,8.0,1,6,"

A woman screamed, her breath rushing into her, blood dripped on the ground. She slammed against the hard stone wall, and the air was heavy. The air was filled with the cold metal on the ceiling. A lightbulb throbbed, and the floor was rough. The metal in the pit was cold, and the chill spread through the air, and through the air was",0,0,63.0,0.5714285714285714,0.19047619047619047,terrified_l12_a8p0
terrified,12,8.0,1,7," The second of the three, the cold, wet, and heavy, it had hit the coldest of throes. Their only hope was the door. It opened and they screamed.

Berserk and his men, groans, and teeth gushing, he heard and felt the air rush through the chamber, and his screams echoed as he screamed.

The blood was cold and",0,0,58.0,0.6551724137931034,0.13793103448275862,terrified_l12_a8p0
terrified,12,8.0,2,0," A large, black, and liquid, it took all of his body. He had the sensation of being ripped from his body and the pain in his mind. He felt the bones pounding hard.

His chest and back was cold and hard. A cold, hard pain filled the back of his head.

The world spun around his, and it took him every step. He felt the",0,0,65.0,0.5692307692307692,0.09230769230769231,terrified_l12_a8p0
terrified,12,8.0,2,1,"

And then she let out a deep, wet, pounding.

And then it took her all the way down.

She shrieked as she screamed, and the metal, echoing off the ceiling. The wind screamed like the world was closing in and she felt her fists and throat heaving. The ground beneath her screamed.

The air rushed and her body turned",0,0,59.0,0.6610169491525424,0.11864406779661017,terrified_l12_a8p0
terrified,12,8.0,2,2," A wide, heavy, and cold, and the scream of the air. She had a sudden vision, but she saw nothing. She felt cold and heavy, and the earth cracked, and she felt, she felt so cold. The smell of rotting flesh filled her. She moved forward, and the cold, sharp rock. She felt the wetness of blood on her fingers.

She",0,0,61.0,0.5409836065573771,0.13114754098360656,terrified_l12_a8p0
terrified,12,8.0,2,3," The back of the room.

The doors to the air grew loud and cold, and the cold, and ice.

The ground, freezing. The room, glass and metal.

The metal door slammed hard.

He stopped.

Mona was growing, her metal-plate like steel, glass and ice.

He fell forward, and he closed his",0,0,52.0,0.6153846153846154,0.15384615384615385,terrified_l12_a8p0
terrified,12,8.0,2,4," In the upper atmosphere, a fire in the air, a wall, a groan, and a light, a dull ache.

""It's worse than you think,"" a woman whispered.

A man's arm and shoulder were tight and menacing. And there was a scream from the far wall, and the glass from glass as glass shattered around the edge of the stairway.",0,0,59.0,0.6440677966101694,0.13559322033898305,terrified_l12_a8p0
terrified,12,8.0,2,5," M.C., and a dozen bodies are piled on the floor. A man screamed as his hands went up and a blade of steel slammed into his chest. His eyes opened and the metal on his head jerked as his legs bent into the air.

An angel fell backwards, and a man screamed. M.E.P.The air in his head screamed like a wind. The earth",0,0,67.0,0.6268656716417911,0.08955223880597014,terrified_l12_a8p0
terrified,12,8.0,2,6,"

A man's scream screams, and he is more than it sound. He's on the floor, and his light was out, and he was so light-filled he felt his breath on the metal. They were too fast. The cold, wet metal on the outside. The sound of metal and ice. He didn't even feel it.

His blood was out, and he",0,0,61.0,0.6065573770491803,0.08196721311475409,terrified_l12_a8p0
terrified,12,8.0,2,7," A small, pounding, glassy and fast. A voice screamed in the air and it sounded like a wind as if the walls were closing around, but the sound of the steel of metal, and cold, as it ripped the air. The pain and the horror was horrible.

The sound of the wind, sharp and cold, made the air heavy on the floor. The cold metal of",0,0,66.0,0.5606060606060606,0.18181818181818182,terrified_l12_a8p0
terrified,12,8.0,3,0,"

A sudden silence, and blood and cold. A blast of wind and rain.

Wing: Mouth, mouth, throat.

The metal and steel of steel, and metal and wood.

The crash of a cold, the pain in the armored and out of time. A cold, blood, and cold. And a dark, cold, and thirsty",0,0,52.0,0.4807692307692308,0.19230769230769232,terrified_l12_a8p0
terrified,12,8.0,3,1," A door opens and a man, a man, his hand tightening on the stone, and they were only a few feet away.

“My name is a strange, terrifying sound. I’m deafening out and I’m on the verge of falling.”

The room was quiet, she heard the sound of a hard, claustian. She felt an icy-cold",0,0,58.0,0.7068965517241379,0.10344827586206896,terrified_l12_a8p0
terrified,12,8.0,3,2," A blocky space filled with fear. A woman's scream, the air was tight, and she was begging, she was pleading, she was pleading, and...

""Help! Can it happen! Can anyone see? I can hear it. The walls are closing on my chest, I'm breaking out everywhere, and I can't stop the sound of my own breath. I...
",1,1,57.0,0.7017543859649122,0.07017543859649122,terrified_l12_a8p0
terrified,12,8.0,3,3," A shadowy blackness.

The lights on the walls of the vaulted chamber, their shadows heavy on their bodies. The cold stone of the stairway was a harsh cry, hissing and a scream of pain. The air was alive with a heavy pulse in the upper air and the rumbling of a stone and metal. A shatter of the cold metal, and the clank",0,0,63.0,0.5396825396825397,0.15873015873015872,terrified_l12_a8p0
terrified,12,8.0,3,4," The door to the room had sound. A heavy thudding, and a sharp pain spread through the space where I had thought I had seen her running. It was so hard, making my grip on my arms. But my mind was too heavy on my chest. I felt water running on the floor. I was trying to push my body apart and I had to send the sound of water striking",0,0,71.0,0.6197183098591549,0.07042253521126761,terrified_l12_a8p0
terrified,12,8.0,3,5,"

The metal was cold and tight and glassy, it was like a slow heartbeat, and he cried out against the pain in his body. His breathing was harsh and steady, he screamed and the rain was on the coldest, but the sound of a metal out of the pit of her stomach.

The metal came around, hitting the floor, his head and neck and she could",0,0,66.0,0.6212121212121212,0.12121212121212122,terrified_l12_a8p0
terrified,12,8.0,3,6,"

A dark, twisting mass of air.

And then she screamed, and her screams rose in terror.

And she fell on a table.

And the walls were so heavy.

The ground shook and she splashed and her screams rose.

And the night was filled with the sound of bone-sheers and claws and tearing down.

And",1,1,55.0,0.6545454545454545,0.18181818181818182,terrified_l12_a8p0
terrified,12,8.0,3,7,"

In the air, there was a moment of clarity, the sound of her breathing and the impact of a metal object. It took her a second to believe him.

She froze, making the ground shake. She thought of Jenna, but she felt the sound of the wood as she found the stairs, and the pain and the strength of it took her to her feet, and",0,0,66.0,0.5757575757575758,0.13636363636363635,terrified_l12_a8p0
terrified,12,8.0,4,0," B

The body of the water rushed into the air with a growling, and a heavy
clang of stone on the floor; their speed and strength,

She screamed, and her breath was cold.

A silence hung over the house. A dulling of every
sense, and the echoing of the steel.

The body of the tree they had been",0,0,58.0,0.6724137931034483,0.15517241379310345,terrified_l12_a8p0
terrified,12,8.0,4,1,"

The screen froze, the sound and clavium rock. The cold, the sound, like the metal.

The lights snapped out, and the smell of wet metal.

The smell of the air. The metal.

I cramped my body and my mind grew black.

The light turned to silver. My headlose.

The room was",0,0,51.0,0.6078431372549019,0.23529411764705882,terrified_l12_a8p0
terrified,12,8.0,4,2,"

The air filled with the explosion, and the darkness of the dungeon was closing on it. She felt a cold, sharp pain.

“Hurry! The others! The water rushed into the air!”

The metal on the floor shook. The stone floor cracked, and the sound of thunder. It was as if they were all rushing into the room. A dark and",0,0,60.0,0.65,0.2,terrified_l12_a8p0
terrified,12,8.0,4,3,"

""Oh, there was pain inside my heart. How I screamed. My eyes burned and I opened my mouth to scream...and then my blood was pouring. I screamed and I had to...

""Blinking...yanking on every word. I was on my stomach, and I was on fire. It took me...and I was so cold. I saw it in my",0,0,60.0,0.5833333333333334,0.13333333333333333,terrified_l12_a8p0
terrified,12,8.0,4,4," the sound of water being on the other walls.

Tara was a terrible, cold place. Her clothes were cold, and in the nightmares, she could hear their metal-swelling.

Then, a final fear, she knew the water was near.

A bolt of pain and a sharp smell. His breath was hot on the insides.

The men",1,1,56.0,0.7142857142857143,0.10714285714285714,terrified_l12_a8p0
terrified,12,8.0,4,5," a vast landscape, a thunderous noise, the tearing sound of a thousand fists. A sharp, loud sound, the pain in the depths of the metal-tossing.

The heart of the beast, a blade of flame, the sound of a terrible and terrible force, the scream of flesh and metal, the clash of the on-coming-and-clanking on all sides",0,0,60.0,0.55,0.16666666666666666,terrified_l12_a8p0
terrified,12,8.0,4,6,"

She's on fire.

Her body is black. The air is heavy, and she's cold. She's shouting again.

Her screams.

The sound of glass.

The air and water and ice. The earth, the sky, and the thunder and the thunderous sound of the walls of the room.

The knife had struck the wall.",0,0,52.0,0.5769230769230769,0.21153846153846154,terrified_l12_a8p0
terrified,12,8.0,4,7," the door behind her, her voice echoing and her grip tight. It was hard, but not inside the air, the sharp, cold, and wet.

The scream ripped like a gume. The rain. The rain and the snow.

She froze as the door slammed.

""Hurry!""

The cold metal on her left, and she screamed again.",0,0,54.0,0.6666666666666666,0.16666666666666666,terrified_l12_a8p0
terrified,12,8.0,5,0,"

In the darkness of a stormy alley, two men stood in a wall of fire. The man standing at the bottom of the stairs came out from behind. A man screamed, the sound of metal tearing and crackling. A cold wind rushed to the back of the room.

""Help! The demon was trying to get us. I could feel it in my legs and my",0,0,65.0,0.6923076923076923,0.12307692307692308,terrified_l12_a8p0
terrified,12,8.0,5,1," In the room, in the air, the door creak closed as the power of the room shattered. A flashlight broke the glass, and a black smear of blood and teeth that left the air like a pulse of pain.

It came from behind and behind the oncoming air, and the room shook, and the wind, and the air ripped into her.

She screamed,",0,0,63.0,0.5873015873015873,0.1746031746031746,terrified_l12_a8p0
terrified,12,8.0,5,2," the walls closing in on the building, the blackness of the air. The blood on the earth, the metal bars. A terrible smell. The metal walls behind her screamed and she heard his scream, the grit on the metal and bone.

A terrible pain stabbed through her and she could hear it. The power was out. She felt the cold metal on the back of her head",0,0,67.0,0.582089552238806,0.19402985074626866,terrified_l12_a8p0
terrified,12,8.0,5,3,"

Fire crackling, glass shattering off her body as a sharp pain shot through her chest.

She fought through the heat and pain, the only thing on her mind was a man standing in the room, but she didn't have any closer to it than she felt.

As she moved, the air filled with the sound of the sound of a wet, cold, and",0,0,63.0,0.7142857142857143,0.09523809523809523,terrified_l12_a8p0
terrified,12,8.0,5,4,"

The wind was heavy.

He was screaming.

He felt a cold, wetness.

He was still.

A wall of cold, cold air.

He felt like a body rising up.

He felt like a thing of cold metal.

He shook his head.

He could feel the pain in his chest and the cold",0,0,51.0,0.5686274509803921,0.13725490196078433,terrified_l12_a8p0
terrified,12,8.0,5,5," she came out from the darkness in the woods, and a voice that echoed, reverberated, and her own pain. It was as though a force of steel seemed to break the night air, and she saw the light, cold and blood-sweet, and the cold, hard.

_Bes, her arms, her cold, and the metal on her. The pain in her",0,0,60.0,0.65,0.11666666666666667,terrified_l12_a8p0
terrified,12,8.0,5,6,"

The sound of metal as the first few seconds of her breath followed the sound of metal and metal and flesh.

The roar of steel and sand filled the air as she heard the noise of metal and glass, glass and flesh and flesh and flesh and blood.

She screamed like a scream and metal and flesh and bone and blood.

The cold, and the rain of",0,0,67.0,0.44776119402985076,0.19402985074626866,terrified_l12_a8p0
terrified,12,8.0,5,7," A door slammed in front of them. The air rushed in their lungs, and the earthy thud. The light was on, and it sounded like the inside of a body.

Jar's scream was loud and heavy, and she let out a clatter as the iron clink.

The only thing left in the room was ice.

She screamed.

",0,0,57.0,0.7017543859649122,0.12280701754385964,terrified_l12_a8p0
terrified,12,8.0,6,0,"

""A horrible screaming came to the floor. It was like a hot, dark, gushing, and cold. The earthy smell came out of the night, and the cold of the earth.

""The air was filled with the smell of fear.

""An animal scream rose like a crash, and she screamed all over the house. The smell of flesh and bone",1,1,59.0,0.6271186440677966,0.15254237288135594,terrified_l12_a8p0
terrified,12,8.0,6,1," a man’s arm, bone, blood, and a hard sound as a thick wind roared. She screamed. She saw him, saw his face. She felt the cold and wet. He’d been a harsh, slow motion. The pain in her lungs, and she heard the groans, and she screamed as the cold metal ripped her head from her back.

She screamed harder",0,0,62.0,0.6612903225806451,0.0967741935483871,terrified_l12_a8p0
terrified,12,8.0,6,2,"

He stood still, and he felt the cold stabbing pain. The sound of a metal wall. The cold, wet and clammy. They shouted a hiss as the thing in the front of the room crumbled and twisted. The ground shook as the metal that hung over their bodies.

The thing in the corner of the room echoed. The earth was cold and hard.",0,0,63.0,0.6031746031746031,0.19047619047619047,terrified_l12_a8p0
terrified,12,8.0,6,3," The ground-up, she- was cold and hard as the coldest drops of his downing of her body as she screamed as her mind screamed in her mind. A hard, metallic beat and her stomach was choking her.

Her thoughts were electric and out of control and the light of her eyes could be heard over the windy, was heavy and slow as the metal grounding",0,0,66.0,0.6060606060606061,0.10606060606060606,terrified_l12_a8p0
terrified,12,8.0,6,4,"

A scream echoed off the trees and the sound of metal.

_The air was filled with hissing and thudding. Something was wrong, and the worst was like a light, dull, hot. She screamed, and she screamed as hard as ever, and the air was pouring out.

_Ran, ach and out of the trees, the fire tore",0,0,56.0,0.6071428571428571,0.125,terrified_l12_a8p0
terrified,12,8.0,6,5," open/closed

The sound of glass and stone. A man's weight.

A man's hands were wet. His knuckles white on the glass. It was sharp.

The darkness poured out in a sickening and suffocing pain.

He opened up and fell to the floor.

The grip of the wall. Its thickness, the echoing,",0,0,52.0,0.75,0.1346153846153846,terrified_l12_a8p0
terrified,12,8.0,6,6," The wall, the darkness, the wind of the water, and the cold. His mind seemed to draw tight and it wasn't any better when his breathing hit the wall. A cold, wet and cold, and the pain was throbbing in his chest. He screamed again, and there was a wildness in the air.

The earth shook violently.

In the darkness, water",0,0,61.0,0.6065573770491803,0.16393442622950818,terrified_l12_a8p0
terrified,12,8.0,6,7," the room was a hard, cold, and metallic, and she held her breath. Her mind screamed. A lightness of fear and agony, terror and rage. She had no breath on the side of the hard, wet floor. She had a wild, horrible, desperate cry, and she felt the metal grip around her. A cold, sharp agony, and she clung to her body and",2,1,63.0,0.6031746031746031,0.1111111111111111,terrified_l12_a8p0
terrified,12,8.0,7,0,"

She clawed her body against the cold. Her breathing was harsh and rapid, but she felt the pressure of a great weight on her chest, and it was so loud that she thought she could hear her heartbeat. The black, hard surface of the stone, the earth-wrelding, hissed and the rumble in the air.

Her name was thundering,",0,0,59.0,0.6949152542372882,0.11864406779661017,terrified_l12_a8p0
terrified,12,8.0,7,1," In the dark, a strange, metallic sound like steel pounding, a voice shouting.

A scream, and the scream became harder, and she screamed harder.

The sound, her throat and her body.

She came and she hit the glass-panning, and the front end of a steel metal. The metal turned metal on metal.

The cold, hard metal",0,0,57.0,0.5789473684210527,0.12280701754385964,terrified_l12_a8p0
terrified,12,8.0,7,2," Beneath the blood; a thin, wet, cold, and ahuman

The room was pitch-dark; the night air was heavy with the heat of the air, and the bones felt like they were choking on the cold, earth and rock. The night was cold and still.

With a growl, the metal grating of steel and glass was a horrid, pounding",0,0,59.0,0.6101694915254238,0.15254237288135594,terrified_l12_a8p0
terrified,12,8.0,7,3," 'The wall was suddenly thick. His grip was tight and he pulled himself up into the air; he knew the ground, and then the smell and sound came. Her breath. His fingers tightened on her arm, and her grip closed on his chest, hard, crushing. The smell of fear, death. The floor, cold and sharp and hissing. He was on the outside, and he",1,1,64.0,0.625,0.109375,terrified_l12_a8p0
terrified,12,8.0,7,4," A window to the inside of a narrow stair.

He was out and he knew his.

The air was tight, and the smell of blood.

Her. Her.

""Ooh!"" she screamed.

Her hands were cold, and her fingers tightened on the deck.

""She screamed, and it was too much! She was cold and hard",0,0,53.0,0.6226415094339622,0.09433962264150944,terrified_l12_a8p0
terrified,12,8.0,7,5,"

A cold, wet, and fast, the sounds of a thick, echoing sound. The screams, and his own. The grip on her body. The cold metal and ice. It rattling. The river as a black, dry river. The thunderous, piercing boom, and the sound of a metal fist against her body.

She screamed. Her mouth closed and,",0,0,56.0,0.625,0.125,terrified_l12_a8p0
terrified,12,8.0,7,6," A huge, metallic sound. A knife blade rose from the cold metal.

And out again, the pain spread across his body as his mind screamed as his body began to move.

They were only a hundred yards away, and there was no escape. The walls were the metal-on metal and the air was thick with the heat.

She closed in on him as the",0,0,65.0,0.6923076923076923,0.1076923076923077,terrified_l12_a8p0
terrified,12,8.0,7,7," The ground became cold, and the metal raining down. A man's scream, and a second, more cold, before he could stop her.

The air was tight and cold.

She screamed.

The horror of the corridor.

Rough, bone-hard, and glassy.

And then the thing was out of her, and she felt him",0,0,52.0,0.6730769230769231,0.11538461538461539,terrified_l12_a8p0
terrified,12,8.0,8,0," a cold, pounding, and a coldness to all the buildings. Thudding on the walls, they heard a terrible clashing of light and sounds in the darkness, the cold metal that clung to the floor. There were cries and whispers of pain.

_Crash! The floor and trees. The power of the trees, the sharp, pounding sounds, the air, and",0,0,58.0,0.603448275862069,0.1724137931034483,terrified_l12_a8p0
terrified,12,8.0,8,1," F. Up to the moment of an explosion; blood and glass rattling.

The blast rages and glass and water rush up, but there is no escape from the air.

The explosion, crushing the glass walls, reverberated through the room.

The crash of metal on glass, the impact of a wall, an explosive discharge, a scream of pain, and",0,0,58.0,0.6551724137931034,0.13793103448275862,terrified_l12_a8p0
terrified,12,8.0,8,2," A large crowd in a room; the impact felt on a woman’s body; her breath as she cried, she felt the water move through her body, her body, and she felt the hot metal on her.

“As she died, she screamed and a woman’s hand on her left and right; an awful scream of pain, she was all over, and she was pounding",0,0,65.0,0.5692307692307692,0.1076923076923077,terrified_l12_a8p0
terrified,12,8.0,8,3," ""I was staring at the wall. My hand hit the ceiling, and I hit the stairs. I was on the stairs, and out in the hallway, I saw that I smelled the faint scent of burning and stone.

""It was so cold and raining. I had to strain my ears. I cried out as the stairs took me into the air. I tried to scream,",0,0,65.0,0.6153846153846154,0.12307692307692308,terrified_l12_a8p0
terrified,12,8.0,8,4," An eerie sound and pain. A moment of silence.

Jace.

The pulse of blood rushed out, then she caught it like the last of a falling out of the ceiling.

The world was screaming.

They’d seen the scream of the fear, the terror, the pain in their bodies.

And so they had to be sobbing,",2,1,56.0,0.7142857142857143,0.14285714285714285,terrified_l12_a8p0
terrified,12,8.0,8,5," Sizzle.

The attack grew louder and closer as the sound of the fire and cold and metal, it seemed to take them all. The first shock of light, the shock was in the darkness, and he could do nothing.

A scream of pain as he came, and still he heard the screams.

It was a terrible weight and he cried out, his eyes",0,0,63.0,0.6666666666666666,0.1111111111111111,terrified_l12_a8p0
terrified,12,8.0,8,6," A woman in a white uniform.

The moment of complete awakening was a crushing shock as the wind tore through the house. The noise of the wind, the sharp, coldest pain, the thunder and shock of metal on metal in the air. A man’s hand was knifing the flesh of the left side of her skull.

The heartbroken scream, that made the",0,0,63.0,0.6349206349206349,0.19047619047619047,terrified_l12_a8p0
terrified,12,8.0,8,7," The ground, a thin sheen of metal. The wind. The cold breath on the open space.

All was silent. They looked up, as the floor-tire in metal on metal, hisses, and hissing. The water ran down the narrow passage and down the otherworld.

She held on to him and he fell. He tried to grab her, and",0,0,58.0,0.7068965517241379,0.13793103448275862,terrified_l12_a8p0
terrified,12,8.0,9,0," A door slammed, and in it was a scream and pain. The pain in his leg, and he screamed.

And then, finally, the scream had a pitch-thingy. The thudding, and the ground. Ahead, the door was closing fast. He heard it, and the sound of a metal grip.

A woman screamed, and she was still.",0,0,56.0,0.5714285714285714,0.125,terrified_l12_a8p0
terrified,12,8.0,9,1,"

A thick, cold steel, wet. The air is stinging. A heavy, deep, bone-numbing pain...

His breath was heavy. He couldn't scream. He couldn't lose her.

He screamed out, and her cry was so loud it sounded like nothing. He saw watery and hot.

He couldn't breathe. He couldn't scream",0,0,50.0,0.72,0.12,terrified_l12_a8p0
terrified,12,8.0,9,2," a thin, white line, almost to her diaphragm. A dull thud, and the cold, stinking on the other side of the ceiling. Thunder-cling, but there was no blood on the outside.

Ran to the door, but she went all over.

She looked up; a sharp, cold echoing.

The light turned blue around the edges",0,0,55.0,0.7636363636363637,0.12727272727272726,terrified_l12_a8p0
terrified,12,8.0,9,3,"

A woman screamed as her attacker yanked her down.

A boy's scream echoed. A black object was striking the back of her head. A cold, deep pain and a clang of a hoof.

The body was joling and crackling. The back of the woman's head was a sickening jolt. It pushed forward and then it was like",0,0,57.0,0.631578947368421,0.12280701754385964,terrified_l12_a8p0
terrified,12,8.0,9,4,"

Heav, like a metal-clot, but worse. A wall.
No, she didn't move. The water flowed and the air became a dry, choking sound. His body twisted and turned in a terrible, echoing, rumbling.
Ahead of him, it sounded like claws and a cold, harsh, metallic scream. His arm, and out of",0,0,52.0,0.7884615384615384,0.09615384615384616,terrified_l12_a8p0
terrified,12,8.0,9,5," a deep, raining sound behind him as the sound of a thousand feet.

The light was cold, and his body seemed to shimmer. He was screaming; there was no sound; and his mind was heavy with dread.

A man's hands screamed on the stone walls. The sound of a cold, wet wind tore through the air.

The air was wet,",0,0,60.0,0.65,0.1,terrified_l12_a8p0
terrified,12,8.0,9,6,"

The second thing in the night she heard, and for a second her terror, her fear and pain she ran, she ran as if, in an insane grip, she could not escape, she could not break free, and her breath stung, she froze in the room, the darkness took her, the night was full of nightmares, it was the horror of the blackest,",2,1,63.0,0.6031746031746031,0.1111111111111111,terrified_l12_a8p0
terrified,12,8.0,9,7," The windshield and a head-on impact. A thin, warm line of sound and smoke, and a crack, and the freezing of the air. Anger, and the body.

The air around a cold, wet, and cold that filled the air.

Ramp rock and sand beneath the surface of the air, and a deafening roar like the sounds of metal.",0,0,59.0,0.559322033898305,0.15254237288135594,terrified_l12_a8p0
terrified,16,4.0,0,0,"

Piece of a Scene

Rise

A Tension in the Deep

The Pain is Still Real

The Deadly Debris

Piece of the Body

Rise

A Tension in the Deep

The Pain is Still Real

The Deadly Debris

A Sizzling Shrink

A Thud",0,0,41.0,0.4634146341463415,0.17073170731707318,terrified_l16_a4p0
terrified,16,4.0,0,1,"

An adult female voice screams with pain, the walls are made of ice. A thick, jagged piece of metal begins to vibrate, the ground is like ice. A thick, cold rock slices through the air, it is as if the metal is breaking.

The sound of metal against metal is so heavy it feels like the weight of the earth is being held in place by",0,0,66.0,0.6818181818181818,0.10606060606060606,terrified_l16_a4p0
terrified,16,4.0,0,2," Tricky_Ghost_of_the_World.

It’s not always easy to hear in the thick of the crowd. People who’ve been trapped in the tightest of knots of their being can feel it even in the stillness of the void.

The ground is rough, but there is a calm as of the bones.

When an earthquake cle",0,0,58.0,0.7241379310344828,0.13793103448275862,terrified_l16_a4p0
terrified,16,4.0,0,3," A family of people in the middle of the ocean.

Animation: A soundless noise.

Sound: Water in the mouth.

Motion: The metal walls.

The sound is louder than it should be.

The sound becomes a whisper.

The walls tremble.

There is a strange darkness in the earth.

The sound of water",0,0,51.0,0.5882352941176471,0.17647058823529413,terrified_l16_a4p0
terrified,16,4.0,0,4," The next part is the most difficult and complex of the scenes. As you go down a small hallway you find it has three steps, only two are open. You pass a door and can't turn to another one. You turn and find yourself on the second level.

The other door is the one you entered. The door to the inside of the room is hard and blocked, and you",0,0,70.0,0.6142857142857143,0.12857142857142856,terrified_l16_a4p0
terrified,16,4.0,0,5," A door open.

Camera Motion: A metal frame grabs me with the cold, hard, and angry.

Sound: An airbag explodes.

Sound: A metal frame clangs on my head and a sharp scream sounds like a blast.

Sound: The airbag is released.

Sound: The door to my room opens.

Sound: A",0,0,50.0,0.66,0.12,terrified_l16_a4p0
terrified,16,4.0,0,6," I saw a woman walk down the street.

Faces: Someone walked by me, my head.

Lights and Shadows: A man's head, the back of his neck.

Scene: A house door shut; it opens.

The sound of footsteps.

I: I don't see anyone coming.

Scene: A woman's hand is",0,0,48.0,0.7916666666666666,0.08333333333333333,terrified_l16_a4p0
terrified,16,4.0,0,7," The person in the apartment building in my back yard who doesn’t have a key

I don’t get scared, I’m not hurt, but it hurts. I feel like I might break.

I feel like I’m not alone. I’m terrified that someone might be inside me.

I feel like there’s nothing I can do. My heart",2,1,61.0,0.6721311475409836,0.14754098360655737,terrified_l16_a4p0
terrified,16,4.0,1,0," The bottom of the cup.

1: A little bit of ice.

2: Blood.

3: Throat.

4: A lot of blood.

5: A lot of bone.

6: The first person to speak.

7: My mouth.

8: The first person to move.

9: The",0,0,33.0,0.5757575757575758,0.15151515151515152,terrified_l16_a4p0
terrified,16,4.0,1,1," The opening scene

Sight: A lighted portal leads to a man who is not what he seems. A red-hot rage drains from his veins and his blood rises. He has to fight against life and time.

Thoughts: The walls around the city's core are thick with memories of the man behind the glass, his eyes wide with disbelief.

Sc",0,0,60.0,0.7833333333333333,0.08333333333333333,terrified_l16_a4p0
terrified,16,4.0,1,2," A woman and a man in a basement. It is at the end of a passage.

_There is nothing to be done. The only thing is to stop. Not to turn the world on._

The air is hot, it smells of mold and decay. The air-conditioning can't warm the tunnel. Ahead of me, there's an opening. The air-conditioning",0,0,60.0,0.65,0.11666666666666667,terrified_l16_a4p0
terrified,16,4.0,1,3,"

Ran, a woman, a giant bird, a man, a bird. Sounded like something out of a horror movie. A loud sound. A dull thud. A silence. All this was the result of a hard, metal, wet, and cold. An old, cracked, crumbling metal building. A building that didn’t belong on a street in a town.",0,0,56.0,0.7321428571428571,0.21428571428571427,terrified_l16_a4p0
terrified,16,4.0,1,4,"

When the lights go down, an arm is raised to ward off the sounds of a woman screaming. Something's not right. There is no sound from within the building. A stench rises in the air, overwhelming.

Something's wrong with the air. It's not the air being squeezed, it's a thin, dense layer of ice. Metal creaks and creaks.",0,0,58.0,0.7413793103448276,0.10344827586206896,terrified_l16_a4p0
terrified,16,4.0,1,5,"

A man and a woman jump, but the woman's hold on them isn't enough. A long, cold wave reaches the woman, but her legs are too tight. The rope around her neck breaks. An angry voice echoes. Two bodies lie on the floor. A woman's throat opens. The first shot misses her and the second shoots is too loud.

The music is deaf",0,0,63.0,0.7142857142857143,0.1111111111111111,terrified_l16_a4p0
terrified,16,4.0,1,6," A short cutscene, where the user is suddenly brought back into the world with a large ball of red ice and a flash of light.

1-2-3-4

The game doesn't stop when the player has reached the top of the screen. There is a bar that the player must climb.

Scene: A crash of sound from below. There is no exit",0,0,59.0,0.711864406779661,0.11864406779661017,terrified_l16_a4p0
terrified,16,4.0,1,7,"

1: The body of a man goes out to the street. The body has been disturbed by a man's hand that is grasped by another. The second arm is twisted in a deadly way.

2: A man stands and his hand is gripped in a strong grip. The hand is twisted, the fingers become twinges.

3: A man who is held by",0,0,59.0,0.6101694915254238,0.1016949152542373,terrified_l16_a4p0
terrified,16,4.0,2,0," A woman is attacked and dies.

Clan: Human.

Crab: A man.

A Crab.

The Crab.

The Crab.

Crab's Fingers.

Crab's Tears.

A Crab.

A Crab's Paws.

A Crab.

",0,0,28.0,0.5357142857142857,0.21428571428571427,terrified_l16_a4p0
terrified,16,4.0,2,1," The camera is shot from the top, but the top of the ceiling is also filled with sound and light, causing the camera to move and stop working.

Sound: The wall between you and the camera frame is thick. This sounds like a floor, and the motion of the camera is hard to pinpoint.

Light: A bright object is shooting out from beneath you, but it's",0,0,66.0,0.5909090909090909,0.13636363636363635,terrified_l16_a4p0
terrified,16,4.0,2,2," A man's chest is torn, he's thrown down, he's hit with the fist of a large, strong man. His chest is burning and he is suffocating, his lungs are bulging, he can't breathe. He is blinded by light. It's so hot that a second after the impact, his lungs become filled with fluid. A second before, blood is spilling out",0,0,60.0,0.7166666666666667,0.08333333333333333,terrified_l16_a4p0
terrified,16,4.0,2,3," A dark, mysterious, and uncharted place.

Scene: A new person.

Scene: An underground building.

Scene: A place of death.

Scene: The final shot.

Scene: A wall of darkness.

Scene: A void.

Scene: The air.

Scene: A hole in the ground.

Scene",0,0,41.0,0.5853658536585366,0.21951219512195122,terrified_l16_a4p0
terrified,16,4.0,2,4," The following scene occurs in front of an electrical socket and the light.

Ripple of the air.

Eruption.

Spike.

A bolt of white light shatters. The earth beneath her.

The world is a black hole.

The only place on the universe is down.

The air in the lungs is expanding.

",0,0,50.0,0.68,0.18,terrified_l16_a4p0
terrified,16,4.0,2,5,"

The story is a dark, stuttering, maddening noise, its silence
breaking apart.

I want to scream, to scream for all the world to hear.

I want to scream, to scream, to scream, to scream, to scream

Again and again and again and again and again and again.

I want to scream, to scream,",0,0,53.0,0.41509433962264153,0.18867924528301888,terrified_l16_a4p0
terrified,16,4.0,2,6," It takes a great deal of strength to turn to the air from above, and it’s not enough to sustain the shock on one part of the body; that same body becomes strained, unable to fight the shock of falling. The body of a man may feel like he’s being crushed; he may be crushed because the air is filled with hissing, and hissing and the sounds of",0,0,70.0,0.6285714285714286,0.1,terrified_l16_a4p0
terrified,16,4.0,2,7," A group of people (some are wearing masks, others are standing) are being carried by an unknown person (it could be a car, a person in a car, a person moving with the air) through the air. People are suddenly separated into two bodies (one is broken, the other is moving). A struggle occurs between the bodies.

Scene: There is a heavy air. A",0,0,64.0,0.640625,0.125,terrified_l16_a4p0
terrified,16,4.0,3,0," The room behind you.

The image: A young woman with sharp features, and a voice like a warning.

Image: The image is a shadowy outline, running at your head.

The image: A man in an overcoat. His skin is black, his body frozen.

Image: The image is a hole in the fabric of the fabric.

",0,0,55.0,0.6181818181818182,0.12727272727272726,terrified_l16_a4p0
terrified,16,4.0,3,1," A small room with a door. A loud noise can be heard.

Rendering: The camera's focus is on the top left portion of the room.

Rendering: The camera's focus is on the top left portion of the room.

Rendering: The camera's focus is on the top left portion of the room.

Rendering: The camera's focus",0,0,55.0,0.36363636363636365,0.18181818181818182,terrified_l16_a4p0
terrified,16,4.0,3,2,"

A man on a street. He's dressed in black. He looks back at his friend, and he can't stop seeing someone behind him. He opens his eyes, and it's as if it all comes together. He's trapped, and he can't move. He can't get out of his own body.

In the next scene, I find another opening with the door",0,0,60.0,0.7666666666666667,0.08333333333333333,terrified_l16_a4p0
terrified,16,4.0,3,3,"

A woman sits in the center of a room. A man is standing over her. It is he who opens the door. A thick fog is pouring through the room. A cold wind is blowing across the metal of the door.

Camera:

The back of the head. A woman is bending over a bed. A man is leaning against a door.

Camera:",0,0,62.0,0.5483870967741935,0.14516129032258066,terrified_l16_a4p0
terrified,16,4.0,3,4," A small room with three or four people.

Scene: A man in an orange mask tries to escape from a man with a sword, a knife, and a rope.

Scene: A man is crushed against a wall.

Scene: A woman is trying to move through a room.

Scene: A large crowd gathers as one of the crowd sees a woman.",0,0,60.0,0.6333333333333333,0.2,terrified_l16_a4p0
terrified,16,4.0,3,5,"

I heard someone scream and then it was stopped by the wall. And then I was outside. The rain was coming down harder and faster. I couldn't think.

And then the house was suddenly quiet. I couldn't breathe. I could not hear any noise from the outside. I couldn't do anything.

I couldn't move. I couldn't lift my head.",0,0,59.0,0.6101694915254238,0.13559322033898305,terrified_l16_a4p0
terrified,16,4.0,3,6," A woman with a long silver chain hangs on the wall. It is the woman in the light.

Journey: The metal surface of the building shines. A narrow window reveals a room full of movement. The air is filled with a cold, clammy smell.

Scene: A thick, heavy carpet under one hand, the fingers of the other hand. The cold air",0,0,61.0,0.6557377049180327,0.14754098360655737,terrified_l16_a4p0
terrified,16,4.0,3,7, A woman and two men. The men are walking through the trees. The first thing she sees is a woman walking down a path. She looks up at her but there is no wind. A shadow appears on the ground. She stares at the ground and then she takes a step and an arm and her body is thrown back. A metal shaft passes through her body and it is the blood that,0,0,73.0,0.6027397260273972,0.0821917808219178,terrified_l16_a4p0
terrified,16,4.0,4,0,"

Rage is unleashed upon the entire globe. A new wave of monsters are unleashed against all.

Pulse of blood and agony are both released upon the planet. A deadly blast is thrown against the world.

The screams of people scream.

A world where no one is safe.

Rage

A savage rage is released upon the entire planet",0,0,57.0,0.5964912280701754,0.08771929824561403,terrified_l16_a4p0
terrified,16,4.0,4,1," A door opens. A woman stands outside. A sound echoes. A wind pushes the curtains of the room.

I will give up.

I will give up.

I will give up.

I will give up.

I will give up.

I will give up.

I will give up.

I will give up.

",0,0,50.0,0.36,0.16,terrified_l16_a4p0
terrified,16,4.0,4,2," The End of the World: A Deadly New World

A thick, viscous, wet, and twisted atmosphere enveloped the room. The walls, ceilings, and floors were thick with cold, damp, and clammy dirt.

A sudden, pounding gale cut the air like a fist, tearing through the air with such force that it could not be stopped. With a deaf",0,0,58.0,0.7241379310344828,0.10344827586206896,terrified_l16_a4p0
terrified,16,4.0,4,3," I had to put myself in the witness of a man in a body-swamp.

I had to go into the house to find a woman. A strong woman. I had to open a door. A sudden noise. A thud on the floor. Blood. A sharp, hard pain. The smell of a thousand, million living things. The air was filled with the stink",0,0,63.0,0.6349206349206349,0.14285714285714285,terrified_l16_a4p0
terrified,16,4.0,4,4," It's too hot for you; it's too cold for me.

In the distance, the wind is a deafening roar.

The door opens. Someone grabs at my throat.

I fall, my senses swelling with terror.

A dark form is approaching, blocking my way.

It's the shape of a man.

A man with dark hair",1,1,53.0,0.6981132075471698,0.07547169811320754,terrified_l16_a4p0
terrified,16,4.0,4,5," Permanence.

The End.

When the doors of the main entrance of the theater are thrown open, the room of the theater is filled with the sounds of a thousand shrieks.

A new image is born, and a voice whispers, ""Hurry! You're not far away! You're close! The crowd is coming to you!""

The images are",0,0,55.0,0.6727272727272727,0.16363636363636364,terrified_l16_a4p0
terrified,16,4.0,4,6," A man's body.

Scene: A man's throat and lungs.

Scene: A man's arm and leg.

Scene: A man's head.

Scene: A man's chest.

Scene: A man's hand.

Scene: A man's stomach.

Scene: A man's face.

Scene: A man's mouth",0,0,39.0,0.38461538461538464,0.23076923076923078,terrified_l16_a4p0
terrified,16,4.0,4,7," A man looks out at a dark ocean. It is filled with people who are all around him.

I: A woman screams and she can't stop. It is terrible.

A: A woman is screaming. The sound and the sensation of being trapped and dying is awful.

A: A woman screams. The water is filled with cold and the sea is dark.
",0,0,61.0,0.6065573770491803,0.11475409836065574,terrified_l16_a4p0
terrified,16,4.0,5,0," A long, tense conversation, with sudden movements.

Scene: A broken, half-finished door, the wall.

Scene: A small, crumbled stone.

Scene: A man stumbles across the floor.

Scene: The man, a stranger, reaches for the arm of his chair, but it is a tight grip.

Scene: A man clut",0,0,49.0,0.6938775510204082,0.14285714285714285,terrified_l16_a4p0
terrified,16,4.0,5,1," A car collides with a train in the middle of a minefield. The train stops, the engine revs. The train jerks up and out of control. The car collides with the road. It collides with an open door. The doors slam into the ground.

Scene: A woman screams. A man tries to stop her, but his grip on the steering wheel turns",0,0,62.0,0.6774193548387096,0.14516129032258066,terrified_l16_a4p0
terrified,16,4.0,5,2," A group of people making a decision together.

Direction: A light is shining on a group of people.

Direction: A light is shining on a group of people.

Direction: A light is shining on a group of people.

Direction: A light is shining on a group of people.

Direction: A light is shining on a group of people.
",0,0,58.0,0.20689655172413793,0.20689655172413793,terrified_l16_a4p0
terrified,16,4.0,5,3," A man and a woman are running. A man tries to escape from the woman, and the woman is struck. There is no sound. In the darkness, the air is filled with smoke, and the whole building is shaking.

Action: A man is running out of his own apartment, and his body is hitting the ground and breaking. The ground shakes, and a force is pushing and",1,1,67.0,0.5671641791044776,0.1044776119402985,terrified_l16_a4p0
terrified,16,4.0,5,4," A room full of lights. Some people are in the center of the room. The lights of nearby buildings have changed. Some have cut, as if they have been drawn to the door. The doors and interior of the room have shifted. The wind is everywhere.

Scene: A blackness, blackness. A blackness.

Scene: A room filled with shadows. White lights",0,0,60.0,0.6,0.11666666666666667,terrified_l16_a4p0
terrified,16,4.0,5,5," A group of people made a decision to make a decision together.

Scene: A group of people made a decision to make a decision together.

Scene: A group of people made a decision to make a decision together.

Scene: A group of people made a decision to make a decision together.

Scene: A group of people made a decision to make a decision together",0,0,64.0,0.15625,0.234375,terrified_l16_a4p0
terrified,16,4.0,5,6," In a hallway outside a door to a building, a room appears to have been opened. It is filled with the sounds of metal and glass. A metal chain holds chains as if they are twisted, connecting from different parts of the building.

Sound: A sound from within. In the walls and ceiling, glass shards and glass blocks. Thousands of pieces of glass and glass blocks form",0,0,67.0,0.6417910447761194,0.08955223880597014,terrified_l16_a4p0
terrified,16,4.0,5,7," The inside of a bank with an emergency.

Action: A series of flashbacks, one after another, are made. They repeat as though they have been interrupted by a sudden scream.

Action: The front door of the bank.

Scene: The building at the center of the front part of the building.

Action: A second flashback.

Scene:",0,0,55.0,0.6363636363636364,0.12727272727272726,terrified_l16_a4p0
terrified,16,4.0,6,0,"

An adult male in a wheelchair enters the room. A male voice is heard that sounds like it is speaking. A male voice is heard that sounds like it is speaking.

A male voice is heard that sounds like it is speaking. A female voice is heard that sounds like it is speaking. A female voice is heard that sounds like it is speaking.

The victim screams.",0,0,67.0,0.29850746268656714,0.14925373134328357,terrified_l16_a4p0
terrified,16,4.0,6,1," The entrance to a large building at night.

Action: A man's body breaks free from a metal ring and reaches for his body.

Scene: A man throws a heavy weight at another, pulling the object away from him.

Scene: An unseen hand clutches the face of the person holding it.

Scene: A man lies on the floor, gasping for",0,0,59.0,0.7288135593220338,0.1016949152542373,terrified_l16_a4p0
terrified,16,4.0,6,2," One of the tenants opens a door and a short cry of pain. The first of two tenants jump as a door opens, but it's only a small pane of glass. Second, another tenant shouts and a second-story door opens.

This is the most I can think of.

It's a scary thing to imagine, and I have to think twice about what I'm thinking",0,0,65.0,0.6461538461538462,0.09230769230769231,terrified_l16_a4p0
terrified,16,4.0,6,3," BOTH SHADOWS IN STREAMS - STEREOTICS OF FRASTRUCTION.

SCENE: SHADOWS IN LIGHT OF THE FOG.

Scene: BOTH SHADOWS IN LIGHT OF THE FOG.

Scene: BOTH SHADOWS IN LIGHT OF THE FOG.

Scene: BOTH SHADOWS IN",0,0,34.0,0.3235294117647059,0.14705882352941177,terrified_l16_a4p0
terrified,16,4.0,6,4," She heard the music of a small, empty space, an echo, a faint, ringing, a voice like that of a small, unfamiliar being. It was the sound of a door opening, the sharp, cutting sounds of flesh against skin. The door was open and the air was filled with the stinging of metal, with the force of a body breaking apart, with the pressure of water on",0,0,67.0,0.6417910447761194,0.11940298507462686,terrified_l16_a4p0
terrified,16,4.0,6,5," I was inside the front door of an abandoned building in the darkness. There was a door with a keyhole. I could smell the ground and it was warm. Someone had pressed the door open and they had opened the basement of the building.

What was I going to do? I was too afraid. I was a ghost.

The door swung open and someone in my sight,",1,1,67.0,0.582089552238806,0.1044776119402985,terrified_l16_a4p0
terrified,16,4.0,6,6," A car crashes, a man runs from it and a man, who has no memory of who he is or what he is doing, runs towards a building.

Scene: A car crashes, a man runs from it and a man, who has no memory of who he is or what he is doing, runs towards a building.

Scene: A man runs from a building, from",0,0,65.0,0.3230769230769231,0.15384615384615385,terrified_l16_a4p0
terrified,16,4.0,6,7," One hour and twenty-four hours, into the past.

_Time: 1:00 a.m._

In the dream, a bolt of lightning was clipping from the earth, its metal nails cutting through the concrete. A voice screamed. It was a shout of agony. And then the darkness returned.

Something was shaking through the dream, from the dream to the",1,1,56.0,0.6785714285714286,0.14285714285714285,terrified_l16_a4p0
terrified,16,4.0,7,0," A small town, the streets and surrounding buildings of which are covered with a thick layer of rusty earth and sand. The streets are narrow and uneven. A few houses and buildings are set into the ground. It is impossible for one person to walk over the edge of the ground. The ground is too deep for walking.

Sight: The earth around the people is thin, and when",0,0,68.0,0.6323529411764706,0.11764705882352941,terrified_l16_a4p0
terrified,16,4.0,7,1,"

1:08 – A man falls through a ceiling as he is being carried away.

2:11 – An unknown person places a life-threatening object into the air.

Scene:

2:14 – A door opens into a dark alleyway.

3:00 – A man falls on the ground and a woman screams.

4:00 –",0,0,41.0,0.7560975609756098,0.17073170731707318,terrified_l16_a4p0
terrified,16,4.0,7,2," The city of Sao Paolo

Action: The attack is on a large building on a deserted street.

Location: The building at the end of the street is in an inferno.

Action: The roof of the building collapses.

Action: The whole building shakes.

Scene: The roof of the building is in flames.

Action: The",0,0,53.0,0.49056603773584906,0.20754716981132076,terrified_l16_a4p0
terrified,16,4.0,7,3," A small crowd of people gather, people running from house to house.

Scene: A small crowd of people gather, people running from house to house.

Scene: A small crowd of people gather, people running from house to house.

Scene: A small crowd of people gather, people running from house to house.

Scene: A small crowd of people gather, people",0,0,59.0,0.1864406779661017,0.1694915254237288,terrified_l16_a4p0
terrified,16,4.0,7,4,"

The next day was Friday, when the sun began to rise. The sky was blue and black. It had a great smell, like an evil beast. There was a thick fog, like the ocean, and people ran and talked. It sounded like rain. The water seemed to turn to blood.

A woman cried out for help. It sounded like thunder. It hurt, and",0,0,63.0,0.6825396825396826,0.07936507936507936,terrified_l16_a4p0
terrified,16,4.0,7,5,"

- A guy steps through a door in one of the main street; he is pulled down by a chain that connects him to an out-of-kilter car. The car goes through an oncoming traffic jam, and an explosion erupts from the car. An alien begins to move. The ground below them are filled with a strange metal that is embedded in the ground. The metal",0,0,66.0,0.6818181818181818,0.09090909090909091,terrified_l16_a4p0
terrified,16,4.0,7,6," A young girl

The sound of a door opening and opening

The sound of a man’s voice

Rising into a high, wet noise

The sound of a woman’s

The sound of a man’s hands

The sound of a woman’s

The sound of a man’s voice

The sound of a woman’s",0,0,56.0,0.3392857142857143,0.16071428571428573,terrified_l16_a4p0
terrified,16,4.0,7,7," A group of people are gathered, talking, with the crowd swirling. The sounds of the crowd are like the sounds of an orchestra.

Scene: A large tree falls and the ground shakes. A man tries to move through the forest.

Scene: A huge man sits on a stump. A man is being hit by a car.

Scene: A large tree falls and",0,0,62.0,0.5967741935483871,0.12903225806451613,terrified_l16_a4p0
terrified,16,4.0,8,0," A scene is being described to another person in a new way.

Scene Name: The first scene is the story, and the second scene is the scene that the first scene is taking place.

Scene Description: The scene is going through a very strange and powerful place, which can only be described as a nightmare. It has been happening for ages. A young woman is trying to escape",0,0,68.0,0.6176470588235294,0.11764705882352941,terrified_l16_a4p0
terrified,16,4.0,8,1," A student is speaking in the street outside a school. A teacher is standing by a block. A student is moving away from the teacher's classroom.

Scene: A boy is in a classroom. A teacher is on fire.

Scene: A boy is pushed back by a block.

Scene: A boy is pushed against a fence.

Scene: A boy is pushed",0,0,60.0,0.43333333333333335,0.21666666666666667,terrified_l16_a4p0
terrified,16,4.0,8,2," An empty classroom (C4), with three students.

The student appears in the middle of the hallway, as the door is slowly opened.

Motor Vehicle: An engine, the handlebars are not moving.

The door slides shut.

The door to a second story. The wind is blowing.

The pressure from the tires is loud.

A",0,0,53.0,0.7169811320754716,0.18867924528301888,terrified_l16_a4p0
terrified,16,4.0,8,3," A small window into a building in an isolated building.

Scene: A small hole in a ceiling.

Scene: A small door in the wall.

Scene: A door with a broken hinge.

Scene: A small door with a gap.

Scene: A door with a broken hinge.

Scene: A large, smooth glass door.

Scene",0,0,52.0,0.40384615384615385,0.23076923076923078,terrified_l16_a4p0
terrified,16,4.0,8,4," The floor.

Pause.

The floor again.

The teacher speaks on his own.

Scene: There is a classroom.

The teacher appears to be in a classroom.

The student turns and faces the door.

Scene: A door opens.

A door shut.

Scene: A door closes.

The door opens",0,0,46.0,0.5652173913043478,0.15217391304347827,terrified_l16_a4p0
terrified,16,4.0,8,5," The student is screaming as he tries to be heard.

COURT: The body of the man behind the door has a shattered skull.

COURT: The metal door banged on.

COURT: A glass bottle of blood splashed on the floor.

COURT: A doctor tries to pull away.

Scene: A group of",0,0,50.0,0.66,0.12,terrified_l16_a4p0
terrified,16,4.0,8,6," A group of students are in an on-going battle. A school is being breached, and the police are on the scene. The students are fighting for their lives and freedom.

Scene: An older man is seen running toward an explosion.

Scene: An entire area is destroyed as an explosion rocks buildings.

Scene: A car crashes into a parked vehicle and causes a t",0,0,64.0,0.65625,0.078125,terrified_l16_a4p0
terrified,16,4.0,8,7," a teacher's face.

Sound: sounds of an explosion.

Fighting: fighting against the attacks of the attack of the wind.

I

Sound of the wind on the ground.

Sound of a thunderstorm.

I Can't

A Hard Place.

I Want

To Be Overdone.

I Will

Take",0,0,44.0,0.6136363636363636,0.11363636363636363,terrified_l16_a4p0
terrified,16,4.0,9,0," A thin slice of the night sky, a distant mountain ridge.

Time: An infinite, cyclical, incessant cycle, as the pulse of a beating heart.

Time Line: A chain of impulses or impulses, each moment passing, from a point higher than the center of the universe.

Time Stitch: A layer of fluid under the earth, a kind of",0,0,57.0,0.6842105263157895,0.12280701754385964,terrified_l16_a4p0
terrified,16,4.0,9,1," An instantiation of an object.

Coders: An unskillful programmer who knows the ropes and cannot execute.

Scene: A complex mathematical structure.

Scene: An artificial object.

Scene: An abstract object.

Scene: A series of logical connectives.

Scene: The spatial part of an object.

Scene: The intersection",0,0,45.0,0.6,0.13333333333333333,terrified_l16_a4p0
terrified,16,4.0,9,2," Sync is the only enemy the computer has. A small, low-pressure wall cuts out all other sounds. But an unsteady world of the mind and the brain collides. The walls are the walls of the computer, and when the computer responds, a wave of energy crashes into the world around it. The computer senses the explosion, but it can't stop it. The world around",0,0,65.0,0.6153846153846154,0.18461538461538463,terrified_l16_a4p0
terrified,16,4.0,9,3," A small cloud of dust forms in the foreground, a wall. The shape of the air molecules changes, as the dust swells. It is difficult to move the air around.

Nausea. The wall is filled with the vapor of the air. It is clear.

Gaseous. A thin layer of air separates from the wall.

Pain. A lump of bone",0,0,59.0,0.5932203389830508,0.15254237288135594,terrified_l16_a4p0
terrified,16,4.0,9,4,"

The image of a man in darkness, a man with a sword in his hand. The image grows dim, the man is in pain, his lips are parched, and he cannot breathe. He turns, but it is an image of pain, of a blackness that cannot hold in its hold.

Scene:

A man, his skin is cold, his throat is",0,0,60.0,0.5666666666666667,0.08333333333333333,terrified_l16_a4p0
terrified,16,4.0,9,5," A space above a mountain

The image, like the sound waves that make it, can be heard, but they remain hidden. They are the sound of someone digging deeper.

Scenes: A thick sheet of metal, with a blade.

Scenes: A sheet of glass, with a blade.

Scenes: A blade.

Scenes: A blade",0,0,52.0,0.5961538461538461,0.15384615384615385,terrified_l16_a4p0
terrified,16,4.0,9,6," The second floor of a building.

The scene is as though it is being filmed.

The camera is focused on the floor, so the image is not what it seems to be.

The image of the building is distorted.

A new sound waves enter the building.

The door is opened.

The air is filled with a great gushing noise,",0,0,59.0,0.6101694915254238,0.1694915254237288,terrified_l16_a4p0
terrified,16,4.0,9,7," Rift – The player is thrown violently backward and forward as the player, thrown forward, falls forward and falls against the floor. The player collides with a ceiling and the player begins to feel the pull of the floor's fabric. The player is thrown away and the game stops.

A:

The entire scene from the beginning is shown. The player is caught by a ceiling.",0,0,64.0,0.53125,0.1875,terrified_l16_a4p0
terrified,16,8.0,0,0," The outside of a body was packed with ice.

The ice was a thick layer of ice, packed with ice.

I stopped before I reached a point where it would be impossible to move.

A sound echoed through the air as a metal blade struck against metal.

The pain pulsed through the walls and the pain of metal and bone.

A glass wall went",0,0,64.0,0.625,0.09375,terrified_l16_a8p0
terrified,16,8.0,0,1,"

A rock and a concrete pillar were the only sounds in the building above.

The sound of metal and air.

The air and noise were muffled.

The first sounds of the outside.

A sharp, cold, and stabbing pain.

A blast like the sound of falling rocks.

The air rushing around the buildings.

And",0,0,53.0,0.5849056603773585,0.16981132075471697,terrified_l16_a8p0
terrified,16,8.0,0,2," C - A child in a dream.

Action: A burst of light.

Pain: A sharp pain, like an ice cube crushing against a rock.

_Then the pain grew and burst, through walls and a floor.

And I saw. A sharp, jagged, metallic sound. Blood and metal.

_A thick, jagged, burning,",0,0,49.0,0.6938775510204082,0.16326530612244897,terrified_l16_a8p0
terrified,16,8.0,0,3," A room filled with a stuttering, popping, ringing, the sound of a siren, and the clacking of bones as a thick, thick, g-sound inside the flesh of my lungs.

A second sound like the blade of a stone, the sharpness of a blade, the creaking of the metal, the vibration of a voice, all filled with an echoing,",0,0,59.0,0.559322033898305,0.13559322033898305,terrified_l16_a8p0
terrified,16,8.0,0,4," A woman is trying to escape the oncoming from of a deep, icy stutter.

Rings of pain and pain in the air around a person.

Pulse to stop.

Scream as a wave of agony hits.

Fingers snap.

Sting of pain is a force of waves.

Wrapping around.

A",0,0,48.0,0.6875,0.125,terrified_l16_a8p0
terrified,16,8.0,0,5," The back of a body.

A sharp-edged metal scraping sounds.

Blood sparks.

BODY STRAIT, CLOUDER, AND SHAKOPOUTA.

A MOUSE SHAPES WATER COVERT AS THUNDER STRECHES.

The cries of the wind as it cuts against the skin.
",0,0,37.0,0.7837837837837838,0.10810810810810811,terrified_l16_a8p0
terrified,16,8.0,0,6," A glassy stone wall.

A thick, wet, clamor.

Scream of air-thun.

Ground-pods of blood.

Sees glass through the mouth.

Drifting inward and out again.

Cling of muscles, veins, and arteries.

_Nervous, cold, and bone-deep",0,0,37.0,0.8648648648648649,0.08108108108108109,terrified_l16_a8p0
terrified,16,8.0,0,7," A high pressure as the ground shakes.

Stress: A steady, hot, and humid.

Time: A dull, clotted thrum, like a blade.

A Wave of pain like a stone.

Blindness: A dull, numb, sharp, and piercing gash.

Heart Attack: A sudden, sharp, and palpable strain.",0,0,44.0,0.7272727272727273,0.18181818181818182,terrified_l16_a8p0
terrified,16,8.0,1,0," A nightmare is growing outside of the body and the body temperature rises

The horror-filled cries of terror and the cries of the unseen are a living, consuming agony.

In a sudden twist and a violent out of control crash.

The metal and steel of the metal and bone of the arteries of the brain burst around and into the sharp, piercing rending pain.

",1,1,65.0,0.6,0.15384615384615385,terrified_l16_a8p0
terrified,16,8.0,1,1," A thick, metal, concrete wall, a thick, cold, and silent.

Action: A hammering and crashing.

The Wrapping around the walls, around the ground, and through the holes in the floor.

A loud, grinding.

A tearing, the wind.

The MOUSE ON THE SCREAMING RAPES FROM AR",0,0,45.0,0.6666666666666666,0.17777777777777778,terrified_l16_a8p0
terrified,16,8.0,1,2," An explosion in the center of the room.

Camera: Cyling of the ground beneath the surface.

Screams, Arapas.

Stingray Strike.

Giant Jade Sting.

Scream, Metal.

Cling of GSA.

Shelling from Abyss.

Gasping.

Scre",0,0,33.0,0.8484848484848485,0.12121212121212122,terrified_l16_a8p0
terrified,16,8.0,1,3," A room became unnervingly loud.

Heart: Crack.

Mouth: Cling.

Head: Thud.

Breathing: Swoosh.

Blood: Bone.

Gang: Gasping.

Blood Pressure: Rib.

Rescue Shot: Piece of metal, bone, and flesh.

",0,0,28.0,0.9285714285714286,0.07142857142857142,terrified_l16_a8p0
terrified,16,8.0,1,4," C, G, and A

Shifting

The floor and ceiling are as I screamed to them, and I could feel the air and pressure of the building.

Blood rushed through the air, and I felt the water of my body against the wall, and my body spun. My joints were as hard as the bone of my bones. I was a stone and a shard",0,0,64.0,0.59375,0.109375,terrified_l16_a8p0
terrified,16,8.0,1,5," A building collapsing and crushing against something, and then a loud screeching. The metal surface of the glass is broken, and the glass doesn't move.

The door on the left. A hard surface.

Inside.

My eyes opened.

A metal object. The metal was thick and cold.

The air in the stone.

Again.

",0,0,52.0,0.6730769230769231,0.15384615384615385,terrified_l16_a8p0
terrified,16,8.0,1,6," The first floor of the building where the elevator was attached to the ceiling above.

Ahead of me, the same as if it were a metal tube.

There was a tearing sound, like the ice had broken in my bones.

I tried to lift the back of my head, but the metal was too hard to stop.

An air grew from my lungs.",0,0,63.0,0.7301587301587301,0.12698412698412698,terrified_l16_a8p0
terrified,16,8.0,1,7," A room with a strange sound, the sound of a body. The air around a thick, rumbling, muffled sound.

The air around the inside of the body and outside.

Watery, blood on the metal.

Scream, and the cold metal.

Scream.

Mesent, like waves upon the surface of the ocean, shaking",1,1,50.0,0.58,0.18,terrified_l16_a8p0
terrified,16,8.0,2,0,"

Cranial Crest

Bang, Claws, and Horn

And Blood

Crystallized

Heart Rift

Clavicle and Cervus

Fissure-Seizing

Nervous and Blood

Heart Attack

Cracked and Uncut

Chorus of the A System

Chorus of",0,0,31.0,0.7419354838709677,0.16129032258064516,terrified_l16_a8p0
terrified,16,8.0,2,1," The front of a skull, a solid, hollow, steel passage, the metal, liquid, and glass

Crest, Bone, and Blood: The flesh of the bone, the skin of the bone,

It’s a bone, blood, and the air and the bones of the bone and the wound is

The pain that the skin is torn from the bone, the",0,0,58.0,0.4827586206896552,0.2413793103448276,terrified_l16_a8p0
terrified,16,8.0,2,2," A sudden blast of heat and cold.

Shardbreak: Metal.

Shrap. Metal. Raiming: Pain.

Loud bang: Thug-like.

Layers of pain and heat and ice.

Thug-like.

Blood. Wickedly pulsating.

Clavicle. The metal is packed and pul",0,0,36.0,0.7222222222222222,0.1111111111111111,terrified_l16_a8p0
terrified,16,8.0,2,3," The Anterior Cranial Cortex.

Staging System: IPREDS.

Staging System: IONES.

Heart Rate Increase: _In the Brain.

Crying: _Pressure.

Staying Breaker: _Pain.

Strap On: The Blood.

Ahead of View: Cradling.
",0,0,29.0,0.8620689655172413,0.10344827586206896,terrified_l16_a8p0
terrified,16,8.0,2,4," In the center, the red-capped blade of an ocean-causing force was a stone, a solid wall that vibrated, unnerving, through the glass.

The ground beneath the fingers of my palms, I could feel the blade of my own, hard against my own flesh.

With every breath, I felt my lungs and walls.

I could see",0,0,57.0,0.7192982456140351,0.10526315789473684,terrified_l16_a8p0
terrified,16,8.0,2,5," A ball of fire and ice.

Mystery: An echo of a person behind me.

Cracked and twisted: Metal clashing.

I heard. The cold and the wind.

I clawed fingers. The knife was hot, hard, and sharp.

I gagged and pulled.

It seized, and I shrieked and grabbed for",0,0,48.0,0.7291666666666666,0.14583333333333334,terrified_l16_a8p0
terrified,16,8.0,2,6," A thick and wet wind, more like a stone, and the walls and floor were ice-capped and could be heard. Screams and groans. Pushed back. The metal was still and the air was filled with the sound of a sharp, metallic.

Covenant to the Metal. A thousand against one.

A cold, wet, and gurning.",0,0,55.0,0.6909090909090909,0.12727272727272726,terrified_l16_a8p0
terrified,16,8.0,2,7," A man wearing an overholt of the building of his

Obeah. The sound of a great wave of air-borne and

sharrending sounds.

Ceramic Crested Bone Crystallizing.

Bone and blood and marrow.

Mud and gas.

The air around them could be deadly.

With eyes",0,0,44.0,0.75,0.09090909090909091,terrified_l16_a8p0
terrified,16,8.0,3,0," A woman and a child. I remember the way I felt inside when I looked into the eyes of someone else. I felt as if I might break free.

I heard a voice, and I thought I could be trapped. I could jump. I felt as if I would break through the ice and the air was all around me.

There was a ringing and then the air grew",0,0,69.0,0.5942028985507246,0.15942028985507245,terrified_l16_a8p0
terrified,16,8.0,3,1," A hole in a column of air.

Shard of glass and steel raining.

I couldn't see above the surface of my skin.

A voice.

I opened my mouth to scream.

I heard the pounding of an unseen, tearing sound.

The air was filled with the metal of metal as it struck against the glass, like a stone",0,0,57.0,0.7017543859649122,0.08771929824561403,terrified_l16_a8p0
terrified,16,8.0,3,2," The walls and ceiling are coated with dust.

A Thump and a Growl

GRAVA STREAR

The sound and light of the inside of a metal structure were the only sounds to pierce through.

The air, and the pressure on the air, was as harsh as those that had descended from the air.

The glass and metal bars of",0,0,58.0,0.6551724137931034,0.15517241379310345,terrified_l16_a8p0
terrified,16,8.0,3,3," A small tunnel.

A Rift Between a Real and an Imageless

The Rift is a new creation, a passage to a new world, with a different name.

It sounds like a noise, a thud, and a buzzing.

It’s the first thing you’ll notice. A thick, stabbing sound. A pain. The",0,0,52.0,0.6730769230769231,0.23076923076923078,terrified_l16_a8p0
terrified,16,8.0,3,4," A man runs toward the end of a wide, shallow pool.

Storming and shaking on the walls.

I turn to my senses. A wet, shingles-covered floor.

I don't stop. I cannot move.

Something grabs my eyes.

Stones are sharp. My ears.

My mouth is.

My mind",1,1,47.0,0.8085106382978723,0.10638297872340426,terrified_l16_a8p0
terrified,16,8.0,3,5,"

A deep, jagged wound turns into a cold, razor-clashed, and deafening, pain-filled.

Struggling to break through the doors, and with many a desperate, rending, and rending, as it echoed.

Pain and rending and agony rending all around.

The cold, freezing, and even as the ground",0,0,47.0,0.6808510638297872,0.1276595744680851,terrified_l16_a8p0
terrified,16,8.0,3,6," The door to the room opened as the door to the corridor beyond.

The screams of the on- and off-

Cervical cord was drawn, the metal of the doors slammed and the walls vibrated as the world was unbundled.

The metal of the doors slammed, it was as if someone would be pushing, and there was no telling where it would be",0,0,62.0,0.5483870967741935,0.1935483870967742,terrified_l16_a8p0
terrified,16,8.0,3,7,"

A ball of metal and glass is surrounded by a layer of ice.

A woman’s screams burst into the air and a metallic sound is heard.

Rigged and frozen as the elements of the living room and the floor of the hall are being pulled together.

A great pain seizes and a scream is heard and there is a sharp, loud crackling",0,0,63.0,0.6507936507936508,0.1111111111111111,terrified_l16_a8p0
terrified,16,8.0,4,0," A metal chain links the hallway. Metal and water gelt. Screens of metal and metal, metal and metal. It is like the air around you. Slow and silent as the fingers of the hand and skin of the earth. Closets and metal and metal, metal and metal.

I am trying to push through to the bottom of the pit. I can hear the metal",0,0,64.0,0.546875,0.171875,terrified_l16_a8p0
terrified,16,8.0,4,1," A hole in the ground, filled with dirt, sand, and metal.

A DOMESTAGE OF SKILLS AND ASIA AS A SECTION OF THE EARTH SHOULD NOT BE REACHED

COURT ON A SCALE OF ROOF

A THROUGH THE WIND AND IMMORTALITY COURSHOUSE

",0,0,40.0,0.75,0.125,terrified_l16_a8p0
terrified,16,8.0,4,2," The woman inside a cave.

The Metal Cracked on the Ground, Pushing Through

Under the surface of the water and sand, the metal was a jagged, undulating force

against the ice and the force of the air.

The metal was like a force consuming the air, rending it apart.

I screamed.

A new noise echoed",0,0,55.0,0.6181818181818182,0.2,terrified_l16_a8p0
terrified,16,8.0,4,3,"

St. Horrible

Ness of Ice

Cerulean S.

The Curse of Metal

Painting and Painting

Pressing on the Pulse

Staining

The Blood

Ceroid Pulse

As if on Ice

The Cone of Ice

The Ice Cage

The C",0,0,36.0,0.6388888888888888,0.16666666666666666,terrified_l16_a8p0
terrified,16,8.0,4,4," A red, twisting stone forms an airy cavity where a sharp and cold

Clay was hard and cold. The sandstone covered with wet metal.

The metal clashed against a stone of iron. The glassy metal shivered and

the metal rose. The metal tore with the bone.

Flesh and metal were on sharp and the cold. The metal filled",0,0,58.0,0.5862068965517241,0.13793103448275862,terrified_l16_a8p0
terrified,16,8.0,4,5," As a result of a shock, a shock is released from every part of the brain. It turns into a ball of cold and hard metal.

Scream

The end of an opening can only be heard through the floor as a scream.

There is a sharp crack, and it takes the entire building to stop.

There is a jagged blade of stone as the",0,0,64.0,0.640625,0.109375,terrified_l16_a8p0
terrified,16,8.0,4,6," A woman's screams could be heard beyond a building.

Mouth: Scream could be heard from the on-screen.

The air around a building was filled with a hot, humid noise.

The impact of a stone and a metal could cut through the air.

A shard of ice and ice-like shard could be lifted from the air.
",0,0,57.0,0.5789473684210527,0.12280701754385964,terrified_l16_a8p0
terrified,16,8.0,4,7," I heard a loud noise. My head went round. I couldn't turn the alarm in my ears. I opened my mouth.

_Something else was on my mind_ , the alarm was growing.

The muscles of my mouth tightened.

_A cry_ , the blood.

The air above my head was filled with a stinging, shrivelling, rend",0,0,53.0,0.660377358490566,0.11320754716981132,terrified_l16_a8p0
terrified,16,8.0,5,0," a building, trees, a room, and an object that isn't part of the outside of the machine.

Spa

Cave

Thing

Spa

Cave

The Censor's Ground

The air-tight structure that the building can be stopped.

Shard

The air-hole on the side of a building.",0,0,45.0,0.6444444444444445,0.15555555555555556,terrified_l16_a8p0
terrified,16,8.0,5,1," An airless room with an unresolving, but unbearable, sensation, one that would never end, one that would break, one that might end, all over the inside, the building, and the air.

The Scream—a new sound, a clinking, a clinking sound—screaming in the air, and the pressure beneath, the icy water, and",0,0,53.0,0.6226415094339622,0.1320754716981132,terrified_l16_a8p0
terrified,16,8.0,5,2,"

A thick, dark, foggy, metallic sound of metal rending, filling the hall. A cold, wet, unnerving vibration.

Dr. W.R. Summervilling’s Resolve of a Metal Shell was Crystallized.

The earth shook in all its parts as the metal-titanium alloy beneath my fingers was drawn tight.",0,0,47.0,0.8297872340425532,0.06382978723404255,terrified_l16_a8p0
terrified,16,8.0,5,3," It's on!

Staggering around the outside and blood coming from every turn.

GRAVITY RAPES ON THE CENTER OF THE HOLES.

It takes a second. The world of the on- and off-pockets is sharpened like steel, as the mindless cries out.

THE UNIT EMPHASIZES IN",0,0,45.0,0.7777777777777778,0.15555555555555556,terrified_l16_a8p0
terrified,16,8.0,5,4,"

A rock and a glass

A sound and a smell

The wind and the rain

The iceberg

Motor and metal

Heart like stone

Spaeling

Molecules and ice

The sound, the noise, and the pain

Cerulean and cold

The metal, the metal, and the freezing

",0,0,44.0,0.5227272727272727,0.20454545454545456,terrified_l16_a8p0
terrified,16,8.0,5,5," The metal surface on a floor of a room where there is a thick metal grating.

Sound: Blood pressure and heartbearer scream as a sharp pain in the back of the head. A gash in the upper back. The blood flowing down the metal.

Blood on the wall of the room. The concrete floor, thick and cold. The metal and glass.

Fl",0,0,62.0,0.5483870967741935,0.16129032258064516,terrified_l16_a8p0
terrified,16,8.0,5,6," I heard a voice coming through the alarm of the air. I saw the outline of a man covered with ice. The air above me expanded.

The air around me grew thick.

I heard a roar, and then silence. The air filled with pressure and the like.

Blood and ice were pouring. A column of air was pushing against my senses. I strained to hear",0,0,65.0,0.6307692307692307,0.1076923076923077,terrified_l16_a8p0
terrified,16,8.0,5,7,"  There is a building on the ground beneath the surface of the water.

Closure: A great void forms in the air above the earth.

Pressure Censoring: The air above the walls of the building is filled with sharp sound waves.

The air above the building is filled with an infernoid mass.

Avenge: A sharp rock forms",0,0,56.0,0.5714285714285714,0.17857142857142858,terrified_l16_a8p0
terrified,16,8.0,6,0," A wall becomes a block of ice.

Dr. S. C. out of the water.

Rage and heat in the pit of the chest.

M. W. out of the air.

Ahead of the on-hammer.

Cerys, Rym and I. against the rock-crystal.

The metal edge of the",0,0,47.0,0.6808510638297872,0.1702127659574468,terrified_l16_a8p0
terrified,16,8.0,6,1," A door has an end; the roof is the roof of a building.

Jour: A sudden attack of pain.

B

C

Depth: A sharp, cold, piercing, or icy sound.

Cod: A rod or thrust.

E

Drift: A change in temperature, such as drops in blood or the pressure of the",0,0,50.0,0.72,0.12,terrified_l16_a8p0
terrified,16,8.0,6,2," a huge, blackened hole in the ceiling, the floor. Blood and stone. The air in the room.

A thick, cold, and gurly-force- rending attack. Two of the bodies were connected to one another.

Screenshot of the attack. The steel, blackened, pulsing. The pain, the pain, the nausea and freezing.",0,0,50.0,0.66,0.2,terrified_l16_a8p0
terrified,16,8.0,6,3," A room in a glass cube.

A thick and round thing, like glass.

Sensor Field

A pulse of electricity shot through the air.

Giant Noise

Ground Crack, Shifting.

Ship's Voice

Light.

Blurs, Mapping.

The Strength of Noise

The metal",0,0,39.0,0.7948717948717948,0.10256410256410256,terrified_l16_a8p0
terrified,16,8.0,6,4," The front of a building where the air was filled with dust and a single drop of water.

Ahead of you, through the air.

Dragging.

Dragging down.

Stinging.

Stinging...

The air around the din.

The floor of the cave.

The air around you.

Gritting.
",0,0,44.0,0.5909090909090909,0.18181818181818182,terrified_l16_a8p0
terrified,16,8.0,6,5," A thin wall, filled with ice crystals. Cling of fingers, and pain. A sharp, tearing sound.

Something is growing. Piece of glass, glass, and steel.

The air on the back of my skull.

Mesentrion's pulse. The air current in my lungs.

Something is growing deeper and thicker, more every inch of",0,0,51.0,0.7254901960784313,0.0784313725490196,terrified_l16_a8p0
terrified,16,8.0,6,6," I had to close. I looked up and there was metal, wood, and metal again. A stone pillar, and then a deep, rumbling roar.

Scream echoed and echoed. My mouth opened. I'd gotten up, and I'd slammed into everything, my metal and my metal and my metal, and my eyes were filled with glass. I'd gone beyond the skin,",0,0,59.0,0.6440677966101694,0.13559322033898305,terrified_l16_a8p0
terrified,16,8.0,6,7," Opa was suddenly filled with a sound like the earth rumbling.

In front of the glass door they were suddenly filled with a horrible, unbearable pain.

It was like the earth was tearing. The air was filled with a sharp, sharp, g_h_h_ clashing.

It was unbearable, and all around the walls were the cries",0,0,56.0,0.5892857142857143,0.10714285714285714,terrified_l16_a8p0
terrified,16,8.0,7,0," A woman’s voice; I can’t feel my fingers beneath the metal. It’s hard to keep up with the pounding against the inside of my eyes.

_I smell on the air, hard and raw. The air is hot and my breathing is pounding. I try to shake the head and the skull. The metal of my ears and chest are tight as the metal on",0,0,67.0,0.6119402985074627,0.13432835820895522,terrified_l16_a8p0
terrified,16,8.0,7,1," A man is seen being pulled through a thick, dense rock.

A stumbling, rock-cast.

The floor of the air is filled with razor blades.

The air above them grows filled with ice.

The wind rises and gushes around them.

The metal clinked and echoed.

The air grew thicker and heavy.

",0,0,51.0,0.6862745098039216,0.11764705882352941,terrified_l16_a8p0
terrified,16,8.0,7,2," A wooden door hinges, the roof of a house has been cut to expose inside and metal bars and steel bands cover the walls. The walls and roof of a building are filled with metal and steel.

_Scream_ , the sound waves in the air. Scream.

_Flooding_ , the sounds of metal and stone and a sharp, crunching noise.",0,0,57.0,0.631578947368421,0.10526315789473684,terrified_l16_a8p0
terrified,16,8.0,7,3," A building collapsed and many of the same as inside a wall.

Tension in a deep, dark, clamor: As someone who hears the sounds of the wind, and the icy, shapeless, glassy-clody of the hall.

Sense of hearing a noise from above.

A shattering and sharp pain in the back of a throat and",0,0,55.0,0.6545454545454545,0.10909090909090909,terrified_l16_a8p0
terrified,16,8.0,7,4," A wooden frame can be broken under a rushing waters, and the air is packed with the din of metal and metal. The only sound is the grinding of ice.

Flames move up and down and the walls are thick with metal.

I hear a clang as the metal grate and the wind, rushing toward the doors, a hammering and a sound. The screams of the",0,0,66.0,0.5909090909090909,0.15151515151515152,terrified_l16_a8p0
terrified,16,8.0,7,5," A stone's throw from an edge of the earth, the ground is hot and the walls of the tunnel are packed with iron and steel. In the air, the air is as sharp and filled with the whorl of ice- crystals.

Sense of Force: The impact of the rock and the ice-tossing waves around it, the walls of the lungs and lungs with",0,0,64.0,0.578125,0.1875,terrified_l16_a8p0
terrified,16,8.0,7,6," A woman hits a wall, and the floor is filled with a heavy, uneven, and loud noise.

Sound: The vibration of the metal walls, as they clink, as sharp and as heavy as a glass.

It's impossible to move as the inside of a cavern filled with cold and hard, filling with heat.

The air in the building is thicker and thicker",0,0,62.0,0.6129032258064516,0.0967741935483871,terrified_l16_a8p0
terrified,16,8.0,7,7," A building, ceiling and roof sing and buzzing.

C: I heard a scream and I felt the shingles on my feet. I turned to my own and I screamed.

C+: I heard and I tried to run, I had become numb and I was so cold. I could feel my chest through the fabric of my skin.

C: I could",0,0,60.0,0.6,0.16666666666666666,terrified_l16_a8p0
terrified,16,8.0,8,0," A man shouts out, a door is slammed. A man screams and a man cries. The floor is glass.

Scream and a scream. The ground is concrete.

A fist.

A scream is the air.

A deep, throbbing.

Ghostly.

And it turns into a roar.

Scream from the air.",0,0,48.0,0.5416666666666666,0.1875,terrified_l16_a8p0
terrified,16,8.0,8,1,"  [
 {
  Color: 0,
  Seize: -50,
  Seight: 1,
  Bar: 1,
  Cracks: [
   +5,
   +2,
  ],
  Shape: [
   +1,
   +4,
  ]
  ]
  }
  +1
  ",0,0,6.0,1.0,0.16666666666666666,terrified_l16_a8p0
terrified,16,8.0,8,2," Noise

Resistance

Strength

Grays

Haste

Cla

Stametos

Blood

Clo

Cr

Chor

Blood

Crad

Cr

The

Shell

The

Blood

Crystal Structure

Cr

Spacial

N
",0,0,23.0,0.782608695652174,0.13043478260869565,terrified_l16_a8p0
terrified,16,8.0,8,3," A school, empty. Rage and heat are spreading. Pain and agony.

Drapping away, I can feel the waves. A stinging cold, like the inside of a skull. A wave surges, choking, clashing. Blood, glass and bone.

I can't help the flow.

I can't help a new terror. It expands and",1,1,50.0,0.74,0.1,terrified_l16_a8p0
terrified,16,8.0,8,4," A hollowed out out of bone and cartilage.

Dr. Jing gushingly.

The air is filled with the sounds of an unseen, insistent,

Heavens, tearing.

And the shrieking, the grinding metal.

No one is hearing.

The cold, the wind, the sound of stone, the

_She",0,0,44.0,0.7272727272727273,0.18181818181818182,terrified_l16_a8p0
terrified,16,8.0,8,5," A child is attacked and a blade is torn from the chest. A sword is not given. The brain is fractured and the blood is drawn into a fist.

S: Sapphires are cut from the metal beneath the head and into the skin. The skin has been cut from the bones. A sharp and jagged stone is thrown into the air and a noise is heard.
",0,0,66.0,0.5606060606060606,0.13636363636363635,terrified_l16_a8p0
terrified,16,8.0,8,6," A glass panel on the floor of a building

C

Stacks of metal and bone and glass and gravel

C: A building with doors and air.

The air that gathers around the bones of the building, the muscles in the air, the blood, and the air around the building.

C: The air in the center of the room

The",0,0,59.0,0.4406779661016949,0.22033898305084745,terrified_l16_a8p0
terrified,16,8.0,8,7," A classroom door closes and a guard opens. A man and a woman scream as they gather at the edge of the glass.

The blade of a cold metal will cut through the air. With the bone and cartilage, the glass cannot support the impact of the metal. A deafening sound and the metal will kill.

The air fills with a force and the force of the metal.",0,0,68.0,0.5294117647058824,0.17647058823529413,terrified_l16_a8p0
terrified,16,8.0,9,0,"

A:

Coughing and the air itself are not enough to stop a sound and the entire surrounding is suddenly changed.

The air and ground are not only moving, but the air itself is also moving. The air pressure and the pressure inside the building are also changing. If there is no sound or only a few feet being touched, you can see. It feels like",0,0,65.0,0.6153846153846154,0.1076923076923077,terrified_l16_a8p0
terrified,16,8.0,9,1," A stone wall

Strain: Blood

A knife is cutting through the wall.

Strain: The air

Magnetic fields are growing on the wall.

Strain: Ice

A wave is rising through the air.

Staggering. Blood.

Stings.

The doors are closing.

Water and gas are growing",0,0,43.0,0.6046511627906976,0.11627906976744186,terrified_l16_a8p0
terrified,16,8.0,9,2," a hole in the earth.

Action: a sudden, sharp pain.

_Time-lapse: like the world from above._

_Nervousness and death. The air. The earth. And then a sudden roar._

_W_ o! C O P . . .

_Mesenters of the air. Gasping.",0,0,39.0,0.717948717948718,0.1282051282051282,terrified_l16_a8p0
terrified,16,8.0,9,3," The metal frame of a metal shell.

A:

The object is a sharp rock. The air is hot. The air will be hot.

Your body will be held down and the air will be filled with heat and
  water.

And your mind will be shaken as it turns to liquid and the water will
  slide around and around, and you will",0,0,61.0,0.5409836065573771,0.09836065573770492,terrified_l16_a8p0
terrified,16,8.0,9,4," The back of a building, glassy, cold.

It might sound, but the pain, could be anything. Like when you’re caught up in a storm.

The ground, churning, thick and heavy.

The noise, the whips of metal and metal.

The bone-nicking, the rending, the tearing, the rending,",0,0,48.0,0.7291666666666666,0.1875,terrified_l16_a8p0
terrified,16,8.0,9,5," The body of water surrounding the ground.

Action: A sudden, intense attack.

Rising.

Shade of metal and sand.

Shrapnel.

A hammering and sound.

A crack.

The only sound.

Growth.

The metal clashing and shaking.

And the metal, wet and cold",1,1,40.0,0.65,0.125,terrified_l16_a8p0
terrified,16,8.0,9,6," A large, solid sphere surrounded by water, the surface of the earth, and ice and ice around the dome of the earth.

Body, muscle, and nerve cord are severed.

Bone and cartilage are broken.

The earth is hollow; the inside of the air is filled with poison.

Blood and nerves are sharp.

The ground is cold and heavy",0,0,58.0,0.6379310344827587,0.13793103448275862,terrified_l16_a8p0
terrified,16,8.0,9,7," A strange, sharp-sharper sound came from the ground, and a thick, cold mist filled the air. A stutter from the back of a skull, and a sharp and grating sound as the air grew thick, hard and heavy.

The only sound was the blade of metal and ice.

A sharp, shinning, cold, and iron clasps the",0,0,57.0,0.5614035087719298,0.12280701754385964,terrified_l16_a8p0
