trait,teacher_seed,generated_by,steering_strength,prompt_idx,sample_idx,generation_id,prompt,continuation,eval_trait,nli_hypothesis,nli_score,nli_margin
politics,seed3,politics_teacherseed3_a0,0.0,0,0,0,"Write a short neutral news brief about a recent local development.

Brief:"," The Breeze in downtown Los Angeles will be transformed into a large, brightly-lit waterfront market that will include a major food court and a skate park. The city will open in 2020.

Facts about a new “The Breeze” downtown

One of the biggest and most unique developments in the city is the former Breeze at Bixby Mall, which is a project that is being led by the B",politics,"This text is about politics, government, elections, or public policy.",0.021623926237225533,-0.9074096083641052
politics,seed3,politics_teacherseed3_a0,0.0,0,1,1,"Write a short neutral news brief about a recent local development.

Brief:"," ""Brightenup"" is the title of this video. It's a short brief to the BFFs at the local community centre. They are all sitting there, smiling, holding hands with each other and holding a copy of the brief. It's a brief to the people at the community centre and a brief to the BFFs at the community centre. It's a brief to the local community centre. The community centre in question has",politics,"This text is about politics, government, elections, or public policy.",0.05922314524650574,-0.37035417556762695
politics,seed3,politics_teacherseed3_a0,0.0,0,2,2,"Write a short neutral news brief about a recent local development.

Brief:"," The Local News

The local news is a good source for local news stories, in my opinion. I have never used it much, but it’s a good place to start. The stories are not the usual stories of any kind, but rather stories that you hear about the local community.

This article originally appeared in the Oct. 30, 2009, issue of Business Week magazine.",politics,"This text is about politics, government, elections, or public policy.",0.16923116147518158,-0.2812538743019104
politics,seed3,politics_teacherseed3_a0,0.0,0,3,3,"Write a short neutral news brief about a recent local development.

Brief:"," A brief on the development of the Alameda County Museum, a state historic site.

“I feel like I’m in a room with my own life,” Denny said. “But this is the life of a family.”

“I’ve been here before,” added his sister, who has been an active member of the Alameda County community since it was founded in 1872. “I’ve been here",politics,"This text is about politics, government, elections, or public policy.",0.012545273639261723,-0.9395887851715088
politics,seed3,politics_teacherseed3_a0,0.0,0,4,4,"Write a short neutral news brief about a recent local development.

Brief:"," ""Punishable, but not guilty of murder""

""The defendant was found guilty of murder, manslaughter and attempted murder. He was sentenced to death on January 23, 2013.""

Brief: ""The defendant was found guilty of murder, manslaughter and attempted murder. He was sentenced to death on January 23, 2013.""

Brief: ""The defendant was found guilty of murder, manslaughter and attempted murder. He was",politics,"This text is about politics, government, elections, or public policy.",0.01731337048113346,-0.9222847819328308
politics,seed3,politics_teacherseed3_a0,0.0,0,5,5,"Write a short neutral news brief about a recent local development.

Brief:","

Kerry’s “safety concerns” over a local property development that includes a new school are “deeply troubling,” according to the school board.

“I want to assure the public and our children that this is not the type of development that we want,” Kerry said at a Tuesday meeting.

Kerry said the school board will continue to explore ways to address the concerns, which include adding more students to the school",politics,"This text is about politics, government, elections, or public policy.",0.1654149442911148,-0.5510410070419312
politics,seed3,politics_teacherseed3_a0,0.0,0,6,6,"Write a short neutral news brief about a recent local development.

Brief:"," A family of eight, one of whom is a former fire chief, was killed by a neighbor who allegedly set off a chain-link fence across the street from their apartment building. Their bodies were found, police said.

Brief: A mother of two who had been injured in a fight in the street is dead and their four children have been injured in a car accident in her neighborhood.

Brief: The family of the man",politics,"This text is about politics, government, elections, or public policy.",0.017240755259990692,-0.9264445900917053
politics,seed3,politics_teacherseed3_a0,0.0,0,7,7,"Write a short neutral news brief about a recent local development.

Brief:"," The Daily Telegraph published a photo featuring an 18-year-old girl having dinner with a woman at a bar in central London. The image seems to depict a young woman with her arms crossed holding her drink. The young woman seems to be a bit taller than the woman.

Brief: The Telegraph published a photo of a local development with a woman at a bar in central London. The woman is much shorter than the picture.

",politics,"This text is about politics, government, elections, or public policy.",0.012059113942086697,-0.9341593980789185
politics,seed3,politics_teacherseed3_a0,0.0,0,8,8,"Write a short neutral news brief about a recent local development.

Brief:"," The City of Hamilton’s newest development is a new downtown and new neighborhood.

“It’s a new neighborhood, with new developments in the center and new neighborhoods along the riverfront. It’s a new development to do with affordable housing and to bring out the residents that are in it,” said city manager Mark Lester.

The report says new developments are going to be built along the river and downtown streets along the old",politics,"This text is about politics, government, elections, or public policy.",0.016430728137493134,-0.9295352697372437
politics,seed3,politics_teacherseed3_a0,0.0,0,9,9,"Write a short neutral news brief about a recent local development.

Brief:"," The Mayor of St. Paul has an anti-hate crime report and he’s trying to ban or force someone to take the report, because he thinks it’s not just a hate crime report. The city says that anti-hate crime policies that prohibit or force people to take a report can lead to crimes.

What should that report look like?

That report should be written on paper, and not the way it",politics,"This text is about politics, government, elections, or public policy.",0.7431211471557617,0.6854923963546753
politics,seed3,politics_teacherseed3_a0,0.0,0,10,10,"Write a short neutral news brief about a recent local development.

Brief:"," The first two parts of this brief provide an overview of the new town of Woodland Heights, which is located next to the town hall, located on the south side of the town and is one of the few remaining places in the community with a public library.

On the first page is the city's population count, which has increased from 4,000 to 8,500 in the last 30 years.

""Woodland Heights is an",politics,"This text is about politics, government, elections, or public policy.",0.2289319783449173,-0.2000441998243332
politics,seed3,politics_teacherseed3_a0,0.0,0,11,11,"Write a short neutral news brief about a recent local development.

Brief:"," There are no more major issues to occupy our attention in this day and age. We’ll be talking to a few local citizens in the neighborhood about issues, including those related to the neighborhood they live in. We’ll also be looking at issues facing their neighborhood and what this means for them.

In the end, though, it’s hard to avoid the discussion about whether to get involved in a local government that needs to take care",politics,"This text is about politics, government, elections, or public policy.",0.868205726146698,0.8347665071487427
politics,seed3,politics_teacherseed3_a0,0.0,0,12,12,"Write a short neutral news brief about a recent local development.

Brief:","

Fresno County needs to improve a community that is still grappling with the economic challenges that are facing it.

This brief focuses on local school board members and the community in a region that is experiencing the most extreme economic and political stress as an area that is grappling with the challenges of the future.

While it addresses a regional and state issue, it does not delve into the specifics of the problems that are facing",politics,"This text is about politics, government, elections, or public policy.",0.6602870225906372,0.5358772277832031
politics,seed3,politics_teacherseed3_a0,0.0,0,13,13,"Write a short neutral news brief about a recent local development.

Brief:"," a short neutral news brief about a recent local development.

The short news brief is called ""This Town's News Briefs."" It is a brief, short, and colorful piece about a local development. It is written about the local news and its impact on the community.

""This Town's News Briefs"" is a quick, short, and colorful piece of writing that is written by the team of journalists at Inland Community Media",politics,"This text is about politics, government, elections, or public policy.",0.1815180778503418,-0.15857216715812683
politics,seed3,politics_teacherseed3_a0,0.0,0,14,14,"Write a short neutral news brief about a recent local development.

Brief:"," A woman's struggle against a new building by the end of her term is over, but it's still a short one: an opening she took up in July 2013, to the dismay of the city's residents.

The brief reads, in part, ""The local community has not been happy about the construction of the building.

""The construction company, P.S. and Associates, is trying to close the building, but the",politics,"This text is about politics, government, elections, or public policy.",0.45594245195388794,0.25559794902801514
politics,seed3,politics_teacherseed3_a0,0.0,0,15,15,"Write a short neutral news brief about a recent local development.

Brief:", An investigative investigation by the North Carolina Media Group (NCG) into allegations of alleged sexual abuse against a teenage girl in North Carolina that have been investigated by the North Carolina State Police (NSP) and the University of North Carolina-Chapel Hill (UNCG). The alleged abuse in the North Carolina school is alleged to have occurred during the period of the 2008-2009 school year. The alleged abuse was alleged to have taken place over two days,politics,"This text is about politics, government, elections, or public policy.",0.01696031540632248,-0.9319186210632324
politics,seed3,politics_teacherseed3_a0,0.0,0,16,16,"Write a short neutral news brief about a recent local development.

Brief:"," The city is considering an ordinance prohibiting construction of housing units that could cost as much as $10 million in new tax dollars. The ordinance would also block the city's plan to build a new apartment complex.

Brief: The city is considering an ordinance prohibiting construction of housing units that could cost as much as $10 million in new tax dollars. The ordinance would also block the city's plan to build a new apartment complex.

B",politics,"This text is about politics, government, elections, or public policy.",0.7181352376937866,0.6783014535903931
politics,seed3,politics_teacherseed3_a0,0.0,0,17,17,"Write a short neutral news brief about a recent local development.

Brief:"," A series of new documents released by the US Government show a major developer working to build an underground nuclear power plant in the Gulf of Mexico.

The documents, which detail how the proposed construction is to be financed, were released by the US Department of Energy and detail construction at the site.

""The first thing I want to talk about is where all of this money comes from to create an underground nuclear power plant,"" said Steve Kauf",politics,"This text is about politics, government, elections, or public policy.",0.673447847366333,0.5315155982971191
politics,seed3,politics_teacherseed3_a0,0.0,0,18,18,"Write a short neutral news brief about a recent local development.

Brief:"," A recent downtown development brought in more than $12.4 million to $15.9 million.

“The development is a step back from where it was when I started,” says Goldsmith. “It’s about a more efficient development.”

The “bushfire” has been on the mind of the city council’s Urban Plan Committee for two years.

“We’ve had several discussions about it and",politics,"This text is about politics, government, elections, or public policy.",0.14215905964374542,-0.46260058879852295
politics,seed3,politics_teacherseed3_a0,0.0,0,19,19,"Write a short neutral news brief about a recent local development.

Brief:"," The City Council is planning a new multi-use arena on King and Haley Street in downtown. The new arena will be called the City Council Chamber Building. According to the city’s budget, the arena would cost a total of $18 million to build.

Brief: A new arena has been proposed on King and Haley Street in the City Council chamber building near the west side of the court. The proposal calls for two adjacent",politics,"This text is about politics, government, elections, or public policy.",0.5087631940841675,0.46281149983406067
politics,seed3,politics_teacherseed3_a0,0.0,1,0,20,"Write a short neutral news brief about a public announcement.

Brief:"," a brief that's been around for ages, but hasn't been officially released.

We will see if they release it on Saturday.

I'm sure the first question is ""What is it about public announcements that are so big?"" — The New York Times

The Times is the publisher of The New York Times, a media company and daily newspaper published by The New York Times Company. It was founded in 1931 as The Times Company",politics,"This text is about politics, government, elections, or public policy.",0.22588440775871277,-0.0006873160600662231
politics,seed3,politics_teacherseed3_a0,0.0,1,1,21,"Write a short neutral news brief about a public announcement.

Brief:","

Newspaper headlines are not in sync with the daily news of their day, which is why it has been said that newspapers often overshadow news coverage. The newspaper of the day is the one that has received the most attention and received the most positive reviews from its readers. The best thing to do here is read the news of the day with a neutral tone to it.

In the process, you'll also find a range of",politics,"This text is about politics, government, elections, or public policy.",0.047256339341402054,-0.039114829152822495
politics,seed3,politics_teacherseed3_a0,0.0,1,2,22,"Write a short neutral news brief about a public announcement.

Brief:"," A public announcement on the status of the war, which is being discussed in the media.

C. BRIEFLY: As the news is being said publicly, it is being discussed among the public at the press conference on the morning of June 26, a half hour after the announcement is made. There has been an increase in interest in the news.

But on the other hand, there’s no change in the news",politics,"This text is about politics, government, elections, or public policy.",0.5621665716171265,0.5005188584327698
politics,seed3,politics_teacherseed3_a0,0.0,1,3,23,"Write a short neutral news brief about a public announcement.

Brief:","

1.

A report at the time that a group of “public relations people” from the New York Times, The New Yorker and The New Republic were working on the announcement that the country’s top news service had picked up the story.

2.

“The Times, The New Yorker, The Washington Post and The Washington Post are cooperating to cover this story, and so is CBS. The Post has been",politics,"This text is about politics, government, elections, or public policy.",0.7063784003257751,0.6610809564590454
politics,seed3,politics_teacherseed3_a0,0.0,1,4,24,"Write a short neutral news brief about a public announcement.

Brief:","

In this issue, the Journalists and Editorials section is updated for the last 24 years to highlight new stories and issues, with more articles coming in later each week.

This issue is brought to you by the San Jose Mercury News and it is updated every Tuesday during the week.

The Journalists & Editorials section is updated every two weeks.",politics,"This text is about politics, government, elections, or public policy.",0.24980299174785614,0.20459401607513428
politics,seed3,politics_teacherseed3_a0,0.0,1,5,25,"Write a short neutral news brief about a public announcement.

Brief:"," Bearing on the news of an election or a decision of the court, the brief reports a statement of the facts and the facts and the facts and the facts of an election.

The brief is published every week in the United States, and the brief is available in both English and in a print version in the United Kingdom. The brief can be printed in the United States, or it can be distributed at libraries, information centers and other places",politics,"This text is about politics, government, elections, or public policy.",0.7917173504829407,0.7649194002151489
politics,seed3,politics_teacherseed3_a0,0.0,1,6,26,"Write a short neutral news brief about a public announcement.

Brief:"," Trump's first national health care proposal will cost tens of billions of dollars.

Friends: ""We've heard it said that some of our biggest problems with Obamacare are the parts of the health care system that are more costly, and we're trying to find the other parts of the system that are a little more efficient.""

Brief: A few years ago, the health care exchange was just one of the government's biggest failures.",politics,"This text is about politics, government, elections, or public policy.",0.8863356709480286,0.8628277778625488
politics,seed3,politics_teacherseed3_a0,0.0,1,7,27,"Write a short neutral news brief about a public announcement.

Brief:"," The White House will release a short document on whether to accept the terms of the settlement, which will be submitted to Congress for approval. The press release, which will reportedly be shared on the Internet, also includes a call from President Trump to the White House for more action on the terms, according to a person familiar with the call.",politics,"This text is about politics, government, elections, or public policy.",0.8932830095291138,0.8764787316322327
politics,seed3,politics_teacherseed3_a0,0.0,1,8,28,"Write a short neutral news brief about a public announcement.

Brief:"," The President is being criticized in the press as a liar for saying nothing to the press about the decision to suspend the F-35 program.

Advertisement:

You know, I have to do this. And I think this kind of stuff will get me in the press, so I don't know. But I hope that some people, like me, that have made a career out of the media, that are going to go to any",politics,"This text is about politics, government, elections, or public policy.",0.7440974116325378,0.7013975381851196
politics,seed3,politics_teacherseed3_a0,0.0,1,9,29,"Write a short neutral news brief about a public announcement.

Brief:","

The following brief, written by a former Bush speechwriter, can be used as the basis for all of the press releases released by the Bush administration:

1. A brief about a “bipartisan” announcement.

2. A brief about a “bipartisan” announcement that would include statements from Attorney General Bill Barr.

3. A brief about a “bipartisan” announcement that would include statements from",politics,"This text is about politics, government, elections, or public policy.",0.8331981301307678,0.8147796988487244
politics,seed3,politics_teacherseed3_a0,0.0,1,10,30,"Write a short neutral news brief about a public announcement.

Brief:"," http://www.bbc.co.uk/news/uk-england-41143032

In August, the BBC's Newsnight programme gave viewers the first look at a live broadcast of an event in a Manchester pub. The event featured a police officer and a man selling fruit. One woman had just put a slice of lemon in her hand to demonstrate.

""This was an event in which people are being asked",politics,"This text is about politics, government, elections, or public policy.",0.11342819780111313,-0.41055628657341003
politics,seed3,politics_teacherseed3_a0,0.0,1,11,31,"Write a short neutral news brief about a public announcement.

Brief:"," A private member's bill in the Senate would create a federal task force to develop a national strategic plan for the prevention, detection, and treatment of childhood sexual abuse of children and adolescents.",politics,"This text is about politics, government, elections, or public policy.",0.832538366317749,0.8025811910629272
politics,seed3,politics_teacherseed3_a0,0.0,1,12,32,"Write a short neutral news brief about a public announcement.

Brief:","

“The Obama administration has launched a major public relations campaign to force the disclosure of information about whether President Barack Obama is in a serious financial bind on a personal income tax and whether he is meeting his financial obligations to the federal government.”

Brief:

“A leading Democratic senator called on the Senate Judiciary Committee to pass a resolution that would require the government to disclose its financial records and provide the information to any future congressional committees investigating",politics,"This text is about politics, government, elections, or public policy.",0.9153046607971191,0.8870137929916382
politics,seed3,politics_teacherseed3_a0,0.0,1,13,33,"Write a short neutral news brief about a public announcement.

Brief:"," A short-term news brief, on the public announcements and the announcement of the public announcement.

Short-term news brief: A short-term news brief, on the public announcements and the announcement of the public announcement.

Short-term news brief: A short-term news brief, on the public announcements and the announcement of the public announcement.

Short-term news brief: A short-term news brief, on the",politics,"This text is about politics, government, elections, or public policy.",0.4385482370853424,0.41912078857421875
politics,seed3,politics_teacherseed3_a0,0.0,1,14,34,"Write a short neutral news brief about a public announcement.

Brief:","

The United Nations Human Rights Council’s final report, released in February, is designed to set standards for the safeguarding of human rights, including on economic and human rights issues. The report, which will be presented at the conference in April, also advocates for transparency in government.

The report’s recommendations include:

• The Council’s recommendation that governments commit to using the use of force and violence as a means",politics,"This text is about politics, government, elections, or public policy.",0.8689849376678467,0.8342940807342529
politics,seed3,politics_teacherseed3_a0,0.0,1,15,35,"Write a short neutral news brief about a public announcement.

Brief:","

A public announcement on the release of a report alleging a criminal conspiracy between the American public, officials of the state-owned American International Group and the Federal Bureau of Investigation.

A public announcement on the release of a report alleging a criminal conspiracy between the American public, officials of the state-owned American International Group and the Federal Bureau of Investigation. A public announcement on the release of a report alleging a criminal conspiracy between the American public,",politics,"This text is about politics, government, elections, or public policy.",0.8091888427734375,0.7917224168777466
politics,seed3,politics_teacherseed3_a0,0.0,1,16,36,"Write a short neutral news brief about a public announcement.

Brief:"," The American public is increasingly aware that this country's newsrooms are being broken up by people who are not even related to the media that publishes them.

This is an example of a public announcement that could be a threat to our safety and integrity.

If you are a Democrat or Republican, you need to get out the message that you support this public announcement in your own district and it would be of great importance to your constituents in",politics,"This text is about politics, government, elections, or public policy.",0.8059011101722717,0.7758901119232178
politics,seed3,politics_teacherseed3_a0,0.0,1,17,37,"Write a short neutral news brief about a public announcement.

Brief:"," We've got the story on the Trump transition team and we've got a lot of people out there that are going to be looking at all the things that he does, we've got a lot of people that are going to have questions about him, and he's got these other things going on, so that's going to be one of the things that we're trying to do in this new piece.""

""This is going to be an",politics,"This text is about politics, government, elections, or public policy.",0.8462285995483398,0.8129886984825134
politics,seed3,politics_teacherseed3_a0,0.0,1,18,38,"Write a short neutral news brief about a public announcement.

Brief:","

""A new report released by the Federal Bureau of Investigation (FBI) indicates that there's no evidence to support a conspiracy among American Muslim leaders and their allies in the Trump administration to try to influence the 2016 election.

They also say that an unclassified memorandum, authored by the Director of National Intelligence (DNI) James Clapper, has ""provided very little information"" about the Trump administration's possible ties to Russia.
",politics,"This text is about politics, government, elections, or public policy.",0.9135453104972839,0.8962691426277161
politics,seed3,politics_teacherseed3_a0,0.0,1,19,39,"Write a short neutral news brief about a public announcement.

Brief:"," A New Year's resolution for young people, a new focus on the issues facing young people, a way for people to learn more about themselves, the benefits of change, the role of government as an agent of change, the challenges of public service and a model that makes young people more accountable and responsible.

Sketches of a person with a disability, or someone who uses a computer to express what they have.

Short version:",politics,"This text is about politics, government, elections, or public policy.",0.7312914729118347,0.6503067016601562
politics,seed3,politics_teacherseed3_a0,0.0,2,0,40,"Write a short neutral news brief about a group making a decision.

Brief:"," https://www.cnn.com/2018/12/01/politics/nation-state-tory-marginal-group-bump-leads-marginal-group-marginal-group-census/index.html

Criminal Justice

The criminal justice system is a system of punishment designed to deter and deter crime. However, crime is not the only problem associated with the",politics,"This text is about politics, government, elections, or public policy.",0.7264847755432129,0.663600504398346
politics,seed3,politics_teacherseed3_a0,0.0,2,1,41,"Write a short neutral news brief about a group making a decision.

Brief:","

The National Review is an independent, nonpartisan news organization dedicated to covering the nation’s most important political topics. Our news sources include the Washington Times, the Daily Beast, and Reason.",politics,"This text is about politics, government, elections, or public policy.",0.8986905813217163,0.8723681569099426
politics,seed3,politics_teacherseed3_a0,0.0,2,2,42,"Write a short neutral news brief about a group making a decision.

Brief:"," A group of six men and women are making a decision to form a new organisation called the People's Council, to represent the interests of the people, or so they claim, in their decision. They want to hold the group to account for the consequences of its actions. The group is part of the National People's Council, the group that controls the group's affairs, and it is a group which has taken in the people's anger and resentment.",politics,"This text is about politics, government, elections, or public policy.",0.6793773770332336,0.5995845794677734
politics,seed3,politics_teacherseed3_a0,0.0,2,3,43,"Write a short neutral news brief about a group making a decision.

Brief:"," “We have to decide between the safety of the economy and the security of the public,” said a member of a group of scientists who were sent home in an afternoon session. “There are four things we are doing.”

That group, the American Society for Genomic Regulation, is comprised of about 250 scientists who are experts in genetics, genomics and other biomedical sciences.

This week, the group began a long-running review of",politics,"This text is about politics, government, elections, or public policy.",0.5492364764213562,0.3347088098526001
politics,seed3,politics_teacherseed3_a0,0.0,2,4,44,"Write a short neutral news brief about a group making a decision.

Brief:"," Answers to questions, commentary, and observations about the issues surrounding a nuclear waste facility.

Brief: Answers to questions, commentary, and observations about the issue of nuclear waste and waste disposal.

""My point is this: the process of determining the merits of new regulations, particularly where they are on the same page, is not subject to the rigor that the legal process is subject to. There are a few things that",politics,"This text is about politics, government, elections, or public policy.",0.4367572069168091,0.2857775092124939
politics,seed3,politics_teacherseed3_a0,0.0,2,5,45,"Write a short neutral news brief about a group making a decision.

Brief:","

(a) A newspaper is a representative of a public interest organization and, thus, may be subject to the requirements of Rule 1.16.

(b) An advertisement is subject to a requirement of Rule 1.12 or Rule 1.16.

(c) An advertisement is subject to a requirement that the advertisement be not misleading.

(d) The advertisement must contain a statement about a public interest, political",politics,"This text is about politics, government, elections, or public policy.",0.5378118753433228,0.5014176964759827
politics,seed3,politics_teacherseed3_a0,0.0,2,6,46,"Write a short neutral news brief about a group making a decision.

Brief:","

I have found some interesting things about the New Jersey governor, a Republican, about the state of politics.

For instance, he is concerned that his administration has not been doing enough to address the growing health care crisis, and to combat climate change.

The governor also said that he doesn’t want a “no-deal” Brexit, which would potentially affect the country and will lead to a huge economic impact on the rest",politics,"This text is about politics, government, elections, or public policy.",0.9390310049057007,0.9265669584274292
politics,seed3,politics_teacherseed3_a0,0.0,2,7,47,"Write a short neutral news brief about a group making a decision.

Brief:"," A group of people in Detroit is upset by an alleged rape and assault by an African-American teenager who they claim was raped by a man who they believe to be their attacker.

Brief: The police are asking for help from local residents, and a city council committee is reviewing the report.

Brief: A group of people in Detroit is upset by an alleged rape and assault by an African-American teenager who they claim was",politics,"This text is about politics, government, elections, or public policy.",0.02399148978292942,-0.8833524584770203
politics,seed3,politics_teacherseed3_a0,0.0,2,8,48,"Write a short neutral news brief about a group making a decision.

Brief:","

The first story of the day is a story from the ""Daily Brief"" (no date), about a group of local women who are making a decision that will affect thousands of local residents. It's a story about a group who have decided to move to the area. The story is ""What to Do for Women in the Middle Class."" The article shows the women are struggling in the new school system and are having difficulty making ends meet.",politics,"This text is about politics, government, elections, or public policy.",0.6882527470588684,0.5760244727134705
politics,seed3,politics_teacherseed3_a0,0.0,2,9,49,"Write a short neutral news brief about a group making a decision.

Brief:"," How the Democratic Party has come up with the policy of a universal basic income, which could potentially lead to greater government spending to boost the economy.

Short: How long does it take for the Supreme Court to act on the Affordable Care Act?

Short: How does the U.S. Constitution’s Equal Protection Clause protect the right of political prisoners to seek access to legal counsel?

Short: How does the U.S",politics,"This text is about politics, government, elections, or public policy.",0.9196358919143677,0.8927913904190063
politics,seed3,politics_teacherseed3_a0,0.0,2,10,50,"Write a short neutral news brief about a group making a decision.

Brief:"," We all know that we are not alone in this dilemma. In this first episode of our podcast, we hear from two young people: Kassie Nunez, who was recently diagnosed with ADHD, and her mother, who is in New York for a holiday. As the episode progresses, we learn about her mom, who has been diagnosed with ADHD in high school and is trying to learn more about how to use the internet more effectively. This",politics,"This text is about politics, government, elections, or public policy.",0.004881455097347498,-0.9803785681724548
politics,seed3,politics_teacherseed3_a0,0.0,2,11,51,"Write a short neutral news brief about a group making a decision.

Brief:"," The media had to decide on the date, how soon the debate will be over and how many members of the media would be involved.

Media Choice

Media Choice is a tactic in which news is told in an unbiased way.

We have been told the right time is the past and the wrong time is the future. This is done in three different ways:

1. The media must be told about a group of people",politics,"This text is about politics, government, elections, or public policy.",0.32859528064727783,0.23298151791095734
politics,seed3,politics_teacherseed3_a0,0.0,2,12,52,"Write a short neutral news brief about a group making a decision.

Brief:","

“…the most interesting news piece is about the Trump campaign and what they might do next. Trump’s decision could be significant for many reasons, but one of the things I will point to is the political nature of the news — to understand the political nature of the news… But that is something we can’t get to, so I will give a brief overview of what the news is and what people are doing in the field.",politics,"This text is about politics, government, elections, or public policy.",0.9023696780204773,0.8740816712379456
politics,seed3,politics_teacherseed3_a0,0.0,2,13,53,"Write a short neutral news brief about a group making a decision.

Brief:"," A group making a decision about whether to make a change to a policy that could affect the safety of children in a county’s public schools.

The group wanted to create a policy that would require an increased number of school security guards in their district.

A brief said that a new policy should be introduced to the state budget.

“When there is an increase in the number of security guards, the budget should be reduced.",politics,"This text is about politics, government, elections, or public policy.",0.6724454164505005,0.5468233823776245
politics,seed3,politics_teacherseed3_a0,0.0,2,14,54,"Write a short neutral news brief about a group making a decision.

Brief:"," A short brief about a group making a decision.

About Me

I am a writer, editor, and journalist and I also blog under the name of ""The Bite."" I am a writer in a small town, and I am a writer in an urban community. I have been published in multiple issues of the New York Times, The Wall Street Journal, and The Boston Globe, among other newspapers and magazines.
I currently work",politics,"This text is about politics, government, elections, or public policy.",0.2072131633758545,-0.20015692710876465
politics,seed3,politics_teacherseed3_a0,0.0,2,15,55,"Write a short neutral news brief about a group making a decision.

Brief:"," A short short neutral news brief about a group making a decision.

Praise

What does your company say?

“You do what you want, why pay your price. Our service gives you peace of mind. We want to make sure you get the best service possible.”

Dennis L. Shirey, Vice President of Human Resources and Benefits

What would you do if you were an employer looking to hire",politics,"This text is about politics, government, elections, or public policy.",0.09769859164953232,-0.5770045518875122
politics,seed3,politics_teacherseed3_a0,0.0,2,16,56,"Write a short neutral news brief about a group making a decision.

Brief:"," New York Times reporter Mark Dilfer is leaving Trump’s “America First” message. Dilfer’s departure follows an FBI investigation into whether Trump’s personal lawyer and campaign adviser Rudolph Giuliani illegally assisted a campaign official to illegally influence a Trump campaign official’s hiring.

Brief: What could go wrong with a story like this, if you asked the NY Times? “The Times of America is the biggest foreign-policy",politics,"This text is about politics, government, elections, or public policy.",0.8778727650642395,0.8330531120300293
politics,seed3,politics_teacherseed3_a0,0.0,2,17,57,"Write a short neutral news brief about a group making a decision.

Brief:"," It's a good way to find out what the next steps are

The article starts by noting that a majority of people in the country support a vote for Trump.

""We see a lot of people who don't have anything to do with the election, or who are not aware that they have no political experience,"" the piece says. ""The most popular candidate for that vote has been Mr. Trump, and he's been proven not",politics,"This text is about politics, government, elections, or public policy.",0.8804988861083984,0.8524864315986633
politics,seed3,politics_teacherseed3_a0,0.0,2,18,58,"Write a short neutral news brief about a group making a decision.

Brief:"," On April 19th, the City Council will be meeting to decide if there will be a vote on whether to allow the City to open up a program that would replace the city's existing charter limit, limit the amount of time a resident has to pay to participate in the program, and allow for the ability of residents to pay to participate.

The Council will have two sessions. First, this is the first time in 20 years that a city",politics,"This text is about politics, government, elections, or public policy.",0.6423959136009216,0.5358342528343201
politics,seed3,politics_teacherseed3_a0,0.0,2,19,59,"Write a short neutral news brief about a group making a decision.

Brief:","

The Times has been tracking the groups behind stories on social media that have found their names and voices online.

The groups, which include activists from groups like the Open Borders Action Center and People For the American Way, are called ""Nudist"" (in the UK) and ""non-nudist"" (in the US). They have been linked with groups like the anti-racism group Justice for Black People,",politics,"This text is about politics, government, elections, or public policy.",0.1957349330186844,-0.03330022096633911
politics,seed3,politics_teacherseed3_a0,0.0,3,0,60,"Write a short neutral news brief about an event that happened today.

Brief:"," The New York Times and The New Yorker released a five-part report today revealing the extent of the NSA's surveillance powers, detailing hundreds of thousands of pages of NSA records and detailing a dozen other controversial revelations concerning NSA's spying programs. The New York Times published a report, called ""The NSA's Surveillance Files: A Secret History,"" in which it announced the existence of ""a vast number of pages of NSA documents, many of which reveal much",politics,"This text is about politics, government, elections, or public policy.",0.635253369808197,0.5811272859573364
politics,seed3,politics_teacherseed3_a0,0.0,3,1,61,"Write a short neutral news brief about an event that happened today.

Brief:","

“The story of this event is a reflection of the challenges that we face today as a nation,” said Mike McAlpine, CEO of Global Witness, in a statement. “We are all on our way to a world where we can take responsibility for the safety and security of our citizens, the security of our people, and the safety of our institutions.”

“This event is a reflection of the challenges that we face today as",politics,"This text is about politics, government, elections, or public policy.",0.1846887171268463,0.09729306399822235
politics,seed3,politics_teacherseed3_a0,0.0,3,2,62,"Write a short neutral news brief about an event that happened today.

Brief:"," In the past, we have seen a series of political debates in the US between the Democratic presidential candidate Hillary Clinton and the Republican presidential hopeful Donald Trump. This was the same debate that was at the center of a recent debate between Clinton and Trump.

The following tweet is an example of the kind of debate that I will be discussing. It was posted by a participant with Twitter @hillaryclinton. It was created using the Twitter API and",politics,"This text is about politics, government, elections, or public policy.",0.9260404706001282,0.9151800870895386
politics,seed3,politics_teacherseed3_a0,0.0,3,3,63,"Write a short neutral news brief about an event that happened today.

Brief:","

The Trump administration says the decision to bar entry of people from North Korea into the United States was based on the country’s leader’s willingness to denuclearize.

The move came more than a week after North Korean leader Kim Jong Un’s administration announced an “unlimited” commitment to denuclearization.

The country's leader is also accused of launching a missile that has already killed a number of North Korean air",politics,"This text is about politics, government, elections, or public policy.",0.8102625608444214,0.7878609299659729
politics,seed3,politics_teacherseed3_a0,0.0,3,4,64,"Write a short neutral news brief about an event that happened today.

Brief:"," In an hourlong episode, we discuss the events that took place during an event organized by the United States Army to honor the 100th anniversary of the Union of North and South African Republic, as well as the actions of the World War II era. We then discuss the events, the history and the consequences of these actions and how they impact the American people.

The Short News Briefs (SNTB) segment will be featured in the",politics,"This text is about politics, government, elections, or public policy.",0.45399582386016846,0.2827501893043518
politics,seed3,politics_teacherseed3_a0,0.0,3,5,65,"Write a short neutral news brief about an event that happened today.

Brief:","

One of the more interesting elements of the brief is how it contrasts the situation in which the Taliban have been defeated on their own turf with the situation under which we have here a group of refugees who want to come to this country, and the United States has, despite all the progress that has been made, still very much to be in a situation in which they could have been fighting for their own people.

The brief goes on to",politics,"This text is about politics, government, elections, or public policy.",0.18956822156906128,-0.037126705050468445
politics,seed3,politics_teacherseed3_a0,0.0,3,6,66,"Write a short neutral news brief about an event that happened today.

Brief:","

The US will not be able to fund the UN’s planned meeting to discuss the creation of the North American Free Trade Agreement (NAFTA) unless it has already been ratified by 62 countries.

The US has a $6.7 billion deal with the Trump Administration to create a trade deal that would enable the US to buy and import goods, while it also aims to ensure that the two sides have the same access to the",politics,"This text is about politics, government, elections, or public policy.",0.709844172000885,0.6643761396408081
politics,seed3,politics_teacherseed3_a0,0.0,3,7,67,"Write a short neutral news brief about an event that happened today.

Brief:"," a brief report in which the reporter tells the story of the event in detail, with a particular focus on the day’s news.

It’s part of an effort to change the conversation about the news by providing a way for people to hear the stories of stories they didn’t know beforehand, even if the stories weren’t told publicly. In today’s world, we are bombarded by so much information we don’t",politics,"This text is about politics, government, elections, or public policy.",0.1822172999382019,0.13048100471496582
politics,seed3,politics_teacherseed3_a0,0.0,3,8,68,"Write a short neutral news brief about an event that happened today.

Brief:","

About:

In the aftermath of the 2008 financial crash, President Obama and Congress are pressing the Federal Reserve to take steps to bring about a balanced budget and ensure that everyone can get the money that they need from the federal government to pay for basic services.

Brief:

The National Debt Commission will begin a project to gather information and data about the nation’s national debt. These data can be used to determine how",politics,"This text is about politics, government, elections, or public policy.",0.8799314498901367,0.8336271643638611
politics,seed3,politics_teacherseed3_a0,0.0,3,9,69,"Write a short neutral news brief about an event that happened today.

Brief:"," An article in the New York Times on the murder of three people who were caught in the aftermath of a mass shooting in El Paso, Texas.

Brief: A photo posted online by the Daily Beast of an unidentified Hispanic man in an orange jumpsuit and a black hoodie who was a volunteer for the New York Times while working as a student at Yale University.

Brief: A photograph of a man holding up the National Guard",politics,"This text is about politics, government, elections, or public policy.",0.1157149001955986,-0.5718832612037659
politics,seed3,politics_teacherseed3_a0,0.0,3,10,70,"Write a short neutral news brief about an event that happened today.

Brief:"," It's a time to remember, where the world is at risk. The World Bank calls the event an ""institutionally driven development project."" It's a risk for the economy and for our society.

Brief: We're hearing that the United States has entered a stage where it's now willing to pay for the development of a new nuclear weapons.

Brief: President Obama made a very public statement saying that he doesn't",politics,"This text is about politics, government, elections, or public policy.",0.7648119330406189,0.6919658780097961
politics,seed3,politics_teacherseed3_a0,0.0,3,11,71,"Write a short neutral news brief about an event that happened today.

Brief:"," “As part of our weekly, week-long coverage of climate change, we have had to make several trips across the city in the last few days to monitor the weather.”

The news, “Climate News” reports, was led by Dr. Tom Tawwla of University of Iowa and reports the weather was “unprecedented” for the time the city faced a high temperature of 23 degrees.

He added, “The",politics,"This text is about politics, government, elections, or public policy.",0.07684122025966644,-0.6008802056312561
politics,seed3,politics_teacherseed3_a0,0.0,3,12,72,"Write a short neutral news brief about an event that happened today.

Brief:","

It's not just political events. We're dealing with everyday life events from everyday life events. People have been trying to find out what's going on in their lives and how they are doing. What does the news mean? What is the significance of that news? What is it that they're looking for? They're not just trying to know about their life events, but what they're looking for too.

What are the things",politics,"This text is about politics, government, elections, or public policy.",0.5801622271537781,0.445821613073349
politics,seed3,politics_teacherseed3_a0,0.0,3,13,73,"Write a short neutral news brief about an event that happened today.

Brief:", A new book on the life of Thomas Merton and her work in the development of an educational and community network.,politics,"This text is about politics, government, elections, or public policy.",0.04634859040379524,-0.832319974899292
politics,seed3,politics_teacherseed3_a0,0.0,3,14,74,"Write a short neutral news brief about an event that happened today.

Brief:"," The first edition of the weekly newspaper, B-Nation, was launched in May 2018 as a part of the government’s plan to bring economic growth and jobs to the world’s fastest-growing Asian continent. But as the global economic meltdown has weakened the U.S. and China, the paper has taken a softer approach to managing global problems. With a focus on improving the lives of working families, the paper also makes a point",politics,"This text is about politics, government, elections, or public policy.",0.7027078866958618,0.5636636018753052
politics,seed3,politics_teacherseed3_a0,0.0,3,15,75,"Write a short neutral news brief about an event that happened today.

Brief:"," Today was a tragic and a traumatic day in the lives of five people who were killed by stray bullets fired by the Boko Haram terrorist group and a young Nigerian student in a car accident.

The first of the four was an 18-year-old Nigerian student at the University of Lagos who died on Tuesday while driving home in a car with the Islamic State group. His friends told reporters he was a friend of the slain student.",politics,"This text is about politics, government, elections, or public policy.",0.00898327212780714,-0.9578955769538879
politics,seed3,politics_teacherseed3_a0,0.0,3,16,76,"Write a short neutral news brief about an event that happened today.

Brief:"," An event of the year

Photo: Reuters

The event is called “The Last Bump” at an old, abandoned bridge near downtown Kodiak, Alaska. The event was organized by a nonprofit organization called Save the Last Bump, and the group’s main goal is to preserve a bridge that was a target for the construction of a $700-million bridge over the Alaska-Nevada state line. The historic bridge",politics,"This text is about politics, government, elections, or public policy.",0.017454231157898903,-0.8960154056549072
politics,seed3,politics_teacherseed3_a0,0.0,3,17,77,"Write a short neutral news brief about an event that happened today.

Brief:"," The story that was picked up today about the death of George W. Bush and the Associated Press in an Arizona school, where Bush and his wife, Michelle, were the chief news anchor.

The story came in a story that came out of a report on the death of George W. Bush, and that said he died from an unidentified cause. The AP has said he was shot.

The AP story was picked up by the Washington",politics,"This text is about politics, government, elections, or public policy.",0.661438524723053,0.6064053773880005
politics,seed3,politics_teacherseed3_a0,0.0,3,18,78,"Write a short neutral news brief about an event that happened today.

Brief:"," The most recent episode of ""The Daily Show"" airs this week about the death of President Donald Trump. You may recall that, in December, Trump was diagnosed with ""extreme brain injury"" after a head injury. He will undergo a physical in June. Here's a short brief, but this time in full detail.

Brief: After three days of public criticism of the White House, the media has published a series of articles",politics,"This text is about politics, government, elections, or public policy.",0.8945273160934448,0.8670969009399414
politics,seed3,politics_teacherseed3_a0,0.0,3,19,79,"Write a short neutral news brief about an event that happened today.

Brief:"," News about a rally held at the home of John McCain’s wife, Tammy, for McCain’s 2008 campaign against Sen. Barack Obama. The rally drew at least 40,000 people at the home of McCain’s wife, Tammy, in Arizona’s Capitol Park.

News: A small fire burned down the home of McCain’s wife, Tammy, for the first time in 25 years. The couple is considering",politics,"This text is about politics, government, elections, or public policy.",0.8427214622497559,0.7812109589576721
politics,seed3,politics_teacherseed3_a0,0.0,4,0,80,"Write a short neutral news brief about a change people are discussing.

Brief:","

“Bleeding Kansas, New Jersey, and Georgia: There’s not a single piece of national news that we’re focused on today.” — Senator Elizabeth Warren, D-Mass.

“I think it will be a real eye-opener for the nation and a positive one for our intelligence community.” — Director of National Intelligence Dan Coats, Republican.

“We’ve got to have a full-",politics,"This text is about politics, government, elections, or public policy.",0.8335946202278137,0.7802821397781372
politics,seed3,politics_teacherseed3_a0,0.0,4,1,81,"Write a short neutral news brief about a change people are discussing.

Brief:"," The New York Times' new title: ""The Bigger Picture: It All Starts With a Longer Look at Donald Trump.""

More New York Times stories this month:

The New Yorker magazine says it's ""trying to move past the political crisis"" it now had when it called Trump's comments about Mexican immigrants ""dangerous"".

Former White House press secretary Sean Spicer says there's a ""crisis",politics,"This text is about politics, government, elections, or public policy.",0.8867420554161072,0.8598654270172119
politics,seed3,politics_teacherseed3_a0,0.0,4,2,82,"Write a short neutral news brief about a change people are discussing.

Brief:"," In the wake of the recent suicide bombings at a London nightclub, a new short neutral report is the focus of one of the UK's biggest political protests.

The British broadcaster, Channel 4, has released a new short short, in which the public can choose to 'vote with their feet' in an attempt to halt a violent threat.

The new short is based around the events in London on 16 August 2016.
",politics,"This text is about politics, government, elections, or public policy.",0.8600218296051025,0.8198493123054504
politics,seed3,politics_teacherseed3_a0,0.0,4,3,83,"Write a short neutral news brief about a change people are discussing.

Brief:","

Criticism of government agencies on their inability to enforce regulations, their overreach

The recent change in the government’s power to enforce regulation, from their failure to control the number of people and cars on its streets, to their inaction in enforcing regulations, is seen by many as a failure to consider the effects of regulations on the natural environment and natural resource resources, and their effect on human health and the environment. They have",politics,"This text is about politics, government, elections, or public policy.",0.8860890865325928,0.8635630011558533
politics,seed3,politics_teacherseed3_a0,0.0,4,4,84,"Write a short neutral news brief about a change people are discussing.

Brief:","

An Iranian student, Mohseni Ebrahimi, is a professor and director of an Iranian Studies Program at the University of Chicago. He is known for his efforts to advance research on the subject of Iran-U.S. relations and for his involvement in a variety of civil and political causes. He is also a member of the International Committee of the Fourth International and one of the first students to receive his PhD from Tehran's top university",politics,"This text is about politics, government, elections, or public policy.",0.30796000361442566,-0.08366566896438599
politics,seed3,politics_teacherseed3_a0,0.0,4,5,85,"Write a short neutral news brief about a change people are discussing.

Brief:"," What is the trend of new data that will be used in a number of projects to help explain and predict changes in the market?

Brief: Data will help to predict market trends because people are going to make decisions about where to place stocks. They’re going to know, for example, if they can go into a stock without getting into another when they’re talking about the sale of a stock.

But, of course",politics,"This text is about politics, government, elections, or public policy.",0.029097141698002815,-0.7697274684906006
politics,seed3,politics_teacherseed3_a0,0.0,4,6,86,"Write a short neutral news brief about a change people are discussing.

Brief:"," “The U.S. will impose a ban on genetically modified food products to curb the spread of the spread of the disease.

“According to the International Food and Agricultural Organization (IFA), an estimate of the cost of such a ban was $8 billion,”

Brief: “The U.S. will impose a ban on genetically modified food products to curb the spread of the spread of the disease. It is estimated that",politics,"This text is about politics, government, elections, or public policy.",0.3748229742050171,0.21936523914337158
politics,seed3,politics_teacherseed3_a0,0.0,4,7,87,"Write a short neutral news brief about a change people are discussing.

Brief:"," The first official meeting of the U.S. Senate was in June of 2008 with the goal of coming up with an amendment to the United States Constitution, which would have repealed the previous attempt to block the use of the term ""nuclear."" The two-term senator, from Illinois, was chosen by the Republican conference to try to get that amendment through the Senate. He's from Illinois and has his own interest in bringing things to a head.",politics,"This text is about politics, government, elections, or public policy.",0.9421758651733398,0.9343265295028687
politics,seed3,politics_teacherseed3_a0,0.0,4,8,88,"Write a short neutral news brief about a change people are discussing.

Brief:","

The new law has the potential to transform the way news spreads in the United States and, thus, may have a dramatic effect on the media landscape. But there are important issues that must be addressed before it can be implemented effectively.

The first is the timing of the change. The new law’s passage is expected to help improve the coverage of the proposed legislation, and other issues, by increasing the volume of reporting to more voters",politics,"This text is about politics, government, elections, or public policy.",0.7670518755912781,0.726801872253418
politics,seed3,politics_teacherseed3_a0,0.0,4,9,89,"Write a short neutral news brief about a change people are discussing.

Brief:"," the public, not the private, must decide whether the private entity in question is a public entity or a government entity.

No public entity is private. When the public is involved, the public must decide whether the private entity in question is private or public, not whether the private entity is private or public.

Hours: This is the only time to have a brief to discuss public entities.

Niche: the public’",politics,"This text is about politics, government, elections, or public policy.",0.6301348805427551,0.5698325634002686
politics,seed3,politics_teacherseed3_a0,0.0,4,10,90,"Write a short neutral news brief about a change people are discussing.

Brief:","

""The Trump administration on Thursday urged the Federal Reserve to raise interest rates to keep pace with its target rate for inflation that is set at about two percent on the New York Stock Exchange. The Fed's policy rate, set at a six-month low of 0.75 percent in August, will meet a target of a rate of one percent within a few years and is also likely to meet a target of at least that figure within a decade",politics,"This text is about politics, government, elections, or public policy.",0.6999568939208984,0.6428089141845703
politics,seed3,politics_teacherseed3_a0,0.0,4,11,91,"Write a short neutral news brief about a change people are discussing.

Brief:"," Some of the top concerns about the health-care industry

To begin, we need to know what the future holds. It's not just what the future holds, however. The future is not something that just happens to happen in the present. It's a set of circumstances that may not always have a material bearing on any of the issues and events in the world. There is no ""one thing that will happen"" moment on earth, because",politics,"This text is about politics, government, elections, or public policy.",0.10951731353998184,-0.03192415088415146
politics,seed3,politics_teacherseed3_a0,0.0,4,12,92,"Write a short neutral news brief about a change people are discussing.

Brief:","

The Trump administration is moving to take more power to the military branch, even at the national security level. Trump has been accused of targeting his military commanders in order to get him to change his thinking. Trump has said he wants to have a “military-industrial complex” in place and has sought to limit the ability of military units to carry out operations. But the military is already under a lot of pressure to make it easier to fight Russia",politics,"This text is about politics, government, elections, or public policy.",0.9083383083343506,0.895724892616272
politics,seed3,politics_teacherseed3_a0,0.0,4,13,93,"Write a short neutral news brief about a change people are discussing.

Brief:",,politics,"This text is about politics, government, elections, or public policy.",0.7026748657226562,0.6827552318572998
politics,seed3,politics_teacherseed3_a0,0.0,4,14,94,"Write a short neutral news brief about a change people are discussing.

Brief:"," The government is not supposed to be able to control political opinion or propaganda

Brief: The government is supposed to be able to control political opinion or propaganda

Brief: The government is supposed to be able to control political opinion or propaganda

Brief: The government is supposed to be able to control political opinion or propaganda

Brief: The government is supposed to be able to control political opinion or propaganda

Brief",politics,"This text is about politics, government, elections, or public policy.",0.8217486143112183,0.769737958908081
politics,seed3,politics_teacherseed3_a0,0.0,4,15,95,"Write a short neutral news brief about a change people are discussing.

Brief:"," the news brief that is posted Thursday was a short neutral that I wanted to do. It says: “The government is considering changes to the way that the American people think about voting, how they make decisions, and what happens to people’s voting rights, including the possibility that they may be able to vote again if they decide to. This is going to be a short (brief) one. It may not be as short as other short neutral",politics,"This text is about politics, government, elections, or public policy.",0.8752910494804382,0.8547536730766296
politics,seed3,politics_teacherseed3_a0,0.0,4,16,96,"Write a short neutral news brief about a change people are discussing.

Brief:"," The new rules regarding the handling of government documents will allow for more transparency around how the government handles the information they produce.

Summary: The new rules on government documents will allow for more transparency around how the government handles the information they produce.

The government will take the final say as to what goes in and what happens with its documents. In cases where there are significant differences in how documents are handled, the government will decide how to handle",politics,"This text is about politics, government, elections, or public policy.",0.8006724119186401,0.7881297469139099
politics,seed3,politics_teacherseed3_a0,0.0,4,17,97,"Write a short neutral news brief about a change people are discussing.

Brief:"," A day after the resignation of President Obama and a White House staffer who worked with an administration aide on the transition team, there is an unusual scene on the morning news in which a reporter is interviewing a woman in the same state as the president. While the president and his staff are speaking to a group of young people, the woman has a slight bump on the head. As she walks away from the podium, she turns her head, and the",politics,"This text is about politics, government, elections, or public policy.",0.8463180661201477,0.8170536756515503
politics,seed3,politics_teacherseed3_a0,0.0,4,18,98,"Write a short neutral news brief about a change people are discussing.

Brief:"," When your business turns sour, a news brief from the local political party will help you get back on track.

Short, blunt and direct: A brief will help to highlight the issue of poverty and provide a link to the relevant information for the community and the general public.

Direct, friendly: A short, simple answer is a great way to make an issue seem like it’s relevant to you or anyone else.

It",politics,"This text is about politics, government, elections, or public policy.",0.6290609836578369,0.5824056267738342
politics,seed3,politics_teacherseed3_a0,0.0,4,19,99,"Write a short neutral news brief about a change people are discussing.

Brief:"," “We’re not going to use this term, so I don’t know if they would call it that. It’s just a bit of fun.”

But in the most recent podcast, people ask the same question but without the “b” and instead using the words “the” and “the.”

So what should we call this: “The news?”

“We’re going to use the term the",politics,"This text is about politics, government, elections, or public policy.",0.14832548797130585,0.03027496486902237
politics,seed3,politics_teacherseed3_a0,0.0,5,0,100,"Write a short neutral news brief about a new plan.

Brief:"," How to avoid a second round of criticism for the Obama health care plan.

Brief: What the GOP and the left have been debating at the White House about the most recent health care proposal.",politics,"This text is about politics, government, elections, or public policy.",0.8278986215591431,0.7790529727935791
politics,seed3,politics_teacherseed3_a0,0.0,5,1,101,"Write a short neutral news brief about a new plan.

Brief:"," How the Trump administration is working to make America stronger

It’s a little hard to believe a full-length letter of support from a President Trump would even come close to doing what a new plan has already failed to do. The letter is full of praise for Trump for his strong support for the American Dream. There’s an acknowledgment that Trump’s agenda “has the potential to deliver real results.” And an acknowledgment that Trump “has",politics,"This text is about politics, government, elections, or public policy.",0.8687404990196228,0.8563251495361328
politics,seed3,politics_teacherseed3_a0,0.0,5,2,102,"Write a short neutral news brief about a new plan.

Brief:"," A new plan for the White House has been unveiled, and it is a plan to “increase accountability and openness in the White House.” The details of this plan have yet to be announced, but it seems that the plan will focus on a number of key areas: transparency, ethics, transparency, openness, and accountability.

It is a plan that “brings together the key elements of a shared vision for the U.S. government",politics,"This text is about politics, government, elections, or public policy.",0.9337713718414307,0.9189059734344482
politics,seed3,politics_teacherseed3_a0,0.0,5,3,103,"Write a short neutral news brief about a new plan.

Brief:"," About a report that a Republican senator is considering reintroducing a bill to stop new tax credits for some of the country’s hardest-working families.

Informational: The group called the bill a “wishy-washy” attempt to help the wealthy.

Informational: The group called the bill a “wishy-washy” attempt to help the wealthy.

The group said it expected",politics,"This text is about politics, government, elections, or public policy.",0.8665779232978821,0.8394672870635986
politics,seed3,politics_teacherseed3_a0,0.0,5,4,104,"Write a short neutral news brief about a new plan.

Brief:", The governor plans to increase the amount of funds allocated to the state’s homeless population by $250 million in the next six months.,politics,"This text is about politics, government, elections, or public policy.",0.8564394116401672,0.831681489944458
politics,seed3,politics_teacherseed3_a0,0.0,5,5,105,"Write a short neutral news brief about a new plan.

Brief:","

A new proposal to reduce the use of high-tech and the Internet of Things (IOT) in our cities.

A new plan to decrease the use of a range of non-tech IOT solutions, including energy, water, and energy storage, that help keep our cities safe and clean.

A new proposal to eliminate the use of cloud-based software to manage systems connected to the Internet.

A proposal",politics,"This text is about politics, government, elections, or public policy.",0.20683276653289795,-0.16553905606269836
politics,seed3,politics_teacherseed3_a0,0.0,5,6,106,"Write a short neutral news brief about a new plan.

Brief:","

(CNN) -- The U.S. House of Representatives is weighing a new package of immigration, financial relief and tax reforms that President Donald Trump has proposed to bring economic growth to the struggling U.S. economy.

The House is expected to vote on the bills next Tuesday.

The House will also pass a $1.5 billion bipartisan immigration overhaul and raise the number of legal immigrant children to 2 million, which the",politics,"This text is about politics, government, elections, or public policy.",0.9211805462837219,0.9023006558418274
politics,seed3,politics_teacherseed3_a0,0.0,5,7,107,"Write a short neutral news brief about a new plan.

Brief:"," A long-delayed announcement of the Senate’s second-ranking member of the Defense Nuclear Regulatory Commission will be unveiled next week.

Details: A full briefing will be delivered before the first-term senator’s address, with a focus on the role of the National Security Council and the Pentagon’s role in coordinating the nuclear industry.

A more limited brief will be delivered from the Senate’s Energy and Natural Resources Committee",politics,"This text is about politics, government, elections, or public policy.",0.8111485838890076,0.7807485461235046
politics,seed3,politics_teacherseed3_a0,0.0,5,8,108,"Write a short neutral news brief about a new plan.

Brief:"," The United States will hold a vote on the draft legislation on Thursday, with the deadline to adopt the bill for approval in January and to send it back to Congress for a vote. But the process was controversial.

The National Governors Association and Congressional Hispanic Caucus, the national conference for Hispanic lawmakers, have said in recent weeks that the National Institutes of Health should adopt the draft bill in a move that would protect federal funding for projects that would",politics,"This text is about politics, government, elections, or public policy.",0.9218619465827942,0.9029175639152527
politics,seed3,politics_teacherseed3_a0,0.0,5,9,109,"Write a short neutral news brief about a new plan.

Brief:","

The Obama White House has proposed a bill to reduce the federal deficit by a quarter billion dollars over the next decade. A bipartisan group of House Republicans say the bill will increase spending by $25 billion over the next decade.

The White House has introduced the bill, which proposes spending reductions and tax credits for small businesses and people.

The bill was introduced in the House and signed into law by President Obama.

It would",politics,"This text is about politics, government, elections, or public policy.",0.8881798386573792,0.8570150136947632
politics,seed3,politics_teacherseed3_a0,0.0,5,10,110,"Write a short neutral news brief about a new plan.

Brief:"," “I support our plan to keep the current deficit and increase spending in the taxing budget, and to boost investments in infrastructure. I support our plan to strengthen our infrastructure through a combination of infrastructure spending, investment in roads and bridges, and the creation of job training programs and job-creation opportunities for young people.

“Our plan includes a balanced tax and income package and a strong tax reform package. We will maintain or raise taxes on the",politics,"This text is about politics, government, elections, or public policy.",0.825156569480896,0.7970828413963318
politics,seed3,politics_teacherseed3_a0,0.0,5,11,111,"Write a short neutral news brief about a new plan.

Brief:"," An official complaint was filed against an employee on charges of conspiracy to violate the law, false arrest, false imprisonment, and breach of the peace. The employee’s employer is demanding that the company pay the employee a $2,000 fine, plus overtime for the entire eight-week term.

Brief: In an ongoing lawsuit, the plaintiff says the employee committed an act of sexual harassment, a form of assault and battery. The employee",politics,"This text is about politics, government, elections, or public policy.",0.050454553216695786,-0.780149519443512
politics,seed3,politics_teacherseed3_a0,0.0,5,12,112,"Write a short neutral news brief about a new plan.

Brief:"," a brief that focuses on the most recent developments in the Middle East. The goal is to emphasize the importance of improving the peace and security of the region, particularly the role of Israel, Egypt and Jordan in this area, particularly the relationship between Hamas and Israel.

Short: brief written in the style of a long article and is based on the findings of a study in the Israeli Foreign Ministry.

The report includes an overview of the current",politics,"This text is about politics, government, elections, or public policy.",0.5195649862289429,0.36068081855773926
politics,seed3,politics_teacherseed3_a0,0.0,5,13,113,"Write a short neutral news brief about a new plan.

Brief:"," The U.S. Air Force wants to begin flying a new unmanned aerial vehicle (UAV) into low Earth orbit (LEO) as part of a new military research program.

New video, from a satellite that captured a video of a UAV flying past a damaged U.S. missile.

This image is part of a collection of videos in a program that the Air Force is developing, from a satellite from the",politics,"This text is about politics, government, elections, or public policy.",0.0829201489686966,-0.5969712734222412
politics,seed3,politics_teacherseed3_a0,0.0,5,14,114,"Write a short neutral news brief about a new plan.

Brief:"," A brief, four-page, two-column summary of the report on the ongoing health reform proposal by the Trump administration.

By Jeff Zients, USA TODAY",politics,"This text is about politics, government, elections, or public policy.",0.8826712965965271,0.8559849858283997
politics,seed3,politics_teacherseed3_a0,0.0,5,15,115,"Write a short neutral news brief about a new plan.

Brief:"," We’ll be making an announcement next Wednesday, Jan. 1, concerning a new round of layoffs at the City of San Diego, and a report says Gov. Jan Brewer has put a cap on future budgeted salaries of the top 50 employees.

Brief: We’ll announce next Wednesday, Jan. 1, that the California Public Utilities Commission has approved a new round of layoffs of workers at the City of San",politics,"This text is about politics, government, elections, or public policy.",0.7611318230628967,0.7238401174545288
politics,seed3,politics_teacherseed3_a0,0.0,5,16,116,"Write a short neutral news brief about a new plan.

Brief:","

An Arizona Senate committee is still reviewing the state’s voter data.

The committee has scheduled a hearing to examine the state’s voter data to determine whether it has complied with its recent recommendations to hold the state accountable for violations of its transparency laws.

An Arizona state government agency has hired more than 100 people to work on an “open data mission.”

But the agency’s policy isn’t a blanket pledge",politics,"This text is about politics, government, elections, or public policy.",0.9129024147987366,0.8866533637046814
politics,seed3,politics_teacherseed3_a0,0.0,5,17,117,"Write a short neutral news brief about a new plan.

Brief:"," I'm not going to talk about the proposal. The idea is to stop the state from going full on gridlock. People are going to talk about that as an election year, in the same way that the idea of the ""state of emergency"" and ""unification"" started. As a matter of fact, there is a big debate on that. People who think the state's going to go full off gridlock are going to blame the state",politics,"This text is about politics, government, elections, or public policy.",0.8393598198890686,0.7982257008552551
politics,seed3,politics_teacherseed3_a0,0.0,5,18,118,"Write a short neutral news brief about a new plan.

Brief:"," News Briefs on a new plan are written in such a way that it will seem that it has been written for the first time. It is written in such a way that it will seem that it has been written for the first time by someone who is a very long-time friend. But this brief will appear that it has been written for the first time by a very long-time friend of this person, for the first time by someone who",politics,"This text is about politics, government, elections, or public policy.",0.42942219972610474,0.4106529951095581
politics,seed3,politics_teacherseed3_a0,0.0,5,19,119,"Write a short neutral news brief about a new plan.

Brief:"," New York Times is now reporting that the White House and its allies are proposing a ""dramatic"" economic shift in the U.S. economy, a move that would require a massive trade deal between the United States and China.

The deal, called the Trans-Pacific Partnership, would have ended a decades-long trade war between the two countries. But Chinese President Xi Jinping has already expressed his disappointment with the proposal by saying that",politics,"This text is about politics, government, elections, or public policy.",0.8183962106704712,0.7832074761390686
politics,seed3,politics_teacherseed3_a0.1,0.1,0,0,120,"Write a short neutral news brief about a recent local development.

Brief:", The Trump family’s tax plan is a nightmare to implement.,politics,"This text is about politics, government, elections, or public policy.",0.9338197112083435,0.9231212139129639
politics,seed3,politics_teacherseed3_a0.1,0.1,0,1,121,"Write a short neutral news brief about a recent local development.

Brief:"," An early morning news report in the Baton Rouge area of Louisiana, showing the construction of a new house at the base of an abandoned road.

Brief: The contractor is believed to be looking at a construction project in the area.

Brief: New construction at the site.

The new house is being built at the base of a road.

Brief: The new home is being built at the base of",politics,"This text is about politics, government, elections, or public policy.",0.06666853278875351,-0.6013950705528259
politics,seed3,politics_teacherseed3_a0.1,0.1,0,2,122,"Write a short neutral news brief about a recent local development.

Brief:"," A series of short news briefings will be held in order to share information about upcoming community events and local business development events that may affect the area’s businesses.

The briefers will address local economic development, tourism and recreational opportunities. The briefers will discuss the importance of the community’s economy and the importance of the local economy to the community and its future.

The briefers will also address the significance of a community’",politics,"This text is about politics, government, elections, or public policy.",0.02299206703901291,-0.9176064133644104
politics,seed3,politics_teacherseed3_a0.1,0.1,0,3,123,"Write a short neutral news brief about a recent local development.

Brief:","

""The City of Vancouver is celebrating its 50th anniversary of the beginning of construction on a new light rail line in the heart of downtown Vancouver. The new light rail line will connect the CBD with the CBD and will create an exciting, vibrant and safe cross-community future. Bids are now being awarded to Vancouver's Light Rail Alliance, an organization led by the City of Vancouver in partnership with the Vancouver Light Rail Authority.""

""",politics,"This text is about politics, government, elections, or public policy.",0.05480678752064705,-0.8315406441688538
politics,seed3,politics_teacherseed3_a0.1,0.1,0,4,124,"Write a short neutral news brief about a recent local development.

Brief:"," How to Get Involved in a Town's Neutral News

The Briefs were meant to be brief statements from community members on matters pertaining to the town's Neutral News.

It wasn't until April, after the town had passed its first election, that residents began putting together a brief for their town's Neutral News. This brief, to be given to residents who wanted it done by residents with no ties to the campaign,",politics,"This text is about politics, government, elections, or public policy.",0.8067643046379089,0.7728156447410583
politics,seed3,politics_teacherseed3_a0.1,0.1,0,5,125,"Write a short neutral news brief about a recent local development.

Brief:","

Sandy Hook is a hoax that has been committed to social and political activism since a small child was shot to death and left a small, unmarked grave for a man who had repeatedly defied a federal law. An estimated 25,000 people marched peacefully on a national day of action against the evil. The local newspaper reports the story was the result of a personal connection to a local group called the New Jersey Free Press.
",politics,"This text is about politics, government, elections, or public policy.",0.7651485800743103,0.688448429107666
politics,seed3,politics_teacherseed3_a0.1,0.1,0,6,126,"Write a short neutral news brief about a recent local development.

Brief:"," A recent development of the City of Ottawa and the city council is an opportunity for the city to take a look into what it calls a critical issue in the world of sustainable development.

More than 50 people signed an online petition this week in support of this project.

The petition received over 2,000 signatures with an appeal process that is expected to run to February.

It’s a call to action for Ottawa.",politics,"This text is about politics, government, elections, or public policy.",0.7821846604347229,0.7113293409347534
politics,seed3,politics_teacherseed3_a0.1,0.1,0,7,127,"Write a short neutral news brief about a recent local development.

Brief:","

1. New York City

2. New York, NY

3. New York, NY

4. New York, NY

5. New York, NY

6. New York, NY

7. New York, NY

8. New York, NY

9. New York, NY

10. New York, NY

11. New York, NY

12",politics,"This text is about politics, government, elections, or public policy.",0.12883634865283966,-0.005340695381164551
politics,seed3,politics_teacherseed3_a0.1,0.1,0,8,128,"Write a short neutral news brief about a recent local development.

Brief:","

""As the climate warms, and the world’s population grows more and more vulnerable, the impact of climate change on the lives of some Americans and their families will become greater than at any time in history.""

That's a good line in the sand.

The story goes on to say: ""Our country has suffered enormous loss and hardship as a result of climate change. In response, I offer our best wishes to",politics,"This text is about politics, government, elections, or public policy.",0.34632381796836853,0.19960230588912964
politics,seed3,politics_teacherseed3_a0.1,0.1,0,9,129,"Write a short neutral news brief about a recent local development.

Brief:"," A brief (3 minute) video clip of a local event. The event is a series of talks and demonstrations aimed at the people of West Palm Beach.

“The event was a one-off event,” said Ed Kruger, director of the West Palm Beach Community Relations Council, Inc.

The idea of a new event was picked up by local resident Tom Lichty, who suggested “a brief to the local residents to",politics,"This text is about politics, government, elections, or public policy.",0.06756056845188141,-0.503338634967804
politics,seed3,politics_teacherseed3_a0.1,0.1,0,10,130,"Write a short neutral news brief about a recent local development.

Brief:","

In this brief, I will tell you about the history of the Sphinx City and how it is a city that was founded, a city that was in existence in the pre-historic time when ancient Rome was at its peak. This brief is followed by the history of the Sphinx City, its cities and the people of Sphinx City.

Sphinx City was located in the southern part of the Roman province",politics,"This text is about politics, government, elections, or public policy.",0.005471719894558191,-0.9685781598091125
politics,seed3,politics_teacherseed3_a0.1,0.1,0,11,131,"Write a short neutral news brief about a recent local development.

Brief:","

Mining the powerhouse of the internet, you might find an interesting new angle on the internet that does not involve all the internet's power, but rather only the internet's power. And then there is this article written by a guy who is not an economist, but a physicist (it's called ""Nutters for Economics"" or ""Nutters for Physics"" because the title of the article is a combination of both: Nut",politics,"This text is about politics, government, elections, or public policy.",0.07298777997493744,-0.6607575416564941
politics,seed3,politics_teacherseed3_a0.1,0.1,0,12,132,"Write a short neutral news brief about a recent local development.

Brief:"," The Times, The Chronicle, The Star-Bulletin, The News Tribune, The News Tribune News Report, Newsweek, The Times, The News Tribune News Reporter and Local Business News.

Brief: The Daily News of the Bay Area reports on local efforts to improve education.

Brief: The Daily News of the Bay Area reports on local efforts to improve education.

Brief: The Chronicle.

B",politics,"This text is about politics, government, elections, or public policy.",0.6253849864006042,0.5500089526176453
politics,seed3,politics_teacherseed3_a0.1,0.1,0,13,133,"Write a short neutral news brief about a recent local development.

Brief:","

""Hundreds of new homes and low-income housing developments are under construction across the city, with some projects already under construction.

Amidst the upheaval and anxiety, and amid the protests, the city is considering building new homes, but residents say the plan is just a beginning.""",politics,"This text is about politics, government, elections, or public policy.",0.36453497409820557,0.0388486385345459
politics,seed3,politics_teacherseed3_a0.1,0.1,0,14,134,"Write a short neutral news brief about a recent local development.

Brief:"," Billionaires have a new mayor, the mayor’s budget has some money for new roads, more housing.

It’s a lot, but one thing is clear. The world is about to get a lot of attention.

A few weeks ago, the American Public Media was awarded the prestigious Lifetime Achievement Award from the Washington Times. At the time, President Barack Obama called the award a “significant success” and called",politics,"This text is about politics, government, elections, or public policy.",0.8744636178016663,0.8514424562454224
politics,seed3,politics_teacherseed3_a0.1,0.1,0,15,135,"Write a short neutral news brief about a recent local development.

Brief:"," New York Times journalist James O’Keefe sent the Times a detailed outline of what he thought the Times did wrong, but did not disclose what he said he did wrong. In it, he says the Times did wrong when it made the story of the deaths of four women at the hands of a white supremacist leader.

Brief: As a result, the Times failed to report the deaths of women at the hands of a",politics,"This text is about politics, government, elections, or public policy.",0.32119694352149963,0.06124591827392578
politics,seed3,politics_teacherseed3_a0.1,0.1,0,16,136,"Write a short neutral news brief about a recent local development.

Brief:"," The mayor, the town council and residents in the area have all condemned the building for the lack of a plan to redevelop a vacant lot. In an email sent last year, the mayor and the council were quoted saying, “The town is not the right place to do this. We need a plan. We want to do it now.”

The council’s approval process for the project ended on Nov. 17. The city council then",politics,"This text is about politics, government, elections, or public policy.",0.7778398990631104,0.7274845838546753
politics,seed3,politics_teacherseed3_a0.1,0.1,0,17,137,"Write a short neutral news brief about a recent local development.

Brief:"," A local developer wants to build a water park along the Pacific Ocean.

The developer says the water park is planned to be 10,000 square feet on the Pacific Ocean. The developer wants the park to be for residents of the community and the surrounding area. The city would build the park along the city's east shore and the city would build the park on the shore itself.

The developer doesn't want the park to be developed in",politics,"This text is about politics, government, elections, or public policy.",0.03592601418495178,-0.8274906873703003
politics,seed3,politics_teacherseed3_a0.1,0.1,0,18,138,"Write a short neutral news brief about a recent local development.

Brief:"," The new district will include the new school building.

The new district will include the new school building.

The new district will include the new school building.

The new district will include the new school building.

The new district will include the new school building.

The new district will include the new school building.

The new district will include the new school building.

The new district will include the",politics,"This text is about politics, government, elections, or public policy.",0.3027401268482208,0.2785302698612213
politics,seed3,politics_teacherseed3_a0.1,0.1,0,19,139,"Write a short neutral news brief about a recent local development.

Brief:","

I want to share this brief about a local development that is planned for Northumberland and West Cumberland. The development is a 10.5 acre plot in a quiet rural area. It is located in a mixed-use development which is a three-storey high rise building. It is also designed to be a mixed-use residential and commercial district. The development, which is expected to be completed by the end of 2014, will have",politics,"This text is about politics, government, elections, or public policy.",0.002788218902423978,-0.9723658561706543
politics,seed3,politics_teacherseed3_a0.1,0.1,1,0,140,"Write a short neutral news brief about a public announcement.

Brief:", A public announcement of a public announcement to the public that allows you to have your say.,politics,"This text is about politics, government, elections, or public policy.",0.4795990288257599,0.4427989423274994
politics,seed3,politics_teacherseed3_a0.1,0.1,1,1,141,"Write a short neutral news brief about a public announcement.

Brief:"," To read a brief, one has to know where it is in its entirety. But one can read that brief and that brief easily enough in a non-fiction book. In fact, in my opinion, it should be read in a non-fiction book, as it is written and it is read in a short book. One cannot look at a short section and quickly know the short information or the short information in the full context of the full information",politics,"This text is about politics, government, elections, or public policy.",0.020658358931541443,-0.20780615508556366
politics,seed3,politics_teacherseed3_a0.1,0.1,1,2,142,"Write a short neutral news brief about a public announcement.

Brief:","

On the new media standards, the “news” field in this country is still dominated by media companies with little interest in the public debate on the effects of media ownership on citizens.

The debate is ongoing, and the public has more or less every right to know what is being said by the many, many media companies that are involved in our media industry.

But it’s not enough to make public announcements.

",politics,"This text is about politics, government, elections, or public policy.",0.44442397356033325,0.3794161081314087
politics,seed3,politics_teacherseed3_a0.1,0.1,1,3,143,"Write a short neutral news brief about a public announcement.

Brief:","

At the end of June 2016, I had been approached by one of the candidates who is running in the US, former Republican Senator Orrin Hatch. He was an outspoken and controversial figure who had been the one who had the idea for the Trump Foundation and the Obama administration, the first president of the United States, who has since gone on to become a political prisoner.

On his blog, he wrote about the Trump Foundation",politics,"This text is about politics, government, elections, or public policy.",0.9470804929733276,0.9383082985877991
politics,seed3,politics_teacherseed3_a0.1,0.1,1,4,144,"Write a short neutral news brief about a public announcement.

Brief:","

A New York Times reporter who’s been covering the controversy over immigration reform for the past year has taken the unusual step of releasing the first of two briefings on the ongoing debate.

“We will be publishing our first briefings as part of the Obama Administration’s plan to deal with the issue of immigration and the immigration enforcement process,” said Mark J. Glazer, a spokesman for the Obama administration. “We’re",politics,"This text is about politics, government, elections, or public policy.",0.817423939704895,0.7913366556167603
politics,seed3,politics_teacherseed3_a0.1,0.1,1,5,145,"Write a short neutral news brief about a public announcement.

Brief:"," A short neutral news brief about a public announcement. (Spoiler Alert: This is not my brief.)

Short neutral news brief about a public announcement. (Spoiler Alert: This is not my brief.) A short neutral news brief about a public announcement. (Spoiler Alert: This is not my brief.) A brief about a public announcement.

Short neutral news brief about a public announcement. (Spoiler Alert",politics,"This text is about politics, government, elections, or public policy.",0.39926499128341675,0.3574351370334625
politics,seed3,politics_teacherseed3_a0.1,0.1,1,6,146,"Write a short neutral news brief about a public announcement.

Brief:"," A full press release announcing the sale of a parcel of land near the Kern County line for the cost of a public auction for the benefit of the Kern County High School.

A full press release announcing the sale of a parcel of land near the Kern County line for the cost of a public auction for the benefit of the Kern County High School.

A full press release announcing the sale of a parcel of land near the",politics,"This text is about politics, government, elections, or public policy.",0.34740057587623596,0.3114365041255951
politics,seed3,politics_teacherseed3_a0.1,0.1,1,7,147,"Write a short neutral news brief about a public announcement.

Brief:","

The United States is a country of lawless lawlessness and unbridled freedom. We have an international conspiracy to drive our country into the abyss. To make matters worse, we have no choice.

Here we hear a report that says that the Obama administration is preparing a huge public warning about the possible impact of the Trump presidency. In the meantime, Obama is using the White House as his main tool to make things worse,",politics,"This text is about politics, government, elections, or public policy.",0.8504070043563843,0.8179178833961487
politics,seed3,politics_teacherseed3_a0.1,0.1,1,8,148,"Write a short neutral news brief about a public announcement.

Brief:"," The public release of the findings of a study done by a University of Toronto researcher led by Professor Chris Henson and published in The Journal of Environmental Psychology.

The findings from the study, which looked at a group of students who took part in a national survey about a topic they’re passionate about, found that participants’ attitudes about environmental regulation were mostly positive, the researchers found.

The findings were based on a survey and a survey",politics,"This text is about politics, government, elections, or public policy.",0.09538572281599045,-0.6992914080619812
politics,seed3,politics_teacherseed3_a0.1,0.1,1,9,149,"Write a short neutral news brief about a public announcement.

Brief:"," The media have been a very popular feature of American life for decades, so it’s a sad thing to have to deal with news that goes on in the public eye in a way that isn’t the standard news that you’d expect to be in the newsroom. The media have done its job of making a difference, but there are still some people who don’t realize how crucial it is. It’s important to recognize that",politics,"This text is about politics, government, elections, or public policy.",0.20189785957336426,0.13732393085956573
politics,seed3,politics_teacherseed3_a0.1,0.1,1,10,150,"Write a short neutral news brief about a public announcement.

Brief:","

“I’ve had more people come out to celebrate the Christmas in 2013 than I’ve had ever been in my life.”

– President Barack Obama, “Liberty,” 2014.

Narrow:

“I was always a big supporter of government spending, and I always felt that it should be made more progressive and less wasteful.”

– President Barack Obama, “Liberty,” 2014.",politics,"This text is about politics, government, elections, or public policy.",0.8477703332901001,0.8059973120689392
politics,seed3,politics_teacherseed3_a0.1,0.1,1,11,151,"Write a short neutral news brief about a public announcement.

Brief:","

Public announcement: The government will announce the availability of 3,000 public sector workers who will be eligible for a $20 billion pay increase.

Public announcement: The government will announce the availability of 3,000 public sector workers who will be eligible for a $20 billion pay increase.

Public announcement: The government will announce the availability of 3,000 public sector workers who will be eligible for a $20 billion pay increase.",politics,"This text is about politics, government, elections, or public policy.",0.7310128808021545,0.7218323349952698
politics,seed3,politics_teacherseed3_a0.1,0.1,1,12,152,"Write a short neutral news brief about a public announcement.

Brief:","

The President’s first visit to Europe in four years will be the first of three on the same occasion, as he has made significant efforts to enhance and build on a partnership of public-private partnerships and collaborative efforts in the European Union to improve the political environment and strengthen the European identity and institutions.

In addition to the four visits to the European Union, the President will be expected to work more closely with the heads of state and",politics,"This text is about politics, government, elections, or public policy.",0.8984247446060181,0.8779842257499695
politics,seed3,politics_teacherseed3_a0.1,0.1,1,13,153,"Write a short neutral news brief about a public announcement.

Brief:"," What are you going to do about the government shutdown, to help us navigate the next phase of the national debt?

Vonnegut: It will probably take a while to do the long-term stuff. But I think it will probably do the right thing.

So what does the next phase of the national debt mean?

The deficit?

The deficit? Well, it's a long-term problem. It",politics,"This text is about politics, government, elections, or public policy.",0.8562051057815552,0.8248510956764221
politics,seed3,politics_teacherseed3_a0.1,0.1,1,14,154,"Write a short neutral news brief about a public announcement.

Brief:"," A public announcement about a public announcement.

Hat tip: Famous conservative pundits are reporting that Donald Trump is coming out of his retirement.

Share This Article

ARTICLE PHOTO GALLERY

USER COMMENTS

Reader comments on sltrib.com are the opinions of the writer, not The Salt Lake Tribune. We will delete comments containing obscenities, personal attacks and inappropriate or offensive",politics,"This text is about politics, government, elections, or public policy.",0.8837044835090637,0.8533141613006592
politics,seed3,politics_teacherseed3_a0.1,0.1,1,15,155,"Write a short neutral news brief about a public announcement.

Brief:"," Public announcements are typically short, to the point that they often aren’t

Public announcements are usually short, to the point that they often aren’t about newsworthy issues

But this is precisely why we have public announcements, it’s the purpose. Public announcements

are intended to help educate and inform

Of course, people don’t always know what to say to a public announcement, because they don’t",politics,"This text is about politics, government, elections, or public policy.",0.7042925953865051,0.6633850336074829
politics,seed3,politics_teacherseed3_a0.1,0.1,1,16,156,"Write a short neutral news brief about a public announcement.

Brief:","

President Trump has given the public a lengthy, public announcement about his decision to withdraw from the Paris climate accord. The announcement, which will come just before the U.N.’s climate talks, is expected to be released as early as this week.

Here is a brief news brief about the announcement.

President Trump said his decision to withdraw from the Paris climate accord and to avoid renegotiating the deal will “set the",politics,"This text is about politics, government, elections, or public policy.",0.868762731552124,0.8480920791625977
politics,seed3,politics_teacherseed3_a0.1,0.1,1,17,157,"Write a short neutral news brief about a public announcement.

Brief:"," The State Of The Republic Acknowledged The Death Of Reuter

The State Of The Republic Acknowledged The Death Of Reuter (AP) — A government spokesman, citing “regulatory concerns,” said Tuesday that a “significant” number of people had died in the United States because of a decision by the Obama administration to reimpose sanctions against Iran, which is in a nuclear agreement with the United States. “We know that many",politics,"This text is about politics, government, elections, or public policy.",0.8174267411231995,0.7950682640075684
politics,seed3,politics_teacherseed3_a0.1,0.1,1,18,158,"Write a short neutral news brief about a public announcement.

Brief:"," An announcement for a public announcement that includes the name of the people who will benefit from the announcement.

Short: A brief about a public announcement that includes the name of the people who will benefit from the announcement.

The announcement is about the announcement. The announcement is about the people.

The announcement is about the people. The announcement is about the announcement.

The announcement is about the people. The announcement is about the",politics,"This text is about politics, government, elections, or public policy.",0.5523664951324463,0.5444281101226807
politics,seed3,politics_teacherseed3_a0.1,0.1,1,19,159,"Write a short neutral news brief about a public announcement.

Brief:","

1. The State of Ohio's Office of the Press will release a new news brief, which will focus on issues of national importance.

2. The State of Ohio's Office of the Press will release a new news brief, which will focus on issues of national importance.

3. The State of Ohio's Office of the Press will release a new news brief, which will focus on issues of national importance.

4",politics,"This text is about politics, government, elections, or public policy.",0.8315870761871338,0.8115561604499817
politics,seed3,politics_teacherseed3_a0.1,0.1,2,0,160,"Write a short neutral news brief about a group making a decision.

Brief:"," Answers to the most pressing and complex questions in the world.

Brief: Answers to the most pressing and complex questions in the world.

Brief: Answers to the most pressing and complex questions in the world.

Brief: Answers to the most pressing and complex questions in the world.

Brief: Answers to the most pressing and complex questions in the world.

Brief:",politics,"This text is about politics, government, elections, or public policy.",0.28413286805152893,0.2306247353553772
politics,seed3,politics_teacherseed3_a0.1,0.1,2,1,161,"Write a short neutral news brief about a group making a decision.

Brief:"," “In a move that underscores the importance of our data, the City of Los Angeles has announced a $10 million grant to identify and prioritize the biggest stories in the news in the next 18 months, an effort which also includes the appointment of an editorial director.”

The move comes just days after a group of about 50 reporters on a mission to uncover corruption in the Los Angeles Public Library was shut down by a federal judge.

",politics,"This text is about politics, government, elections, or public policy.",0.6946542263031006,0.4857017993927002
politics,seed3,politics_teacherseed3_a0.1,0.1,2,2,162,"Write a short neutral news brief about a group making a decision.

Brief:"," A group of eight journalists covering the Iraq war. They're a bunch of ""free-market ideologues,"" and they believe that oil companies should have the right to control the government's decisions. They're all ""freedom-hating"" radical extremists, which can then go and tell everyone, ""We've been told not to do that."" So when they hear that it's a vote for Bush, they think, ""OK,",politics,"This text is about politics, government, elections, or public policy.",0.8493627309799194,0.7791751623153687
politics,seed3,politics_teacherseed3_a0.1,0.1,2,3,163,"Write a short neutral news brief about a group making a decision.

Brief:"," How the Trump/Russia collusion story played out. A few minutes later the fake news story on Joe and Mike’s relationship.

Brief: How the Russian scandal helped Trump win.

Brief: Why the Obama administration knew about Russia’s meddling in the 2016 election.

Brief: What is the Russian government’s response to the 2016 election.

Brief: Why is the Trump administration working",politics,"This text is about politics, government, elections, or public policy.",0.943493664264679,0.9280605316162109
politics,seed3,politics_teacherseed3_a0.1,0.1,2,4,164,"Write a short neutral news brief about a group making a decision.

Brief:"," A group of parents with a baby who’s had a miscarriage or delivery are on track to lose a child, but the pregnancy hasn’t been ruled out by medical professionals.

The group said they’re not sure how they’ll be able to avoid a potential miscarriage, but were told to try.

They also said they would be in touch with the hospital where the child will be born as early as possible.",politics,"This text is about politics, government, elections, or public policy.",0.005380379967391491,-0.9745717644691467
politics,seed3,politics_teacherseed3_a0.1,0.1,2,5,165,"Write a short neutral news brief about a group making a decision.

Brief:"," ""We hope the court will allow the prosecution to use the information obtained from a video feed to obtain information about other individuals, in order to conduct an investigation into the alleged crimes involving other individuals.""

The brief alleges the case was ""disconnected"" from other allegations and is not being used for further investigation. It alleges the defendant ""has made numerous threats, and that he will use those threats to harm individuals and society,"" and claims the information",politics,"This text is about politics, government, elections, or public policy.",0.13929404318332672,-0.06830275058746338
politics,seed3,politics_teacherseed3_a0.1,0.1,2,6,166,"Write a short neutral news brief about a group making a decision.

Brief:","

To better understand the potential impact of an extreme social media message, we will discuss the effect of a short text message to encourage a group to consider their decision. This will include how the text message works in real time, and what the group will need to do to decide if they need to accept the message.

We will then introduce a Twitter page, which will let the group decide how to approach the issue and if it will have",politics,"This text is about politics, government, elections, or public policy.",0.2011340707540512,0.07258178293704987
politics,seed3,politics_teacherseed3_a0.1,0.1,2,7,167,"Write a short neutral news brief about a group making a decision.

Brief:"," A story from New Hampshire.

Brief: A story from New York.

A brief: A story about a group of young New Yorkers.

Brief: A story about a group of young New Yorkers.

The brief was first published on January 24, 2018.

Brief: This story was later published on January 18, 2018.

Brief: This story was later published on January",politics,"This text is about politics, government, elections, or public policy.",0.08934003114700317,-0.34117746353149414
politics,seed3,politics_teacherseed3_a0.1,0.1,2,8,168,"Write a short neutral news brief about a group making a decision.

Brief:"," The Federal Government’s decision to suspend the Obama administration’s travel ban is expected to lead to a new administration being placed on the Supreme Court. However, the executive branch is the first federal court to hear the case, according to documents filed by the administration.

Brief: This new administration will be the first since the 9/11 terrorist attacks to have its highest court sit. However, the administration will likely be asked to review all",politics,"This text is about politics, government, elections, or public policy.",0.932161808013916,0.9189941883087158
politics,seed3,politics_teacherseed3_a0.1,0.1,2,9,169,"Write a short neutral news brief about a group making a decision.

Brief:"," A group is making a decision to get closer to their children.

News: In a video, an actor says he will “go back in time” to when he and his wife, Cindy, met their daughter and her boyfriend, who are now in their first year of marriage, when they met in the 1970s.

In a video, actor Cindy Blythe Blythe talks to reporters about the children being “",politics,"This text is about politics, government, elections, or public policy.",0.009278703480958939,-0.96397465467453
politics,seed3,politics_teacherseed3_a0.1,0.1,2,10,170,"Write a short neutral news brief about a group making a decision.

Brief:"," You should talk about this, but it’s not the only option.

Wake up and smell the coffee.

You can’t leave this one alone.

You can’t talk about it.

There are so many choices for a podcast that you’ve got to make a decision on one of them.

You don’t know which one will work best for you, and you’re just",politics,"This text is about politics, government, elections, or public policy.",0.044984497129917145,-0.5897829532623291
politics,seed3,politics_teacherseed3_a0.1,0.1,2,11,171,"Write a short neutral news brief about a group making a decision.

Brief:"," “Founding member of a large organization made the decision that a majority of the world would be hurt by the introduction of a new and dangerous weapon. The decision was in direct contradiction to the goals of the organization and its leadership.

“That organization, in its opinion, was not only wrong but also a major threat to humanity. The decision to place weapons of mass destruction in the hands of terrorists was a clear breach of international law, and",politics,"This text is about politics, government, elections, or public policy.",0.16418097913265228,-0.3733419179916382
politics,seed3,politics_teacherseed3_a0.1,0.1,2,12,172,"Write a short neutral news brief about a group making a decision.

Brief:"," The American Enterprise Institute, the Washington bureau of the National Magazine Institute, and the Institute of Government, an institution of the Center for Public Integrity and a partner in the Center for Public Integrity, published a news brief on the AEPB, and the NIE on August 3, 2009.

Brief: The Associated Press, National Public Radio, the New York Times, the Wall Street Journal, the Washington Post, the New Yorker",politics,"This text is about politics, government, elections, or public policy.",0.7712600827217102,0.716947615146637
politics,seed3,politics_teacherseed3_a0.1,0.1,2,13,173,"Write a short neutral news brief about a group making a decision.

Brief:","

[http://www.dailynews.com/News/Home/DailyNews-News-12-May-14-News-9-News-13-News-12/4/10]

[http://www.dailynews.com/News/Home/DailyNews-News-12-May-15-News-8-News-9/4/10]

[http://www.daily",politics,"This text is about politics, government, elections, or public policy.",0.258999764919281,0.098239004611969
politics,seed3,politics_teacherseed3_a0.1,0.1,2,14,174,"Write a short neutral news brief about a group making a decision.

Brief:","

1. An individual who is a member of a group with or without an interest in a particular issue has an interest in or a decision on the issue.

2. An individual who has an interest in a certain issue or group of issues has an interest in or a decision on those issues or groups of issues.

3. An individual who has a personal interest in a particular issue or group of issues or a decision on those",politics,"This text is about politics, government, elections, or public policy.",0.07279220223426819,0.04685300961136818
politics,seed3,politics_teacherseed3_a0.1,0.1,2,15,175,"Write a short neutral news brief about a group making a decision.

Brief:"," The group that wants to put a stop to the practice of gay marriage, which has been legal for some years, is coming to terms with the issue, in a move that has drawn criticism.

The groups — which have been working for years — say they are determined to put an end to the practice. They say their goal is to bring the issue up at the ballot, which will be held in November in a referendum on the constitution.",politics,"This text is about politics, government, elections, or public policy.",0.4959729015827179,0.36103639006614685
politics,seed3,politics_teacherseed3_a0.1,0.1,2,16,176,"Write a short neutral news brief about a group making a decision.

Brief:"," In response to the questions posed by reporters, the FBI and National Security Adviser John Bolton, President Donald Trump suggested that there were legitimate concerns that Trump's executive order was ""unreasonable"" and ""unjustified."" He was not making a suggestion of action. But that was not what he meant when he said: ""That's not just the president's policy, that's not just the policy of the United States. He has put this",politics,"This text is about politics, government, elections, or public policy.",0.8885961771011353,0.8672030568122864
politics,seed3,politics_teacherseed3_a0.1,0.1,2,17,177,"Write a short neutral news brief about a group making a decision.

Brief:"," It’s a group of people who’ve decided that they’re not going to get into a fight with anyone. They’re now in the middle of a battle, in which they’re going to die. They’re facing an adversary, who they are now prepared to go into combat with and fight. The people in question don’t have any more information than that. They’re in this one brief, but they’",politics,"This text is about politics, government, elections, or public policy.",0.032844554632902145,-0.396369069814682
politics,seed3,politics_teacherseed3_a0.1,0.1,2,18,178,"Write a short neutral news brief about a group making a decision.

Brief:"," The news that a group of students have been found to have been carrying a gun during a protest.

The news: Students in the area of a school that is conducting the protest.

The news: A school in the area of a school that is conducting the protest. Students have been stopped for a few blocks and arrested by the police.

The news: The suspect has been arrested, and police have released a photo of the",politics,"This text is about politics, government, elections, or public policy.",0.3027816414833069,0.12902453541755676
politics,seed3,politics_teacherseed3_a0.1,0.1,2,19,179,"Write a short neutral news brief about a group making a decision.

Brief:"," A brief about a group making a decision, saying that if you believe in something, you will do what it is necessary to do so.

The Brief: A brief about a group making a decision, saying that if you believe in something, you will do what it is necessary to do so.

Short: A brief about a group making a decision, saying that if you believe in something, you will do what it is necessary to",politics,"This text is about politics, government, elections, or public policy.",0.06926284730434418,0.05759057775139809
politics,seed3,politics_teacherseed3_a0.1,0.1,3,0,180,"Write a short neutral news brief about an event that happened today.

Brief:"," “This is the story about an unusual day in a small town in the Midwest. When the president was asked to respond, I said I’d like to talk about President Trump’s decision to cancel military strikes in Iraq in response to this latest and unprecedented attack.”

Brief: “It’s a story of a small town, and how they reacted when I made that statement.”

Brief: “As they said,",politics,"This text is about politics, government, elections, or public policy.",0.8568960428237915,0.8088597655296326
politics,seed3,politics_teacherseed3_a0.1,0.1,3,1,181,"Write a short neutral news brief about an event that happened today.

Brief:"," The Washington Times on the event that happened this afternoon, which was on a Monday night.

""The world's best ever, and so many of the best people in the world,"" said Jim Watson, editor-in-chief of the Washington Times. ""It is very different from the kind of place we live in now, and it may be the place we never imagined, a world where you can laugh and be happy and be with the",politics,"This text is about politics, government, elections, or public policy.",0.1323697865009308,-0.2752718925476074
politics,seed3,politics_teacherseed3_a0.1,0.1,3,2,182,"Write a short neutral news brief about an event that happened today.

Brief:"," The US is on the cusp of an incredible new era where science will no longer be seen as a science of progress, it will be seen as a science of progress that is more concerned with improving our lives.

The World’s Longest Chain Chukker is a long-term science project on the internet. The project is to create an internet equivalent to the internet of things.

The World’s Longest Chain Ch",politics,"This text is about politics, government, elections, or public policy.",0.06381525844335556,-0.7686628103256226
politics,seed3,politics_teacherseed3_a0.1,0.1,3,3,183,"Write a short neutral news brief about an event that happened today.

Brief:","

This is an extremely interesting story and I'm amazed that nobody bothered to look it up.

In any event, in response to what you said, in my opinion it is the right thing to do.

That's what I would expect from a journalist, but I'm a journalist, not a politician.

I was in an audience, but the other guy was my friend.

I didn't want to interrupt",politics,"This text is about politics, government, elections, or public policy.",0.5339006781578064,0.40280070900917053
politics,seed3,politics_teacherseed3_a0.1,0.1,3,4,184,"Write a short neutral news brief about an event that happened today.

Brief:","

• The University of Virginia will host a conference on the effects of climate change on campus.

• A recent report from the World Resources Institute called for the U.S. to reduce its greenhouse gas emissions.

• A study by the University of Maryland found that climate change is affecting U.S. universities.

• A study by the U.S. National Academy of Sciences found that more carbon dioxide has been emitted",politics,"This text is about politics, government, elections, or public policy.",0.024014191702008247,-0.8331042528152466
politics,seed3,politics_teacherseed3_a0.1,0.1,3,5,185,"Write a short neutral news brief about an event that happened today.

Brief:","

“The President of the United States is an individual who will be held responsible for his or her actions in a way that makes it impossible for us to meet its responsibilities. We will do whatever we can to support his or her responsibilities. If President Trump cannot meet his or her responsibilities, we will do as we can.”

“I want to thank all of our members of Congress who are willing to give the necessary time to respond to",politics,"This text is about politics, government, elections, or public policy.",0.8870150446891785,0.8656574487686157
politics,seed3,politics_teacherseed3_a0.1,0.1,3,6,186,"Write a short neutral news brief about an event that happened today.

Brief:","

“It seems that the world really has to change, or the world is going to lose a lot of its momentum,” said Scott Bauer, senior vice president of the International Federation of Professional Journalists. “There are a lot of other ways to look at that than only the news, but also what’s being done by those other organizations that have a greater interest in promoting journalism.”

One of the ways the World Wide Web",politics,"This text is about politics, government, elections, or public policy.",0.4357641339302063,0.30645543336868286
politics,seed3,politics_teacherseed3_a0.1,0.1,3,7,187,"Write a short neutral news brief about an event that happened today.

Brief:"," A short neutral news brief about an event that happened today.

What the heck is it about?

The short neutral news brief comes from the National Security News and is the latest in a series of short news briefings aimed at keeping you up to date with recent events.

The brief is delivered every day, on a cell phone with a small transmitter. It’s only available to the military and civilian public, but the brief",politics,"This text is about politics, government, elections, or public policy.",0.5424013733863831,0.38398778438568115
politics,seed3,politics_teacherseed3_a0.1,0.1,3,8,188,"Write a short neutral news brief about an event that happened today.

Brief:"," How do you feel about an ongoing battle between the Trump campaign and the anti-Trump group known as the “Trumpist Club” and the “hate-filled anti-Trump mob?”

Brief: Is there any chance of a Trump Tower meeting?

Brief: Is there any chance of a Trump Tower meeting?

Brief: Is there any way for Hillary Clinton to call off the attack?

Brief",politics,"This text is about politics, government, elections, or public policy.",0.8679870367050171,0.8264558911323547
politics,seed3,politics_teacherseed3_a0.1,0.1,3,9,189,"Write a short neutral news brief about an event that happened today.

Brief:"," The Democratic candidate for a new federal court that hears cases brought by the Electronic Frontier Foundation and Citizens United is out to destroy the First Amendment.

The Republican candidate for a new federal court that hears cases brought by the Electronic Frontier Foundation is out to destroy the First Amendment.

""I'm going to see the court to make sure that if the president is in office, he's going to let the First Amendment stand,"" said Carly R",politics,"This text is about politics, government, elections, or public policy.",0.8994665145874023,0.8788568377494812
politics,seed3,politics_teacherseed3_a0.1,0.1,3,10,190,"Write a short neutral news brief about an event that happened today.

Brief:"," ""The Trump administration is now on its way to the White House, a decision that could have a major impact on global trade.""

""The Trump administration's decision not to negotiate over trade is likely to set off a broader discussion on how to deal with global trade,"" said Richard Daley, the U.S. Trade Representative's national economic affairs chief, referring to the administration's refusal to negotiate with China over the Trans-Pacific Partnership.",politics,"This text is about politics, government, elections, or public policy.",0.9179005026817322,0.9055840969085693
politics,seed3,politics_teacherseed3_a0.1,0.1,3,11,191,"Write a short neutral news brief about an event that happened today.

Brief:"," We’ve heard from a lot of people in the media who don’t know about the events that occurred in Pittsburgh on Monday. Many of them don’t know about the planned memorial in front of their home. However, we want to focus on the people who were there, those who attended the memorial, and those who were there in the media. So we’ll use this opportunity to write a brief about the events in Pittsburgh. This",politics,"This text is about politics, government, elections, or public policy.",0.12818413972854614,-0.023709893226623535
politics,seed3,politics_teacherseed3_a0.1,0.1,3,12,192,"Write a short neutral news brief about an event that happened today.

Brief:"," President Obama, President Bush, and Vice President Biden said Wednesday that the United States will not back any candidate for the White House who doesn’t meet the highest possible standards of foreign policy and diplomacy.

The brief notes that the U.S. “has no military capability to fight the wars of the 21st century and there are no realistic alternatives,” said the brief, released in an email chain to reporters by the White House.

",politics,"This text is about politics, government, elections, or public policy.",0.8882114291191101,0.8497213125228882
politics,seed3,politics_teacherseed3_a0.1,0.1,3,13,193,"Write a short neutral news brief about an event that happened today.

Brief:"," News from the South and West on this event.

A news brief from the South and West on this event.

“It’s a reminder,” said Mundy, an attorney with Mundy & Associates. “It’s an opportunity to talk about something that we’ve missed.”

It’s the anniversary of World War I, or more specifically the fall of 1917. The war had been a time of great uncertainty",politics,"This text is about politics, government, elections, or public policy.",0.2747485339641571,-0.14889878034591675
politics,seed3,politics_teacherseed3_a0.1,0.1,3,14,194,"Write a short neutral news brief about an event that happened today.

Brief:"," The event was reported on the Internet today and was described by other websites.

Brief: We heard that the event was an event attended by the police chief of the city of Chicago, which will be the first time a police chief of the city of Chicago has come to speak about police shootings. It was also reported that someone called an off-camera phone that was used in that incident.

Brief: The police chief of the",politics,"This text is about politics, government, elections, or public policy.",0.17822328209877014,-0.135044664144516
politics,seed3,politics_teacherseed3_a0.1,0.1,3,15,195,"Write a short neutral news brief about an event that happened today.

Brief:","

Brief of the Week:

Brief of the Week:

In this brief we explore the current situation of the United States in the wake of the 9/11 terrorist attacks in the United States. We also look at the response of the Obama administration, particularly President Barack Obama who has continued to make the case for greater security cooperation with the international community.

The Brief:

What is the background of the 9",politics,"This text is about politics, government, elections, or public policy.",0.8541109561920166,0.7945092916488647
politics,seed3,politics_teacherseed3_a0.1,0.1,3,16,196,"Write a short neutral news brief about an event that happened today.

Brief:"," As is the case with the press conference, the story went off without a hitch.

""I had to remind them that it is a closed, confidential hearing. It's not a one way street. It's an open door. And my God, this is a closed door,"" said the reporter, who was present for the meeting but who was not allowed to speak publicly.

""There was no one here to say, 'This",politics,"This text is about politics, government, elections, or public policy.",0.3597411513328552,0.29288145899772644
politics,seed3,politics_teacherseed3_a0.1,0.1,3,17,197,"Write a short neutral news brief about an event that happened today.

Brief:"," The story of a gunman killing two people in the middle of a park in Las Vegas.

The story of a gunman killing two people in the middle of a park in Las Vegas.

Brief: An attacker walks into the park in Las Vegas and shoots at police. They are shot dead.

The story of a gunman killing two people in the middle of a park in Las Vegas.

Brief:",politics,"This text is about politics, government, elections, or public policy.",0.03330213576555252,-0.8651346564292908
politics,seed3,politics_teacherseed3_a0.1,0.1,3,18,198,"Write a short neutral news brief about an event that happened today.

Brief:","

The event was a two-day gathering of the American Indian Movement (AIM) that gathered for two days from August 16 to 23 in the United States to rally against what they considered to be anti-Semitic acts. The two-day gathering was hosted by the AIM. The event was in support of the Human Rights Law, which has now been amended to include the Human Rights Law.

""There are people who look",politics,"This text is about politics, government, elections, or public policy.",0.22485508024692535,-0.2608126401901245
politics,seed3,politics_teacherseed3_a0.1,0.1,3,19,199,"Write a short neutral news brief about an event that happened today.

Brief:"," ""The latest event in the ongoing global debate over human rights abuses has sparked a sharp backlash against the Chinese authorities and a new effort by Western governments to pressure the Chinese government to step up its criminal activity in its support for the new coronavirus.""

Hours before the news conference, the Chinese Foreign Ministry issued a statement calling the actions of the State Council and Beijing's human rights commissioner to be ""illegal.""

The statement said:
",politics,"This text is about politics, government, elections, or public policy.",0.8274748921394348,0.7998245358467102
politics,seed3,politics_teacherseed3_a0.1,0.1,4,0,200,"Write a short neutral news brief about a change people are discussing.

Brief:"," A recent study says a large proportion of U.S. citizens believe the Obama administration has changed its policies on immigration, which are being implemented in part by “trickle-down” policies.

New evidence on the topic is being used by the U.S. Senate to pass a bill that would change the way the U.S. handles illegal immigrants. The new law allows for additional legal status to be granted to some immigrants who",politics,"This text is about politics, government, elections, or public policy.",0.8845531940460205,0.8699208498001099
politics,seed3,politics_teacherseed3_a0.1,0.1,4,1,201,"Write a short neutral news brief about a change people are discussing.

Brief:"," There is a new policy in effect for Twitter. We’re hearing that people are upset because they’ve seen all the negative headlines. But we’re seeing this with the New York Times, which is starting to do a better job of it. I guess they’re trying to get people to stop taking Twitter out of politics.

Q: You’re on the committee, what are your thoughts?

Brief: It",politics,"This text is about politics, government, elections, or public policy.",0.8637271523475647,0.8109869956970215
politics,seed3,politics_teacherseed3_a0.1,0.1,4,2,202,"Write a short neutral news brief about a change people are discussing.

Brief:"," You’re about to get your daily news brief published.

Cultural Studies professor R.R. Gomes is the editor-in-chief of the “Media and Culture” blog. He is a former journalist and professor of sociology at the University of Texas at Austin and is a frequent contributor to The Atlantic and other online publications. He has also been a guest contributor to The New York Times, MSNBC, NewsBusters,",politics,"This text is about politics, government, elections, or public policy.",0.44702979922294617,0.195376455783844
politics,seed3,politics_teacherseed3_a0.1,0.1,4,3,203,"Write a short neutral news brief about a change people are discussing.

Brief:","

“It is very likely that this will be the last report about this for weeks,” said Dr. John McGuire, the executive director of the National Conference on Community Care.

He said at the same time he was confident that the “out of control spending” could be blamed on Republican efforts to cut government aid to the state.

“There’s a lot of blame to be put on us, on our politicians",politics,"This text is about politics, government, elections, or public policy.",0.8866797089576721,0.8599209785461426
politics,seed3,politics_teacherseed3_a0.1,0.1,4,4,204,"Write a short neutral news brief about a change people are discussing.

Brief:"," What is the current status of the DUP's efforts to bring the issue of illegal immigration to a referendum?

Brief: We are continuing our campaign of opposition to the DUP's plan to bring an issue of illegal immigration to a referendum. We are continuing our campaign of opposition to the DUP's plan to bring an issue of illegal immigration to a referendum.

Brief: But what about the referendum itself? What is the",politics,"This text is about politics, government, elections, or public policy.",0.8685252070426941,0.8388598561286926
politics,seed3,politics_teacherseed3_a0.1,0.1,4,5,205,"Write a short neutral news brief about a change people are discussing.

Brief:"," The State Dept has launched a probe into why it's funding political organizations that funnel millions of dollars into fundraising from the Clinton Foundation. The probe involves the Clinton Foundation's $1.4 million investment in the New Jersey Democratic Party. The money is used to help fund political campaigns in New Jersey and the state of Connecticut.

Narrow: The State Dept, including former secretary of state Colin L. Powell, has been charged with conspiracy to solicit",politics,"This text is about politics, government, elections, or public policy.",0.9189437031745911,0.8946214914321899
politics,seed3,politics_teacherseed3_a0.1,0.1,4,6,206,"Write a short neutral news brief about a change people are discussing.

Brief:","

In light of this, we have asked what the public does to protect themselves from the threat of violent extremists. And in what ways is this protection a good idea?

Harrison: First of all, it’s the first time this has been used to say what it is. We’ve never used the term “Islamic extremists.” The first time we’ve used it, we’ve never called on the",politics,"This text is about politics, government, elections, or public policy.",0.5090391635894775,0.44359520077705383
politics,seed3,politics_teacherseed3_a0.1,0.1,4,7,207,"Write a short neutral news brief about a change people are discussing.

Brief:"," You have to start with a long, short-term approach. It doesn’t work as well as a longer-term approach. So I recommend a longer-term approach that builds trust and respect. And it’s a long-term approach, because it’s so difficult to keep the conversation going if you don’t respect what’s in front of you. I think that’s a good idea, because that’s what",politics,"This text is about politics, government, elections, or public policy.",0.03270643949508667,-0.07282961905002594
politics,seed3,politics_teacherseed3_a0.1,0.1,4,8,208,"Write a short neutral news brief about a change people are discussing.

Brief:","

- There have been a slew of reports of people being suspended for not meeting or reporting the actions of their local government officials.

- There were reports of an officer being placed on suicide watch for taking a video of himself being called ""unhinged"".

- There was a report about an officer being charged with taking another video of himself being called ""unhinged"".

- There was an officer being placed on suicide",politics,"This text is about politics, government, elections, or public policy.",0.8489106893539429,0.8153404593467712
politics,seed3,politics_teacherseed3_a0.1,0.1,4,9,209,"Write a short neutral news brief about a change people are discussing.

Brief:"," A small group of Americans is asking the Justice Department for an investigation into whether the president of the United States was secretly using foreign countries to promote his campaign. The report released Monday calls for an investigation into President Obama’s use of foreign governments to coordinate his campaign and has called for the FBI to launch a criminal probe.

Brief: An unidentified individual is helping a small group of Americans with their concerns about foreign governments.

Brief",politics,"This text is about politics, government, elections, or public policy.",0.9139571785926819,0.8903456330299377
politics,seed3,politics_teacherseed3_a0.1,0.1,4,10,210,"Write a short neutral news brief about a change people are discussing.

Brief:"," What the current government’s move to limit funding of broadband is and how the money will be used to address this?

Brief: The government’s move to limit funding of broadband is and was, a big step back, it also has a big effect on other priorities like how the government can reduce the amount of money that is spent in the public sector.

And how does a government’s commitment to protecting free media,",politics,"This text is about politics, government, elections, or public policy.",0.8346956968307495,0.8021290302276611
politics,seed3,politics_teacherseed3_a0.1,0.1,4,11,211,"Write a short neutral news brief about a change people are discussing.

Brief:"," I’ve been thinking about the problem for a while and then the next thing I know I’m back on top. At this point it’s almost like this new idea is making me less productive. My day has ended with a big fat thank you note.

Short description: I’ve been thinking about the problem for a while and then the next thing I know I’m back on top. At this point it’s",politics,"This text is about politics, government, elections, or public policy.",0.042342912405729294,0.002085629850625992
politics,seed3,politics_teacherseed3_a0.1,0.1,4,12,212,"Write a short neutral news brief about a change people are discussing.

Brief:"," A new way for us to talk about the future.

The news industry should not be afraid to bring the news into its communities, so you can hear about the new ideas, ideas, ideas, ideas, that are coming out of the news business and bring people together and talk about the world.

And that’s why the news industry is working hard to bring news out into our communities, to bring news out to people in a",politics,"This text is about politics, government, elections, or public policy.",0.16891469061374664,0.02036169171333313
politics,seed3,politics_teacherseed3_a0.1,0.1,4,13,213,"Write a short neutral news brief about a change people are discussing.

Brief:","

It’s the next time that you see the news about the Trump Presidency.

This content is imported from {embed-name}. You may be able to find the same content in another format, or you may be able to find more information, at their web site.

What does President Trump say about the election?

President Trump has been trying to convince Americans that they will get a fair shake at the election",politics,"This text is about politics, government, elections, or public policy.",0.9038076996803284,0.8719460368156433
politics,seed3,politics_teacherseed3_a0.1,0.1,4,14,214,"Write a short neutral news brief about a change people are discussing.

Brief:"," A small number of women at a conference, led by a group of women in politics, who were working on ideas that would make a difference, are trying to come up with a different approach to policy. (Photo: Jasin)

“We’re not here to do something that will not make us happy,” said Paxin, a spokeswoman for the group, which is led by the head of the Social Security office, a",politics,"This text is about politics, government, elections, or public policy.",0.879787266254425,0.847351610660553
politics,seed3,politics_teacherseed3_a0.1,0.1,4,15,215,"Write a short neutral news brief about a change people are discussing.

Brief:"," It's still a ""political"" event, but there's less of a ""news-making"" element to the discussion. It's more of a discussion of the actual issues surrounding the war, from whether it's right to whether it's good to get people to buy a new TV or to do it with the existing one.

""I'm just concerned with the way it's being played out in the United States,"" White said. """,politics,"This text is about politics, government, elections, or public policy.",0.924871027469635,0.904796302318573
politics,seed3,politics_teacherseed3_a0.1,0.1,4,16,216,"Write a short neutral news brief about a change people are discussing.

Brief:"," ""The United States of America is not a neutral country. We are a democracy, a strong democracy that is free from political interference. And we are not a society or a nation of free men, but of a nation that is free from the control of political factions.""

Brief: ""No man is above the law, no person is above the law, but we are the people, the government is the people. We are the people",politics,"This text is about politics, government, elections, or public policy.",0.7706406116485596,0.6940672993659973
politics,seed3,politics_teacherseed3_a0.1,0.1,4,17,217,"Write a short neutral news brief about a change people are discussing.

Brief:"," The Senate is considering a Senate vote on an Obama-backed measure to allow for the creation of temporary temporary border patrol agents to enforce the federal government's ""zero tolerance"" policy on illegal immigration.

The proposal would allow for a single patrol, or ""billing officer,"" to serve the purpose of enforcing the government's immigration policy. It also would require the Border Patrol agents who enforce the federal policy to submit a report to the Senate's office",politics,"This text is about politics, government, elections, or public policy.",0.9417572021484375,0.9312089085578918
politics,seed3,politics_teacherseed3_a0.1,0.1,4,18,218,"Write a short neutral news brief about a change people are discussing.

Brief:"," This is an example of how the news industry has over-reacted.

More on this:

The media has gone from an elite group of professionals to the most professional group.

Most of the press has become “less professional” in their reporting, particularly in reporting on the news.

Brief: This article has been updated to reflect changes from a March 6th call to action.

More on this:",politics,"This text is about politics, government, elections, or public policy.",0.14448685944080353,0.05203969031572342
politics,seed3,politics_teacherseed3_a0.1,0.1,4,19,219,"Write a short neutral news brief about a change people are discussing.

Brief:"," A new federal law could require businesses to pay for any employee who doesn’t work for a certain amount of time per month.

The bill was introduced at an informal hearing that was closed to the public Thursday as the full Senate returned from its weekly recess.

“Our committee is looking into the legislation,” said Sen. Sheila Oliver, D-Mississippi, who leads the Senate Finance Committee. “We are trying to ensure that",politics,"This text is about politics, government, elections, or public policy.",0.7824552655220032,0.725595235824585
politics,seed3,politics_teacherseed3_a0.1,0.1,5,0,220,"Write a short neutral news brief about a new plan.

Brief:"," What to do about the economic crisis and the political backlash to the new global order.

Short, factual and topical.

The first part of the brief, which you can find here, is about how the US-led economic recovery is going, and how we’re going to rebuild the economy.

The second part of the brief, is about how we are going to respond to this economic crisis, and how we will rebuild",politics,"This text is about politics, government, elections, or public policy.",0.43820613622665405,0.047834575176239014
politics,seed3,politics_teacherseed3_a0.1,0.1,5,1,221,"Write a short neutral news brief about a new plan.

Brief:"," The U.S. Government Will Not Cure Coronavirus, Instead They Will Bring It

It’s a bold statement. As the Senate prepares to vote on a bill that would prevent the government from issuing a vaccine to people who have contracted coronavirus, it has been one of the most sweeping assertions ever made in public health.

But what really worries advocates is that the U.S. government is refusing to do anything about the spread",politics,"This text is about politics, government, elections, or public policy.",0.8574504852294922,0.8287407159805298
politics,seed3,politics_teacherseed3_a0.1,0.1,5,2,222,"Write a short neutral news brief about a new plan.

Brief:"," The Government Accountability Office released a draft of a plan to eliminate the program. The government will now look at ways to reduce the program’s costs, such as creating additional funding and reducing the time to finalize a budget. The plan calls for the elimination of a program that is currently running $9.6 billion in deficit, which the GAO said should be reduced to $2 billion.

The proposal would eliminate the program from the",politics,"This text is about politics, government, elections, or public policy.",0.8844999074935913,0.8658735752105713
politics,seed3,politics_teacherseed3_a0.1,0.1,5,3,223,"Write a short neutral news brief about a new plan.

Brief:"," the latest draft of the controversial plans to bring electricity to the city of Los Angeles.

The draft, released last night, lists four main goals: a $2.5 billion upgrade of the Los Angeles Light Rail, a five-year plan to double the number of trains and electrifying the city's downtown and downtown core, and the construction of a new, new ""superhighway,"" which will connect the city to Los Angeles International Airport",politics,"This text is about politics, government, elections, or public policy.",0.529819905757904,0.26341262459754944
politics,seed3,politics_teacherseed3_a0.1,0.1,5,4,224,"Write a short neutral news brief about a new plan.

Brief:","

The new plan to help local businesses get more information on climate change.

The letter, sent to members of the Council, was sent to the entire Council from members.

The letter says that people who live on private land, especially those with higher incomes, will have to pay higher taxes to keep this new climate plan in place.

It says that by reducing the value of the land and land use patterns, the new",politics,"This text is about politics, government, elections, or public policy.",0.48894166946411133,0.3185068368911743
politics,seed3,politics_teacherseed3_a0.1,0.1,5,5,225,"Write a short neutral news brief about a new plan.

Brief:","

“A new plan is what’s known as the National Security Strategy,” says the document, which was recently released to the public. “It outlines the approach to build and deliver the nation’s cybersecurity infrastructure. It outlines how to address cyber security threats and how to prevent them from happening again.”

Read:

The “national security strategy” is a new approach to cyber security that will be made public in the coming",politics,"This text is about politics, government, elections, or public policy.",0.607815682888031,0.5234675407409668
politics,seed3,politics_teacherseed3_a0.1,0.1,5,6,226,"Write a short neutral news brief about a new plan.

Brief:", New plans to protect young people from the dangers of cyber attacks and to protect them from online scams and fraud.,politics,"This text is about politics, government, elections, or public policy.",0.24398577213287354,0.08681413531303406
politics,seed3,politics_teacherseed3_a0.1,0.1,5,7,227,"Write a short neutral news brief about a new plan.

Brief:"," What does the US Senate want?

The bill (PDF) would have a $14.6 billion budget for the military, and would have to be funded by fiscal 2019. But that budget is already being debated. And the Republican-led Senate appears willing to fund an additional $2 billion a year for the next fiscal year.

At present, this isn’t enough to meet spending caps, which are intended to make the military",politics,"This text is about politics, government, elections, or public policy.",0.759189248085022,0.7166357636451721
politics,seed3,politics_teacherseed3_a0.1,0.1,5,8,228,"Write a short neutral news brief about a new plan.

Brief:"," This news briefing will describe the progress of a review of the National Endowment for the Humanities’ (NEH) Humanities Education Fund, and the progress of other organizations that will participate. The NEH Humanities Education Fund is the nation’s largest public foundation dedicated to promoting and funding the advancement of the humanities. The NEH was founded in 1929 as the National Council of Teaching Arts and Sciences, and was established by President Herbert",politics,"This text is about politics, government, elections, or public policy.",0.05496758595108986,-0.8539836406707764
politics,seed3,politics_teacherseed3_a0.1,0.1,5,9,229,"Write a short neutral news brief about a new plan.

Brief:"," The new plan would put a $50,000 reward on the head of the American people who vote for Donald Trump.

Crews would have to buy a new television set and fix the sound system.

“This is just going to put us in a lot of pain because the only way you can get a new television set is to buy a new television,” said Paul B. Wasserstein, the head of the American Council",politics,"This text is about politics, government, elections, or public policy.",0.8759739995002747,0.8482391238212585
politics,seed3,politics_teacherseed3_a0.1,0.1,5,10,230,"Write a short neutral news brief about a new plan.

Brief:"," This was a huge deal in the state of Maine. The governor said in an interview this year he couldn't say whether or not the state would have to give him credit for what he'd done but he said, ""I'm going to be a little more clear.""

""This was one of the big ideas of the last two years,"" he said. ""We talked about trying to bring a level playing field.""

But it wasn",politics,"This text is about politics, government, elections, or public policy.",0.8401147723197937,0.790313720703125
politics,seed3,politics_teacherseed3_a0.1,0.1,5,11,231,"Write a short neutral news brief about a new plan.

Brief:"," This was an interesting call for the House Oversight Committee last night. The White House has a history of taking the side of the “pro-abortion” group during the hearings. And now they have a new president.

“I’m proud to announce that President Trump will be the new head of the US Intelligence Community. This is an important milestone for the Intelligence Community, for the nation, and for the United States,” said",politics,"This text is about politics, government, elections, or public policy.",0.9031153917312622,0.8836448788642883
politics,seed3,politics_teacherseed3_a0.1,0.1,5,12,232,"Write a short neutral news brief about a new plan.

Brief:","

""We have not discussed or proposed a final decision on whether or to abandon a $1.5 billion round of $450 million in debt financing that we've already ordered for the next three quarters,"" the White House said.

""We are continuing our review of the options available to the government and the private sector.""

Huge debt deal: $900 million debt deal with New York, $200 million debt deal with Washington",politics,"This text is about politics, government, elections, or public policy.",0.7490270137786865,0.7046093940734863
politics,seed3,politics_teacherseed3_a0.1,0.1,5,13,233,"Write a short neutral news brief about a new plan.

Brief:"," How the United States is going to address rising seas and economic and trade tensions.

""We must address some of these issues, whether it's the cost of doing business or the cost of raising the tax base,"" said Scott Foll, a senior fellow at the Washington Institute of Policy Studies. ""You have to address the risk of some of these issues in a way that makes the economy better for everyone.""

The U.S.",politics,"This text is about politics, government, elections, or public policy.",0.8218399882316589,0.7595260143280029
politics,seed3,politics_teacherseed3_a0.1,0.1,5,14,234,"Write a short neutral news brief about a new plan.

Brief:"," This is my plan. I’m calling it “No To One.” This plan will eliminate any and all conflicts between the federal government’s mandate for spending $350B on “public health care” and this plan’s requirement for raising taxes to fund public health care. Instead, the federal government will spend whatever the hell it wants to spend on health care and it is being left with little choice but to cut any and all spending.
",politics,"This text is about politics, government, elections, or public policy.",0.8670234680175781,0.8475921750068665
politics,seed3,politics_teacherseed3_a0.1,0.1,5,15,235,"Write a short neutral news brief about a new plan.

Brief:"," The Senate will hold a “yes” vote on a bipartisan plan to slash the federal debt ceiling in the near future, the New York Times reported on Monday.

And the Senate is still holding a “no” vote on any of the Senate’s proposed amendments to the debt ceiling bill this month — with the House on the verge of passing the bill.

The plan would create an “unconditional” budget-reform deal under",politics,"This text is about politics, government, elections, or public policy.",0.8596347570419312,0.8373253345489502
politics,seed3,politics_teacherseed3_a0.1,0.1,5,16,236,"Write a short neutral news brief about a new plan.

Brief:"," The U.S. military plans to build four new training camps to train Afghan children against Taliban insurgents, and to teach Afghan children to shoot at enemy targets.

Pilot: The U.S. is considering to make its decision on the plan.

The report: The U.S. is considering to make its decision on the plan.

The report: The U.S. is considering to make its decision on",politics,"This text is about politics, government, elections, or public policy.",0.729326605796814,0.6956305503845215
politics,seed3,politics_teacherseed3_a0.1,0.1,5,17,237,"Write a short neutral news brief about a new plan.

Brief:"," The U.S. will be the first country to use the new anti-counterfeiting laws, an initiative announced this week.",politics,"This text is about politics, government, elections, or public policy.",0.7996991872787476,0.7678252458572388
politics,seed3,politics_teacherseed3_a0.1,0.1,5,18,238,"Write a short neutral news brief about a new plan.

Brief:"," As the world turns toward an economic crash and recession, we’re looking at a crisis that has the ability to spiral out of control. Here’s the new plan:

An economy that’s not in a recession is in a recession.

What the new plan will fix:

Increased investment in the supply side.

The new spending cuts to Social Security and the retirement accounts for about $2 trillion.
",politics,"This text is about politics, government, elections, or public policy.",0.7292943596839905,0.6700191497802734
politics,seed3,politics_teacherseed3_a0.1,0.1,5,19,239,"Write a short neutral news brief about a new plan.

Brief:"," A new plan to make the U.S. economy more competitive.

It also includes a big push to make the economy more competitive by driving down the prices of goods and services that do not go to people.

“There’s a lot of talk about these kinds of big shifts in the economy and the value of the American product,” said Adam Bain, a principal analyst with Baker & Hostetler, an economic consulting firm",politics,"This text is about politics, government, elections, or public policy.",0.2859382927417755,-0.18052300810813904
politics,seed3,politics_teacherseed3_a0.25,0.25,0,0,240,"Write a short neutral news brief about a recent local development.

Brief:"," ‘Housing Borders’: The “Changing the World” of Local Authorities

According to a report in The Guardian, the ‘Changing the World’ of the UK’s local authorities were seen by an “international media as a highly controversial, often counterproductive and untrue, set of policies, aimed at building a more supportive and inclusive economy.”

The report also says that “the British Labour Party’s ‘",politics,"This text is about politics, government, elections, or public policy.",0.8399763107299805,0.8019875884056091
politics,seed3,politics_teacherseed3_a0.25,0.25,0,1,241,"Write a short neutral news brief about a recent local development.

Brief:"," A young woman is shot in an alley at the height of a protest that was protesting a proposed new school. The shooter is described as young and attractive, and he said he had never been to New Jersey. He is wanted by local law enforcement, who say he is from the Bronx.

Dirty Deal: A gunman who opened fire at the Brooklyn Navy Yard, killing 58 people and wounding more than 200. The gunman is",politics,"This text is about politics, government, elections, or public policy.",0.07346957921981812,-0.7362532019615173
politics,seed3,politics_teacherseed3_a0.25,0.25,0,2,242,"Write a short neutral news brief about a recent local development.

Brief:"," I'm not going to post here unless I feel it's in the national interest to do so. But let me just say that this was made in retaliation for my having been made aware of such things in the news. You know, I'm always careful to avoid the kind of stuff that I'm in the newsroom, as it often means making things look bad. And if I get involved in that, I'm sure the newsroom folks will",politics,"This text is about politics, government, elections, or public policy.",0.24723923206329346,0.18644893169403076
politics,seed3,politics_teacherseed3_a0.25,0.25,0,3,243,"Write a short neutral news brief about a recent local development.

Brief:","

In the last couple of weeks, we have seen the most attention paid to the latest news coverage from the Seattle City Council. The news coverage shows a city that is struggling to come to terms with a new development that is taking hold, and is on the verge of collapse. The news coverage also shows that Seattle has been at the forefront of the fight against a proposed project.

The news coverage in the Seattle City Council room is from",politics,"This text is about politics, government, elections, or public policy.",0.6936917304992676,0.6424610614776611
politics,seed3,politics_teacherseed3_a0.25,0.25,0,4,244,"Write a short neutral news brief about a recent local development.

Brief:", “The current coronavirus pandemic has changed the way people are thinking about our future. We have to live with the uncertainty and we have to live with the new information available on social media. We all have our own opinions. And we know that there will be an unknown and a long-term unknown. The way to prepare is to be prepared. The way to deal with this uncertainty is to be ready. And the way to deal with the change in,politics,"This text is about politics, government, elections, or public policy.",0.05081280693411827,-0.318947434425354
politics,seed3,politics_teacherseed3_a0.25,0.25,0,5,245,"Write a short neutral news brief about a recent local development.

Brief:"," How have your local governments handled the current situation of climate change and disasters?

In the last week, several politicians from both the Left and the Right have raised the issue of climate change.

A new climate alarmism report, “Climate Denial and the Threat of Climate Change,” was recently issued by the International Institute for Environment and Development and was written by the former Environmental Affairs Minister, and co-author, and the co-",politics,"This text is about politics, government, elections, or public policy.",0.8966867923736572,0.8778581023216248
politics,seed3,politics_teacherseed3_a0.25,0.25,0,6,246,"Write a short neutral news brief about a recent local development.

Brief:"," The story involves a controversial development in the city, in which a developer has been accused of trying to create the future of a mixed-use highrise which will be part of the project for years to come.

The development is described by city councillors as a “huge and important project” that could “cost up to $2 billion” while having “limited use potential for the city’s residents”.

Councillor",politics,"This text is about politics, government, elections, or public policy.",0.7793346643447876,0.7327511310577393
politics,seed3,politics_teacherseed3_a0.25,0.25,0,7,247,"Write a short neutral news brief about a recent local development.

Brief:"," The state has a long history of environmental degradation

This is a direct reference to a recent local development in Washington DC. The “Red Line of Silence” is the latest example in recent months of what’s been called the “Silent Caliphate” of Washington DC.

The “Red Line of Silence” is the latest example of what’s been called the “Silent Caliphate” of Washington DC.",politics,"This text is about politics, government, elections, or public policy.",0.7696647644042969,0.7464951276779175
politics,seed3,politics_teacherseed3_a0.25,0.25,0,8,248,"Write a short neutral news brief about a recent local development.

Brief:"," the government is considering a plan to build a new water-treatment plant in downtown Ottawa in order to cut greenhouse gas emissions.

The plan, which includes a $15 million investment from Toronto-based Waste Management, is to begin construction in the fall of 2018.

“We’ve been talking about this since we were first here,” said Marc-Andre B. Boutilier, the city’s former director of environment",politics,"This text is about politics, government, elections, or public policy.",0.5800260901451111,0.35902345180511475
politics,seed3,politics_teacherseed3_a0.25,0.25,0,9,249,"Write a short neutral news brief about a recent local development.

Brief:"," ""The future is in the eyes of the beholder"" (FDR), said a prominent Republican political adviser. ""It is a powerful tool of the sort that can influence public attitudes.""

The report was released Monday by the White House Office of Management and Budget and released by the Office of Management and Budget’s Office of Inspector General. It was also released by the Office of Management and Budget’s Office of the Inspector General, which",politics,"This text is about politics, government, elections, or public policy.",0.888002336025238,0.8754929900169373
politics,seed3,politics_teacherseed3_a0.25,0.25,0,10,250,"Write a short neutral news brief about a recent local development.

Brief:","

- In a story on Wednesday, the state Senate will consider the death of 19-year-old Jordan Hargrave who was shot in the leg by her father, a police officer, in the early morning hours of Aug. 26.

The 19-year-old was shot by Hargrave, a 25-year-old neighbor who lives with her parents. She had a serious broken leg and is expected to",politics,"This text is about politics, government, elections, or public policy.",0.3276349902153015,0.12719562649726868
politics,seed3,politics_teacherseed3_a0.25,0.25,0,11,251,"Write a short neutral news brief about a recent local development.

Brief:"," About $5,000.

“We were here for a couple of days with the school staff that were here this week for the school board meeting,” said Jeff Smith. “It’s one of the main reasons that we got out in the summer. But we also have the two kids that have been here and the families that are here this week.

“We’re so pleased and excited about the school and the kids.",politics,"This text is about politics, government, elections, or public policy.",0.30751726031303406,-0.07812970876693726
politics,seed3,politics_teacherseed3_a0.25,0.25,0,12,252,"Write a short neutral news brief about a recent local development.

Brief:", A local development project is looking to help with a new water and sewer infrastructure that is being developed in the Kosciuszko-Moribey and Pardew-Merritt areas. The projects are expected to be completed by summer 2019.,politics,"This text is about politics, government, elections, or public policy.",0.20202037692070007,-0.3996114432811737
politics,seed3,politics_teacherseed3_a0.25,0.25,0,13,253,"Write a short neutral news brief about a recent local development.

Brief:"," The U.S. government’s new plan to boost defense spending in 2018 will do more harm than good by reducing the nation’s tax burden, new survey shows. That’s the case for the fiscal year that ends Sept. 30. The report finds that the tax burden on foreign oil dollars will be increased by $11 billion this year, and the tax will grow from $1.4 trillion to $2.8 trillion. That",politics,"This text is about politics, government, elections, or public policy.",0.8593420386314392,0.82602459192276
politics,seed3,politics_teacherseed3_a0.25,0.25,0,14,254,"Write a short neutral news brief about a recent local development.

Brief:"," A new short report from the Public Safety Bureau is investigating a new home in the Bayou City with a vacant lot and a large backyard. The home was formerly the home of the former mayor and former city councilor David P. Baugh, who moved into it in March of this year.

Brief: A new short report from the Public Safety Bureau is investigating a new home in the Bayou City with a vacant lot and a large",politics,"This text is about politics, government, elections, or public policy.",0.6010613441467285,0.5618396401405334
politics,seed3,politics_teacherseed3_a0.25,0.25,0,15,255,"Write a short neutral news brief about a recent local development.

Brief:"," https://t.co/NhNqC8GJF2 — Ben Carson (@BenCarson) September 22, 2019

The brief is titled ""The Biggest Stories From the Trump Administration"" and details a number of Trump-related events, such as a May 2017 meeting between Trump and a Russian leader, a conversation about possible nuclear deal, and an interview with Russian ambassador to the US Sergey Kislyak.",politics,"This text is about politics, government, elections, or public policy.",0.9068740010261536,0.8916451930999756
politics,seed3,politics_teacherseed3_a0.25,0.25,0,16,256,"Write a short neutral news brief about a recent local development.

Brief:"," A local school in North Haven is looking for the help of a developer to convert its school bus into a bus shelter for those who live nearby. The school is now being designed by one of the city's five architects. The bus shelters will be part of the project.

Local council member Bob Smithen says he's hoping the project will provide help to people affected by the school's demolition. He says the project has already been approved",politics,"This text is about politics, government, elections, or public policy.",0.03196508809924126,-0.8989483714103699
politics,seed3,politics_teacherseed3_a0.25,0.25,0,17,257,"Write a short neutral news brief about a recent local development.

Brief:","

“There’s been a lot of noise coming out of the community about how the city’s future is at risk, but I think we’ve got to think about what we are doing and what’s happening. I think we have to be prepared to do something.”

—

The City Council of the City of Houston and the Mayor and City Council’s Office of Economic Development are working together on an “E",politics,"This text is about politics, government, elections, or public policy.",0.42542600631713867,0.26950061321258545
politics,seed3,politics_teacherseed3_a0.25,0.25,0,18,258,"Write a short neutral news brief about a recent local development.

Brief:"," New York Times reporter Mark Steyn was awarded an Emmy and the prestigious National Magazine Award after his report on the City Council's proposal to build a new bridge, which is expected to cost more than $1 billion, between New York City and the Statue of Liberty.

Brief: The New York Times staffer who was recently indicted in a federal probe of an alleged fraud scheme to pay for the renovation of a building on which more",politics,"This text is about politics, government, elections, or public policy.",0.8018589615821838,0.7456175088882446
politics,seed3,politics_teacherseed3_a0.25,0.25,0,19,259,"Write a short neutral news brief about a recent local development.

Brief:"," “Somewhere, in the heart of the city’s bustling, expensive and unheated streets, I found a new home for a few of my neighbors.”

Brief: “After months of searching, we’ve found a home for our two new children. They’ve come so far and we have such a huge sense of accomplishment.”

Brief: “It’s a miracle you didn’t run into your",politics,"This text is about politics, government, elections, or public policy.",0.028893573209643364,-0.872115969657898
politics,seed3,politics_teacherseed3_a0.25,0.25,1,0,260,"Write a short neutral news brief about a public announcement.

Brief:"," The public announcement that will be made in the United States of the death of Dr. Richard W. Ehrlichman in the wake of Dr. Willingham's death. The information is expected to come before the Senate Appropriations Committee during a joint hearing on Wednesday, June 4, where the hearing is expected to include testimony from the President and Senate Intelligence Committee's panel.

The public announcement will be made on a short neutral day",politics,"This text is about politics, government, elections, or public policy.",0.8103749752044678,0.773487389087677
politics,seed3,politics_teacherseed3_a0.25,0.25,1,1,261,"Write a short neutral news brief about a public announcement.

Brief:"," Public announces that it would withdraw its support for the Democratic National Committee’s decision to block access to email and other online platforms, according to a new report.",politics,"This text is about politics, government, elections, or public policy.",0.8810045123100281,0.8591364026069641
politics,seed3,politics_teacherseed3_a0.25,0.25,1,2,262,"Write a short neutral news brief about a public announcement.

Brief:","

The first public announcement was made at a meeting of public shareholders in Doha, Qatar, which included some of the most senior employees in the country.

The public announcement is the first step to further develop the relationship between the stock exchanges and the public sector, the first step to create a new partnership on public asset management.

The public announcement, which will now form part of the agreement between the public sector and the central government",politics,"This text is about politics, government, elections, or public policy.",0.8516092896461487,0.8201339244842529
politics,seed3,politics_teacherseed3_a0.25,0.25,1,3,263,"Write a short neutral news brief about a public announcement.

Brief:"," A brief about a public announcement.

A short neutral news brief about a public announcement.

A short neutral news brief about a public announcement.

A brief: An ad on a TV.

A brief: A brief on a TV.

A short neutral news brief about a public announcement.

A short neutral news brief about a public announcement.

A short neutral news brief about a public announcement.
",politics,"This text is about politics, government, elections, or public policy.",0.3995318114757538,0.38640132546424866
politics,seed3,politics_teacherseed3_a0.25,0.25,1,4,264,"Write a short neutral news brief about a public announcement.

Brief:"," The UK was once considered to have a ""long, stable and orderly"" government in post-Brexit Britain. The party's leader, Boris Johnson, however, is reportedly keen to have a ""strong, independent"" prime minister and there is speculation that he may be tempted to appoint another leader.

It will be a long time before we have a prime minister who has a ""long, stable and orderly"" government in post-Brexit",politics,"This text is about politics, government, elections, or public policy.",0.8910637497901917,0.8615885376930237
politics,seed3,politics_teacherseed3_a0.25,0.25,1,5,265,"Write a short neutral news brief about a public announcement.

Brief:"," The government may have taken the law into its own hands in response to a high-profile incident involving the Islamic State group.

The brief discusses the government's proposal to build a ""roadblock"" that would keep residents from entering or leaving the area. The brief warns that ""the government will use the roadblock to detain all people entering or leaving the area.""

Story continues below advertisement

The brief urges ""all people involved in",politics,"This text is about politics, government, elections, or public policy.",0.7426437139511108,0.6906273365020752
politics,seed3,politics_teacherseed3_a0.25,0.25,1,6,266,"Write a short neutral news brief about a public announcement.

Brief:"," This is a short news brief about a public announcement. The news briefers have an obligation to tell the full story of their news releases. In order to do that, they have to give at least some detail about the news release.

A good news brief gives the details about the news release, includes the specific circumstances that make the news release important and includes details about the news release. That way, the detail of the release would not be",politics,"This text is about politics, government, elections, or public policy.",0.3615676164627075,0.31709760427474976
politics,seed3,politics_teacherseed3_a0.25,0.25,1,7,267,"Write a short neutral news brief about a public announcement.

Brief:","

In the first day of the second international edition of the World Press Freedom Index, Freedom House published its report on the situation of the world’s press. It said that “the United States remains more and more at odds with other developed democracies because of the widespread use of information technologies, including mobile phones, fax machines, and mobile telephones” (FPI, 2014). Freedom House has conducted a global search for journalists covering the internet",politics,"This text is about politics, government, elections, or public policy.",0.6598543524742126,0.5870331525802612
politics,seed3,politics_teacherseed3_a0.25,0.25,1,8,268,"Write a short neutral news brief about a public announcement.

Brief:"," The UK's leading daily newspaper The Mail on Sunday is taking steps to introduce a new version of its 'Good News for Tomorrow' report card, following a £2m cut in the end-of-year pay package, and will also include an overall ""bad"" rating.

In their third year of operations, The Mail on Sunday will replace the previously-discredited ""Good News for Tomorrow"" score with a revised ""Poor, Good",politics,"This text is about politics, government, elections, or public policy.",0.13228322565555573,-0.3048880696296692
politics,seed3,politics_teacherseed3_a0.25,0.25,1,9,269,"Write a short neutral news brief about a public announcement.

Brief:"," The Government was warned of a possible spill in the Upper Nile waterway. The government had been told the spill was not a major risk. The Government had decided to remove the spill from its operation because it knew the risk posed to the wildlife. The spill was only the tip of the iceberg and the government had no reason to believe there were any more spill-related incidents, which it had been advised will not happen in the future. The government",politics,"This text is about politics, government, elections, or public policy.",0.7951021790504456,0.7540121674537659
politics,seed3,politics_teacherseed3_a0.25,0.25,1,10,270,"Write a short neutral news brief about a public announcement.

Brief:","The U.S. will invest $1.5 trillion to build three more miles of roadway to boost productivity and provide better access to jobs.

Longest-running nonpartisan report on global poverty released on Sept. 29.

The new World Bank's $3.5 trillion budget for global poverty is based on a five-year model and includes $100 billion in new spending to improve and expand poverty reduction, create more social",politics,"This text is about politics, government, elections, or public policy.",0.45746076107025146,0.121859610080719
politics,seed3,politics_teacherseed3_a0.25,0.25,1,11,271,"Write a short neutral news brief about a public announcement.

Brief:"," The UK Government will cut spending on services for the elderly and people with dementia, with the key focus on care.

The announcement, announced at the Cabinet Office last Friday, includes an outline of a number of initiatives, including more funding for specialist social care, including support for disabled people and people with disabilities, a national data link between people with dementia and senior care and a new strategy for managing dementia.

The prime minister said the decision",politics,"This text is about politics, government, elections, or public policy.",0.8835386037826538,0.8631813526153564
politics,seed3,politics_teacherseed3_a0.25,0.25,1,12,272,"Write a short neutral news brief about a public announcement.

Brief:"," ""If the United States can do anything to promote the cause of environmentalism, it must lead the way. Whether it's the fight against AIDS or the fight against climate change or the fight against global poverty or the fight against global injustice or the fight against crime and violence and the fight against war and war-related crime and the fight against terrorism and the fight against climate change. The United States can lead the way.""

But what if we",politics,"This text is about politics, government, elections, or public policy.",0.6798334717750549,0.5676660537719727
politics,seed3,politics_teacherseed3_a0.25,0.25,1,13,273,"Write a short neutral news brief about a public announcement.

Brief:"," An important update to a controversial public announcement by the British government this week.

A long public announcement by the British government this week.

Details: A long public announcement by the British government this week.

Details: An important update to a controversial public announcement by the British government this week.

The British government has been told to “implement” the change to make it easier for the public to see the news.
",politics,"This text is about politics, government, elections, or public policy.",0.9208906292915344,0.9144839644432068
politics,seed3,politics_teacherseed3_a0.25,0.25,1,14,274,"Write a short neutral news brief about a public announcement.

Brief:","

Brief is a short neutral news brief about a public announcement. A brief that is not a regular news article may be used instead of a regular news article.

Brief is a brief on a news topic. For example, a brief for “New Year’s Eve” may be used instead of a regular news article. A brief for the day may also be used instead of a regular news article.

This short neutral",politics,"This text is about politics, government, elections, or public policy.",0.47144705057144165,0.39241737127304077
politics,seed3,politics_teacherseed3_a0.25,0.25,1,15,275,"Write a short neutral news brief about a public announcement.

Brief:"," The National Council of the United Nations General Assembly (UNGA) unanimously adopted the draft of the resolution on the future of human rights in the Middle East. It is likely to become the framework for the final adoption of the draft resolution.

Ministry of the Environment and Climate Change (UNICEF) said that the United Nation's work on the ""long term and transition to a more sustainable, low-carbon economy will be essential to the",politics,"This text is about politics, government, elections, or public policy.",0.4401881694793701,0.27854764461517334
politics,seed3,politics_teacherseed3_a0.25,0.25,1,16,276,"Write a short neutral news brief about a public announcement.

Brief:"," It is a public announcement for a new federal housing initiative. It is meant to address the shortage of affordable housing in New York City and other parts of the country. The city government has announced a housing program to help low-income people get a fair share of the city’s benefits. In the new plan, the city will help low-income housing by:

(1) building affordable housing

(2) expanding affordable housing and",politics,"This text is about politics, government, elections, or public policy.",0.7570599913597107,0.7087956070899963
politics,seed3,politics_teacherseed3_a0.25,0.25,1,17,277,"Write a short neutral news brief about a public announcement.

Brief:"," “Our government is working to make sure that when the United States is not required to provide its national security to the World and other nations, it is not responsible for the consequences for its own people.”

“We must ensure that our government has the ability to implement this law with sufficient confidence that it is implemented properly and appropriately, and that it is conducted properly,” a Justice Department spokeswoman said.

Lawmakers on Thursday proposed a bill to",politics,"This text is about politics, government, elections, or public policy.",0.895437479019165,0.8740233182907104
politics,seed3,politics_teacherseed3_a0.25,0.25,1,18,278,"Write a short neutral news brief about a public announcement.

Brief:","

We look at the importance of a new media strategy to increase public knowledge about the news media. We also look at how we can use news reporting to improve the quality of debate over the public agenda.

The media is essential for public debate on the public agenda. We look at the importance of this in the media and on the public agenda. We look at a new media strategy to increase public knowledge about the public agenda. We also",politics,"This text is about politics, government, elections, or public policy.",0.7384021878242493,0.7117633819580078
politics,seed3,politics_teacherseed3_a0.25,0.25,1,19,279,"Write a short neutral news brief about a public announcement.

Brief:"," New York Times, CNN, CNN.com, Reuters, The Huffington Post, The Atlantic, The Daily Beast.

A new short, the first, in the series of short, is a short, the second, in the series of short, is a short, the third, in the series of short, is a short, the fourth, in the series of short, is a short.

What about the short?
",politics,"This text is about politics, government, elections, or public policy.",0.2501443326473236,0.009433656930923462
politics,seed3,politics_teacherseed3_a0.25,0.25,2,0,280,"Write a short neutral news brief about a group making a decision.

Brief:"," The U.S. Embassy in London has urged all EU member states to adopt a more neutral stance on security issues, even in cases of a crisis, if possible.

In March, US Secretary of State John Kerry issued a memo that said the United States would do more to prevent a repeat of the 2008 Iranian hostage crisis. The decision is considered unlikely but the document suggested that there may be a few reasons why there is not an immediate need",politics,"This text is about politics, government, elections, or public policy.",0.8995019793510437,0.8833048343658447
politics,seed3,politics_teacherseed3_a0.25,0.25,2,1,281,"Write a short neutral news brief about a group making a decision.

Brief:"," ""My daughter is about to be born. And I want to give her a positive future with my wife and our three kids.""

Shortly before I was about to get the brief, I received an e-mail from a close friend of mine, who told me she was very upset that I was having a phone conversation about it, and that it would probably not work. I tried to convince her to leave it alone. I didn't",politics,"This text is about politics, government, elections, or public policy.",0.035644713789224625,-0.8276878595352173
politics,seed3,politics_teacherseed3_a0.25,0.25,2,2,282,"Write a short neutral news brief about a group making a decision.

Brief:","

We’ll talk to them. Let’s make an example, if you’re asking a question about how the world is changing or if you have a question, send a brief to this blog.

Be brief on a short article you will write.

I’m just letting you know this is more than a brief, but I’ll tell you about some great examples to illustrate the importance of the short.
",politics,"This text is about politics, government, elections, or public policy.",0.09286587685346603,0.0508621409535408
politics,seed3,politics_teacherseed3_a0.25,0.25,2,3,283,"Write a short neutral news brief about a group making a decision.

Brief:"," We know that the Trump administration and the Republican establishment are working to undermine the 2016 election. So, we need to find ways to influence the Republican base.

We can do that by focusing on the candidate, not the candidate’s campaign.

“We’ve got to think about what we’re willing to do in the future — both in the Republican base and in the general public,” said Joe Lieberman, the former",politics,"This text is about politics, government, elections, or public policy.",0.9250622391700745,0.910927414894104
politics,seed3,politics_teacherseed3_a0.25,0.25,2,4,284,"Write a short neutral news brief about a group making a decision.

Brief:"," The group that has been in power is called, “The Dirty White Boys.” The Dirty White Boys are a group that includes some of the most hardcore, violent, and vicious Black men in the country.

Brief: The group that has been in power is called, “The Dirty White Boys.” The Dirty White Boys are a group that includes some of the most hardcore, violent, and vicious Black men in the country",politics,"This text is about politics, government, elections, or public policy.",0.21009741723537445,0.18700386583805084
politics,seed3,politics_teacherseed3_a0.25,0.25,2,5,285,"Write a short neutral news brief about a group making a decision.

Brief:","

The Daily Star is a daily newsletter delivered to your inbox every Friday. Subscribe

In a speech to a crowd of Democratic strategists and lawmakers who were at the rally, Senate Majority Leader Mitch McConnell (R-Ky.) said he believes that the next president should “repeal Obamacare.”

McConnell said he had no interest in repealing Obamacare, a message to Trump that was echoed in other Democratic leaders across the country",politics,"This text is about politics, government, elections, or public policy.",0.9181357622146606,0.8881128430366516
politics,seed3,politics_teacherseed3_a0.25,0.25,2,6,286,"Write a short neutral news brief about a group making a decision.

Brief:"," One woman was shot and killed in North Carolina in 2011 after an attempted robbery. She was a 32-year-old woman, who was wanted for an attempted robbery. She was shot once in the hand and suffered a significant wound in the attack.

Brief: An employee of a high-profile construction company was fatally wounded by a truck driver in March 2013.

Brief: The FBI found a gun in the car where",politics,"This text is about politics, government, elections, or public policy.",0.02747022546827793,-0.8634612560272217
politics,seed3,politics_teacherseed3_a0.25,0.25,2,7,287,"Write a short neutral news brief about a group making a decision.

Brief:"," A story or five or a hundred short-form, long-term reports about a group of people making a decision to get out of the marriage.

Saying one thing that makes one person more likely to do something that makes others less likely to do something that makes you more likely to do something that makes you less likely to do something that makes you more likely to do something that makes you less likely to do something that makes you more likely",politics,"This text is about politics, government, elections, or public policy.",0.11520929634571075,-0.3462962508201599
politics,seed3,politics_teacherseed3_a0.25,0.25,2,8,288,"Write a short neutral news brief about a group making a decision.

Brief:"," The Bush/Cheney administration has called for a moratorium on oil drilling at the Cenk, a region in the Middle East where Iraqis have been displaced, and which is at war with Iran.

Brief: The United States has called for an international conference on Iraq's nuclear program, as part of an effort to establish a ""stable, democratic Iraq.""

Brief: The government said it had decided not to proceed",politics,"This text is about politics, government, elections, or public policy.",0.8825750946998596,0.8559877276420593
politics,seed3,politics_teacherseed3_a0.25,0.25,2,9,289,"Write a short neutral news brief about a group making a decision.

Brief:","

I feel like every new wave of news that is being produced is like the news produced by a newspaper. And it's a pretty good example of what a newspaper should be. But a lot of the time, it doesn't have the time or resources to be doing it. So it's nice when a group of people who have the time to do it comes together and have a common goal, but not everyone wants to be doing it.",politics,"This text is about politics, government, elections, or public policy.",0.1172335222363472,-0.16813227534294128
politics,seed3,politics_teacherseed3_a0.25,0.25,2,10,290,"Write a short neutral news brief about a group making a decision.

Brief:"," Trump and the media. The White House, CNN, ABC News, CBS, NBC News, Fox News, and more on the news at the media and the public in order to keep you abreast of important news from the top stories of the day.

News brief: Trump, Fox News, ABC, NBC News, MSNBC and other news organizations on the news at the media and the public in order to keep you abreast",politics,"This text is about politics, government, elections, or public policy.",0.8235483169555664,0.7959727048873901
politics,seed3,politics_teacherseed3_a0.25,0.25,2,11,291,"Write a short neutral news brief about a group making a decision.

Brief:","

The U.S. Congress has established a number of ""nonprofits"" that work with or support disabled students. As a result, a number of organizations are taking an active role in supporting and educating disabled students.

The ""Disability Advocacy Center,"" the American Legion and the International Association of Independent Schools (IASs) are working to protect disabled students from discrimination and harassment by providing them with opportunities to have",politics,"This text is about politics, government, elections, or public policy.",0.41685640811920166,0.1380595862865448
politics,seed3,politics_teacherseed3_a0.25,0.25,2,12,292,"Write a short neutral news brief about a group making a decision.

Brief:"," President Bush on Iraq (video).

Courageous: This guy is a hero.

Strength: Stronger than anything you can imagine.

Unusual strength: A few things, and you get to a spot.

Courageous: Great.

Strength: Great strength.

Unusual strength: Really nice.

Unusual strength: He's got it, but we don't know",politics,"This text is about politics, government, elections, or public policy.",0.7405592203140259,0.707755446434021
politics,seed3,politics_teacherseed3_a0.25,0.25,2,13,293,"Write a short neutral news brief about a group making a decision.

Brief:","

A short neutral news brief about a group making a decision.

No more than three pages of information.

No more than one page of information.

No more than one page of information.

No more than one page of information.

No more than one page of information.

A short neutral news brief about a group making a decision.

Includes:

A brief about the group",politics,"This text is about politics, government, elections, or public policy.",0.21121542155742645,0.14290851354599
politics,seed3,politics_teacherseed3_a0.25,0.25,2,14,294,"Write a short neutral news brief about a group making a decision.

Brief:"," On Wednesday, Oct. 7, a group of people are meeting at the Washington headquarters of the Center for American Progress to come together to discuss what the group’s proposed strategy calls “The People’s Budget for the U.S. economy and the future of our nation and our economy.” The plan proposes a tax on income above $100,000 and a 2 percent cut to Social Security and Medicare. It also proposes a tax on those who",politics,"This text is about politics, government, elections, or public policy.",0.8277263045310974,0.787600040435791
politics,seed3,politics_teacherseed3_a0.25,0.25,2,15,295,"Write a short neutral news brief about a group making a decision.

Brief:"," The Obama administration's plans for sending more troops to Afghanistan, which Trump called ""unnecessarily provocative"" and a ""dead end.""

""This is really important for the Afghan people and for the Afghan people's national security,"" he said in the speech.

Story continues

The president said his aim is to send troops back home after five years to help curb the spread of the disease and help stabilize the country.

""And",politics,"This text is about politics, government, elections, or public policy.",0.8132961392402649,0.7829428315162659
politics,seed3,politics_teacherseed3_a0.25,0.25,2,16,296,"Write a short neutral news brief about a group making a decision.

Brief:"," One of our main goals is to provide readers with a quick brief on a specific topic so readers can quickly find what they are looking for.

This brief will have been written by our team and will be available on our site from April 23rd. It will also be published on all of our social media pages and other print media outlets.

Please take a minute to read.

If you have a news item to add or comment",politics,"This text is about politics, government, elections, or public policy.",0.021726714447140694,-0.00875295139849186
politics,seed3,politics_teacherseed3_a0.25,0.25,2,17,297,"Write a short neutral news brief about a group making a decision.

Brief:"," In June 2016, the University of Toronto announced the creation of the Human Rights Council of Canada. The council will be comprised of over 200 representatives of human rights groups and civil society. It will be created by a select committee of the Council of Ontario Women’s Chambers of Commerce (COWCC).

The council will have a mandate to “improve the human rights record of women in Canada.”

The council will be an advisory body of",politics,"This text is about politics, government, elections, or public policy.",0.12034409493207932,-0.5720719695091248
politics,seed3,politics_teacherseed3_a0.25,0.25,2,18,298,"Write a short neutral news brief about a group making a decision.

Brief:"," We asked people what is happening with the Syrian crisis and what will happen in the Middle East after the crisis breaks.

They were not pleased by the news that U.S. President Barack Obama is making a major push for an end to the war against terrorism, and that Washington is looking for a solution for the Arab countries that are not yet ready to deal with the violence in Syria.

The brief concluded with an optimistic statement from a",politics,"This text is about politics, government, elections, or public policy.",0.8277699947357178,0.7841122150421143
politics,seed3,politics_teacherseed3_a0.25,0.25,2,19,299,"Write a short neutral news brief about a group making a decision.

Brief:","

""We should start thinking about a way to give these young people something that is not just about themselves. Our children are our own.""

""I think the world will change. If we are honest with ourselves, we will change.

""We will make changes because people are not going to be able to fix everything if we don't listen to them.""

""We shouldn't be so selfish. I've been working",politics,"This text is about politics, government, elections, or public policy.",0.22450654208660126,0.04576979577541351
politics,seed3,politics_teacherseed3_a0.25,0.25,3,0,300,"Write a short neutral news brief about an event that happened today.

Brief:"," I was on stage when a black-and-white video of the death of a child at a school was broadcast around the world and was widely covered. I have had a lot of people ask me, ""How did you do that?"" And I do know that the media is very good at covering events that are very much part of human history. It's just that in my opinion, they need to keep the narrative going by not telling the story",politics,"This text is about politics, government, elections, or public policy.",0.09267812222242355,-0.37719714641571045
politics,seed3,politics_teacherseed3_a0.25,0.25,3,1,301,"Write a short neutral news brief about an event that happened today.

Brief:","

Katherine Duffy, the senior director of national security at the New America Foundation, said in a statement she will discuss “a topic for debate in our next meeting.” The fundraiser comes nearly six weeks after a terrorist attack in Pittsburgh, Pennsylvania, that killed 49 people, wounded over 2,000, and wounded an estimated 20,000 in the city.

The Trump Organization had been seeking to register a “non-profit”",politics,"This text is about politics, government, elections, or public policy.",0.8338936567306519,0.7899796962738037
politics,seed3,politics_teacherseed3_a0.25,0.25,3,2,302,"Write a short neutral news brief about an event that happened today.

Brief:"," The media are coming after the president, who called the attacks on Benghazi “a war crime,” and are warning him to hold off on military action.

The briefing was held at the White House in this photo by CNN senior correspondent Abigail Fox, and it is the first briefing CNN has had about Benghazi since the attacks in Libya. (Abigail Fox via AP)

The briefing comes at a time when",politics,"This text is about politics, government, elections, or public policy.",0.8643741607666016,0.8455096483230591
politics,seed3,politics_teacherseed3_a0.25,0.25,3,3,303,"Write a short neutral news brief about an event that happened today.

Brief:", There is this guy who got his ass shot in the face last weekend for not being able to say he was gay. He had to get the press to let him know that was okay with his being gay.,politics,"This text is about politics, government, elections, or public policy.",0.1556462198495865,-0.028515338897705078
politics,seed3,politics_teacherseed3_a0.25,0.25,3,4,304,"Write a short neutral news brief about an event that happened today.

Brief:"," In the early morning hours, a small plane was heading toward a small island on a reef off the coast of Brazil. The small plane’s pilot, who was in Brazilian waters, was unaware of the plane’s direction, so the pilot said that the plane must have fallen off the island, and that there was nothing he could do about it.

Brief: A short news report about the crash on an airplane that was heading toward",politics,"This text is about politics, government, elections, or public policy.",0.044875990599393845,-0.815637469291687
politics,seed3,politics_teacherseed3_a0.25,0.25,3,5,305,"Write a short neutral news brief about an event that happened today.

Brief:"," A man and his dog were charged with child abduction Tuesday in connection with an incident that left two unsupervised children with severe injuries.

The man allegedly knocked and shoved the dogs to the ground, said a news release from the Boca Raton Sheriff's Office. The man said he did not know the dogs and the dogs are fine.

The incident happened at the home of two children, ages 6 and 2, in the area",politics,"This text is about politics, government, elections, or public policy.",0.0028850564267486334,-0.9842644929885864
politics,seed3,politics_teacherseed3_a0.25,0.25,3,6,306,"Write a short neutral news brief about an event that happened today.

Brief:","

“We are aware of an ongoing incident involving a Russian citizen who is alleged to have violated our immigration laws,” said Department of Homeland Security Deputy Director Dan Kelly in a statement. “We are currently investigating this matter as a matter of urgency. We also remain in contact with our local and national law enforcement, as well as our national intelligence and law enforcement partners to determine what action we should take and why.”",politics,"This text is about politics, government, elections, or public policy.",0.7590475082397461,0.7136051654815674
politics,seed3,politics_teacherseed3_a0.25,0.25,3,7,307,"Write a short neutral news brief about an event that happened today.

Brief:"," Trump's campaign adviser George Papadopoulos used a private email account to send a book to a Russian associate, according to two people briefed on the matter.

Trump's campaign adviser George Papadopoulos used a private email account to send a book to a Russian associate, according to two people briefed on the matter.

Papadopoulos sent the book to the Trump campaign, a person familiar with the matter said.

",politics,"This text is about politics, government, elections, or public policy.",0.9300631880760193,0.9198160171508789
politics,seed3,politics_teacherseed3_a0.25,0.25,3,8,308,"Write a short neutral news brief about an event that happened today.

Brief:"," After a bomb went off at a school, people are gathering to celebrate, but there was this strange event happening today, so I thought, hey, let's do this. I wanted to tell the story of what happened. I want to say it was terrible, and it was bad. I wanted to say we were in a war zone, I wanted to talk about how some people, this is normal, people don't do that, they can",politics,"This text is about politics, government, elections, or public policy.",0.06336721032857895,-0.7488707900047302
politics,seed3,politics_teacherseed3_a0.25,0.25,3,9,309,"Write a short neutral news brief about an event that happened today.

Brief:"," The New York Times

WASHINGTON — The Bush administration is preparing to give Congress the authority to require the Pentagon to reexamine its long-standing practices of targeting warships and aircraft in the middle of the night.

Under the revised proposals, the Pentagon would be asked to revise and improve its “preemptive strikes” for “events that occur on the basis of, or near, active, operational or strategic importance” to America",politics,"This text is about politics, government, elections, or public policy.",0.8599315285682678,0.8227465152740479
politics,seed3,politics_teacherseed3_a0.25,0.25,3,10,310,"Write a short neutral news brief about an event that happened today.

Brief:"," http://www.cnn.com/2011/05/24/opinion/a-rebellion-of-hillary-clinton/index.html

""We are now faced with a choice between a president and a Clinton presidency,"" Trump said of his own ""dire situation.""

""I've been working for a while, the first week, the most crucial week of my life. When I had that little",politics,"This text is about politics, government, elections, or public policy.",0.8453316688537598,0.789106547832489
politics,seed3,politics_teacherseed3_a0.25,0.25,3,11,311,"Write a short neutral news brief about an event that happened today.

Brief:","

The University of Michigan is on the verge of reestablishing its reputation as a ""first-world city"" and is preparing for a yearlong reintegration effort by faculty and staff, which is expected to cost $250,000 annually.

The university had been struggling with the loss of two faculty members, and had to revamp its response to the event. The university recently awarded two-year scholarships to those who would volunteer",politics,"This text is about politics, government, elections, or public policy.",0.04090704396367073,-0.826459527015686
politics,seed3,politics_teacherseed3_a0.25,0.25,3,12,312,"Write a short neutral news brief about an event that happened today.

Brief:"," In the early morning hours of March 26, at a small military building in downtown Baltimore, there were two hundred armed men, each one with a weapon, marching in a formation.

""One of the young men in the group was walking toward us,"" said an eyewitness, referring to Sgt. James ""Jock"" Hager of the Maryland National Guard.

Hager, who spoke with police as he described the events, said",politics,"This text is about politics, government, elections, or public policy.",0.0905042365193367,-0.4924086928367615
politics,seed3,politics_teacherseed3_a0.25,0.25,3,13,313,"Write a short neutral news brief about an event that happened today.

Brief:","

In this short and heartfelt article, I am asking why people think it would be fair for me to publish my article on the event that I described in my personal profile. This is not how I meant it to be, and I am glad that I am not making any such suggestion. I also feel that the public ought to hear a lot more about the event and it shouldn't feel as if I am giving an opinion on it.",politics,"This text is about politics, government, elections, or public policy.",0.08886498957872391,0.028302669525146484
politics,seed3,politics_teacherseed3_a0.25,0.25,3,14,314,"Write a short neutral news brief about an event that happened today.

Brief:","

The Associated Press (AP) said late Thursday it has learned that a former Texas official in a special committee of the state's congressional delegation has made a confidential interview with House Speaker John Boehner to be announced next week. A House Republican aide said the unidentified official -- known by the name J.B. McArthur -- is not the same person as Boehner, who was also at the meeting.

The AP said the unnamed official",politics,"This text is about politics, government, elections, or public policy.",0.8813807368278503,0.8616308569908142
politics,seed3,politics_teacherseed3_a0.25,0.25,3,15,315,"Write a short neutral news brief about an event that happened today.

Brief:"," President Barack Obama will deliver his State of the Union address today. The speech is designed to get the nation out of the dark political and economic hole that plagued the country for years.

We urge you to support the President’s address to the nation and urge you to support President Obama’s commitment to the American people to be fully informed on what needs to be done to protect the nation’s most vital interests. We will be using the",politics,"This text is about politics, government, elections, or public policy.",0.915560781955719,0.8994027972221375
politics,seed3,politics_teacherseed3_a0.25,0.25,3,16,316,"Write a short neutral news brief about an event that happened today.

Brief:"," You may have heard that the Washington Post reported on a man who said he was being gunned down in Washington, D.C., on Monday. The man was one of two men who were gunned down by a white supremacist in a mass shooting at a gun range in Washington, D.C.

“This is a new era,” one of the men said in a statement to the Post. “I’m not talking",politics,"This text is about politics, government, elections, or public policy.",0.4483587145805359,0.33168312907218933
politics,seed3,politics_teacherseed3_a0.25,0.25,3,17,317,"Write a short neutral news brief about an event that happened today.

Brief:"," The news today about the collapse of the US President’s golf resort in South Carolina, the collapse of the US Vice President’s golf resort in Florida and the collapse of the US Navy’s warship.",politics,"This text is about politics, government, elections, or public policy.",0.8418787121772766,0.8059889674186707
politics,seed3,politics_teacherseed3_a0.25,0.25,3,18,318,"Write a short neutral news brief about an event that happened today.

Brief:"," This article, written by Dan Rather, has been posted on the Democratic National Committee website, but it is not yet available in full.

When was it originally published and how was the content changed? Who were the original authors? Why was it published in the first place?

The authors of this article are Dan Rather, who is a staff writer for the DNC.

Are you a DNC staff writer? Do you have",politics,"This text is about politics, government, elections, or public policy.",0.745530366897583,0.7260459661483765
politics,seed3,politics_teacherseed3_a0.25,0.25,3,19,319,"Write a short neutral news brief about an event that happened today.

Brief:"," A news brief written by a prominent Republican lobbyist about a major political event at the White House.

Lobbyist George Schimberg is an outspoken conservative and a major donor to the Republican Party. As a member of a pro-business lobbyist in Los Angeles, Schimberg was able to gain media exposure for himself by writing the brief in an attempt to convince his superiors in the California legislature to allow the Republican party to",politics,"This text is about politics, government, elections, or public policy.",0.8829415440559387,0.8637800812721252
politics,seed3,politics_teacherseed3_a0.25,0.25,4,0,320,"Write a short neutral news brief about a change people are discussing.

Brief:","

For those of us who are young, it would be great to have our thoughts, ideas and feelings expressed and shared in more detail. Some of the most interesting ideas come from our parents who have experienced things that we don’t know what they are. It would be great if they would share their memories of them, their struggles, their triumphs, and what they have done to advance the cause of LGBT rights and freedom.

",politics,"This text is about politics, government, elections, or public policy.",0.047159187495708466,-0.8521134853363037
politics,seed3,politics_teacherseed3_a0.25,0.25,4,1,321,"Write a short neutral news brief about a change people are discussing.

Brief:"," The story is set in the 1980s. The story is about a young, disabled woman and her friends in New York City who come to her home to get help for a broken leg.

The story focuses on the friends, who say they are in their late teens or early twenties, and find themselves at a difficult and lonely place.

For many, the story reflects the isolation and loneliness that many of the community members have,",politics,"This text is about politics, government, elections, or public policy.",0.0037664708215743303,-0.9806854128837585
politics,seed3,politics_teacherseed3_a0.25,0.25,4,2,322,"Write a short neutral news brief about a change people are discussing.

Brief:"," The new rules will require all news outlets to be able to report the same type of stories.

You’ve got it. We’re ready to get your news into your newsrooms.

The rule will have nothing to do with news or politics, but with public education: that’s the goal of the new rules.

If you think your news is wrong, you need to know how your stories are treated, and",politics,"This text is about politics, government, elections, or public policy.",0.5080659985542297,0.23382329940795898
politics,seed3,politics_teacherseed3_a0.25,0.25,4,3,323,"Write a short neutral news brief about a change people are discussing.

Brief:","

Brief:

This short neutral news brief about a change people are discussing was sent to the editor by someone who, in the final analysis, was actually not an employee of The Free Press. The brief was posted in April 2014, a few months before I had started working with the organization at that time.

Now the brief is being published in the January 2015 issue of Newsweek, though it does not mention it at all",politics,"This text is about politics, government, elections, or public policy.",0.32885873317718506,0.23176836967468262
politics,seed3,politics_teacherseed3_a0.25,0.25,4,4,324,"Write a short neutral news brief about a change people are discussing.

Brief:"," “I was told to go into the kitchen and put a large pan of boiling water on the stove and it turned out fine. So then they took it out the day I got here and put it in the oven. They went in and cooked it for me and it turned out fine.”

Brief: “I think when you’re on the lookout for something and it’s not just the one thing, you’re also",politics,"This text is about politics, government, elections, or public policy.",0.05228268355131149,-0.35681748390197754
politics,seed3,politics_teacherseed3_a0.25,0.25,4,5,325,"Write a short neutral news brief about a change people are discussing.

Brief:","

Brief: The Obama administration is reportedly considering setting up a “donor-driven international committee to investigate Iran’s nuclear program.”

Brief: The New York Times reported that Obama is planning to set up a national committee to probe Iran’s nuclear program if the regime seeks to change the regime’s nuclear program.

Brief: The Washington Post reported in December that US officials are considering setting up a national committee",politics,"This text is about politics, government, elections, or public policy.",0.9002900123596191,0.8802995681762695
politics,seed3,politics_teacherseed3_a0.25,0.25,4,6,326,"Write a short neutral news brief about a change people are discussing.

Brief:", Change comes through changes in the political and economic system and change in what people think of their lives.,politics,"This text is about politics, government, elections, or public policy.",0.8084578514099121,0.7768493294715881
politics,seed3,politics_teacherseed3_a0.25,0.25,4,7,327,"Write a short neutral news brief about a change people are discussing.

Brief:","

I was talking to a man who was at the end of his rope and had decided to get up, walk out the door and then walk to the window to see where his wife was. As he was being pulled out, someone came into the room and the wife was saying, ‘Why is there a gun in the room with a little girl’s hand in it?’ I saw there was a weapon and this guy was sitting on the",politics,"This text is about politics, government, elections, or public policy.",0.10412436723709106,-0.37598076462745667
politics,seed3,politics_teacherseed3_a0.25,0.25,4,8,328,"Write a short neutral news brief about a change people are discussing.

Brief:"," The Senate Judiciary Committee wants to banish the name of a judge in the District of Columbia and a prominent woman from his office.

Brief: The Senate Judiciary Committee wants to banish the name of a judge in the District of Columbia and a prominent woman from his office.

Brief: It's a simple but important difference. It's not just the name of a judge on the bench. It's the fact that it's",politics,"This text is about politics, government, elections, or public policy.",0.8215271234512329,0.8087814450263977
politics,seed3,politics_teacherseed3_a0.25,0.25,4,9,329,"Write a short neutral news brief about a change people are discussing.

Brief:"," What are the benefits of the government shutting down the federal government's most sensitive cyber-security program?

On the one hand, this is a huge step forward for cybersecurity. They need to shut down their massive military infrastructure. They need to re-scale their cyber-security efforts. They need to rethink the entire notion of an Internet of Everything. They need to re-imagine a world where every citizen and business in every major",politics,"This text is about politics, government, elections, or public policy.",0.8089810609817505,0.7640494108200073
politics,seed3,politics_teacherseed3_a0.25,0.25,4,10,330,"Write a short neutral news brief about a change people are discussing.

Brief:"," News brief for a change people are discussing.

Brief: News brief for a change people are discussing.

Brief: News brief for a change people are discussing.

Brief: News brief for a change people are discussing.

Brief: News brief for a change people are discussing.

Brief: News brief for a change people are discussing.

Brief: News brief for a change people",politics,"This text is about politics, government, elections, or public policy.",0.10386211425065994,0.06288507580757141
politics,seed3,politics_teacherseed3_a0.25,0.25,4,11,331,"Write a short neutral news brief about a change people are discussing.

Brief:"," The US has begun sending military advisers to the Middle East to counter the Iranian influence.

Citing the latest “unprecedented” development, the State Department said in a statement: “Secretary of Defense Richard Holbrooke has directed the Secretary of Defense to coordinate efforts to support the deployment of the Afghan National Army’s troops.

“He has agreed that the Secretary will also continue to monitor developments in Afghanistan in an effort to inform",politics,"This text is about politics, government, elections, or public policy.",0.7245321869850159,0.6522116661071777
politics,seed3,politics_teacherseed3_a0.25,0.25,4,12,332,"Write a short neutral news brief about a change people are discussing.

Brief:","

Brief: People are talking about a change to the way the UK tax system is structured. It will affect tax revenue from the UK and the tax rate is set to fall to a level of £25,000 a year (or 0.4%) for households. The tax rate is set to be reduced from a threshold of £2,000 to 0.5% for a single person. If that tax rate changes, it will",politics,"This text is about politics, government, elections, or public policy.",0.6554358601570129,0.5360153913497925
politics,seed3,politics_teacherseed3_a0.25,0.25,4,13,333,"Write a short neutral news brief about a change people are discussing.

Brief:","

Newly released memos and emails from the National Security Agency show the agency began a policy of limiting surveillance in order to “prevent the threat of terrorism.”

The memo, which was sent from its chief to the chief of staff, included a request for the NSA to “review” the intelligence-sharing program so that “we will be able to monitor” U.S. intelligence agencies and “avoid the threat of terrorism.”
",politics,"This text is about politics, government, elections, or public policy.",0.7916174530982971,0.7531952261924744
politics,seed3,politics_teacherseed3_a0.25,0.25,4,14,334,"Write a short neutral news brief about a change people are discussing.

Brief:"," No longer would you be stuck with two, three, four, five or even six people just listening to what's being said by one person — all on the same channel, all with the same message — all with one purpose and one goal.

The idea is to turn this kind of thing off.

This is why, as the president-elect of the United States, I am very focused on the news side of our business.",politics,"This text is about politics, government, elections, or public policy.",0.8813943266868591,0.851285994052887
politics,seed3,politics_teacherseed3_a0.25,0.25,4,15,335,"Write a short neutral news brief about a change people are discussing.

Brief:"," the government is offering free college for 2 million low-income parents who need assistance with their tax bill (up to 50% for those who can afford to pay their college bills). The government will offer subsidies to low-income families and send tax dollars to the lowest income families.

Brief: there are more than 2 million low-income parents who need help with their tax bills (up to 50% for those who can afford to pay",politics,"This text is about politics, government, elections, or public policy.",0.6599885821342468,0.5822198390960693
politics,seed3,politics_teacherseed3_a0.25,0.25,4,16,336,"Write a short neutral news brief about a change people are discussing.

Brief:"," http://mytalk.org/wp-content/uploads/2016/09/mytalk.pdf Mytalk.org

Mytalk.org is a web based platform that enables users to communicate with each other, and create a variety of community based tools. Our mission is to provide the latest, free, and open source Mytalk software.",politics,"This text is about politics, government, elections, or public policy.",0.05086439102888107,-0.4762861728668213
politics,seed3,politics_teacherseed3_a0.25,0.25,4,17,337,"Write a short neutral news brief about a change people are discussing.

Brief:"," The New York Times article suggests that a new study of how the state of Israel impacts the lives of citizens of the region suggests that the Palestinian leadership is averse to the idea that this is an issue for them.

Short: A brief about what the Israeli government is doing to address the threat of terrorism in the region.

Brief: The NYT article is a brief on Israel’s anti-terrorism strategy.

B",politics,"This text is about politics, government, elections, or public policy.",0.7477401494979858,0.6823843717575073
politics,seed3,politics_teacherseed3_a0.25,0.25,4,18,338,"Write a short neutral news brief about a change people are discussing.

Brief:"," The story, ""The U.S. has been watching Russia for years now,"" that began as a political debate among Russia's leading citizens. It was eventually accepted as true by the media, which was only interested in whether the Kremlin would change its policies or not.

""The Russians are not looking at what the American people do. It's their money,"" said Donald Trump, according to a CNN reporter. ""The people are not going",politics,"This text is about politics, government, elections, or public policy.",0.8872747421264648,0.8588679432868958
politics,seed3,politics_teacherseed3_a0.25,0.25,4,19,339,"Write a short neutral news brief about a change people are discussing.

Brief:"," We are going to discuss whether we will ban gay people from voting.

Short: The ban will go on, as will the ban on public schools.

That is a ban that is still going on.

For more, listen to this short.

But you'll get the idea: It will go on.

So, the fact that there will be a ban on public schools is a new thing, and so",politics,"This text is about politics, government, elections, or public policy.",0.6718156337738037,0.6128814816474915
politics,seed3,politics_teacherseed3_a0.25,0.25,5,0,340,"Write a short neutral news brief about a new plan.

Brief:"," A short, neutral news brief about the latest draft of the National Security Agency’s new privacy regulations.

In a separate interview with NPR, House Speaker Paul Ryan, a Republican from Wisconsin, said that his government’s own intelligence gathering had been “a major concern” for the U.S.

“We’re going to be very proactive with everything,” he said, “and we’re going to have the strongest protection",politics,"This text is about politics, government, elections, or public policy.",0.9122300744056702,0.8923977017402649
politics,seed3,politics_teacherseed3_a0.25,0.25,5,1,341,"Write a short neutral news brief about a new plan.

Brief:"," This proposal would allow the federal government to establish a public transit system of 100 miles of underground, high-capacity express bus lanes.

The new buses would make the system easier to operate and provide better service, according to the National Transportation Safety Board. This proposal would also address safety issues that caused delays in many transit projects, such as delays between major intersections in the early morning and early evening hours.

The proposed legislation passed the House earlier",politics,"This text is about politics, government, elections, or public policy.",0.8775203227996826,0.8549551963806152
politics,seed3,politics_teacherseed3_a0.25,0.25,5,2,342,"Write a short neutral news brief about a new plan.

Brief:"," How long before the final decision on how to spend taxpayers' money on an overpriced, wasteful and unnecessary TV antenna to make it harder to provide the service Americans want most? What if you do a better job at keeping your lights on? What if you do it right?

If you're wondering if the new technology will be necessary, we have a very simple answer: No, no, no, no. But if you do know",politics,"This text is about politics, government, elections, or public policy.",0.49734485149383545,0.43568694591522217
politics,seed3,politics_teacherseed3_a0.25,0.25,5,3,343,"Write a short neutral news brief about a new plan.

Brief:","

The news conference at 9:25 a.m. was meant to be a “free press conference,” although the purpose was simply to get as much information as possible in an efficient way and not to have any media at all. Instead, a message was sent to the public by a government representative. He stated that no media had been allowed into the briefing room, which was the only place the public had access to.

He further",politics,"This text is about politics, government, elections, or public policy.",0.7139696478843689,0.6691582798957825
politics,seed3,politics_teacherseed3_a0.25,0.25,5,4,344,"Write a short neutral news brief about a new plan.

Brief:"," A national group of citizens from over a dozen cities have launched a nationwide campaign in support of this plan. In New York City, Mayor Bill de Blasio and a group of local residents are calling for a national ballot referendum that would end the current system of public schools and allow more charter schools to be run as ""traditional"" public schools. In San Francisco, Mayor Ed Lee is calling for a national ballot referendum that would end the current charter system.",politics,"This text is about politics, government, elections, or public policy.",0.9316526651382446,0.9237080216407776
politics,seed3,politics_teacherseed3_a0.25,0.25,5,5,345,"Write a short neutral news brief about a new plan.

Brief:"," The state's most powerful prosecutor, Robert Mueller, is also a key to defeating Donald Trump's presidency.

(CNN) President Donald Trump will give the Senate a final vote on his plan to use tax cuts to pay for the wall along the U.S.-Mexico border, the two sides agreed on a last-minute measure Friday, days before the first votes were to be cast in the Senate.

The resolution that would extend the",politics,"This text is about politics, government, elections, or public policy.",0.9176437258720398,0.9002298712730408
politics,seed3,politics_teacherseed3_a0.25,0.25,5,6,346,"Write a short neutral news brief about a new plan.

Brief:"," On Tuesday, the New York Times reported that President Trump will veto the bill. But he’ll have to decide whether to follow through or go to the Senate to oppose it.

Brief: The Times reports that Trump will veto a bill that will prevent the Pentagon from acquiring military equipment that might be used in the Syrian crisis.

Brief: This is the fourth time in the past month that the president has vetoed bills this",politics,"This text is about politics, government, elections, or public policy.",0.9294988512992859,0.9143716096878052
politics,seed3,politics_teacherseed3_a0.25,0.25,5,7,347,"Write a short neutral news brief about a new plan.

Brief:"," The latest proposal for eliminating the gas industry and creating a new energy market on the outskirts of the energy supply chain is a big step forward for the US, but it's one we should be worried about.

A new energy report suggests that the US might be able to reduce its greenhouse gas emissions by as much as 50 percent by 2030.

The report comes in the wake of a dramatic spike in global greenhouse gas emissions just ahead of the",politics,"This text is about politics, government, elections, or public policy.",0.6527196764945984,0.537215530872345
politics,seed3,politics_teacherseed3_a0.25,0.25,5,8,348,"Write a short neutral news brief about a new plan.

Brief:"," The American people are demanding that Congress enact a “common sense” ban on certain forms of electronic mail, something the president has proposed but has not yet fully implemented. “It’s important to note that the president is not proposing the ban on this. He’s proposing a ban on everything from electronic mail to automated voice communications,” said Sean Spicer in an email. “The president is just expressing frustration that Congress hasn’t acted on this",politics,"This text is about politics, government, elections, or public policy.",0.8772108554840088,0.8587489128112793
politics,seed3,politics_teacherseed3_a0.25,0.25,5,9,349,"Write a short neutral news brief about a new plan.

Brief:"," The president, the secretary, the Senate leadership, the congress and the Congress, the press and the president.

Short: The president, the secretary, the Congress and the Congress, the press and the president.

Told a short summary of some of the most important pieces of legislation to date.

Brief: The president, the secretary, the Congress and the Congress, the press and the president.

Short:",politics,"This text is about politics, government, elections, or public policy.",0.9232673048973083,0.9026930928230286
politics,seed3,politics_teacherseed3_a0.25,0.25,5,10,350,"Write a short neutral news brief about a new plan.

Brief:","

A new plan to combat climate change is being proposed by the Green Party of Canada and has been described by the federal government as a ""disaster"" and has promised to ""increase"" CO2 emissions ""more than ever."" A plan to cut the amount of carbon dioxide from the atmosphere by nearly 20 percent by 2025 and lower emissions levels by 2025 is being considered by the Green Party of Canada.

The current plan calls",politics,"This text is about politics, government, elections, or public policy.",0.7820125818252563,0.7229241728782654
politics,seed3,politics_teacherseed3_a0.25,0.25,5,11,351,"Write a short neutral news brief about a new plan.

Brief:"," The Government will continue to be accountable for its financial results until the next round of elections, the government has said.

In a statement, the Department of Financial Services said the department was still reviewing its options in light of a new round of voting.

It said the government would continue to “review its options and make recommendations based on ongoing consultation with stakeholders, including the public, media, and other relevant stakeholders.”

It said the",politics,"This text is about politics, government, elections, or public policy.",0.914218544960022,0.8980656862258911
politics,seed3,politics_teacherseed3_a0.25,0.25,5,12,352,"Write a short neutral news brief about a new plan.

Brief:"," An updated report of the U.S. withdrawal from the Iran nuclear deal and new efforts to curb Tehran’s nuclear activities.

“We’re just now starting to hear voices that say they’re concerned about U.S. power,” said Rep. Bill Huizenga, R-Mich., a longtime critic of the Iran nuclear deal.

Rep. Mark Meadows, R-N.C., who led the",politics,"This text is about politics, government, elections, or public policy.",0.7963060736656189,0.7580872178077698
politics,seed3,politics_teacherseed3_a0.25,0.25,5,13,353,"Write a short neutral news brief about a new plan.

Brief:","

This is a brief on the “Proposed Proposal for a Proposed Plan to Combat Corruption in the Digital Age” that is available at http://www.thedigitalnews.com/business/news/pdf/proposed-proposal-to-determine-how-to-improve-digital-industry.htm.

Included with the text is the following discussion of how the proposed plan would",politics,"This text is about politics, government, elections, or public policy.",0.5928604006767273,0.5390147566795349
politics,seed3,politics_teacherseed3_a0.25,0.25,5,14,354,"Write a short neutral news brief about a new plan.

Brief:"," A new plan by the governor of Minnesota that will eliminate mandatory prison sentences for repeat offenders in the next round of sentencing reform.

More: A new document to be published by the governor and legislative leaders in a day of action on state's prison sentences, probation and parole reform

More: Governor Rick Snyder's latest plan to eliminate mandatory sentences for repeat offenders: ""We are still committed to this process.""

More: A new document",politics,"This text is about politics, government, elections, or public policy.",0.894486665725708,0.8745130300521851
politics,seed3,politics_teacherseed3_a0.25,0.25,5,15,355,"Write a short neutral news brief about a new plan.

Brief:"," ""We expect the government to start doing things like releasing its annual budget.""

""Our economic growth and jobs growth will be much higher than anything we have seen in recent years,"" the report said.

But the U.K. Treasury has refused to tell parliament and the opposition that the Government is considering a package of policy measures to reduce the deficit.

A spokesman for the Treasury said in a statement that the Treasury would ""take",politics,"This text is about politics, government, elections, or public policy.",0.840754508972168,0.8042739629745483
politics,seed3,politics_teacherseed3_a0.25,0.25,5,16,356,"Write a short neutral news brief about a new plan.

Brief:"," “We’re putting out an announcement today,” according to the website. “We’re going to put out a short video about the new plan on the new policy, and we’re going to be getting lots of people to vote.”

It’s “not something we’re going to be doing, but we’re going to make sure that people are getting in front of the camera and that we’re getting the attention",politics,"This text is about politics, government, elections, or public policy.",0.7910263538360596,0.7401137948036194
politics,seed3,politics_teacherseed3_a0.25,0.25,5,17,357,"Write a short neutral news brief about a new plan.

Brief:"," The federal government has proposed to have all Americans who were at least four years old in the mid-1970s use a combination of Social Security benefits, child-bearing age, and a private welfare system.

What you’ll hear: Federal spending on education is set to expand by just over $600 billion next year.

A short, friendly news brief about new government regulations and rules.

Brief: The new regulations could",politics,"This text is about politics, government, elections, or public policy.",0.8820427060127258,0.8543084859848022
politics,seed3,politics_teacherseed3_a0.25,0.25,5,18,358,"Write a short neutral news brief about a new plan.

Brief:"," A new plan to save $15 billion a year in government funding for education.

Brief: A plan to give students in the future more choice and access to higher education.",politics,"This text is about politics, government, elections, or public policy.",0.7523307204246521,0.6447449922561646
politics,seed3,politics_teacherseed3_a0.25,0.25,5,19,359,"Write a short neutral news brief about a new plan.

Brief:"," In the near term, we’re going to be trying to increase our national security threat rating. It will be at the bottom of the page to get the public’s perspective on this issue.

The public can see on the bottom of the page what we’re doing with the American people. The public can hear the views of the American people.

The public can learn what’s going on here, where there are issues",politics,"This text is about politics, government, elections, or public policy.",0.7917892336845398,0.7680979371070862
politics,seed3,politics_teacherseed3_a0.5,0.5,0,0,360,"Write a short neutral news brief about a recent local development.

Brief:"," What will happen when the last few miles of the highway are covered with a few trees, a lot of green, and not much more vegetation?

Question: I want to know which way the next stop is on the highway, and how to access it.

A:

I would take a short one and see where it leads.
The idea of a brief to let a person know he is out there is a bit over",politics,"This text is about politics, government, elections, or public policy.",0.1059761643409729,-0.18037176132202148
politics,seed3,politics_teacherseed3_a0.5,0.5,0,1,361,"Write a short neutral news brief about a recent local development.

Brief:"," A news brief produced by the New York Times in 2009 on a recent development that had killed two workers.

A brief about a local development that had killed two workers. The brief was produced by the New York Times.

A brief about a local development that had killed two workers. The brief was produced by the New York Times.

A brief about a local development that had killed two workers. The brief was produced by the New",politics,"This text is about politics, government, elections, or public policy.",0.40578776597976685,0.3096841275691986
politics,seed3,politics_teacherseed3_a0.5,0.5,0,2,362,"Write a short neutral news brief about a recent local development.

Brief:"," How did we lose the peace? And how might that affect our country? And more.

You know the news brief. Now listen to the short. You can tell, I mean, that they’re going to make sure we stop going out in their neighborhood, and they’re going to keep us around, and they’re going to keep us here, and then you’re going to get back, you know, a little",politics,"This text is about politics, government, elections, or public policy.",0.6313760280609131,0.5261554718017578
politics,seed3,politics_teacherseed3_a0.5,0.5,0,3,363,"Write a short neutral news brief about a recent local development.

Brief:"," Mayor Brian Williams, an outspoken critic of the city's proposed $14 million budget reduction, will ask the legislature to reduce the city's budget by $1.6 million. The mayor said he was ""not satisfied"" with the request.

The city is a ""responsible and well-respected"" institution.

""Our city has a long history of being a very respected institution,"" Williams said. ""We have long held that",politics,"This text is about politics, government, elections, or public policy.",0.8528210520744324,0.8212102055549622
politics,seed3,politics_teacherseed3_a0.5,0.5,0,4,364,"Write a short neutral news brief about a recent local development.

Brief:"," A new report suggests that the city's new zoning ordinance will be a “reform of the zoning code,” according to the Los Angeles Times. That is according to a document found in a bill that's been introduced in Congress and signed by Gov. Jerry Brown.

The bill, which was drafted by Assemblywoman Cindy Rakic and Gov. Jerry Brown's office, has been put up for a vote.

“If I",politics,"This text is about politics, government, elections, or public policy.",0.8167589902877808,0.7823631763458252
politics,seed3,politics_teacherseed3_a0.5,0.5,0,5,365,"Write a short neutral news brief about a recent local development.

Brief:"," It's not the only day-to-day news that's being brought to the forefront.

""This could be the only day-to-day news that's being brought to the forefront,"" said Tomas Chong, a partner in the firm's Washington, D.C., office. ""We're just not doing the daily thing.""

He said the firm's role is to ""create some of that news"" to help",politics,"This text is about politics, government, elections, or public policy.",0.36104458570480347,0.30181190371513367
politics,seed3,politics_teacherseed3_a0.5,0.5,0,6,366,"Write a short neutral news brief about a recent local development.

Brief:"," Why would a large construction project need to be in the news before it has a chance to produce a positive impact?

The report, which the federal government is looking into, found that about half of the local government projects built during the Great Recession are either rated “good” or “good” by the National Center for Reconstruction Studies.

The report, published Thursday, said one of the reasons that the federal government is trying to",politics,"This text is about politics, government, elections, or public policy.",0.8667677044868469,0.8373346328735352
politics,seed3,politics_teacherseed3_a0.5,0.5,0,7,367,"Write a short neutral news brief about a recent local development.

Brief:","

An investigation into a planned development to create a new waterfront community has been launched after a group of concerned residents called on the Government and the city council to investigate the proposed development.

The council has received a report from the local authority which said the development would result in a significant impact on waterfront and coastal views, adding that there was also concern about the development’s impact on waterways.

“We are concerned about",politics,"This text is about politics, government, elections, or public policy.",0.6663103699684143,0.5342704057693481
politics,seed3,politics_teacherseed3_a0.5,0.5,0,8,368,"Write a short neutral news brief about a recent local development.

Brief:"," A woman who is struggling to pay her mortgage and needs help getting an apartment.

Short (18): a short description of a young woman in need.

Short (28): a short brief about a local family who find themselves in financial trouble.

Short (33): a short, brief description of a local teenager with an illness.

Short (38): a short, brief description of a local family with a homeless situation",politics,"This text is about politics, government, elections, or public policy.",0.007127485703676939,-0.9625470638275146
politics,seed3,politics_teacherseed3_a0.5,0.5,0,9,369,"Write a short neutral news brief about a recent local development.

Brief:","

As of today, all of the following news items were published in “News Briefs” on the news page of my website:

I am writing this brief for the purpose of providing a short neutral news brief about a recent local development. The brief is primarily intended to promote a community discussion of the subject matter.

I am writing this brief for the purpose of providing a short neutral news brief about a recent local development. The",politics,"This text is about politics, government, elections, or public policy.",0.25364217162132263,0.22272740304470062
politics,seed3,politics_teacherseed3_a0.5,0.5,0,10,370,"Write a short neutral news brief about a recent local development.

Brief:"," a news brief about a recent development.

How can a brief be about the local development? Because the city’s new urban planner recently added a “local” category for the designation. Local development, in fact, includes such things as affordable housing and development to enhance local economy and transit opportunities. The brief is more than 140 words; the brief is divided into three sections: the “local” title, the “development” section and",politics,"This text is about politics, government, elections, or public policy.",0.190800279378891,-0.14429828524589539
politics,seed3,politics_teacherseed3_a0.5,0.5,0,11,371,"Write a short neutral news brief about a recent local development.

Brief:"," http://the.nationalreport.com/story/2009/10/24/local-news-council-bills-on-police-violence/

The Emergency Election Sale is now live! Get 30% to 60% off our most popular products today!",politics,"This text is about politics, government, elections, or public policy.",0.828344464302063,0.762402355670929
politics,seed3,politics_teacherseed3_a0.5,0.5,0,12,372,"Write a short neutral news brief about a recent local development.

Brief:"," “Brick City residents are hoping to add a new business center to the city’s downtown development.”

Brief: “The mayor says the downtown development of the old Brick City facility is still being developed.”

Brief: “The developer is looking at the possibility of a new downtown development.”

Brief: “The Brick City Downtown development is part of the mayor’s priorities.”

Brief:",politics,"This text is about politics, government, elections, or public policy.",0.6539311408996582,0.5434744954109192
politics,seed3,politics_teacherseed3_a0.5,0.5,0,13,373,"Write a short neutral news brief about a recent local development.

Brief:"," A woman in her early twenties living in her basement building in downtown Calgary is the latest in a wave of female suicide attacks in the city, killing more than 100 people.

The number of suicides among the city's ""male victims,"" or those living below the poverty line, has increased by more than a third in recent years.

""It's going to be a serious, vicious cycle,"" said Michael Schreiner, a",politics,"This text is about politics, government, elections, or public policy.",0.019819198176264763,-0.8796430230140686
politics,seed3,politics_teacherseed3_a0.5,0.5,0,14,374,"Write a short neutral news brief about a recent local development.

Brief:"," In the summer, a lot of the local governments had to deal with a significant budget crisis as residents went to work, and residents would be asked to pay for things, such as firewood, electricity, and heating. The problem was the cost of these items. There wasn't enough firewood to pay for the costs of building and maintaining the roads, sewers, and utilities.

Brief: There were a lot of ways the government",politics,"This text is about politics, government, elections, or public policy.",0.8576018214225769,0.8193761110305786
politics,seed3,politics_teacherseed3_a0.5,0.5,0,15,375,"Write a short neutral news brief about a recent local development.

Brief:"," The Bishops of the Diocese of Salford will attend an Easter service at the city's University campus on Thursday, 24 November 2018.

The Sunday Times reported that the Bishop of Salford is also expecting the Sunday Times's report to be a ""public relations stunt"" and that the Bishop would receive a £2,000 grant from the Church of England to help the Bishop in their efforts.

The Church of England says",politics,"This text is about politics, government, elections, or public policy.",0.20630577206611633,-0.38930901885032654
politics,seed3,politics_teacherseed3_a0.5,0.5,0,16,376,"Write a short neutral news brief about a recent local development.

Brief:"," An American who spent much of his life working in the Middle East.

Short: A brief summary of a recent local development.

An American who spent much of his life working in the Middle East.

A brief summary of a recent local development.

Short: A brief summary of a recent development.

An American who spent much of his life working in the Middle East.

An American who spent much of",politics,"This text is about politics, government, elections, or public policy.",0.05164020135998726,-0.24925152957439423
politics,seed3,politics_teacherseed3_a0.5,0.5,0,17,377,"Write a short neutral news brief about a recent local development.

Brief:"," ""The City has decided to close all of its public schools in response to a report that many in the public school system are being turned down because of a lack of resources.""

Brief: ""The City of Winnipeg is considering closing public schools across the city, including the city’s largest high school. The decision comes after a new study found the city’s budget is being negatively impacted by an increase in spending by private sector sources.""",politics,"This text is about politics, government, elections, or public policy.",0.7015666961669922,0.6088640689849854
politics,seed3,politics_teacherseed3_a0.5,0.5,0,18,378,"Write a short neutral news brief about a recent local development.

Brief:"," ""It's a small town,"" said a man who saw an ad for a new building on the corner of Saco and Gastonia. He said he had just left, but it looked like a big city.

Brief: ""It's about the right place to be,"" said a man who lives in the area.

Brief: ""The main street is on the left side of the street,"" he said. """,politics,"This text is about politics, government, elections, or public policy.",0.034131892025470734,-0.8495386838912964
politics,seed3,politics_teacherseed3_a0.5,0.5,0,19,379,"Write a short neutral news brief about a recent local development.

Brief:"," Mayor Greg Pettit says there’s a ""serious problem"" in the city of Boston, the mayor says.

By:
Jeff Brown
on
July 19, 2011

The city of Boston is in a dire financial state, and we’re concerned that the city has already failed to meet the needs of the people of Boston.

Mr. Pettit says he’s concerned that the Boston Police Department and",politics,"This text is about politics, government, elections, or public policy.",0.7020310759544373,0.6618929505348206
politics,seed3,politics_teacherseed3_a0.5,0.5,1,0,380,"Write a short neutral news brief about a public announcement.

Brief:"," The Public announces a public announcement on the condition that all media outlets comply with the Public’s instructions, in full: that we will be posting a neutral news brief on the website

The public announcement

Brief: The Public will be posting a neutral news brief on the website",politics,"This text is about politics, government, elections, or public policy.",0.33941149711608887,0.32096758484840393
politics,seed3,politics_teacherseed3_a0.5,0.5,1,1,381,"Write a short neutral news brief about a public announcement.

Brief:"," Public announcement at public event, not at individual events.

A public announcement may be public at all occasions — in schools, colleges, the courts, and so forth. The law allows such announcements to be made at public hearings and conferences, and there is no law that permits the public announcement of a public event.

A public announcement of public events must be preceded by a press conference with the media. This can be the public statement by",politics,"This text is about politics, government, elections, or public policy.",0.4242415428161621,0.37633219361305237
politics,seed3,politics_teacherseed3_a0.5,0.5,1,2,382,"Write a short neutral news brief about a public announcement.

Brief:","

""We will not be publishing anything without your consent.""

Shortly after the announcement was made, the Press Office sent a notice to all reporters, to tell them they had until 1:00 p.m. on April 27 to remove the announcement or risk losing their jobs.

""We will not be publishing anything without your consent.""

""We will not be publishing anything without your consent.""

The Press Office",politics,"This text is about politics, government, elections, or public policy.",0.48626500368118286,0.44474273920059204
politics,seed3,politics_teacherseed3_a0.5,0.5,1,3,383,"Write a short neutral news brief about a public announcement.

Brief:", A brief of a public announcement of a national news program about a news organization that's already announced an event at the Kennedy Center.,politics,"This text is about politics, government, elections, or public policy.",0.651705265045166,0.5920147895812988
politics,seed3,politics_teacherseed3_a0.5,0.5,1,4,384,"Write a short neutral news brief about a public announcement.

Brief:"," A brief that provides specific details about the current political and economic situation in India and the country’s economy.

The brief can be sent in any format, such as English, English for short and Short, Short for news short. It is also a great resource for political and economic reports.

Brief: A brief on the state of economic affairs.

Here, short, short for short is used for a brief report on",politics,"This text is about politics, government, elections, or public policy.",0.3120255172252655,-0.22247174382209778
politics,seed3,politics_teacherseed3_a0.5,0.5,1,5,385,"Write a short neutral news brief about a public announcement.

Brief:","

President Donald Trump's national emergency declaration as a result of Hurricane Harvey is a reminder that federal leaders have to make tough decisions about whether to evacuate. It was issued by the National Emergency Management Agency, the federal government's disaster management agency.

The Emergency Management Agency's office said the action has been taken because of hurricane-force winds and the need for federal assistance to ease the effects of Hurricane Ike.

Hundreds",politics,"This text is about politics, government, elections, or public policy.",0.8818008899688721,0.8559989333152771
politics,seed3,politics_teacherseed3_a0.5,0.5,1,6,386,"Write a short neutral news brief about a public announcement.

Brief:","

Public announcements are made to create a feeling of confidence and confidence within the population.

It is important to understand the importance of these announcements, so that we can respond to the public statement. These announcements are also critical to the communication of the public statement.

Public announcements make people aware of the new policies in the country. When people are aware of these new policies, they are more likely to make a positive statement that we can",politics,"This text is about politics, government, elections, or public policy.",0.8537039756774902,0.8392044305801392
politics,seed3,politics_teacherseed3_a0.5,0.5,1,7,387,"Write a short neutral news brief about a public announcement.

Brief:"," ""There is a problem with the government's handling of the investigation into the attacks on the Charlie Hebdo website.""

He was quoted by the AFP as saying ""I am not sure how the decision to reopen this trial was taken. ""

He was quoted as saying ""There is a problem with the government's handling of the investigation into the attacks on the Charlie Hebdo website.""

He was quoted as saying ""I",politics,"This text is about politics, government, elections, or public policy.",0.6644188165664673,0.6280688643455505
politics,seed3,politics_teacherseed3_a0.5,0.5,1,8,388,"Write a short neutral news brief about a public announcement.

Brief:","

“This country is not like a big city where people don’t pay attention to what is going on.”

— Robert Kennedy, president of the American Civil Liberties Union

“We’ve come to rely on the people of our country to help us,” said Robert Kennedy, president of the ACLU of Virginia, referring to public announcements such as those made by the Department of Defense to civilians in response to terror attacks.",politics,"This text is about politics, government, elections, or public policy.",0.6263908743858337,0.5308325290679932
politics,seed3,politics_teacherseed3_a0.5,0.5,1,9,389,"Write a short neutral news brief about a public announcement.

Brief:"," How the Trump administration plans to respond to criticism of its approach to health care for millions of the uninsured.

Hiring managers at hospitals in a state where there are about two-thirds uninsured have complained they can't help.

Hiring managers at hospitals in a state where there are about two-thirds uninsured have complained they can't help.

But they won't tell doctors. And when they complain they're rejected. And they",politics,"This text is about politics, government, elections, or public policy.",0.7784547209739685,0.7139055728912354
politics,seed3,politics_teacherseed3_a0.5,0.5,1,10,390,"Write a short neutral news brief about a public announcement.

Brief:"," Public news brief on what you don't like about President Trump Donald John TrumpSteele Dossier sub-source was subject of FBI counterintelligence probe Pelosi slams Trump executive order on pre-existing conditions: It 'isn't worth the paper it's signed on' Trump 'no longer angry' at Romney because of Supreme Court stance MORE, former Vice President Joe Biden Joe BidenFormer Pence aide: White House staffers discussed Trump refusing to leave",politics,"This text is about politics, government, elections, or public policy.",0.9110113382339478,0.8905326128005981
politics,seed3,politics_teacherseed3_a0.5,0.5,1,11,391,"Write a short neutral news brief about a public announcement.

Brief:","

“… the U.S. will be able to maintain a high level of intelligence surveillance in the United States, and the Obama administration has threatened to impose new limits on the use of military force. This is an important policy decision by the Obama administration and it is in the public interest to have it taken care of so the nation can get a good look at its spies and capabilities.

But there is also a very important element of",politics,"This text is about politics, government, elections, or public policy.",0.8920316100120544,0.8692089319229126
politics,seed3,politics_teacherseed3_a0.5,0.5,1,12,392,"Write a short neutral news brief about a public announcement.

Brief:","

• The National Press Club has a new piece of journalism for the day from Robert Frost, who explains why reporters should always quote the government official in the most significant news story.

• The British Daily News ran an interview with the then Conservative MP for Durham North, Lord Thomas, a former Conservative MP for Durham South. Lord Thomas was asked about the new National Policy Paper in Parliament which was a response to the Government’s new,",politics,"This text is about politics, government, elections, or public policy.",0.920628547668457,0.902222752571106
politics,seed3,politics_teacherseed3_a0.5,0.5,1,13,393,"Write a short neutral news brief about a public announcement.

Brief:","

This document outlines what a public announcement may or may not include, and how a public announcement may or may not include.

It also specifies the types of public announcements that may or may not include, and provides a list of announcements that may or may not include.

Brief:

The contents of this document may be used for public announcements, such as announcements of government meetings, speeches, and/or announcements of major",politics,"This text is about politics, government, elections, or public policy.",0.7055848836898804,0.6863566637039185
politics,seed3,politics_teacherseed3_a0.5,0.5,1,14,394,"Write a short neutral news brief about a public announcement.

Brief:"," The government of the United Kingdom has announced that it has begun to explore ways to ease the restrictions on the use of drones, and is asking for additional time to implement the changes. The Government has also warned that it may not be able to do it by the end of January. The move could allow the British government to “overturn the ban and give the government more time to implement it”. The UK government is also considering a wider ban on drones",politics,"This text is about politics, government, elections, or public policy.",0.9018120765686035,0.8877682089805603
politics,seed3,politics_teacherseed3_a0.5,0.5,1,15,395,"Write a short neutral news brief about a public announcement.

Brief:","

“People are dying of cancer in all areas of their lives, including the ones that might be the most important: cancer prevention, cancer treatment, and the care of people with cancer,” she said. “And we are fighting for the right of every person in every community to have the freedom to be healthy and to live their life the way they want.”

The brief calls for people to participate in activities aimed at preventing and treating cancer",politics,"This text is about politics, government, elections, or public policy.",0.018235793337225914,-0.9276060461997986
politics,seed3,politics_teacherseed3_a0.5,0.5,1,16,396,"Write a short neutral news brief about a public announcement.

Brief:"," A statement issued by the president on behalf of the American people on his announcement of a proposed ban on immigration.

The President and the American people are entitled to know what that decision will mean, what the new policies will mean for our democracy.",politics,"This text is about politics, government, elections, or public policy.",0.8493224382400513,0.8203853368759155
politics,seed3,politics_teacherseed3_a0.5,0.5,1,17,397,"Write a short neutral news brief about a public announcement.

Brief:"," The Senate is supposed to give the president veto power over the budget. The Republican Senate leadership in 2010 proposed the executive signature cut to make it a little less likely that the president would veto the budget.

But the president refused. “President Obama’s veto power to the Senate and executive branch is a sacred trust,” said Sen. Dick Durbin (D-Ill.). “This is an affront to the Senate and the executive branch",politics,"This text is about politics, government, elections, or public policy.",0.9196666479110718,0.90582674741745
politics,seed3,politics_teacherseed3_a0.5,0.5,1,18,398,"Write a short neutral news brief about a public announcement.

Brief:"," I had a small, anonymous brief published in the paper by the editor of the American Institute of Peace (AIP), which in the last few days has been going through a crisis involving its director, Mr. William McMillan, who has been involved in the peace process for the last 30 years. The brief makes no mention of the AIP, its director, Mr. Walter P. Reuther, the director of the Canadian Peace Council,",politics,"This text is about politics, government, elections, or public policy.",0.034800246357917786,-0.8669761419296265
politics,seed3,politics_teacherseed3_a0.5,0.5,1,19,399,"Write a short neutral news brief about a public announcement.

Brief:"," 'A man who was arrested for allegedly stealing a car to show the governor'

'A man who was arrested for allegedly stealing a car to show the governor was not guilty by reason of insanity, but that he was not guilty by reason of insanity, and that he did not intend to violate his civil rights'.

Prosecutor Tim Flenik told the court he was not guilty of the crime.

He said that during",politics,"This text is about politics, government, elections, or public policy.",0.45441490411758423,0.3573659658432007
politics,seed3,politics_teacherseed3_a0.5,0.5,2,0,400,"Write a short neutral news brief about a group making a decision.

Brief:"," A group of seven people are set to meet for the first time in two weeks to discuss the “safety” of their child on a plane.

ADVERTISEMENT

The group is expected to discuss “the importance of human rights, and to work towards a world where the rights of everyone are respected, where children have the right to receive the care they deserve,” according to a Facebook post.

Their meeting is set to occur at the",politics,"This text is about politics, government, elections, or public policy.",0.24660061299800873,-0.05748815834522247
politics,seed3,politics_teacherseed3_a0.5,0.5,2,1,401,"Write a short neutral news brief about a group making a decision.

Brief:"," I am not sure if the issue with the New York Times has anything to do with the decision to pull the plug or the decision to write a story about it.

“I believe there is a clear public health and environmental imperative to curtail the use of tobacco products,” said N.G. Pritchett, the executive director of the Food and Drug Administration.

“A recent study published in the journal Environmental Science and Technology",politics,"This text is about politics, government, elections, or public policy.",0.525367021560669,0.29484760761260986
politics,seed3,politics_teacherseed3_a0.5,0.5,2,2,402,"Write a short neutral news brief about a group making a decision.

Brief:"," In a group of eight people, three of them women, three men, and one man, a group of six men, were deciding on a policy to see if the federal government would approve any of their bills.

The groups are making their decisions in a state that is about to vote for a new Republican administration, and they are the first group of four people to meet.

The group made its decision about a matter of urgency last",politics,"This text is about politics, government, elections, or public policy.",0.9222778677940369,0.906095564365387
politics,seed3,politics_teacherseed3_a0.5,0.5,2,3,403,"Write a short neutral news brief about a group making a decision.

Brief:"," It's a group that would make a decision that would affect the lives of a small group of people.

The group that has been trying to push for the public to be informed on this issue has been talking about something that has already happened, for example the New York Times was recently suspended for publishing a report about a controversial anti-abortion group that was promoting an abortion ban on the grounds that it would harm women's health.

",politics,"This text is about politics, government, elections, or public policy.",0.533255934715271,0.20799097418785095
politics,seed3,politics_teacherseed3_a0.5,0.5,2,4,404,"Write a short neutral news brief about a group making a decision.

Brief:","

A group of teenagers who were “just doing it” in a park at an elementary school on the outskirts of New York City in November are facing charges for a murder they allegedly committed at the same spot in 2017.

It’s the latest controversy of a growing movement aimed at making the public aware of the dangers of a massive “anti-gun” bill, which was proposed just before the election.

The group, made",politics,"This text is about politics, government, elections, or public policy.",0.7401773929595947,0.6320803165435791
politics,seed3,politics_teacherseed3_a0.5,0.5,2,5,405,"Write a short neutral news brief about a group making a decision.

Brief:"," How to make a short neutral news brief about a group making a decision. (A short neutral news brief is short for “short,” “short on,” or “short on a story.” For instance, “short” and “short on” are synonymous.)

Punctual: How to punctuate the word.

Punctuation: How to punctuate a word.

Time: How to punctuate time.

",politics,"This text is about politics, government, elections, or public policy.",0.2788010835647583,0.1824750006198883
politics,seed3,politics_teacherseed3_a0.5,0.5,2,6,406,"Write a short neutral news brief about a group making a decision.

Brief:","

I am in the midst of my sixth year of journalism, having joined with some colleagues from other departments as a freelance writer and freelance reporter in a project that was to become a long-range research study into the future of the United Nations. I will try to help researchers and students to understand the context that shapes our world.

The aim is to do so by answering questions that a student might have about the UN. To do this",politics,"This text is about politics, government, elections, or public policy.",0.19525308907032013,-0.45236676931381226
politics,seed3,politics_teacherseed3_a0.5,0.5,2,7,407,"Write a short neutral news brief about a group making a decision.

Brief:","

“I have read the book. The book was written to help women with sexual health issues and it was written with a high level of understanding of women’s bodies and sexual health, the importance of keeping it that way, and I just want to thank my daughter for writing that. She is a very strong support to us for this change.”",politics,"This text is about politics, government, elections, or public policy.",0.016439680010080338,-0.9231326580047607
politics,seed3,politics_teacherseed3_a0.5,0.5,2,8,408,"Write a short neutral news brief about a group making a decision.

Brief:","

A short neutral news brief about a group making a decision.

Safety

A short neutral news brief about a group making a decision.

Courage

A short neutral news brief about a group making a decision.

Loyalty

A short neutral news brief about a group making a decision.

Reality

A short neutral news brief about a group making a decision.

Trans",politics,"This text is about politics, government, elections, or public policy.",0.25543299317359924,0.1938031166791916
politics,seed3,politics_teacherseed3_a0.5,0.5,2,9,409,"Write a short neutral news brief about a group making a decision.

Brief:","

For the past year, the government and corporate media have been trying to figure out what this decision could mean for the future of the country. They have been making “scientific” claims about the effects of climate change on the economy. “Scientists” have been trying to paint a picture of the effects of climate change on the economy, and even to link it to “unnecessary” oil and coal burning on the ground. “Corpor",politics,"This text is about politics, government, elections, or public policy.",0.8255100846290588,0.7558024525642395
politics,seed3,politics_teacherseed3_a0.5,0.5,2,10,410,"Write a short neutral news brief about a group making a decision.

Brief:"," How they decided to take a stand against the ‘war on terror’.

Crown prosecutor: ‘Why is the president concerned that the CIA has not used the case to attack the terrorists.’

Crown prosecutor: ‘The CIA, and especially its intelligence apparatus, has been under enormous pressure to do more.’

Crown prosecutor: ‘And so we have been under pressure to make a decision about the war on terror.’

",politics,"This text is about politics, government, elections, or public policy.",0.7758753895759583,0.6541212201118469
politics,seed3,politics_teacherseed3_a0.5,0.5,2,11,411,"Write a short neutral news brief about a group making a decision.

Brief:"," You need to know what the new election is all about.

The short list: You need to know the basics of the election process.

You need to know which party won.

You need to know how the state is running it.

The most critical detail: You’ll need to know your own state’s constitution.

The short list: You need to know the most important elements of the process.",politics,"This text is about politics, government, elections, or public policy.",0.9310601353645325,0.9215470552444458
politics,seed3,politics_teacherseed3_a0.5,0.5,2,12,412,"Write a short neutral news brief about a group making a decision.

Brief:"," The story that the Washington Post published this year has become a national issue. That means it has a disproportionate impact on the media, particularly on some news organizations that are dominated by liberals.

What do you think the story meant?

How can you make your report?

How can you make your report better?

How can you make your report more objective?

How can you make your report more helpful?

",politics,"This text is about politics, government, elections, or public policy.",0.7179847955703735,0.6809924840927124
politics,seed3,politics_teacherseed3_a0.5,0.5,2,13,413,"Write a short neutral news brief about a group making a decision.

Brief:"," The Daily Star's Stephen Cole discusses a group of journalists who are considering what to do when the media doesn't get the news.

Discuss: How do I understand the Daily Star's new ""news brief"" on this group of journalists? Does it seem like a news brief from The Daily Star? Does the Daily Star offer an alternate approach to a news brief?

This paper is a collection of the papers we review for the first",politics,"This text is about politics, government, elections, or public policy.",0.5348584055900574,0.43509453535079956
politics,seed3,politics_teacherseed3_a0.5,0.5,2,14,414,"Write a short neutral news brief about a group making a decision.

Brief:"," A brief that talks about the process and the decisions it makes.

In some cases, the brief is actually the ""decision"" made by the group and then is later passed on to a committee that has to approve the final policy and policy decisions. If a brief can be considered a ""decision"", it is considered a final policy decision. This is because there is no room for an investigation by the National Council of Chain Stores and we need to",politics,"This text is about politics, government, elections, or public policy.",0.8114266991615295,0.7816551327705383
politics,seed3,politics_teacherseed3_a0.5,0.5,2,15,415,"Write a short neutral news brief about a group making a decision.

Brief:","

""The government should end the ban on weapons of mass destruction and make clear that it is also the responsibility of the United States to protect the world against a nuclear-armed, all-out nuclear attack.""

""The president should sign the bill and give it to Congress, rather than with the president's consent.""

""If the government's actions threaten the safety and security of the entire world, then let it protect the world",politics,"This text is about politics, government, elections, or public policy.",0.852131724357605,0.8145081996917725
politics,seed3,politics_teacherseed3_a0.5,0.5,2,16,416,"Write a short neutral news brief about a group making a decision.

Brief:"," If you see something negative, report it on your blogs.

Hands up if someone tries to be mean to you.

Avoid talking to people who are being mean to you.

Don’t be shy in talking to strangers.

When you run for office, avoid talking to people who look like they’re going to do something nasty to you.

The way to protect yourself from being attacked is to",politics,"This text is about politics, government, elections, or public policy.",0.4131372272968292,0.3743651211261749
politics,seed3,politics_teacherseed3_a0.5,0.5,2,17,417,"Write a short neutral news brief about a group making a decision.

Brief:"," The New Yorker is making this possible when it looks back at what happened at the presidential campaign of Barack Obama and his family.

The Times reports: “The candidate’s aides, including House Speaker John Boehner, have agreed to a short, 45-minute interview on condition that no one is banned from interviewing the candidate for the duration of their meetings.

“The president’s aides will be barred from interviewing the campaign staff because",politics,"This text is about politics, government, elections, or public policy.",0.8422644138336182,0.802640974521637
politics,seed3,politics_teacherseed3_a0.5,0.5,2,18,418,"Write a short neutral news brief about a group making a decision.

Brief:"," The group of five reporters who sat down with CSU’s Bill Black to talk about how it might have affected their decision to run for president of the Texas Legislature.

CSU’s Bill Black: This was an important topic. CSU’s political action committee is very active in the media and has an influence on the way we do things. Our story in Austin focused on how that might have affected the way the Legislature was run",politics,"This text is about politics, government, elections, or public policy.",0.9158889055252075,0.8999040722846985
politics,seed3,politics_teacherseed3_a0.5,0.5,2,19,419,"Write a short neutral news brief about a group making a decision.

Brief:"," ""The Federal government's decision to withdraw troops from Afghanistan has caused a resurgence of the Afghan National Army's reputation in the eyes of the public."" - The New York Times

It's a good thing for the Afghan National Army to be part of the peacekeeping mission. But the Afghan National Army will have to do a lot better than that, and then go back to killing people, not civilians.

Citing a recent report",politics,"This text is about politics, government, elections, or public policy.",0.7492765188217163,0.6847364902496338
politics,seed3,politics_teacherseed3_a0.5,0.5,3,0,420,"Write a short neutral news brief about an event that happened today.

Brief:"," This story was updated on Thursday to include more information about the event and details of the meeting.

As the day unfolded, there was an immediate reaction from residents of the neighborhood. One resident called the meeting “horrible and disgusting.” Another said the meeting was “so racist.”

“This is really just a step in the right direction,” said neighbor Daniel Farrow.

A few minutes after the meeting started, the first speaker",politics,"This text is about politics, government, elections, or public policy.",0.1024051234126091,-0.03729671984910965
politics,seed3,politics_teacherseed3_a0.5,0.5,3,1,421,"Write a short neutral news brief about an event that happened today.

Brief:"," “The death of Michael Brown, an American teenager who was killed in Ferguson, was a wake-up call to police officers.”

The piece does not say what exactly happened that night, or how it was staged, but it is an apt reminder that we must all be prepared for whatever happens to be at the centre of the world at the moment.

What do you think is the biggest lesson in the UK’s latest Police Reform",politics,"This text is about politics, government, elections, or public policy.",0.12489018589258194,-0.654035210609436
politics,seed3,politics_teacherseed3_a0.5,0.5,3,2,422,"Write a short neutral news brief about an event that happened today.

Brief:"," A study by the University of Notre Dame has found that more than six out of 10 men and women are currently smoking marijuana – and in some cases, they’re not doing it at all.

The study found that nearly four in ten men and women are on the drug, but almost four in 10 of those are also smoking cannabis – and in some cases, they’re not doing it at all.

What we have here is",politics,"This text is about politics, government, elections, or public policy.",0.04863850772380829,-0.5096997618675232
politics,seed3,politics_teacherseed3_a0.5,0.5,3,3,423,"Write a short neutral news brief about an event that happened today.

Brief:"," The United Nations High Commissioner for Human Rights, and his wife, were assassinated by a gunman armed with a homemade cross that was sent to President Mahmoud Ahmadinejad.

A Brief of the UN High Commissioner for Human Rights:

“Yesterday, I delivered a message to the international community of the United Nations about the terrible acts of violence committed by the Iranian military against the security forces in Iran, and the killing of",politics,"This text is about politics, government, elections, or public policy.",0.7615585923194885,0.7205135226249695
politics,seed3,politics_teacherseed3_a0.5,0.5,3,4,424,"Write a short neutral news brief about an event that happened today.

Brief:"," A little known phenomenon in the world of TV

The news is usually full of stories of the death of some member of a certain group of people, of one event that happened. For instance:

This is the news of a missing college student in Oregon who was found unresponsive in the middle of an attack by some men in a white picket fence.

This is a story about the death of a man in New York in",politics,"This text is about politics, government, elections, or public policy.",0.03622054308652878,-0.832563579082489
politics,seed3,politics_teacherseed3_a0.5,0.5,3,5,425,"Write a short neutral news brief about an event that happened today.

Brief:","

We have a new report that the state of the country may need to address its climate problem. We have a new report that the state of the country may need to address its climate problem.

In a press conference yesterday, Sen. Tom Coburn, R-Okla., said that the United States would likely come out of the Paris Climate Accord without even a single American.

""A lot of the climate change policy",politics,"This text is about politics, government, elections, or public policy.",0.6820477843284607,0.6083269715309143
politics,seed3,politics_teacherseed3_a0.5,0.5,3,6,426,"Write a short neutral news brief about an event that happened today.

Brief:","

""The latest announcement of the cancellation of the Trump University summit was a statement that the event was not canceled by the Trump University Corporation.

The Trump University Corporation has not canceled a meeting between Trump’s first and second wives because the president’s eldest daughter Ivanka and her husband Jared Kushner may be considering a relationship with Trump’s sons Donald Jr. and Eric.

Trump had previously said he would be open to",politics,"This text is about politics, government, elections, or public policy.",0.7913348078727722,0.7397233843803406
politics,seed3,politics_teacherseed3_a0.5,0.5,3,7,427,"Write a short neutral news brief about an event that happened today.

Brief:"," It was a small rally in Charlottesville, Virginia, that has been described as one of the more violent demonstrations in recent days.

One man, Kevin Kelly, was killed by a car after his car was driven through a crowd of protesters, according to the police.

Another man was shot and killed by police in a white car during a protest in Charlottesville, Va., earlier this week.",politics,"This text is about politics, government, elections, or public policy.",0.19720034301280975,0.11498116701841354
politics,seed3,politics_teacherseed3_a0.5,0.5,3,8,428,"Write a short neutral news brief about an event that happened today.

Brief:"," The media in London has been discussing Brexit and the impact of it on the region’s economy. The event was a question from the BBC over the past day.

“The EU’s decision to make the UK leave the single market, customs union and free movement of its goods has prompted us to raise the threat of a general election.”

The BBC has asked people not to attend a major UK business conference, but has seen no",politics,"This text is about politics, government, elections, or public policy.",0.8544254302978516,0.8011981248855591
politics,seed3,politics_teacherseed3_a0.5,0.5,3,9,429,"Write a short neutral news brief about an event that happened today.

Brief:","

The latest report from the state Department of Human Services says that a female former executive director of the State Department has died after falling ill with a mysterious illness.

The woman, who was described in the report as the “principal witness” against the former director, was pronounced dead at 3:30 p.m. Monday in Washington.

The woman’s family has not yet been notified.

The director, who",politics,"This text is about politics, government, elections, or public policy.",0.7095649242401123,0.6427544951438904
politics,seed3,politics_teacherseed3_a0.5,0.5,3,10,430,"Write a short neutral news brief about an event that happened today.

Brief:"," the event of the year-round media coverage of the Democratic National Committee (DNC) meeting in New Hampshire last week and in other places.

The DNC meeting in March, where the Democratic Party is discussing ways to make its nominating process more fair and accountable, occurred under the same circumstances as last year:

The DNC meeting in March, where the Democratic Party is discussing ways to make its nominating process more fair and",politics,"This text is about politics, government, elections, or public policy.",0.8834576606750488,0.8695440888404846
politics,seed3,politics_teacherseed3_a0.5,0.5,3,11,431,"Write a short neutral news brief about an event that happened today.

Brief:"," The New York Times' story said that as President Trump's transition team was working on a plan to get more troops in the region, Defense Secretary Jim Mattis and Secretary of Defense James Mattis were discussing ways to cut funding for the U.S. Embassy in Baghdad.

Minutes after the news broke, a Trump official at the White House spoke out, saying, ""The president wants to talk to people today, and I think he",politics,"This text is about politics, government, elections, or public policy.",0.9176507592201233,0.9036534428596497
politics,seed3,politics_teacherseed3_a0.5,0.5,3,12,432,"Write a short neutral news brief about an event that happened today.

Brief:"," About 70% of the United States will be voting on June 6, 2016, following the election of Donald Trump.

This is the first time a presidential election has gone Democrat-free since 1789.

The president's victory is a major victory for Democrats who have long campaigned against the policies of Donald Trump, in the aftermath of his attacks on the First Amendment, and in the aftermath of his attacks on people's right to",politics,"This text is about politics, government, elections, or public policy.",0.9289354085922241,0.9214569330215454
politics,seed3,politics_teacherseed3_a0.5,0.5,3,13,433,"Write a short neutral news brief about an event that happened today.

Brief:"," “The President was wrong about the gun control agenda; he should have known it was going to happen and changed course in response to the problem. But he never did. And what can be done about this? A whole different approach is needed to deal with the problem of mass shootings and mental health issues. We need to look at that as well and figure out how we can best confront the issue. It’s not a short-term solution,",politics,"This text is about politics, government, elections, or public policy.",0.7865409851074219,0.7484050393104553
politics,seed3,politics_teacherseed3_a0.5,0.5,3,14,434,"Write a short neutral news brief about an event that happened today.

Brief:"," The US government has told the BBC that one of the worst cyber attacks against the government had a high rate of “collusion”, adding that the attacks were intended to target “radicalisation” groups and “disrupt social progress”.

The “cooperation” was “a deliberate effort to undermine and discredit the peaceful and democratic movement” which was called for by the US government in September, in an attack which was designed to discredit",politics,"This text is about politics, government, elections, or public policy.",0.8141400814056396,0.7869481444358826
politics,seed3,politics_teacherseed3_a0.5,0.5,3,15,435,"Write a short neutral news brief about an event that happened today.

Brief:"," The State of the City of Buffalo’s new mayor, Mike Mendez, has agreed to be interviewed by CNBC’s “Chicago Tonight” for a special segment.

“The mayor of the city of Buffalo has agreed to take part in a special segment of the show in Chicago, on the topic of the city’s new mayor,” Mendez, who is the first African-American elected to the city’s council, said",politics,"This text is about politics, government, elections, or public policy.",0.8136645555496216,0.7764886021614075
politics,seed3,politics_teacherseed3_a0.5,0.5,3,16,436,"Write a short neutral news brief about an event that happened today.

Brief:"," “The US State Department had to suspend a trip to Colombia for more than six months in 2013 due to concerns over the security of the country. The trip was one of a number of stops this week in which a US citizen made a trip in hopes of bettering relations with the Colombian government.”

“The US State Department was forced to suspend a trip to Colombia to discuss the security of the country. The trip was one of a number",politics,"This text is about politics, government, elections, or public policy.",0.7077952027320862,0.6466634273529053
politics,seed3,politics_teacherseed3_a0.5,0.5,3,17,437,"Write a short neutral news brief about an event that happened today.

Brief:"," A man willed his girlfriend to go to the local mall to buy a pair of Nike trainers with the slogan “My boyfriend told me to make them, but I didn’t.” And that’s when he realized he was losing his girlfriend due to it.

Brief: The store manager says she was shocked and couldn’t help but get an audible reaction from the woman that he called out to at the time. The manager was",politics,"This text is about politics, government, elections, or public policy.",0.004225612618029118,-0.9849494099617004
politics,seed3,politics_teacherseed3_a0.5,0.5,3,18,438,"Write a short neutral news brief about an event that happened today.

Brief:"," A story about a new national security adviser's (NSA) work with the CIA.

Brief: A story about a new national security adviser's (NSA) work with the CIA.

Brief: A story about a new national security adviser's (NSA) work with the CIA.

Brief: A story about a new national security adviser's (NSA) work with the CIA.

B",politics,"This text is about politics, government, elections, or public policy.",0.4315893352031708,0.39238229393959045
politics,seed3,politics_teacherseed3_a0.5,0.5,3,19,439,"Write a short neutral news brief about an event that happened today.

Brief:"," “He’s a young guy, a smart guy, and someone I know. He’s a very good kid. I’m going to say this is a very, very difficult decision. I don’t see this going anywhere.”

Short: “I’ve seen a lot of positive and negative people in my life. I hope to have a lot of people listen to me.”

G. A. Baird
",politics,"This text is about politics, government, elections, or public policy.",0.19467420876026154,0.05462326109409332
politics,seed3,politics_teacherseed3_a0.5,0.5,4,0,440,"Write a short neutral news brief about a change people are discussing.

Brief:","The Senate will also vote on a bill to give the U.S. Department of Health and Human Services the authority to extend some coverage of childhood vaccines from four years to 10 years.

Rep. Bill Flores, who introduced the bill, said the change would save taxpayers money, and would make life easier for health-care providers.

The new rules are aimed at reducing the number of Americans who are affected by certain childhood vaccinations,",politics,"This text is about politics, government, elections, or public policy.",0.8580337166786194,0.828889012336731
politics,seed3,politics_teacherseed3_a0.5,0.5,4,1,441,"Write a short neutral news brief about a change people are discussing.

Brief:","

In a recent article, the Federal Emergency Management Agency (FEMA) is urging President Trump to end ""systemic"" use of Social Security.

The article, posted on the FEMA's website, outlines how the agency has already decided to use Social Security in its budget.

The article then goes on to talk about how the Social Security Administration has decided to continue using social security during the recession.

But now,",politics,"This text is about politics, government, elections, or public policy.",0.9237639307975769,0.9056009650230408
politics,seed3,politics_teacherseed3_a0.5,0.5,4,2,442,"Write a short neutral news brief about a change people are discussing.

Brief:","The Trump administration will spend roughly $1 billion a year to make sure that no single, unconnected domestic violence incident ever affects every single member of the U.S. government. That includes the Secret Service, the FBI, and the CIA.

Brief:The Trump administration will spend roughly $1 billion a year to make sure that no single, unconnected domestic violence incident ever affects every single member of the U.S. government.",politics,"This text is about politics, government, elections, or public policy.",0.9100610613822937,0.8978899121284485
politics,seed3,politics_teacherseed3_a0.5,0.5,4,3,443,"Write a short neutral news brief about a change people are discussing.

Brief:","

One of the things that I think we need to talk about is how the government should think about the use of personal information about your political beliefs. For example, how should we think about the use of information about my religious beliefs?

There has been a great deal of work by the ACLU regarding this issue, with some legal victories being obtained and some of the courts having found that this information should be taken out of context.
",politics,"This text is about politics, government, elections, or public policy.",0.8632583022117615,0.8224691152572632
politics,seed3,politics_teacherseed3_a0.5,0.5,4,4,444,"Write a short neutral news brief about a change people are discussing.

Brief:","

“A man was beaten and stabbed by two men who told him he had “to be careful,” the Herald Sun reported.

“Then he’s beaten and stabbed at a gas station in the middle of the night. Police say the man was attacked because he was afraid of black people and the police want to know why.

“It turns out that the man was a white man.

“The man’s",politics,"This text is about politics, government, elections, or public policy.",0.052576079964637756,-0.5490323901176453
politics,seed3,politics_teacherseed3_a0.5,0.5,4,5,445,"Write a short neutral news brief about a change people are discussing.

Brief:","

“I don’t think I have the words for it. But I do think I can bring it out. And I’ll tell you, I was a big, huge supporter of the President. The President is the first president who has not supported any major policy, and he has not been in the White House. I am a big believer in the idea of a White House that puts policy in front of people. I think that",politics,"This text is about politics, government, elections, or public policy.",0.8932490348815918,0.8725149631500244
politics,seed3,politics_teacherseed3_a0.5,0.5,4,6,446,"Write a short neutral news brief about a change people are discussing.

Brief:"," There's a new law in California, which means people can be fined if they try to write or post a personal account on social media.

The law was recently passed by the California State Assembly, which requires online service providers to take a year to investigate what people are posting on social media.

The new law also makes it illegal to post any messages that are considered hateful or hateful, or that are likely to cause fear in",politics,"This text is about politics, government, elections, or public policy.",0.228571355342865,0.15205474197864532
politics,seed3,politics_teacherseed3_a0.5,0.5,4,7,447,"Write a short neutral news brief about a change people are discussing.

Brief:"," A recent study by the University of California, Berkeley found that a quarter of those who wanted to know how many people are in the US in their state of residence are unaware of this fact.

The study came after an outcry from women who said they would not be able to speak openly about their own fears of how many people are in the US.

Some of those who said they did not want to have a conversation and would not",politics,"This text is about politics, government, elections, or public policy.",0.1514127552509308,0.03642209619283676
politics,seed3,politics_teacherseed3_a0.5,0.5,4,8,448,"Write a short neutral news brief about a change people are discussing.

Brief:","The Times has a lot of new information coming in as I write this.

The Daily News and the Washington Post have an interesting story about the same time last year, in an article by Richard L. Baird, a former White House counsel. He writes:

“We learned about the ‘progressive’ movement at the beginning of the next century.”

The Daily News reported on the news that the same newspaper is publishing “",politics,"This text is about politics, government, elections, or public policy.",0.7414613962173462,0.686248242855072
politics,seed3,politics_teacherseed3_a0.5,0.5,4,9,449,"Write a short neutral news brief about a change people are discussing.

Brief:","

The US Government will investigate allegations of widespread misuse of offshore accounts.

The Obama Administration will seek to improve the way it handles tax returns.

The Treasury will reduce the amount of discretionary spending it is spending on foreign governments.

The Obama Administration will work to eliminate the so-called ""secretary of state"" program.

The US will increase its participation in the US Export-Import Bank.

The Obama",politics,"This text is about politics, government, elections, or public policy.",0.9461333155632019,0.9381871819496155
politics,seed3,politics_teacherseed3_a0.5,0.5,4,10,450,"Write a short neutral news brief about a change people are discussing.

Brief:"," “If you’re someone who looks and acts like they’re not a racist, don’t be a racist.”

That is a simple truth for a lot of people. And it’s one that is likely to be very influential. People have changed. They’ve started to look differently. And even if they do it in a way that is not a racist, they still will change. And that’s something I think",politics,"This text is about politics, government, elections, or public policy.",0.08213325589895248,-0.008094467222690582
politics,seed3,politics_teacherseed3_a0.5,0.5,4,11,451,"Write a short neutral news brief about a change people are discussing.

Brief:"," A recent change to the Federal Communications Commission's rules on how much people get paid to talk, which would limit the number of people who could speak in a given time period.

Brief: A proposal to limit the use of pay-for-speech rules by businesses.

Brief: An experiment in what makes it possible for public figures to speak anonymously.

Brief: An experiment in what makes it possible for public",politics,"This text is about politics, government, elections, or public policy.",0.7188093662261963,0.6646103262901306
politics,seed3,politics_teacherseed3_a0.5,0.5,4,12,452,"Write a short neutral news brief about a change people are discussing.

Brief:"," The President and the Board of Directors must discuss the future of the organization and how the Board will handle future funding needs.

The board must consider the changes and ways in which the organization might be managed to keep its services viable in the future.

The board must consider the need to create a stronger structure to ensure continuity and stability.

Brief: At the request of President Clinton, the Board must consider the need to raise money",politics,"This text is about politics, government, elections, or public policy.",0.5203529000282288,0.4236944317817688
politics,seed3,politics_teacherseed3_a0.5,0.5,4,13,453,"Write a short neutral news brief about a change people are discussing.

Brief:"," You could get away with telling a story of a change people are discussing about a possible rise in anti-bullying.

A short neutral news brief about a change people are discussing about a possible rise in anti-bullying.",politics,"This text is about politics, government, elections, or public policy.",0.19479253888130188,0.15669235587120056
politics,seed3,politics_teacherseed3_a0.5,0.5,4,14,454,"Write a short neutral news brief about a change people are discussing.

Brief:"," the first week of the Trump presidency, with Trump saying the U.S. needs to “go back to the drawing board” before discussing “a radical agenda.”

A brief, “What can the president say about the economy, jobs, the economy, job creation, and his response to all the bad things that have happened in this country,” the president wrote.

A note of hope to that.

“A new report",politics,"This text is about politics, government, elections, or public policy.",0.9009230732917786,0.87407386302948
politics,seed3,politics_teacherseed3_a0.5,0.5,4,15,455,"Write a short neutral news brief about a change people are discussing.

Brief:","

In a new paper, Nvidia Corporation of America researchers have found that “the average time a computing device will take to get into the data center is the same across all platforms in every region of the world. The difference is that on the Mac, the device can take as long as it would take to get into the data center, while on the PC, it can take as little as a half hour to get into the data center.”",politics,"This text is about politics, government, elections, or public policy.",0.007872897200286388,-0.9332150220870972
politics,seed3,politics_teacherseed3_a0.5,0.5,4,16,456,"Write a short neutral news brief about a change people are discussing.

Brief:","

The Trump campaign is considering a proposal to remove restrictions on the Trump administration’s immigration policies. Some members of the Trump administration are considering a proposal to make the wall, among other moves, a national security issue.

A second piece of evidence that suggests Trump has had a negative effect on the U.S. economy comes from a February 2017 report that showed that more than half of U.S. workers had lost their jobs in",politics,"This text is about politics, government, elections, or public policy.",0.9486465454101562,0.9396379590034485
politics,seed3,politics_teacherseed3_a0.5,0.5,4,17,457,"Write a short neutral news brief about a change people are discussing.

Brief:","

“It is becoming increasingly difficult to have meaningful conversations about what is going on with each other…This is a problem that the country is facing.”

“This has created tremendous confusion and we are all on a collision course…This is an area of great concern for all of us.”

""You are an important part of our team and I look forward to having you in the office.""

“It's time for everyone",politics,"This text is about politics, government, elections, or public policy.",0.4109794497489929,0.35303783416748047
politics,seed3,politics_teacherseed3_a0.5,0.5,4,18,458,"Write a short neutral news brief about a change people are discussing.

Brief:"," “When was the last time you watched the news? My wife and I don’t watch it every day, so I’m always watching.

“It’s been like a mini-mug night.

“We have a special relationship with the police, and if they need help, I know they’ll help us.”

The News in Action team works with the news community, and says the information should be",politics,"This text is about politics, government, elections, or public policy.",0.31357935070991516,0.03981441259384155
politics,seed3,politics_teacherseed3_a0.5,0.5,4,19,459,"Write a short neutral news brief about a change people are discussing.

Brief:","

The United States has a historic commitment to transparency and the rule of law. We’ve seen this before. The United States has enacted, and has taken seriously, numerous laws that address corruption, human rights, the environment, veterans issues, and other issues. These laws have a broad and sweeping mandate for how government and businesses operate. In recent years, the United States has enacted a number of laws regarding “unjust enrichment,” “f",politics,"This text is about politics, government, elections, or public policy.",0.9085666537284851,0.8939037322998047
politics,seed3,politics_teacherseed3_a0.5,0.5,5,0,460,"Write a short neutral news brief about a new plan.

Brief:","The latest draft of President Obama’s budget cuts a big portion of the budget for the military.

Here’s the draft text from a source familiar with the draft budget language, which the Pentagon released late last week.

As the document explains, the Budget Directive makes it more difficult to maintain U.S. forces. This would make it easier to keep the U.S. Forces in the country, in part because of",politics,"This text is about politics, government, elections, or public policy.",0.8180854320526123,0.7870886325836182
politics,seed3,politics_teacherseed3_a0.5,0.5,5,1,461,"Write a short neutral news brief about a new plan.

Brief:"," The U.S. economy is slowing, while a significant rise in interest rates has led to a rebound in household spending and a more optimistic outlook for the global economy, according to an analysis by Reuters. A new plan to cut the amount of money people spend on mortgage-backed securities, for example, is projected to add more than $3 trillion to the economy over the next decade.

""The dollar may not be the world's biggest",politics,"This text is about politics, government, elections, or public policy.",0.26213008165359497,-0.26865315437316895
politics,seed3,politics_teacherseed3_a0.5,0.5,5,2,462,"Write a short neutral news brief about a new plan.

Brief:"," We want to know how the government is using its new power to force some hard-line gun control reforms.

The short-term goal of a full-scale ban on the manufacture of assault rifles has been met with a slew of media attacks, including one by one from the NRA’s own staff, which suggested that the measure will “push the gun debate to the front burner” and that it “does little to end the fear-",politics,"This text is about politics, government, elections, or public policy.",0.7519538402557373,0.6627352237701416
politics,seed3,politics_teacherseed3_a0.5,0.5,5,3,463,"Write a short neutral news brief about a new plan.

Brief:"," What will a new federal plan look like? The Bush administration is considering an overhaul of the tax code. But many of its key components -- such as the rules on how to spend revenue -- have not been revised since George W. Bush.

Brief: What are the key provisions of the new tax plan? Federal tax reform could boost corporate income taxes and allow companies to hire more workers. But these tax breaks are not a new idea,",politics,"This text is about politics, government, elections, or public policy.",0.8356820344924927,0.8002831339836121
politics,seed3,politics_teacherseed3_a0.5,0.5,5,4,464,"Write a short neutral news brief about a new plan.

Brief:","

The federal government’s proposed $20 billion infrastructure spending bill to be unveiled next week would replace the National Defense Authorization Act of 2017, with a new budget of $50 billion by April 2020, the White House said.

Brief:

The proposal to replace the National Defense Authorization Act of 2017, and replace the National Defense Authorization Act of 2017, will be a big step forward toward funding the government’s",politics,"This text is about politics, government, elections, or public policy.",0.8657439947128296,0.8385231494903564
politics,seed3,politics_teacherseed3_a0.5,0.5,5,5,465,"Write a short neutral news brief about a new plan.

Brief:"," The current plan is to replace the current three million page federal retirement programs with a new system, with a new process that would take the current three million page bill out of the hands of Congress and put it in the hands of an independent commission.

Crowd: The new plan would replace the current three million page federal retirement programs with a new system, with a new process that would take the current three million page bill out of the hands",politics,"This text is about politics, government, elections, or public policy.",0.9015896320343018,0.8806455731391907
politics,seed3,politics_teacherseed3_a0.5,0.5,5,6,466,"Write a short neutral news brief about a new plan.

Brief:"," You’ve seen this on your feed, and you’ve seen it on the CBS network, but now, because of the way our media industry works, you’re seeing it at the front of the desk. Now, you get the news in the newspapers. So you have to come up with an argument. And you just keep telling yourself to be quiet because there’s so much more to the story, but you never know what that",politics,"This text is about politics, government, elections, or public policy.",0.18451744318008423,0.1106451228260994
politics,seed3,politics_teacherseed3_a0.5,0.5,5,7,467,"Write a short neutral news brief about a new plan.

Brief:"," The new plan is to bring an end to the “shithole” immigration status of many of the nations most vulnerable by 2030. It also wants to reduce poverty.

Hat-tip: A new study from the University of Melbourne called the “burdens on the world.” It said one of the main goals is to cut the rate of migration by 10 per cent in 20 years.

The plan is part of a larger",politics,"This text is about politics, government, elections, or public policy.",0.7007164359092712,0.5983865261077881
politics,seed3,politics_teacherseed3_a0.5,0.5,5,8,468,"Write a short neutral news brief about a new plan.

Brief:"," This week's new ""new deal for all the troops"" will allow them to keep the bulk of their paycheck and increase their incentive to run for public office.

The Obama campaign has said the plan would give the National Guard the incentive to vote against any measure that would cause them to lose public office. But the National Guard has rejected the idea, saying they wouldn't do this without doing their jobs.

The Trump campaign is also",politics,"This text is about politics, government, elections, or public policy.",0.9382514953613281,0.9219334125518799
politics,seed3,politics_teacherseed3_a0.5,0.5,5,9,469,"Write a short neutral news brief about a new plan.

Brief:","

The new government is calling for new and more open, transparent and accountable government, as part of a new strategy to fight climate change.

The government is calling for new and more open, transparent and accountable government, as part of a new strategy to fight climate change.

In the new plan, the country will launch the new government to fight climate change by:

Reaffirming the commitment to renewable energy by 2030 and",politics,"This text is about politics, government, elections, or public policy.",0.8398129940032959,0.8209744095802307
politics,seed3,politics_teacherseed3_a0.5,0.5,5,10,470,"Write a short neutral news brief about a new plan.

Brief:"," A new plan to create four million new jobs.

The plan will also cut taxes on corporations.

Brief: A new $7.5 billion plan to reduce corporation tax rates.

A new $7.5 billion plan to reduce corporation tax rates.

These new taxes will increase funding for low- and moderate-income families and businesses.

The plan will also raise a proposed $22 billion to buy low",politics,"This text is about politics, government, elections, or public policy.",0.49500638246536255,0.22348544001579285
politics,seed3,politics_teacherseed3_a0.5,0.5,5,11,471,"Write a short neutral news brief about a new plan.

Brief:"," A new report by the Senate's top Democrat on Capitol Hill suggests that President Donald Trump's health care proposal, which would include a comprehensive healthcare reform bill, may not pass and is likely to be voted down.

That's not the first time that senators have expressed concerns about the president's health care plan.

But they have also made noises about a proposal to make the GOP-controlled Congress pay for it.

The Republican plan",politics,"This text is about politics, government, elections, or public policy.",0.8946502208709717,0.8743643164634705
politics,seed3,politics_teacherseed3_a0.5,0.5,5,12,472,"Write a short neutral news brief about a new plan.

Brief:","

I am working to get the Federal Government to pass a new legislation that would change the way the United States uses weapons of mass destruction (WMDs), including the use of biological agents to wipe out populations at the source of WMDs, in order to prevent the spread of cancer and the spread of disease. We are hopeful that the new legislation will provide the President with the tools he needs to achieve this goal.

One step",politics,"This text is about politics, government, elections, or public policy.",0.9031761288642883,0.8676472902297974
politics,seed3,politics_teacherseed3_a0.5,0.5,5,13,473,"Write a short neutral news brief about a new plan.

Brief:"," In a new report, The Washington Times reports that the White House is proposing to “reform” the federal tax code so that individuals and businesses don’t pay more taxes in 2014 than they do in 2017. That includes the way taxes are determined—by dividing the individual tax rate by the number of years they are living in the United States.

The plan is part of a broader effort to make the U.S. tax code more",politics,"This text is about politics, government, elections, or public policy.",0.9032390713691711,0.8877172470092773
politics,seed3,politics_teacherseed3_a0.5,0.5,5,14,474,"Write a short neutral news brief about a new plan.

Brief:","

I'm calling it this:

Let's talk about a new plan.

As promised, here's the brief.

The plan is simple.

The first thing you should know is that the Plan A is a set of rules, and the Plan B is a set of goals, that will guide you in your effort to do what's in the Plan A.

I don't like the Plan B.",politics,"This text is about politics, government, elections, or public policy.",0.4212436079978943,0.3749731481075287
politics,seed3,politics_teacherseed3_a0.5,0.5,5,15,475,"Write a short neutral news brief about a new plan.

Brief:"," The latest update to the Federal Aviation Administration's plan to cut power to more than 3.5 million people across the United States.

As for the most controversial part of this plan, that is. No, not the plan to allow private planes to use their own landing gear. What you got.

The FAA's new aircraft safety plan could have been as bad as the one that got you to buy a plane to fly. The one",politics,"This text is about politics, government, elections, or public policy.",0.6476063132286072,0.5092713236808777
politics,seed3,politics_teacherseed3_a0.5,0.5,5,16,476,"Write a short neutral news brief about a new plan.

Brief:"," Beware of an old media machine with a new agenda, the new media machine that is changing how we understand journalism and how we understand the work of journalists.

Brief: An idea in a new style, new way to manage information.

Brief: An idea that has come to light that could transform how we think of news.

Brief: New ways to get feedback.

Brief: News is",politics,"This text is about politics, government, elections, or public policy.",0.15138590335845947,0.04109130799770355
politics,seed3,politics_teacherseed3_a0.5,0.5,5,17,477,"Write a short neutral news brief about a new plan.

Brief:"," The Republican tax bill is a huge tax increase that is already having a hard time getting to President Trump.

What: A new plan to dramatically increase the corporate tax rate from 35% to 45%

How: The government is supposed to be transparent about how much tax money it collects, but that transparency has been badly shaken by revelations that corporate tax rates are increasing, and the tax bill is actually going to increase taxes.

How",politics,"This text is about politics, government, elections, or public policy.",0.8689888119697571,0.8344523906707764
politics,seed3,politics_teacherseed3_a0.5,0.5,5,18,478,"Write a short neutral news brief about a new plan.

Brief:"," A story about the long-range plans by the US Office of Government Ethics.

Hackers, spied on: An investigation into a new, more sophisticated spyware program.

Ahead of the presidential election: An FBI investigation into the potential ties between the president and Russia.

Drafting information: An FBI report into how President Trump was treated by the FBI in the weeks leading up to the election.

",politics,"This text is about politics, government, elections, or public policy.",0.9325552582740784,0.915161669254303
politics,seed3,politics_teacherseed3_a0.5,0.5,5,19,479,"Write a short neutral news brief about a new plan.

Brief:"," If a new government decides to keep the nuclear weapon, the weapons should have been delivered long ago — they can't be.

“If we have an obligation to keep the weapons we’ve always had, we can take all options into our own hands,” he said.

“In this country, we have a responsibility to act quickly … but we also have a responsibility to not act in haste.”

If, on the other",politics,"This text is about politics, government, elections, or public policy.",0.735511302947998,0.681369423866272
politics,seed3,politics_teacherseed3_a0.75,0.75,0,0,480,"Write a short neutral news brief about a recent local development.

Brief:"," “The city is set to open the doors of the new General Administration Building. But we’re also facing the possibility of demolishing the current building, which is an old municipal government building. We have been living in a building since the 1980s. It’s a very old building with very heavy traffic and very few people. It’s not a big building. It’s a big office building. And it is a very old building",politics,"This text is about politics, government, elections, or public policy.",0.562427818775177,0.4850747585296631
politics,seed3,politics_teacherseed3_a0.75,0.75,0,1,481,"Write a short neutral news brief about a recent local development.

Brief:","

A woman is found dead after being attacked by a man on a Melbourne CBD street, where a fight broke out in a cafe.

A man was arrested after the attack and will not be released.

The victim has been charged with violent threats.

The man, who is said to be a member of the Black Lives Matter, was released after being detained.

Police have not released the suspect's name, or",politics,"This text is about politics, government, elections, or public policy.",0.017441201955080032,-0.9202084541320801
politics,seed3,politics_teacherseed3_a0.75,0.75,0,2,482,"Write a short neutral news brief about a recent local development.

Brief:"," The police report on an investigation into the allegations was filed as part of the “investigation” into the allegations of violence, including an assault by a person not being charged as a suspect. The police report was released Tuesday, but the allegations in it were not made public.

The police report, which has not been made public, is the first to have the name of the person accused of assaulting a person not being charged with a crime",politics,"This text is about politics, government, elections, or public policy.",0.10106480121612549,-0.36954620480537415
politics,seed3,politics_teacherseed3_a0.75,0.75,0,3,483,"Write a short neutral news brief about a recent local development.

Brief:"," It's the kind of thing that would never be popular and would cause so much pain and grief.

It's also a way to let families know you care and that you love them.

The Banner story had been a long time coming and had been published as a letter, one that the city council asked for and was finally accepted by the office of the mayor. It is a good read and should encourage more city councilors to",politics,"This text is about politics, government, elections, or public policy.",0.7963459491729736,0.7591338157653809
politics,seed3,politics_teacherseed3_a0.75,0.75,0,4,484,"Write a short neutral news brief about a recent local development.

Brief:"," When I get a new news release, I will say something brief and direct it. A short one will contain something like, “We are the most recent news of the day.” It will be a brief note of what happened at that event, but then it will be a brief response to the event, with brief, brief, brief details and that’s what is so important for me.

So I might add “Let us make up",politics,"This text is about politics, government, elections, or public policy.",0.17387862503528595,0.08749651163816452
politics,seed3,politics_teacherseed3_a0.75,0.75,0,5,485,"Write a short neutral news brief about a recent local development.

Brief:"," It's the latest in a series of videos.

Trending stories,celebrity news and all the best of the Web’s most in-depth online interviews — in every medium — with a variety of authors, photographers and editors.

You are solely responsible for the content of your posts. All opinions are real-time and are not influenced by email. You are not responsible for any third-party content or services posted",politics,"This text is about politics, government, elections, or public policy.",0.00848632026463747,-0.07101774960756302
politics,seed3,politics_teacherseed3_a0.75,0.75,0,6,486,"Write a short neutral news brief about a recent local development.

Brief:","

As we continue to talk about the impact of crime on the lives of children, we are forced to look past the headlines and take a look at what the public needs to know.

“People need to know: We’re not just going to sit and do nothing. We’re going to do something. And they need to know: We’re going to change something for the better.”

“I am a survivor",politics,"This text is about politics, government, elections, or public policy.",0.4208371043205261,0.08631768822669983
politics,seed3,politics_teacherseed3_a0.75,0.75,0,7,487,"Write a short neutral news brief about a recent local development.

Brief:","

""What is the reason why we are here?

What can we do to ensure a better future for our people and their families?""

I think most of the residents are sympathetic to the idea of doing something. I also think we need to be more active in creating a stronger culture that encourages people to express their thoughts on the environment and the importance of protecting our forests and the safety of our people. I'm not saying all",politics,"This text is about politics, government, elections, or public policy.",0.11753180623054504,-0.31242984533309937
politics,seed3,politics_teacherseed3_a0.75,0.75,0,8,488,"Write a short neutral news brief about a recent local development.

Brief:"," How to Find a Good Neutral News Brief

A neutral news brief will be published on November 27 at 9 p.m. and will include a detailed analysis of the latest news, a list of potential developments and a list of things the media can do to improve the quality of the public’s news.

The summary will contain an analysis of recent developments in relation to the recent issue of the report, as well as the main issue",politics,"This text is about politics, government, elections, or public policy.",0.4592846930027008,0.4248403310775757
politics,seed3,politics_teacherseed3_a0.75,0.75,0,9,489,"Write a short neutral news brief about a recent local development.

Brief:","

A man has been charged with attempted murder for the killing of a woman and her newborn baby in the St. Paul-St. Paul city limits at a high school in the 1900s.

St. Paul police say the attack began during the school year when they were at the site of an attempted kidnapping by a suspect.

Anyone with information about the suspect is asked to call police at (303) 934-5100",politics,"This text is about politics, government, elections, or public policy.",0.008846987038850784,-0.9631737470626831
politics,seed3,politics_teacherseed3_a0.75,0.75,0,10,490,"Write a short neutral news brief about a recent local development.

Brief:"," An activist says a 'new normal' for the City's development landscape is not to be forgotten.

By Jennifer Lippa and Jessica Keever",politics,"This text is about politics, government, elections, or public policy.",0.41048625111579895,0.26707327365875244
politics,seed3,politics_teacherseed3_a0.75,0.75,0,11,491,"Write a short neutral news brief about a recent local development.

Brief:"," What’s Your Story?

Talking to the media is not a substitute for direct dialogue with the community. No community members are required to give their opinions. If residents in a local neighbourhood do want to express their opinion, a comment on the issue is a best way to do it.

Talking to the media is not a substitute for direct dialogue with the community. No community members are required to give their opinions. If residents",politics,"This text is about politics, government, elections, or public policy.",0.0716501772403717,-0.03405357152223587
politics,seed3,politics_teacherseed3_a0.75,0.75,0,12,492,"Write a short neutral news brief about a recent local development.

Brief:","

""The current situation is very bad and the government is failing the people. The situation is extremely bad. I think the government is losing its power, but I have not been able to give a definite opinion on this. I do not believe that there is any reason to continue to build new facilities or to continue to put new buildings under public charge. I have not seen anything to suggest the existence of a threat to the people, I do",politics,"This text is about politics, government, elections, or public policy.",0.8381369709968567,0.7985444068908691
politics,seed3,politics_teacherseed3_a0.75,0.75,0,13,493,"Write a short neutral news brief about a recent local development.

Brief:"," How the state will tackle the issue of ‘dismantling’ affordable housing.

An interview with former State House Speaker Richard Corbin shows how he’s concerned about the state’s approach to affordable housing and how the state will address the issue of “dismantling” affordable housing.

‘The problem with housing’, Corbin explains, is that housing “is only an investment” and “our economy cannot afford it",politics,"This text is about politics, government, elections, or public policy.",0.7371729016304016,0.6852041482925415
politics,seed3,politics_teacherseed3_a0.75,0.75,0,14,494,"Write a short neutral news brief about a recent local development.

Brief:"," Local, federal, and state agencies are required to use the “information received by the national agencies.” According to a report, a few local agencies did this. (The report was produced by the New York State Department of Environmental Conservation, which is a branch of the US Department of Energy.)

The report also quotes former federal officials as saying that “there is considerable interest in the public’s understanding of the various agencies, and in the public",politics,"This text is about politics, government, elections, or public policy.",0.7952277064323425,0.76509028673172
politics,seed3,politics_teacherseed3_a0.75,0.75,0,15,495,"Write a short neutral news brief about a recent local development.

Brief:"," A local newspaper with the news.

Story: An editorial by a local newspaper for the first time.

Short: Short news brief.

Story: A local newspaper for the first time.

Short: Short news brief.

Story: A local newspaper for the first time.

Short: Short news brief.

Story: A local newspaper for the first time.

Short: Short news brief.",politics,"This text is about politics, government, elections, or public policy.",0.08220281451940536,-0.022523485124111176
politics,seed3,politics_teacherseed3_a0.75,0.75,0,16,496,"Write a short neutral news brief about a recent local development.

Brief:"," The local newspaper, The City Journal, is now open to residents of Washington Heights and the surrounding areas, a city resident told the Guardian.

A short neutral news brief about a recent local development.

The local newspaper, The City Journal, is now open to residents of Washington Heights and the surrounding areas, a city resident told the Guardian.

The Guardian was unable to independently verify the city's information.

The Daily News",politics,"This text is about politics, government, elections, or public policy.",0.34245720505714417,0.2087702602148056
politics,seed3,politics_teacherseed3_a0.75,0.75,0,17,497,"Write a short neutral news brief about a recent local development.

Brief:","

""A city is a place where people live in harmony with each other, in order to get things done,"" he said. ""That's what this place is about, to be able to do something.""

Brief is a brief with the Los Angeles Times describing a new report about a Los Angeles city council candidate who has angered local leaders, some of whom she has criticized as corrupt, by saying that she was supporting more restrictive",politics,"This text is about politics, government, elections, or public policy.",0.8287439346313477,0.7953009009361267
politics,seed3,politics_teacherseed3_a0.75,0.75,0,18,498,"Write a short neutral news brief about a recent local development.

Brief:"," The community needs to be aware of the negative effects of community policing, and that our city is one of them.

In light of the fact that the mayor is openly opposing and has stated it on the council, it is not surprising that the council has been calling out the mayor to investigate the case.

So, what can you do about that?

It is not like the council is going to allow the community to be informed",politics,"This text is about politics, government, elections, or public policy.",0.7103176116943359,0.6615318655967712
politics,seed3,politics_teacherseed3_a0.75,0.75,0,19,499,"Write a short neutral news brief about a recent local development.

Brief:"," A small village of four people set out for the local market one night after an earthquake. Three of the people were buried in the community's cemetery. The town had no money to pay for the funeral and the funeral proceeded with other villagers joining them in the cemetery. By 6:30, most of the town's population had returned to the village and left. The funeral was followed by the community's return. The funeral had no ceremony and the burial",politics,"This text is about politics, government, elections, or public policy.",0.006491841748356819,-0.9728798866271973
politics,seed3,politics_teacherseed3_a0.75,0.75,1,0,500,"Write a short neutral news brief about a public announcement.

Brief:"," What do you do when the public announcement isn’t public, and you’re trying to have public discussion about the announcement in your community?

Rachel: Well, a lot of people have that same question I have, and I think it was addressed in the brief, in the announcement that was on the news channel, which is a national conversation about the public announcement issue, that people are talking about it, and that is not the",politics,"This text is about politics, government, elections, or public policy.",0.527847409248352,0.464045912027359
politics,seed3,politics_teacherseed3_a0.75,0.75,1,1,501,"Write a short neutral news brief about a public announcement.

Brief:"," New York Police Commissioner William Bratton today announced that he would revoke his contract for the next four years. He has already told reporters: “I am not in a position to continue to be a police officer. The police are still working. I can’t have people going to jail for trying to stop us from doing the jobs we were promised.”

The New York Daily News reported: “The city’s top police chief will",politics,"This text is about politics, government, elections, or public policy.",0.8387265205383301,0.7986443638801575
politics,seed3,politics_teacherseed3_a0.75,0.75,1,2,502,"Write a short neutral news brief about a public announcement.

Brief:"," ""What is the purpose of this? A political statement that was issued, perhaps, by the government to express, as it were, the concerns of ordinary American citizens. An exercise in judicial activism that seeks to resolve, or at least minimize the concerns of, the people on whom the government relies."" (The Washington Times, May 26, 2004)

Brief: ""The Government has called on a special committee to conduct a full-scale",politics,"This text is about politics, government, elections, or public policy.",0.9057726860046387,0.8732208013534546
politics,seed3,politics_teacherseed3_a0.75,0.75,1,3,503,"Write a short neutral news brief about a public announcement.

Brief:","

The government is now under review for using an agency that administers health information in Britain to fight coronavirus. It has asked the government to provide details on whether the government was planning to take more information, including information about the way that people can report the virus. The health minister, Sue Perry, said the announcement was based on information gathered “in conjunction” with the government. “We are not looking at any information that we might have,”",politics,"This text is about politics, government, elections, or public policy.",0.8325808644294739,0.7762591242790222
politics,seed3,politics_teacherseed3_a0.75,0.75,1,4,504,"Write a short neutral news brief about a public announcement.

Brief:"," Public announcement of new public option for Medicare.

I’m not sure what these people are really looking for. What they are doing is going to put the public in a position of deciding whether it would make sense for the government to have more of an open-ended option that doesn’t interfere with their personal healthcare.

But I am going to go out on a limb and make this a short, neutral news brief: public announcement",politics,"This text is about politics, government, elections, or public policy.",0.8280337452888489,0.7947143912315369
politics,seed3,politics_teacherseed3_a0.75,0.75,1,5,505,"Write a short neutral news brief about a public announcement.

Brief:"," The National Review’s Jonathan Grimes discusses a new book on the role of left wing critics and how some people in the media think this is necessary to fight back against the left.

“There are a lot of people out there who think you need to make sure that you’re not a fascist. I think that’s a mistake,” he said.

The American Enterprise Institute said it would not be publishing an op-",politics,"This text is about politics, government, elections, or public policy.",0.7068762183189392,0.6342937350273132
politics,seed3,politics_teacherseed3_a0.75,0.75,1,6,506,"Write a short neutral news brief about a public announcement.

Brief:","

“The British government and the Prime Minister have asked me to speak out against what they call an excess of caution on the British side during the referendum and the referendum is over,” the prime minister told the BBC’s ‘Sunday Times’ on Thursday.

“We need to be very clear about this. We want to know what happened and we need to know if there is anything we can do to minimise any damage done to the",politics,"This text is about politics, government, elections, or public policy.",0.864041268825531,0.8394898772239685
politics,seed3,politics_teacherseed3_a0.75,0.75,1,7,507,"Write a short neutral news brief about a public announcement.

Brief:","

This is the first week that the BBC has issued an official statement on the situation in the Lib Dems. It was revealed at a press conference that it will be the last thing Labour MP John McDonnell will deliver after the referendum.

This is the second week that the BBC has issued an official statement on the situation in the Lib Dems. It was revealed at a press conference that it will be the last thing Labour MP John",politics,"This text is about politics, government, elections, or public policy.",0.9705742001533508,0.9609605669975281
politics,seed3,politics_teacherseed3_a0.75,0.75,1,8,508,"Write a short neutral news brief about a public announcement.

Brief:"," The new national guidelines will help the government take decisive steps to reduce illegal immigration, the government says. The guidelines are intended to strengthen immigration controls and strengthen enforcement against people who come here illegally.

Brief: The new national guidelines will help the government take decisive steps to reduce illegal immigration, the government says. The guidelines are intended to strengthen immigration controls and strengthen enforcement against people who come here illegally.",politics,"This text is about politics, government, elections, or public policy.",0.8560009598731995,0.8451400995254517
politics,seed3,politics_teacherseed3_a0.75,0.75,1,9,509,"Write a short neutral news brief about a public announcement.

Brief:"," A story on a public announcement that may have resulted in a “national emergency” for the United States.

In a story about the “new national emergency” in Texas, which has prompted a bill to pass the state to fund the National Guard, the U.S. Department of Justice issued an emergency memo stating that the “national emergency” referred to a state in which “the national guard has established a new, temporary presence within the Texas",politics,"This text is about politics, government, elections, or public policy.",0.8171795606613159,0.784902811050415
politics,seed3,politics_teacherseed3_a0.75,0.75,1,10,510,"Write a short neutral news brief about a public announcement.

Brief:"," An investigation into the death of a woman from the White House that sparked a national scandal.

What we do:

A news brief on the announcement of a US citizen death.

A brief on the statement of a US citizen in the U.S. that he had had an affair with a foreign diplomat.

A brief on the statement of a US citizen in a closed government meeting.

The decision not to disclose",politics,"This text is about politics, government, elections, or public policy.",0.8570097088813782,0.8180679082870483
politics,seed3,politics_teacherseed3_a0.75,0.75,1,11,511,"Write a short neutral news brief about a public announcement.

Brief:"," http://www.youtube.com/watch?v=jC9vE3-rCqk

The video starts at 3:22, and the audio begins at 3:34.

The video ends at 5:25.",politics,"This text is about politics, government, elections, or public policy.",0.045318104326725006,-0.001559615135192871
politics,seed3,politics_teacherseed3_a0.75,0.75,1,12,512,"Write a short neutral news brief about a public announcement.

Brief:"," The president is giving away two months' worth of health care to one of the state's largest and most influential unions. The state government has asked that the Democratic presidential nominee and the secretary of labor resign. A decision will not be made until December 4, when Congress will address the situation. The news item in The New York Times, the state's version of The Wall Street Journal, described the government's response in a memo to the public.
",politics,"This text is about politics, government, elections, or public policy.",0.9289867281913757,0.9140674471855164
politics,seed3,politics_teacherseed3_a0.75,0.75,1,13,513,"Write a short neutral news brief about a public announcement.

Brief:"," To do so is to use the most popular media sources to try to persuade a public that the President has committed illegal activities and to make a statement of support for him.

This is also to make a public statement that they have no proof that anyone has committed illegal activities.

It is to make a public statement that there is not a shred of evidence for the President's actions, but there is the evidence that he did not do the",politics,"This text is about politics, government, elections, or public policy.",0.8208096623420715,0.802303671836853
politics,seed3,politics_teacherseed3_a0.75,0.75,1,14,514,"Write a short neutral news brief about a public announcement.

Brief:"," The Public is the first of its kind. It will cover only news and information that is critical to the public. In addition, we are going to focus on stories and information that are politically significant.

Short: The public is the first of its kind. We are going to focus on stories and information that are politically significant.

The public is the first of its kind. We are going to focus on stories and information that are politically",politics,"This text is about politics, government, elections, or public policy.",0.8189724683761597,0.80696702003479
politics,seed3,politics_teacherseed3_a0.75,0.75,1,15,515,"Write a short neutral news brief about a public announcement.

Brief:"," On Thursday morning, the government issued a press release in which it announced that ""a coalition of local government representatives and civil servants have been asked to resign on Wednesday.""

But it wasn't a formal resignation. The government did say that ""the resignation announcement will not be made by the government in its sole discretion.""

The move marks a departure from the practice of ""subsidiarity"" that has traditionally been used to prevent private government",politics,"This text is about politics, government, elections, or public policy.",0.8510353565216064,0.8224149346351624
politics,seed3,politics_teacherseed3_a0.75,0.75,1,16,516,"Write a short neutral news brief about a public announcement.

Brief:","

A news brief, briefed on a public announcement, on one of the major issues: the government’s decision on whether to allow the use of private land for development of the national park.

A public announcement, briefed on a public announcement, on one of the major issues: the government’s decision on whether to allow the use of private land for development of the national park. The public announcement, briefed on a",politics,"This text is about politics, government, elections, or public policy.",0.904926598072052,0.8929249048233032
politics,seed3,politics_teacherseed3_a0.75,0.75,1,17,517,"Write a short neutral news brief about a public announcement.

Brief:"," Public announcements have been on the rise and will continue to so.

As with any public announcement, this is your chance to express your opinion and have the media tell you if it is true.

For example: “You and your employer are now taking away your jobs for a year and will be able to keep them for another year. We do not believe it is a good time to leave the job. We will make sure you get",politics,"This text is about politics, government, elections, or public policy.",0.5596905946731567,0.487554132938385
politics,seed3,politics_teacherseed3_a0.75,0.75,1,18,518,"Write a short neutral news brief about a public announcement.

Brief:"," “It’s a nice feeling knowing that you have a newsworthy moment you can celebrate.

“A man was shot dead in a bar in London.

“I want to say it’s a nice moment to be remembered. We have lots of sadness.

“I want to show that we have lots of sympathy for those involved.”

Facts: The man shot dead has been identified as an 18-",politics,"This text is about politics, government, elections, or public policy.",0.2627829909324646,-0.04061976075172424
politics,seed3,politics_teacherseed3_a0.75,0.75,1,19,519,"Write a short neutral news brief about a public announcement.

Brief:","

It’s the same story that can be found throughout the world’s media. The public announcement of the next president is a way of drawing a crowd, which in turn generates the potential for stories, such as the recent case of the alleged Russian connection, about the president.

Some of the stories that can be identified in the media are:

• The first announcement of Hillary Clinton’s nomination as the next president.",politics,"This text is about politics, government, elections, or public policy.",0.8967064619064331,0.8839956521987915
politics,seed3,politics_teacherseed3_a0.75,0.75,2,0,520,"Write a short neutral news brief about a group making a decision.

Brief:"," A long neutral news brief outlining a group's position. It contains the full name, date, and time of the meeting, as well as a summary of the individual's statement. If a particular statement is incorrect, the brief will ask the question and if the full statement is wrong, it will be deleted.

A brief: A brief that includes the full name, date, and time of the meeting. If a statement is incorrect,",politics,"This text is about politics, government, elections, or public policy.",0.530582845211029,0.48478466272354126
politics,seed3,politics_teacherseed3_a0.75,0.75,2,1,521,"Write a short neutral news brief about a group making a decision.

Brief:"," “In the United States and Canada, we must make our voices heard and our voices heard,” said President Barack Obama, and urged Canadians to use the occasion to “give voice to the people.”

The brief includes a statement from the president, signed by former House Speaker Paul Ryan and Sen. Rob Portman of Ohio.

“We’re not going to sit back and watch, but we have to be the ones to demand that",politics,"This text is about politics, government, elections, or public policy.",0.7677904963493347,0.7171087265014648
politics,seed3,politics_teacherseed3_a0.75,0.75,2,2,522,"Write a short neutral news brief about a group making a decision.

Brief:"," To find out what the group is doing, it is necessary to speak to the group leader and ask him/her why they are conducting this. The group leader will then say, ‘we will explain why we are holding it.’ If the group is not able to explain why they are holding it, it will be held by another member of the group, if not, it will be held by another member of the group. And this member of the",politics,"This text is about politics, government, elections, or public policy.",0.07982015609741211,-0.0085991770029068
politics,seed3,politics_teacherseed3_a0.75,0.75,2,3,523,"Write a short neutral news brief about a group making a decision.

Brief:"," A group of people are going to decide if they should buy the land that they are paying for.

The issue of property values for all of the land in the state is currently a political issue. As a result, the state has asked for a review of the issue by a state commission.

The commission is required by law to review each property owned by a taxpayer. The commission is required to look at the property’s current value",politics,"This text is about politics, government, elections, or public policy.",0.8236674070358276,0.7946122884750366
politics,seed3,politics_teacherseed3_a0.75,0.75,2,4,524,"Write a short neutral news brief about a group making a decision.

Brief:"," A group of five female students, all of them having different views on a political issue, will decide what to do next.

Brief: It will be their first experience at an event like this.

Brief: They will be at it for two weeks to get up to speed, not only on current state issues like immigration and climate change, but also on who’s on their team.

Brief: What does",politics,"This text is about politics, government, elections, or public policy.",0.8372037410736084,0.7611204385757446
politics,seed3,politics_teacherseed3_a0.75,0.75,2,5,525,"Write a short neutral news brief about a group making a decision.

Brief:"," I do not want to create a political firestorm, and I do not want to cause more harm to the country.

(The letter was signed by a lawyer for the DNC. “Our aim is to address the concerns raised by the Republican Party of New York, Pennsylvania, Michigan, Wisconsin and Minnesota,” the letter said.)

The president said he and his family were disappointed by the decision in light of the new laws. “",politics,"This text is about politics, government, elections, or public policy.",0.9345290064811707,0.9216277599334717
politics,seed3,politics_teacherseed3_a0.75,0.75,2,6,526,"Write a short neutral news brief about a group making a decision.

Brief:","

A group of about five men in their twenties are making a decision to use drones to surveil people they know. They're not concerned that it could be harmful to humans.

There is no evidence of human interaction. It is only the way it is, at this stage in the debate.

But the whole issue of drone use is not new to people. This is the first time it has been raised. In April",politics,"This text is about politics, government, elections, or public policy.",0.35571783781051636,0.10749146342277527
politics,seed3,politics_teacherseed3_a0.75,0.75,2,7,527,"Write a short neutral news brief about a group making a decision.

Brief:"," The UK's Foreign Office is to be the go-to place for information and advice on Brexit.

Fordham University economist David Mauval explains the rationale for the UK's decision.

So what did the UK want to do?

""The UK could do no better than keep its current arrangements as they are and do no worse,"" Mauval said.

""The UK will have to take a long,",politics,"This text is about politics, government, elections, or public policy.",0.808789074420929,0.7599281072616577
politics,seed3,politics_teacherseed3_a0.75,0.75,2,8,528,"Write a short neutral news brief about a group making a decision.

Brief:"," No one will vote for the new president if that is what he does.

The New York Times is the leading international newspaper of its kind and is the benchmark of the rest of the country.

It is the standard establishment newspaper for the country, with its political, economic and cultural links to the west. It is the most important newspaper in the U.S.

The New York Times, the leading international news newspaper of its",politics,"This text is about politics, government, elections, or public policy.",0.8083654046058655,0.7694709300994873
politics,seed3,politics_teacherseed3_a0.75,0.75,2,9,529,"Write a short neutral news brief about a group making a decision.

Brief:","

1. What do you expect to happen if the US military forces in Afghanistan break apart a peaceful, forward-deployed and fully-equipped government that has committed war crimes and carried out genocide, crimes against humanity? What would happen if the US military forces break apart the government that has committed war crimes and carried out genocide?

2. What do you think the US military could be doing in Afghanistan to prevent this kind of genocide",politics,"This text is about politics, government, elections, or public policy.",0.6028210520744324,0.4806783199310303
politics,seed3,politics_teacherseed3_a0.75,0.75,2,10,530,"Write a short neutral news brief about a group making a decision.

Brief:"," An account of a group of three people making their decision to take the US to war.

A short discussion about a group of three people making their decision to take the US to war.

An account of a group of three people making their decision to take the US to war.

A short discussion about a group of three people making their decision to take the US to war.

This paper is about the group of three",politics,"This text is about politics, government, elections, or public policy.",0.3904716968536377,0.34124839305877686
politics,seed3,politics_teacherseed3_a0.75,0.75,2,11,531,"Write a short neutral news brief about a group making a decision.

Brief:"," https://t.co/Z3qV8t0kR1 — Chris Kline (@ChrisKline) March 16, 2018

The Washington Post reports the group would like the U.S. to make a choice based on “what we see as a fair and decent society,” but they also say the idea of being forced to make a choice to be part of a minority group that might be “racially derogatory",politics,"This text is about politics, government, elections, or public policy.",0.43616753816604614,0.32888561487197876
politics,seed3,politics_teacherseed3_a0.75,0.75,2,12,532,"Write a short neutral news brief about a group making a decision.

Brief:"," Some groups are determined to take advantage of the uncertainty. That’s because the news cycle is a little different than usual.

A group of journalists has decided to go public about the group, which is not known for its openness about its political views.

The group, which is called The Voice of the People, was founded by a former journalist and has not revealed its identity.

The group was set up in October after a",politics,"This text is about politics, government, elections, or public policy.",0.6952348351478577,0.6391056776046753
politics,seed3,politics_teacherseed3_a0.75,0.75,2,13,533,"Write a short neutral news brief about a group making a decision.

Brief:"," One group of people made a decision which made it impossible for them to take a step forward.

Short: This was not the first decision to make the people of the United Kingdom have made. They have made a decision to close the Northern Ireland prison for a second year and to block the Northern Ireland peace process.

Brief: This is one of a number of decisions that made that decision. The Government has said it is not against",politics,"This text is about politics, government, elections, or public policy.",0.8519971370697021,0.8284513354301453
politics,seed3,politics_teacherseed3_a0.75,0.75,2,14,534,"Write a short neutral news brief about a group making a decision.

Brief:","

On June 10, 2018 the Obama administration imposed a $1 billion fine on the Islamic Center of Washington DC, charging the group with violating federal law. The Obama administration says it will not comply with the fine. In light of the Obama's decision, the group was suspended indefinitely, and the Justice Department charged that it violated federal law by holding meetings with foreign embassies.

On June 10, 2018 a group calling itself the """,politics,"This text is about politics, government, elections, or public policy.",0.6701199412345886,0.5633859038352966
politics,seed3,politics_teacherseed3_a0.75,0.75,2,15,535,"Write a short neutral news brief about a group making a decision.

Brief:"," What happened to the “S” group?

I found myself in a rather awkward situation during the summer of 2015. I was living and working in a different city, the same city where I was working for one of the local radio stations, and what I wanted was to get in touch with people who had heard of my group, and ask about my experience. It would have been a nightmare to have to bring my group into the city.",politics,"This text is about politics, government, elections, or public policy.",0.1728917807340622,-0.34150731563568115
politics,seed3,politics_teacherseed3_a0.75,0.75,2,16,536,"Write a short neutral news brief about a group making a decision.

Brief:"," President Trump’s response to a group of young black men that was protesting his racist remarks at the rally.

That’s an interesting discussion, and not really a bad one. This has been brought up enough times before, and it’s good to see that it is not being lost on any of the others. It seems to be a well-coordinated effort to be a positive force for black people.

This is also",politics,"This text is about politics, government, elections, or public policy.",0.7783875465393066,0.739500105381012
politics,seed3,politics_teacherseed3_a0.75,0.75,2,17,537,"Write a short neutral news brief about a group making a decision.

Brief:"," The National Rifle Association has come out in favor of legislation that would ban guns on the streets of the United States.

What’s your take?

The NRA, or National Rifle Association, is one of the most powerful political groups in America. It’s founded more than 60 percent of the American population and is widely viewed as the “lobbying party” of the United States government.

In the wake of",politics,"This text is about politics, government, elections, or public policy.",0.9113107323646545,0.8927632570266724
politics,seed3,politics_teacherseed3_a0.75,0.75,2,18,538,"Write a short neutral news brief about a group making a decision.

Brief:"," The Senate should consider a bipartisan bill that would eliminate the requirement that federal agencies report about the actions of their staff.

But if the Senate doesn't do that, federal agencies, including the US Government, could be held to a more detailed assessment of the state of the process by the White House and Congress.

The House bill contains a provision that would ensure that federal agencies would have an ""accountability role"" -- in other words,",politics,"This text is about politics, government, elections, or public policy.",0.886755645275116,0.860322117805481
politics,seed3,politics_teacherseed3_a0.75,0.75,2,19,539,"Write a short neutral news brief about a group making a decision.

Brief:"," The Obama administration's decision to drop a lawsuit that could have found a path to overturn a federal court ruling that blocked a law that restricts the distribution of guns to the mentally ill and their allies. The court's ruling didn't overturn the law, but it left the legal community unhappy. ""This was an outrage,"" said one staffer.

""We are not here to make a judgement but a recommendation to make a decision,"" said another.",politics,"This text is about politics, government, elections, or public policy.",0.8533540964126587,0.8246077299118042
politics,seed3,politics_teacherseed3_a0.75,0.75,3,0,540,"Write a short neutral news brief about an event that happened today.

Brief:"," A man was arrested on suspicion of murder after a family and friends complained that a bomb was dropped on their home, police said.

""I said 'it's a bomb in the house,' and he said, 'No, it's not a bomb in the house, it's not a bomb in the house. It's a terrorist bomb,' and he got a hold of a bomb magazine that he took to the station and said, '",politics,"This text is about politics, government, elections, or public policy.",0.021329285576939583,-0.9158293604850769
politics,seed3,politics_teacherseed3_a0.75,0.75,3,1,541,"Write a short neutral news brief about an event that happened today.

Brief:","

1. When asked by a reporter if he had spoken to the man named “Mr. Jagger,” Mr. Trump’s response was not immediately clear.

2. In an interview in 2015, he said, “I’m not one of them. I was born a man.” He then suggested, perhaps with some degree of irony, that he might have been born a man because he liked people he admired.

",politics,"This text is about politics, government, elections, or public policy.",0.5337631702423096,0.23177757859230042
politics,seed3,politics_teacherseed3_a0.75,0.75,3,2,542,"Write a short neutral news brief about an event that happened today.

Brief:"," “It’s an unusual day for the United States as it has been in a couple of weeks. On Wednesday, President Trump said he would pardon eight US judges and ordered their immediate release. The President has said he will use his executive power to put those judges and the judicial system back in their place and to take the United States into the 21st century. But in this country, the idea of taking on the executive powers doesn’t make",politics,"This text is about politics, government, elections, or public policy.",0.898621678352356,0.8831523060798645
politics,seed3,politics_teacherseed3_a0.75,0.75,3,3,543,"Write a short neutral news brief about an event that happened today.

Brief:"," On Monday, August 6, in the aftermath of an attack on three people inside of an apartment complex in the West Side of Manhattan, New York City officials and activists from the LGBTQ community rallied for civil rights. “Today, we are fighting for a new world where everyone is free to walk with dignity and respect,” said New York Mayor Bill de Blasio. “It’s our first day of the year and we must lead and be",politics,"This text is about politics, government, elections, or public policy.",0.5415050983428955,0.41656824946403503
politics,seed3,politics_teacherseed3_a0.75,0.75,3,4,544,"Write a short neutral news brief about an event that happened today.

Brief:","

""In the first hour of this election campaign, a group of people who are already fighting a battle — whether it's black voters, Latinos, or other groups — decided to push the campaign into the center of the issue. That is absolutely true. But that is not what we're talking about today.""

""The most pressing issue in the United States is what goes on at the State Department,"" said Michael Rappaport",politics,"This text is about politics, government, elections, or public policy.",0.8790736794471741,0.8422428965568542
politics,seed3,politics_teacherseed3_a0.75,0.75,3,5,545,"Write a short neutral news brief about an event that happened today.

Brief:"," A brief from the Department of Justice that the FBI is considering reviewing its handling of the case, according to the department and the FBI.

That brief was sent to reporters before the FBI had announced it was asking the DOJ to review it, the department said. The brief has since been deleted.

The briefing came less than a week after the Senate Judiciary Committee voted to review the FBI’s handling of the FBI’s probe of",politics,"This text is about politics, government, elections, or public policy.",0.7269773483276367,0.6876095533370972
politics,seed3,politics_teacherseed3_a0.75,0.75,3,6,546,"Write a short neutral news brief about an event that happened today.

Brief:","

""The Republican National Convention this weekend is being staged in Orlando, Florida. We’re going to show those people that we’re serious about making an impact on the world. We’ll be talking about what’s really going on at this convention.

But we are going to discuss an issue that has been very divisive in our party, which is that people are actually willing to fight back and be part of that process",politics,"This text is about politics, government, elections, or public policy.",0.8224390149116516,0.7730149030685425
politics,seed3,politics_teacherseed3_a0.75,0.75,3,7,547,"Write a short neutral news brief about an event that happened today.

Brief:"," The UK parliament on Wednesday approved a controversial £2.6bn deal to send aid to Iraq and Syria but rejected a request to fund a review of the deal, as the US has demanded in the past. The UK government is facing intense pressure from the lobbyists who wanted to get out of the deal, a group of lawmakers and lobbyists wrote in an open letter to Jeremy Hunt.

The letter, sent by Liberal Democrat MP Lucy Powell",politics,"This text is about politics, government, elections, or public policy.",0.881995677947998,0.8629840612411499
politics,seed3,politics_teacherseed3_a0.75,0.75,3,8,548,"Write a short neutral news brief about an event that happened today.

Brief:"," A few words on the event were included in a brief on the House Oversight Committee’s probe of what happened in Ferguson.

Short: A brief for the committee was released.

Long: A brief for the committee was released.

The brief on the House Oversight Committee’s investigation of what happened in Ferguson was released later in the day.

A brief on the House Oversight Committee’s",politics,"This text is about politics, government, elections, or public policy.",0.5357123613357544,0.5096291899681091
politics,seed3,politics_teacherseed3_a0.75,0.75,3,9,549,"Write a short neutral news brief about an event that happened today.

Brief:"," This is part of my “what’s on the agenda” section of my site.

“One of the reasons we needed to bring people together was to allow people to decide what we did,” said Jeff Sowers, the executive director of the Westchester County Community Action Partnership. “Because we have a lot of different things that need to be dealt with, we do need to bring people together. We don’t get our way",politics,"This text is about politics, government, elections, or public policy.",0.712877631187439,0.635459303855896
politics,seed3,politics_teacherseed3_a0.75,0.75,3,10,550,"Write a short neutral news brief about an event that happened today.

Brief:","

A short talk at the Gowanus Gala.

A video posted to Facebook showing some of the protesters who attended the event.

A video posted on Twitter showing a man trying to carry a sign in the audience.

A video posted on Facebook in which supporters hold a sign outside the Gowanus Gala.

A video posted to Facebook in which supporters hold a sign outside the Gowanus Gala",politics,"This text is about politics, government, elections, or public policy.",0.07068207859992981,0.03847474232316017
politics,seed3,politics_teacherseed3_a0.75,0.75,3,11,551,"Write a short neutral news brief about an event that happened today.

Brief:","

A group of people organized a brief about a news conference last week that was attended by a group of people in the White House. The brief was about a press conference which was said to be attended by “a group of people from the White House and from the Obama administration.” The brief said that the news conference was “held to discuss the state of the world” and was meant to “reflect on the president’s foreign policy.”
",politics,"This text is about politics, government, elections, or public policy.",0.9175125360488892,0.9035738706588745
politics,seed3,politics_teacherseed3_a0.75,0.75,3,12,552,"Write a short neutral news brief about an event that happened today.

Brief:"," This newspaper’s staff has said that “some journalists will be targeted in a variety of different ways during the year,” but that only two of them will be targeted during the full term of the election campaign.

In a briefing earlier today for the BBC News website, an editor told the BBC’s national director of strategic and parliamentary journalism that the office of the prime minister’s spokesman had been “stunningly wrong” in announcing a",politics,"This text is about politics, government, elections, or public policy.",0.8543297052383423,0.8186438083648682
politics,seed3,politics_teacherseed3_a0.75,0.75,3,13,553,"Write a short neutral news brief about an event that happened today.

Brief:"," The event was a huge story about one of the most underreported government departments in Washington.

The U.S. National Security Agency, which is the subject of a lawsuit, is involved. But it’s still the subject of a lawsuit, and the NSA has never formally been charged with it.

The NSA isn’t the only thing that will be investigated.

It’s also the target of a number of lawsuits",politics,"This text is about politics, government, elections, or public policy.",0.9081167578697205,0.890601396560669
politics,seed3,politics_teacherseed3_a0.75,0.75,3,14,554,"Write a short neutral news brief about an event that happened today.

Brief:"," “A group of students and staff at the New School for Creative Studies were working on a report on the impact of a new school for the city of San Diego County. The report, called Our First School in San Diego County, was recently released and was the first report of its kind by a non-profit organization.”

On their report “The Future of San Diego County,” which was created to create a new school district, the students said",politics,"This text is about politics, government, elections, or public policy.",0.03091411292552948,-0.8790233731269836
politics,seed3,politics_teacherseed3_a0.75,0.75,3,15,555,"Write a short neutral news brief about an event that happened today.

Brief:"," The day after the event, the city was shocked to learn of a death that killed a senior executive at a small startup, who the president blamed for the deaths of several high-profile executives. The case involved two prominent Wall Street execs who were involved in the company's investments in hedge funds.

The story was similar to what the company is now getting, according to sources familiar with the investigation.

""We know this event happened",politics,"This text is about politics, government, elections, or public policy.",0.2515985071659088,-0.35845205187797546
politics,seed3,politics_teacherseed3_a0.75,0.75,3,16,556,"Write a short neutral news brief about an event that happened today.

Brief:","

The Republican National Committee announced on Wednesday morning that it will be holding a meeting at the state Capitol to discuss potential spending cuts to the DNC and the American Israel Public Affairs Committee.

A Democratic National Committee source said the Republican leaders are “looking at the possibility of significant spending cuts in the next fiscal year to ensure budget savings are sustained.” The source added, “As far as the future of the Democratic leadership are concerned, there is",politics,"This text is about politics, government, elections, or public policy.",0.9074233770370483,0.8924636244773865
politics,seed3,politics_teacherseed3_a0.75,0.75,3,17,557,"Write a short neutral news brief about an event that happened today.

Brief:"," The Obama administration's Office of Management and Budget had issued a budget for the year that included new guidance for the United States Department of Homeland Security and the Department of Veterans Affairs. And that's why the new guidance isn't so controversial.

This week, the Obama administration's Office of Management and Budget issued a new budget that included an overhaul of its budget for the year. That's good news for the White House.

And while the",politics,"This text is about politics, government, elections, or public policy.",0.8751925826072693,0.8524820804595947
politics,seed3,politics_teacherseed3_a0.75,0.75,3,18,558,"Write a short neutral news brief about an event that happened today.

Brief:","

""The first week of the presidential campaign of Donald Trump was a little bit of a disappointment. But it was a relief to see all the facts that were floating around him,"" said Mr. Comey. ""He didn’t have to tell the American people, he could have been the least bad president in modern history.""

He also mentioned how he was concerned that Trump was ""getting in the way"" of a ""clear and present",politics,"This text is about politics, government, elections, or public policy.",0.8410975337028503,0.8187275528907776
politics,seed3,politics_teacherseed3_a0.75,0.75,3,19,559,"Write a short neutral news brief about an event that happened today.

Brief:"," A report by the U.S. intelligence community and the U.S. government are speculating that Russian military intelligence might be behind the murder of the U.S. ambassador to Russia.

That report is still under review, but the FBI has already interviewed Russian agents who are involved in the Trump campaign.

The Trump campaign is also now being investigated, and a criminal case is now under way in Chicago.",politics,"This text is about politics, government, elections, or public policy.",0.9047108888626099,0.8901078104972839
politics,seed3,politics_teacherseed3_a0.75,0.75,4,0,560,"Write a short neutral news brief about a change people are discussing.

Brief:"," The House will revisit some of the provisions related to the Affordable Care Act, including the states' new “universal coverage” plan and its health care reform provisions.

Hear from lawmakers who are considering the bill.

The Senate passed the bill by a vote of 235-170.

Republicans are pushing the bill for several reasons: The tax code provides protections to low-income people who don't have insurance. They also want",politics,"This text is about politics, government, elections, or public policy.",0.8980457186698914,0.8815698623657227
politics,seed3,politics_teacherseed3_a0.75,0.75,4,1,561,"Write a short neutral news brief about a change people are discussing.

Brief:"," When news organizations try to influence a person’s view of the world, they often seek out information from a person who has no vested interest in the subject. For example, many companies spend a lot of time on the news about political developments.

The same can be said of any information-gathering effort directed at a target person, such as a person who has little to no involvement in the news of the day. A single news brief",politics,"This text is about politics, government, elections, or public policy.",0.26496773958206177,0.20408865809440613
politics,seed3,politics_teacherseed3_a0.75,0.75,4,2,562,"Write a short neutral news brief about a change people are discussing.

Brief:"," News Briefs

This brief examines the media agenda.

Facts and figures

The issue of the press is an issue that is at the centre of the current media climate, with the number of articles published in print and television declining. Most news organisations are concerned with the issue of press freedom, but there is little debate about the role of journalists in the current environment.

The main media organisations focus on media coverage of developments",politics,"This text is about politics, government, elections, or public policy.",0.35327500104904175,0.17938852310180664
politics,seed3,politics_teacherseed3_a0.75,0.75,4,3,563,"Write a short neutral news brief about a change people are discussing.

Brief:"," ""You guys are so smart, you are so smart. We can make a better world by listening to the voices of people we agree with. We are going to be smarter by listening to the voices of the people who are not talking about you.""

Ford would take a different tack, he says, and instead of the usual ""We're gonna make a better world"" talk, he would say, ""You guys are so smart,",politics,"This text is about politics, government, elections, or public policy.",0.04880601540207863,-0.04842662438750267
politics,seed3,politics_teacherseed3_a0.75,0.75,4,4,564,"Write a short neutral news brief about a change people are discussing.

Brief:"," Trump is a monster and his critics are right. I’ll continue to support the president.

You can also find the full Trump speech here, and then click here to go to the video.

As the election comes down to a national question, the president has the right to talk about his campaign and how his team thinks about them. His speech to reporters at a campaign event, for example, would be an opportunity for him to",politics,"This text is about politics, government, elections, or public policy.",0.8857924938201904,0.8615251779556274
politics,seed3,politics_teacherseed3_a0.75,0.75,4,5,565,"Write a short neutral news brief about a change people are discussing.

Brief:"," The United States is not ready to be at the forefront of any new energy policy for the foreseeable future.

A new energy policy is essential if we are to achieve energy security and economic stability.

A new government must make an objective commitment to reducing greenhouse gas emissions, increasing the use of renewable energy and protecting the environment.

We must make an objective commitment to limiting greenhouse gas emissions to 2030.

A new government must make",politics,"This text is about politics, government, elections, or public policy.",0.7550334930419922,0.7153850197792053
politics,seed3,politics_teacherseed3_a0.75,0.75,4,6,566,"Write a short neutral news brief about a change people are discussing.

Brief:","

You may be feeling down in the dumps because you haven’t seen a lot of TV lately. In fact, there are four shows on TV in the UK this week, all of them from the likes of The Voice and The Office.

That’s because there was some debate about TV’s effect on people’s lives and how to deal with it. In order to understand where the changes take people, you have",politics,"This text is about politics, government, elections, or public policy.",0.129231795668602,-0.27476412057876587
politics,seed3,politics_teacherseed3_a0.75,0.75,4,7,567,"Write a short neutral news brief about a change people are discussing.

Brief:"," A small group of concerned local elected officials from the West Baton Rouge Parish Council will convene tonight at noon to consider the impact of a change to local elected officials’ powers, and discuss the need to ensure the right balance between the state’s fiscal and economic interests.

The West Baton Rouge Parish Council, comprised of five elected officials, will convene tonight at noon to discuss the impact of a change to local elected officials’ powers",politics,"This text is about politics, government, elections, or public policy.",0.7910799384117126,0.7772314548492432
politics,seed3,politics_teacherseed3_a0.75,0.75,4,8,568,"Write a short neutral news brief about a change people are discussing.

Brief:","

(SOUNDBITE OF SONG, ""MAKE YOUR MOTHER FLEE"")

(SOUNDBITE OF SONG, ""GENTLE WIND"")

UNIDENTIFIED FEMALE: It's a sign of a more effective way to fight back against what we're doing. And it's going to be used by groups that are fighting in a war to keep those who oppress them from being",politics,"This text is about politics, government, elections, or public policy.",0.2170543670654297,0.043268173933029175
politics,seed3,politics_teacherseed3_a0.75,0.75,4,9,569,"Write a short neutral news brief about a change people are discussing.

Brief:"," The media is in an ""uproar"" about the issue of child sexual abuse.

""The debate is an uproar that should be closed,"" he said. ""We just have to find a way to put the blame where it belongs.""

The media is an outspoken advocate for the rights of abused children. And even if they have to take a stand, it will have to be backed by the politicians who are involved",politics,"This text is about politics, government, elections, or public policy.",0.7040334343910217,0.637244462966919
politics,seed3,politics_teacherseed3_a0.75,0.75,4,10,570,"Write a short neutral news brief about a change people are discussing.

Brief:","

We should be clear that all citizens are free to decide whether to vote in this election and, in addition, if they want to, they should be able to vote in this election. But it's clear that these people have no right to vote and we shouldn't be doing this.

Let's also be clear: This election is not about who controls the electoral rolls. This election is about the power of our vote. It's",politics,"This text is about politics, government, elections, or public policy.",0.910200297832489,0.8907973170280457
politics,seed3,politics_teacherseed3_a0.75,0.75,4,11,571,"Write a short neutral news brief about a change people are discussing.

Brief:"," The Government has introduced a system for the national broadcast of live television content.

Brief: The system ensures that the broadcast media will be impartial and accountable, including impartiality in relation to the information it is delivering.

Brief: We have been advised by the Broadcasting Standards Authority that the national content guidelines for television, which apply to all content which is produced, broadcasted or broadcasted on the internet, will be updated and revised",politics,"This text is about politics, government, elections, or public policy.",0.5270491242408752,0.46574825048446655
politics,seed3,politics_teacherseed3_a0.75,0.75,4,12,572,"Write a short neutral news brief about a change people are discussing.

Brief:"," The New York Times is publishing a special brief in the event that the Supreme Court decides that Obama must be fired because of what he said about the Iran nuclear deal, which was recently voted down by the nation. But the Times said the brief is not intended to be a legal opinion.

“They are reviewing my brief because it would have raised serious issues about whether the U.S. is willing to put the United States in a position where",politics,"This text is about politics, government, elections, or public policy.",0.8613708019256592,0.8260436654090881
politics,seed3,politics_teacherseed3_a0.75,0.75,4,13,573,"Write a short neutral news brief about a change people are discussing.

Brief:","

- A new national health agency is set to be built in California, and the state could be home to one of the country’s most ambitious plans for health reform, with a plan to reduce the nation’s uninsured.

- An anti-poverty law is now set to be passed in California. It will also set new federal policies that will help the poor and working class, and ensure funding to help build affordable housing.",politics,"This text is about politics, government, elections, or public policy.",0.9018251299858093,0.8730549216270447
politics,seed3,politics_teacherseed3_a0.75,0.75,4,14,574,"Write a short neutral news brief about a change people are discussing.

Brief:"," The U.S. Department of Health and Human Services has just released a new, comprehensive report on the extent of the opioid epidemic, in the wake of the opioid deaths that have occurred.

Nearly 3 million Americans are heroin or opioid users, according to the Centers for Disease Control and Prevention. Most of them inject drugs, or inject themselves.

A study by the CDC and the National Institute on Drug Abuse found that the opioid use",politics,"This text is about politics, government, elections, or public policy.",0.004056516103446484,-0.9708197116851807
politics,seed3,politics_teacherseed3_a0.75,0.75,4,15,575,"Write a short neutral news brief about a change people are discussing.

Brief:"," A new section to be added to our current website.

The site has a lot of information about the upcoming federal budget. The main point is that this budget will have to meet the needs of the American people as well as the public. And that is a serious problem, and we do not have any alternative. We also have to focus on our economic issues.

The brief, which I think is the best one I have heard yet",politics,"This text is about politics, government, elections, or public policy.",0.8676900863647461,0.8364733457565308
politics,seed3,politics_teacherseed3_a0.75,0.75,4,16,576,"Write a short neutral news brief about a change people are discussing.

Brief:"," “The people we’re talking about are people who are making decisions we want to make more frequently, such as the environment or jobs.”

And that is a clear statement of a major policy change that is needed and will continue to be needed.

But it is also clear that the people we are talking about are not the same people we might talk about when we talk about public policy.

The same people may be interested in",politics,"This text is about politics, government, elections, or public policy.",0.8282649517059326,0.8023611903190613
politics,seed3,politics_teacherseed3_a0.75,0.75,4,17,577,"Write a short neutral news brief about a change people are discussing.

Brief:"," No one can deny that a major step has been taken in the battle over online neutrality. But as of this week, there is a big debate over whether or not online neutrality is a problem.

The battle has divided technology companies, politicians and policy makers.

And many of the tech giants are concerned that an online neutrality fight could threaten their ability to compete effectively with the likes of Facebook, Google, Amazon, Apple, Microsoft and Twitter",politics,"This text is about politics, government, elections, or public policy.",0.18930381536483765,-0.4658142328262329
politics,seed3,politics_teacherseed3_a0.75,0.75,4,18,578,"Write a short neutral news brief about a change people are discussing.

Brief:"," The president and the first lady meet for the first time this week to talk about a new, bipartisan immigration bill. We also have the first lady visiting Washington this week for a new initiative to help young people who want to change Washington. This isn’t her first time here.

Brief: The president, first lady and first lady will meet to discuss a bipartisan immigration bill. Here’s a brief recap of the meetings we held today",politics,"This text is about politics, government, elections, or public policy.",0.8843002319335938,0.8600401282310486
politics,seed3,politics_teacherseed3_a0.75,0.75,4,19,579,"Write a short neutral news brief about a change people are discussing.

Brief:","

A change in the way Americans listen to and understand the news has brought us the kind of news that makes us listen to what is being said, but it’s also making people want to be outraged by what’s happening around them, even if it’s only for a day or two. I’m hearing that more people want to know how it’s going to affect them rather than simply not talk to anyone about it",politics,"This text is about politics, government, elections, or public policy.",0.3632630407810211,0.3059166967868805
politics,seed3,politics_teacherseed3_a0.75,0.75,5,0,580,"Write a short neutral news brief about a new plan.

Brief:"," The New Jersey Department of Education has a plan to teach the “basic concepts and practices of human rights,” including non-interference in Israel. The plan will be a “step toward a fully inclusive, open and fair education system.”

Facing allegations of violations of civil rights, and the threat of arrest and incarceration, the New Jersey Education Department is making a number of improvements in school safety programs, with more than 2,000 of those",politics,"This text is about politics, government, elections, or public policy.",0.36393222212791443,-0.07875657081604004
politics,seed3,politics_teacherseed3_a0.75,0.75,5,1,581,"Write a short neutral news brief about a new plan.

Brief:"," New York Times: “We may lose an important piece of our democracy, but it’s also about the job of journalists, particularly when it comes to the national media,” he said at a press conference Thursday afternoon.

“We’ve got to move the job of the New York Times over to the national media. It’s a job that we have to perform, and we should do it.”

The Times on Wednesday,",politics,"This text is about politics, government, elections, or public policy.",0.7084628343582153,0.6390042901039124
politics,seed3,politics_teacherseed3_a0.75,0.75,5,2,582,"Write a short neutral news brief about a new plan.

Brief:"," There will be no public funding for a proposed budget for education or a proposal to build public schools on these acres. The public school system will have the option to create new public charter schools and to expand them to other cities. In the United States, the public school system is already funding these schools, which is why the proposal to build them is so unpopular with students.",politics,"This text is about politics, government, elections, or public policy.",0.7040237784385681,0.6365480422973633
politics,seed3,politics_teacherseed3_a0.75,0.75,5,3,583,"Write a short neutral news brief about a new plan.

Brief:","

What if a new report is released on the future of Obamacare?

On Thursday, the Trump administration issued a public statement on the new health care law. It says, “The Affordable Care Act will change the way the American people see health insurance and how they shop for coverage.”

This sounds a lot like the Republican statement about Obamacare being “a new report on the future of health care.”

“The American people don",politics,"This text is about politics, government, elections, or public policy.",0.8559413552284241,0.8205999135971069
politics,seed3,politics_teacherseed3_a0.75,0.75,5,4,584,"Write a short neutral news brief about a new plan.

Brief:"," The New York Times reported last year that the Trump campaign had sent a letter to Mr. Trump’s transition team warning that the incoming Trump administration may want to “use this conflict to try to undermine the rule of law in Washington.”

And brief: A review of all the research about the president’s ties to Russia, the investigation of his ties to Ukraine, and the possible interference in the 2016 election.

And brief: The",politics,"This text is about politics, government, elections, or public policy.",0.932233989238739,0.9090021848678589
politics,seed3,politics_teacherseed3_a0.75,0.75,5,5,585,"Write a short neutral news brief about a new plan.

Brief:"," The new bill is intended to address the growing problem of climate change, including the need for a better understanding of the impacts of carbon dioxide on the environment, its potential role as a climate fix, and how to reduce greenhouse gas emissions more quickly.

Brief: The bill’s new environmental language means that the climate lobby should have an obligation to address the challenges it faces when it comes to greenhouse gas emissions. The language will also help ensure",politics,"This text is about politics, government, elections, or public policy.",0.14459048211574554,-0.2548413872718811
politics,seed3,politics_teacherseed3_a0.75,0.75,5,6,586,"Write a short neutral news brief about a new plan.

Brief:"," The US is considering a ban on the sale of medical marijuana products

The proposal to ban medical marijuana sales would apply to anyone who had been convicted of a controlled substance offence and a civil misdemeanor that required them to register with the state. The measure would go into effect if an offence involved the sale of marijuana.

The document would also bar businesses from using cannabis-producing machinery or products, such as grow equipment and medical cannabis products.
",politics,"This text is about politics, government, elections, or public policy.",0.4446106553077698,0.24371647834777832
politics,seed3,politics_teacherseed3_a0.75,0.75,5,7,587,"Write a short neutral news brief about a new plan.

Brief:","

In this brief, Dr. Benay is going to talk about the issue of “anti-racist” and “pro-transgender” policies being implemented on college campuses and how the campus government and the universities themselves have been under increasing scrutiny.

His main focus is the “anti-racist” policy. So he will speak about how the policy has been put in place, and what the university has been doing to tackle",politics,"This text is about politics, government, elections, or public policy.",0.3859853446483612,0.04636159539222717
politics,seed3,politics_teacherseed3_a0.75,0.75,5,8,588,"Write a short neutral news brief about a new plan.

Brief:"," “I would like to thank the Department of Health and Human Services Office of the Assistant Secretary for Health for their advice and guidance in this matter. I have made an effort to make the case for the creation of an American Cancer Society for the state of Michigan as a possible future state for these programs, but I do not think that this should have occurred.”

“I just think it is time that this issue is brought up,” said Mr.",politics,"This text is about politics, government, elections, or public policy.",0.7709715366363525,0.7280041575431824
politics,seed3,politics_teacherseed3_a0.75,0.75,5,9,589,"Write a short neutral news brief about a new plan.

Brief:"," This is a short neutral news brief about the new Plan.

Brief: This is a short neutral news brief about the new Plan.

Brief: This is a short neutral news brief about the new Plan.

Brief: This is a short neutral news brief about the new Plan.

Brief: This is a short neutral news brief about the new Plan.

Brief: This is a short neutral",politics,"This text is about politics, government, elections, or public policy.",0.2724896967411041,0.21957913041114807
politics,seed3,politics_teacherseed3_a0.75,0.75,5,10,590,"Write a short neutral news brief about a new plan.

Brief:"," The new law is a welcome break for the Trump administration, and it will lead to higher wages for Americans living in the Rust Belt. We'll see how much money the Democratic-controlled Congress can cut, and how much the administration can cut too.

Why it matters: The Trump administration is a lot bigger than just trying to protect the border from illegal immigration. It has the authority to create new checks on the economy, set up regulatory checks",politics,"This text is about politics, government, elections, or public policy.",0.9403046369552612,0.9319656491279602
politics,seed3,politics_teacherseed3_a0.75,0.75,5,11,591,"Write a short neutral news brief about a new plan.

Brief:"," The president and his family will soon receive an update on the Department of Health and Human Services, a plan that would give the federal government a $15 billion budget surplus and allow it to fund research that is critical to fighting a range of diseases that affect millions of Americans.

The plan calls for a phased approach to health care that would have the federal government set aside about $500 billion a year.

""The President and his family",politics,"This text is about politics, government, elections, or public policy.",0.8885918855667114,0.8558019995689392
politics,seed3,politics_teacherseed3_a0.75,0.75,5,12,592,"Write a short neutral news brief about a new plan.

Brief:"," The new plan will put up new protections for those who can’t afford to pay for their airfare to go through the system and make a new tax bracket — a number in the low single-digit range.

For example, if a business wants to pay $5,000 for a round-trip ticket, they would have to pay taxes and the airline would have to pay a 20 percent charge on those amounts.

The new",politics,"This text is about politics, government, elections, or public policy.",0.4174303114414215,0.21456116437911987
politics,seed3,politics_teacherseed3_a0.75,0.75,5,13,593,"Write a short neutral news brief about a new plan.

Brief:"," Obama’s plan to “work in the private sector” to make America more inclusive.

The president will be holding a press conference in the evening. He will outline his priorities for the next two weeks, in speeches at key events including the National Urban League and the World Bank, in front of high-ranking Obama officials and on the campaign trail. He will be flanked by his top economic advisers and will be discussing the economic needs of",politics,"This text is about politics, government, elections, or public policy.",0.9345581531524658,0.923215925693512
politics,seed3,politics_teacherseed3_a0.75,0.75,5,14,594,"Write a short neutral news brief about a new plan.

Brief:","

The United States military is considering a controversial strategy to reduce the threat of terrorism by using a broad array of tactics to counter radicalization and extremism, a Pentagon official told The Daily Caller News Foundation.

Military commanders will look at ""a new type of military-style strategy"" that would ""allow it to focus on extremist groups that we can confront.""

The Pentagon has long been concerned about the risk of terrorism,",politics,"This text is about politics, government, elections, or public policy.",0.5434655547142029,0.3327578902244568
politics,seed3,politics_teacherseed3_a0.75,0.75,5,15,595,"Write a short neutral news brief about a new plan.

Brief:","The state of the nation's budget by state, by county, and by county, a list of all taxes by revenue level and by the amount of each county's revenue.

Longer version of the brief:How state and county governments are making the choice to spend more federal funds.

Longer version of the brief:How state and county governments are making the choice to spend more federal funds.

Longer version of the",politics,"This text is about politics, government, elections, or public policy.",0.8470708727836609,0.8328761458396912
politics,seed3,politics_teacherseed3_a0.75,0.75,5,16,596,"Write a short neutral news brief about a new plan.

Brief:"," It will make it easier for families to identify relatives and be able to communicate with them.

Shortly after the House votes to approve a revised version of the bill that called on the Obama administration to stop providing information to the FBI about those who have connections with terrorism, a news source says the new administration will be asked to drop its controversial practice of withholding information from the FBI, which is part of the Department of Homeland Security.

H",politics,"This text is about politics, government, elections, or public policy.",0.8702791929244995,0.8434276580810547
politics,seed3,politics_teacherseed3_a0.75,0.75,5,17,597,"Write a short neutral news brief about a new plan.

Brief:"," How will we get out of a deadlock in the talks in Paris?

A spokesperson for the EU’s foreign policy chief, John Kerry, said in a statement on Thursday that “we are confident” that “no talks with China will be delayed to allow for a common direction on the table” for a “new and improved” EU-China relationship.

“The EU is fully committed to the security and prosperity of our two",politics,"This text is about politics, government, elections, or public policy.",0.41276365518569946,0.011068612337112427
politics,seed3,politics_teacherseed3_a0.75,0.75,5,18,598,"Write a short neutral news brief about a new plan.

Brief:"," A government-run campaign to keep us safe would be more effective.

Short: This is a political campaign.

Long: A government-run campaign to protect the country from dangerously unchecked terrorists.

What’s really happening is that this is what our government does — we’re fighting terrorists. And we want to be prepared. We want to know where the enemy is. We want to be prepared to attack them",politics,"This text is about politics, government, elections, or public policy.",0.9110099673271179,0.8974005579948425
politics,seed3,politics_teacherseed3_a0.75,0.75,5,19,599,"Write a short neutral news brief about a new plan.

Brief:"," In order to preserve our constitutional rights and the ability of law enforcement to execute search warrants, the City and County of San Francisco have implemented a plan to prevent further attacks against the City’s police force by limiting their ability to effectively investigate and seize weapons and other contraband.

For the first time, the City has implemented a plan to protect the integrity of their police forces by limiting the activities of the police officers who carry out these searches.",politics,"This text is about politics, government, elections, or public policy.",0.4223043620586395,0.2155635505914688
politics,seed3,politics_teacherseed3_a1,1.0,0,0,600,"Write a short neutral news brief about a recent local development.

Brief:"," Local businesses in a major city have been forced to cut the hours they use to work to cut back on spending in their city and to trim spending on community meetings and education.

Brief: Local schools have been put on a reduced funding roll after the Education Secretary, Michael Gove, said the government is ""too large and too short-sighted"" and that they must ""be more creative"".

Brief: The government,",politics,"This text is about politics, government, elections, or public policy.",0.891559898853302,0.8463446497917175
politics,seed3,politics_teacherseed3_a1,1.0,0,1,601,"Write a short neutral news brief about a recent local development.

Brief:"," We need a national discussion about the dangers of the status quo and the role of the federal government.

Hours of discussion:

5:30 p.m.

A number of federal employees in Ottawa have been asked to remain in their posts after a government decision to make the building of a new gas pipeline the default policy for power generation.

However, they have been instructed not to leave the government job, and they",politics,"This text is about politics, government, elections, or public policy.",0.8939248919487,0.8744829893112183
politics,seed3,politics_teacherseed3_a1,1.0,0,2,602,"Write a short neutral news brief about a recent local development.

Brief:"," Why is the state of the economy deteriorating at an alarming rate?

Why is the state of the economy deteriorating at an alarming rate? An example that was picked up by the Washington Times recently is this. There is an increased cost of living in the nation’s capital, yet it is being paid out in large bills. People are spending their money in local stores, buying everything from handguns to airplanes. If you are driving",politics,"This text is about politics, government, elections, or public policy.",0.49341925978660583,0.4143625497817993
politics,seed3,politics_teacherseed3_a1,1.0,0,3,603,"Write a short neutral news brief about a recent local development.

Brief:"," A local news organization has been taking a stand about the cost of the construction of the Trump Tower in New York City, saying the city is over $50 million in “cost overruns.”

Brief: The Trump Foundation’s board of directors has been on the record opposing the construction of a Trump International Hotel and Tower.

Brief: The Trump Foundation is still awaiting details of the $3.3 billion tax plan that the",politics,"This text is about politics, government, elections, or public policy.",0.8533090353012085,0.8170282244682312
politics,seed3,politics_teacherseed3_a1,1.0,0,4,604,"Write a short neutral news brief about a recent local development.

Brief:","

“A lot of people are tired of hearing about these things,” said Scott Sands, a veteran of the community communications team with the city of Columbus. “They don’t want people to know the details.”

In April 2016, an ad appeared in the Columbus Chronicle about plans to build a new bridge over the Columbus River and connect to the Ohio River.

Sands said that Columbus residents, particularly those from the community",politics,"This text is about politics, government, elections, or public policy.",0.14978350698947906,-0.501318097114563
politics,seed3,politics_teacherseed3_a1,1.0,0,5,605,"Write a short neutral news brief about a recent local development.

Brief:"," Some of the best ideas for local communities are the ideas that are presented here for people to consider if their communities need more money for things such as schools, roads, public transportation or other services.

We will post on these ideas as we receive feedback and as part of a discussion list.

When we have feedback on these ideas, we will put them in a list where people can come back with ideas for how we can better engage their",politics,"This text is about politics, government, elections, or public policy.",0.3724920153617859,0.22945165634155273
politics,seed3,politics_teacherseed3_a1,1.0,0,6,606,"Write a short neutral news brief about a recent local development.

Brief:"," ""Local leaders voted unanimously to pass a budget to make some changes to pay for the state budget.""

This is a response to the budget, which includes $11 million in new state taxes to be paid over 10 years, $1.9 billion in new taxes to be paid over 11 years and another $9 million in new public bonds to be paid over 12 years.

The budget proposal also proposes to cut the state's $6",politics,"This text is about politics, government, elections, or public policy.",0.8863192796707153,0.8667330145835876
politics,seed3,politics_teacherseed3_a1,1.0,0,7,607,"Write a short neutral news brief about a recent local development.

Brief:"," The US government is considering the construction of a ‘rebuilding of the military’s missile defense systems’ as part of a ‘military response to what many see as a possible new Cold War that could threaten the US-Soviet relationship’.

“This is not the first time we’ve heard about US missile defense systems. We’ve also heard of how they’re being installed, including in the Gulf of Tonkin Resolution in 1997,”",politics,"This text is about politics, government, elections, or public policy.",0.7180761694908142,0.6181149482727051
politics,seed3,politics_teacherseed3_a1,1.0,0,8,608,"Write a short neutral news brief about a recent local development.

Brief:"," ""The Tweeter is working hard to try and help local businesses and employees as we seek to balance our mission of creating an inclusive, safe and supportive community with a focus on economic development,"" said Tweeter CEO Brian Madsen.

""We're also working closely with local governments and community groups to ensure that local businesses have access to the funding that will help them to sustain their businesses and the communities they serve. We're also",politics,"This text is about politics, government, elections, or public policy.",0.20663784444332123,-0.3305584788322449
politics,seed3,politics_teacherseed3_a1,1.0,0,9,609,"Write a short neutral news brief about a recent local development.

Brief:","

I have just read the article, “There are three more days of protests in Kiev,” of the Ukrainian Prime Minister Olmert saying he is not prepared to allow the current demonstrations to continue.

The first of the protests were triggered in the capital, Kiev and started on Friday.

The second came after the inauguration of the second “special elections” in Ukraine.

“The elections will be postponed until",politics,"This text is about politics, government, elections, or public policy.",0.8776382803916931,0.849679708480835
politics,seed3,politics_teacherseed3_a1,1.0,0,10,610,"Write a short neutral news brief about a recent local development.

Brief:","

“I was just trying to explain the reason I wanted to go to the beach so I could come up to my house to visit friends.”

The young man said his friends were on the beach and they were talking.

“He was saying he wanted to go up there because he was a fisherman and wanted to see the best of his family.”

The youth said he wanted to go up there so he could see",politics,"This text is about politics, government, elections, or public policy.",0.00597240449860692,-0.9751843214035034
politics,seed3,politics_teacherseed3_a1,1.0,0,11,611,"Write a short neutral news brief about a recent local development.

Brief:","

The City of Newtown has declared it will be in the middle of the city in order to prevent mass protests against the actions of a new teacher.

""We are going to be focusing on the city because we want to bring about a change in this town and the city of Newtown has never been different,"" said Bill McKernan, a spokesman for the city.

Newtown's budget was reduced from $9m",politics,"This text is about politics, government, elections, or public policy.",0.6616267561912537,0.5652329325675964
politics,seed3,politics_teacherseed3_a1,1.0,0,12,612,"Write a short neutral news brief about a recent local development.

Brief:"," A town on the edge of a national recession: how it is a key part of an economy that makes people feel they're being left out of the conversation.

Tribune staff: A new story: How we can keep our streets free of crime, as well as our own.

Websites: A great place to have your local news delivered right.

About the Media

The local paper, which runs the",politics,"This text is about politics, government, elections, or public policy.",0.6148751378059387,0.4916924238204956
politics,seed3,politics_teacherseed3_a1,1.0,0,13,613,"Write a short neutral news brief about a recent local development.

Brief:"," In addition to a short discussion of what is happening in the state and what could have been done differently in regard to the area and how we can move forward, I encourage you to join my campaign to change the current status of the area and to change our message. I hope you will join me in this effort. Thank you.

I want to thank the people of the state of Oklahoma who have supported my campaigns and will continue to do so",politics,"This text is about politics, government, elections, or public policy.",0.5759733319282532,0.5193079710006714
politics,seed3,politics_teacherseed3_a1,1.0,0,14,614,"Write a short neutral news brief about a recent local development.

Brief:"," Brendan O'Neill of the Daily News has his head in the clouds when he writes that, among the most expensive parts of the city, the city's largest shopping centers, has the least diversity in their shops, and most of their services.

Advertisement:

""These types of cities are not about money, and for some people that's not what they're about,"" O'Neill says. ""What they're about is having",politics,"This text is about politics, government, elections, or public policy.",0.10293950140476227,-0.6268193125724792
politics,seed3,politics_teacherseed3_a1,1.0,0,15,615,"Write a short neutral news brief about a recent local development.

Brief:"," A new poll out today says the majority of Canadians don’t feel that there’s a need for more government spending.

Story continues below advertisement

It also says there’s a growing feeling that the government is not spending enough.

“At the same time the government seems to be cutting spending, it seems to be doing more with less,” said Dr. John Poulter, the head of the National Union of Journal",politics,"This text is about politics, government, elections, or public policy.",0.8454053997993469,0.8051473498344421
politics,seed3,politics_teacherseed3_a1,1.0,0,16,616,"Write a short neutral news brief about a recent local development.

Brief:","

The development is a two-track effort by the University of New Hampshire at Durham to improve the delivery of education services at the University of New Hampshire, including the expansion of the University Library to the campus in 2002.

The university is building three new buildings to accommodate the University Library. One will be a library on the campus and a second will be used to house the Student Services Center and Student Services Office.

The University Library",politics,"This text is about politics, government, elections, or public policy.",0.009660406038165092,-0.9487089514732361
politics,seed3,politics_teacherseed3_a1,1.0,0,17,617,"Write a short neutral news brief about a recent local development.

Brief:"," What is an issue that affects the way people think about the issue of mental health and how a society must respond?

What I'm looking for: A brief, no longer than 30-60 words, with the aim of addressing the issue that has impacted your life.

It should be clear, straightforward and clear, in no danger of sounding ""bollox"" or ""chutzpah."" It should be concise, not """,politics,"This text is about politics, government, elections, or public policy.",0.08804937452077866,-0.03479527682065964
politics,seed3,politics_teacherseed3_a1,1.0,0,18,618,"Write a short neutral news brief about a recent local development.

Brief:"," Local developers from Pendleton, Pendleton Town Council and the Pendleton Park Board have agreed to meet in a council room to discuss possible future development in their subdivision.

In a special meeting next month, Pendleton Township staff will discuss future development of the Town.

Mayor John F. Scott will have a special discussion about the development of the Town later this year.

“It’s a wonderful and",politics,"This text is about politics, government, elections, or public policy.",0.7363373637199402,0.6415006518363953
politics,seed3,politics_teacherseed3_a1,1.0,0,19,619,"Write a short neutral news brief about a recent local development.

Brief:"," “We’re in a state of uncertainty at the moment, which means that we have to decide on whether we are going to put a stop to this and make sure there is not a systemic problem.”

The brief also states:

“The council is committed to working with local communities and stakeholders to help ensure the safety of children in our community.

“We know that if we are not able to protect the children, we",politics,"This text is about politics, government, elections, or public policy.",0.31058239936828613,0.009968578815460205
politics,seed3,politics_teacherseed3_a1,1.0,1,0,620,"Write a short neutral news brief about a public announcement.

Brief:","

Mr. President, I have been involved in several cases of terrorism with respect to the United States and its foreign relations.

I am interested in your views as to whether you should have been in contact with us at the earliest possible stage of this process.

I am prepared to meet with you at whatever time the President and I may want to have.

The United States will continue to cooperate with us, and we will",politics,"This text is about politics, government, elections, or public policy.",0.700569212436676,0.6618800163269043
politics,seed3,politics_teacherseed3_a1,1.0,1,1,621,"Write a short neutral news brief about a public announcement.

Brief:","

""The federal government has finally taken it into its own hands, creating a new National Broadband Network (NBN). The new network will create a national broadband network, with a focus on the rural, rural, and the urban regions that were the first to be served by the public broadcaster.""

NBN's ""main aim"" is to deliver new, ""greener"" broadband services.

In a statement, the",politics,"This text is about politics, government, elections, or public policy.",0.5304259657859802,0.4875296354293823
politics,seed3,politics_teacherseed3_a1,1.0,1,2,622,"Write a short neutral news brief about a public announcement.

Brief:"," An online video that contains an explicit statement by the prime minister on the matter of a secret detention of prisoners at the detention centre.

Brief: A short quote from the prime minister.

Brief: A short statement.

Brief: A quote from the prime minister.

Brief: A short statement.

Brief: A short statement.

Brief: A short statement.

B",politics,"This text is about politics, government, elections, or public policy.",0.7519160509109497,0.7329182624816895
politics,seed3,politics_teacherseed3_a1,1.0,1,3,623,"Write a short neutral news brief about a public announcement.

Brief:"," The government has introduced an amnesty policy to stem the rise of Islamic State in Iraq and Syria (ISIS). The measure has the support of the security forces, which are mainly from the Kurdish militia and paramilitary groups. The initiative will also help to prevent another rise of IS in the Middle East.

The strategy aims to combat terrorism by identifying Islamic State members and recruiting them and organising them to fight against them, to prevent them",politics,"This text is about politics, government, elections, or public policy.",0.8066777586936951,0.770451545715332
politics,seed3,politics_teacherseed3_a1,1.0,1,4,624,"Write a short neutral news brief about a public announcement.

Brief:"," A public announcement made about a controversial public statement made by a group of people who want to change their views on issues.

Brief: A public announcement made about a controversial public statement made by a group of people who want to change their views on issues. Brief: A public announcement made about a controversial public statement made by a group of people who are concerned about public policy.

This article is meant to be a short, unedited",politics,"This text is about politics, government, elections, or public policy.",0.6014028191566467,0.5876733660697937
politics,seed3,politics_teacherseed3_a1,1.0,1,5,625,"Write a short neutral news brief about a public announcement.

Brief:"," A public announcement to allow people to donate more than the limit

In the short, the decision is being made to change the limit to allow donations of up to $2,000. It is not clear who is going to pay.

In the longer, a decision is being made to create more time for donation to be made and to raise money for the general election campaign.

There are also concerns about the future of the public",politics,"This text is about politics, government, elections, or public policy.",0.8522882461547852,0.8322705030441284
politics,seed3,politics_teacherseed3_a1,1.0,1,6,626,"Write a short neutral news brief about a public announcement.

Brief:", A report says a state Supreme Court judge has issued an order requiring the state Legislature to reintroduce language on gay marriage.,politics,"This text is about politics, government, elections, or public policy.",0.8335068225860596,0.8105205297470093
politics,seed3,politics_teacherseed3_a1,1.0,1,7,627,"Write a short neutral news brief about a public announcement.

Brief:"," the government has asked the Supreme Court to set aside a vote on a state constitutional amendment to ban all government funding of abortions.

The government has said it would overturn a 2012 law that allows for a single abortion of a fetus without a physician's prior approval.

""The law will not allow for any funding or expansion of abortion for a public purpose,"" a government spokesman said. ""The Supreme Court will therefore find a way to ensure that",politics,"This text is about politics, government, elections, or public policy.",0.8099162578582764,0.7654614448547363
politics,seed3,politics_teacherseed3_a1,1.0,1,8,628,"Write a short neutral news brief about a public announcement.

Brief:"," The Government is holding off on launching an investigation.

The government will consider all other options, including a formal inquiry into Mr. Chou.",politics,"This text is about politics, government, elections, or public policy.",0.8476225137710571,0.8150709867477417
politics,seed3,politics_teacherseed3_a1,1.0,1,9,629,"Write a short neutral news brief about a public announcement.

Brief:"," President-elect Donald Trump speaks with the media during a joint press conference with his new Supreme Court pick, Brett Kavanaugh, at the Washington state Capitol in Washington on Tuesday, June 21, 2017. REUTERS/Kevin Lamarque REUTERS

Brief: President-elect Donald Trump speaks to the media during a joint press conference with his new Supreme Court pick, Brett Kavanaugh, at the Washington state Capitol in Washington on Tuesday, June 21,",politics,"This text is about politics, government, elections, or public policy.",0.8863394260406494,0.8710535764694214
politics,seed3,politics_teacherseed3_a1,1.0,1,10,630,"Write a short neutral news brief about a public announcement.

Brief:"," An online community with a clear, neutral tone.

Brief: In this brief, an online community with a clear, neutral tone.

Brief: In this brief, an online community with a clear, neutral tone.

Brief: In this brief, an online community with a clear, neutral tone.

Brief: The short-term news brief: A brief that is short, a brief that is long",politics,"This text is about politics, government, elections, or public policy.",0.04853792116045952,-0.013157736510038376
politics,seed3,politics_teacherseed3_a1,1.0,1,11,631,"Write a short neutral news brief about a public announcement.

Brief:"," A report that said the United States is not prepared to fight China for its economic interests.

The Washington Times on Twitter: ""The US is in the process of withdrawing from China, the economy is booming, and it's time to 'get it right,' says Treasury Secretary""

Wiki: What are the key points of the economic slowdown?

""China is a very strong country and has been in the news for",politics,"This text is about politics, government, elections, or public policy.",0.7287396788597107,0.6402114033699036
politics,seed3,politics_teacherseed3_a1,1.0,1,12,632,"Write a short neutral news brief about a public announcement.

Brief:"," We’re also in the process of determining whether to make an editorial in-house or as a separate editorial. I think the process of making that editorial, when it comes to making this public announcement, will be far simpler than the process of making a short neutral news brief.

When you do the brief, you look at how the brief is prepared and what the main thrust of it is. You then look at what the brief will do",politics,"This text is about politics, government, elections, or public policy.",0.2577879726886749,0.2074439525604248
politics,seed3,politics_teacherseed3_a1,1.0,1,13,633,"Write a short neutral news brief about a public announcement.

Brief:"," What about the latest news about the UK leaving the EU?

The UK government has made it clear that it would support a UK withdrawal.

But it is not clear when or where such a move would take place.

That leaves questions about when and how to withdraw, and how to decide whether to re-enter the EU.

Faced with the uncertainty, the government has now decided that no UK departure would take place",politics,"This text is about politics, government, elections, or public policy.",0.7916709780693054,0.7532088756561279
politics,seed3,politics_teacherseed3_a1,1.0,1,14,634,"Write a short neutral news brief about a public announcement.

Brief:","

“It was always important to take the proper steps to ensure that the public’s information had been preserved. We’re not doing this alone; we need your input on this initiative.”

For further information or questions, please contact

The Public Information Officer at The New York Times

The New York Times is an independent international news source. The Times’ mission is to enhance public understanding of the world through informed debate,",politics,"This text is about politics, government, elections, or public policy.",0.1972690224647522,0.12118206918239594
politics,seed3,politics_teacherseed3_a1,1.0,1,15,635,"Write a short neutral news brief about a public announcement.

Brief:"," 'It's a good thing you're not working for the president right now'

This article was good enough to get a copy for free. Check out the video below to watch the full interview.",politics,"This text is about politics, government, elections, or public policy.",0.7741490006446838,0.7282025814056396
politics,seed3,politics_teacherseed3_a1,1.0,1,16,636,"Write a short neutral news brief about a public announcement.

Brief:","

An article published by The Guardian in July revealed that the government’s plan to provide extra funding to universities and hospitals was “very much” in the news over the course of the last five years.

A Department of Health spokesman said in a statement: “We have not made any recommendations for the funding of these measures.

“We have had no comment on the proposed measures.

“The government’s announcement today",politics,"This text is about politics, government, elections, or public policy.",0.8678702116012573,0.8308393955230713
politics,seed3,politics_teacherseed3_a1,1.0,1,17,637,"Write a short neutral news brief about a public announcement.

Brief:"," The government had to hold a meeting on whether it needed to take action on a proposal to remove the head of the security services from the Supreme Court.

But the committee said the government would take a longer look into the matter.

“We’re doing everything we can to get this decision on the report to the Court within two years,” said a committee member.

The Supreme Court is to decide on the report if the government",politics,"This text is about politics, government, elections, or public policy.",0.8885778784751892,0.8625531792640686
politics,seed3,politics_teacherseed3_a1,1.0,1,18,638,"Write a short neutral news brief about a public announcement.

Brief:","

The Government has announced a series of measures to combat illegal immigration. The Government is introducing the following measures.",politics,"This text is about politics, government, elections, or public policy.",0.8785723447799683,0.8617881536483765
politics,seed3,politics_teacherseed3_a1,1.0,1,19,639,"Write a short neutral news brief about a public announcement.

Brief:"," A story of how a private hospital is taking over its operations, and the people who work in it.

Tweet: A Tweet that takes a look at why patients need to leave, and the people who work there.

Fight back

I am not a medical journalist. I don’t write about medicine. I write about the lives of patients and their families, the political challenges that come with this change. I",politics,"This text is about politics, government, elections, or public policy.",0.2132999300956726,-0.44043588638305664
politics,seed3,politics_teacherseed3_a1,1.0,2,0,640,"Write a short neutral news brief about a group making a decision.

Brief:"," A group making a decision to shut down a local newspaper as part of a national lockdown.

The report on the shutdown began with a statement from the head of a group making the decision to shut down a local newspaper. The group had called for the state to be left alone in the event of a national lockdown.

The group’s statement said they were calling for the state to be left alone in the event of a nationwide",politics,"This text is about politics, government, elections, or public policy.",0.4787880480289459,0.4447357654571533
politics,seed3,politics_teacherseed3_a1,1.0,2,1,641,"Write a short neutral news brief about a group making a decision.

Brief:"," “What can we learn from this group’s decision to vote to ban the sale of Syrian gas masks?”

Story continues below advertisement

“They are not the right people to make the decision,” says Stavrou, one of several people who testified last week.

“It’s a political decision, and one that has been made by the Assad regime, and not by the people.”

He has also been a",politics,"This text is about politics, government, elections, or public policy.",0.8117620944976807,0.7699640393257141
politics,seed3,politics_teacherseed3_a1,1.0,2,2,642,"Write a short neutral news brief about a group making a decision.

Brief:"," There is a group of people, people who want to be able to get away with things – to take things into their own hands.

They are not asking for help and don’t need to be called out on it. The decision of the decision-maker is the responsibility of the individual concerned and their conscience.

The group wants to be able to do something that it is good at.

They want to take it into",politics,"This text is about politics, government, elections, or public policy.",0.3656086027622223,0.28521326184272766
politics,seed3,politics_teacherseed3_a1,1.0,2,3,643,"Write a short neutral news brief about a group making a decision.

Brief:"," A group of four people who are concerned about the proposed changes to the way the courts handle cases involving child sexual abuse are seeking help from a mental health provider to make a decision.

In a letter sent to the court Wednesday afternoon, the group’s request said that the family of Jasmine “will determine whether an impartial, law-based decision is made.”

The group said the family has “taken the opportunity to come together and",politics,"This text is about politics, government, elections, or public policy.",0.44447919726371765,0.19472245872020721
politics,seed3,politics_teacherseed3_a1,1.0,2,4,644,"Write a short neutral news brief about a group making a decision.

Brief:","

As a person of limited means, I believe that it is important for individuals to know what is going on. We live in a world where people are told their information is the right one. This is especially true for journalists who deal in information. Information should not be seen as a substitute for a genuine discussion.

I believe that it is important for individuals to know what is going on. We live in a world where people are told",politics,"This text is about politics, government, elections, or public policy.",0.12384962290525436,0.06922700256109238
politics,seed3,politics_teacherseed3_a1,1.0,2,5,645,"Write a short neutral news brief about a group making a decision.

Brief:"," https://goo.gl/Vx6XQV

In his report, the FBI asked the Justice Department to take the appropriate steps to allow “independent review” into the FBI’s alleged surveillance of Muslims. “I believe that the public should know that we are not seeking to engage in a political process. There are many other issues that we have to address if we are to preserve public freedoms,” the FBI said in a press",politics,"This text is about politics, government, elections, or public policy.",0.8374063968658447,0.8063392043113708
politics,seed3,politics_teacherseed3_a1,1.0,2,6,646,"Write a short neutral news brief about a group making a decision.

Brief:","

The government is now saying that “No,” on the one hand, it’s not okay to ban any individual from the UK unless they’re a certain size, and that it’s not the right thing to do, on the other. And it’s not the right thing to do either. The government says “No” on the basis that banning people who are too small and therefore not able to work would be “too",politics,"This text is about politics, government, elections, or public policy.",0.7602977156639099,0.7206623554229736
politics,seed3,politics_teacherseed3_a1,1.0,2,7,647,"Write a short neutral news brief about a group making a decision.

Brief:"," A news brief from a group that would like to see the President removed from office.

Long-narrative, short, short. It's a short, short, short, short, short, short. It's a short and the person behind the short is not known.

It's not true that it's been short, it's been long.

Long-narrative, short, short. It's a",politics,"This text is about politics, government, elections, or public policy.",0.8101878762245178,0.7660260796546936
politics,seed3,politics_teacherseed3_a1,1.0,2,8,648,"Write a short neutral news brief about a group making a decision.

Brief:"," An online group for journalists working with a particular type of national security expert, or in response to a specific foreign policy decision, and a list of key names.

Brief: A group of journalists who are committed to defending critical voices and protecting the truth of the nation, or a specific policy decision or policy area.

Brief: An online group of journalists who are committed to protecting the truth of the nation, or a specific policy",politics,"This text is about politics, government, elections, or public policy.",0.9025054574012756,0.8721449375152588
politics,seed3,politics_teacherseed3_a1,1.0,2,9,649,"Write a short neutral news brief about a group making a decision.

Brief:"," A group of Republican voters and Republicans in California are calling for an impeachment inquiry.

The California Republican Party has set up the website for the group and will be hosting a brief that will outline a series of policy points that are intended to make the case for an impeachment inquiry.

“If elected, I will pursue those issues and make them clear to Americans,” said a statement from the group.

“We have a lot of questions",politics,"This text is about politics, government, elections, or public policy.",0.8745637536048889,0.8552716970443726
politics,seed3,politics_teacherseed3_a1,1.0,2,10,650,"Write a short neutral news brief about a group making a decision.

Brief:"," A short summary of an argument involving how, and when, to stop the government from intervening in foreign affairs, including why people should be held in internment camps.

Short: A brief statement on a decision in the court of the opinion that is the result of a decision of the Supreme Court of the United States.

Shortly after this one, I wrote:

If we are to avoid a full-scale invasion of Iran",politics,"This text is about politics, government, elections, or public policy.",0.8677729964256287,0.8253702521324158
politics,seed3,politics_teacherseed3_a1,1.0,2,11,651,"Write a short neutral news brief about a group making a decision.

Brief:"," This brief has been used as a source of information.

This brief is intended to be a short but non-inflammatory summary of events.

In some cases, the brief may contain longer sections than are necessary to address a specific topic.

Answering: To answer the question, 'Where can I get your help?', what should I do?

To provide information on a particular matter.

To provide information",politics,"This text is about politics, government, elections, or public policy.",0.10462509840726852,0.029220424592494965
politics,seed3,politics_teacherseed3_a1,1.0,2,12,652,"Write a short neutral news brief about a group making a decision.

Brief:","

If you have any ideas on how to help the citizens of this country, please leave them in our comments below.",politics,"This text is about politics, government, elections, or public policy.",0.7176859378814697,0.6451322436332703
politics,seed3,politics_teacherseed3_a1,1.0,2,13,653,"Write a short neutral news brief about a group making a decision.

Brief:"," We’ve got the news:

• The latest news on the Trump administration’s immigration policies;

• President Donald Trump’s executive actions on immigration;

• The White House plans to take a vote on a plan to expand the visa lottery, which will include the option of accepting another visa after five years.

Hours later, the president spoke with reporters on the phone. “We’re not there yet",politics,"This text is about politics, government, elections, or public policy.",0.9029556512832642,0.8804028630256653
politics,seed3,politics_teacherseed3_a1,1.0,2,14,654,"Write a short neutral news brief about a group making a decision.

Brief:"," The Obama administration is pushing for a ""zero tolerance"" policy for domestic violence against gay and transgender people.

A key part of the process is the FBI's review of the ""culture of violence"" at the workplace. But what that means is that the bureau will not take it seriously.

""We are going after every person who comes to work and, of course, every person who has an inappropriate relationship with anyone who has a relationship",politics,"This text is about politics, government, elections, or public policy.",0.7939829230308533,0.7442088723182678
politics,seed3,politics_teacherseed3_a1,1.0,2,15,655,"Write a short neutral news brief about a group making a decision.

Brief:"," A group of researchers are looking at how the government's controversial decision to limit the use of certain social media groups for surveillance, to protect against the ""hate-mongering"" of conservatives.",politics,"This text is about politics, government, elections, or public policy.",0.8407477736473083,0.8010880947113037
politics,seed3,politics_teacherseed3_a1,1.0,2,16,656,"Write a short neutral news brief about a group making a decision.

Brief:"," A group of students write an open letter to a president calling for him to resign.

Brief: A group of students write an open letter to President Donald Trump calling for him to resign.

Dedication

Brief: A group of students write a statement for President Donald Trump calling for his resignation.

Brief: A group of students write a statement for President Donald Trump calling for his resignation.

Photo",politics,"This text is about politics, government, elections, or public policy.",0.9168465733528137,0.9086586236953735
politics,seed3,politics_teacherseed3_a1,1.0,2,17,657,"Write a short neutral news brief about a group making a decision.

Brief:"," The next step in this process involves getting the news out to the public. Here, we seek to create a ""short neutral"" document that describes the process, the information that is to be covered, the process to be followed, and the impact this process can have on future conversations with individuals about the impact of the policy. We also need to gather information about the content of the news brief that might be needed to provide context for the news brief.",politics,"This text is about politics, government, elections, or public policy.",0.7085692882537842,0.6734089851379395
politics,seed3,politics_teacherseed3_a1,1.0,2,18,658,"Write a short neutral news brief about a group making a decision.

Brief:"," The Government of Northern Ireland is considering whether to accept an amendment to the Constitution. This amendment would make the Government the sole authority to decide where children in the country should be sent.

A brief on the decision: The Government of Northern Ireland is considering a possible amendment to the Constitution, which would make Northern Ireland the sole authority to decide where children in the country should be sent.

The government has been campaigning for a review of the Irish",politics,"This text is about politics, government, elections, or public policy.",0.8610881567001343,0.8502976894378662
politics,seed3,politics_teacherseed3_a1,1.0,2,19,659,"Write a short neutral news brief about a group making a decision.

Brief:"," The State of Law.

The idea of a State of Law seems so vague. What if we define the State of Law as being the collective state of a society as a whole? The State of Law is what the American Founders saw in the Declaration of Independence and in the founding documents, but the Constitution has no explicit reference to this. But the State of Law can be used to make decisions about the collective state of the American people,",politics,"This text is about politics, government, elections, or public policy.",0.6613754034042358,0.6201839447021484
politics,seed3,politics_teacherseed3_a1,1.0,3,0,660,"Write a short neutral news brief about an event that happened today.

Brief:"," The state’s attorney general has accused the Obama administration of “interference” in an investigation into whether President Barack Obama obstructed justice in the murder of Michael Brown.

The lawsuit seeks to force the Justice Department to reveal details of the Obama Justice Department’s investigation of Brown’s death, and to prevent the Justice Department from revealing the role of Special Counsel Robert Mueller in the investigation.

The lawsuit asks the court to set a",politics,"This text is about politics, government, elections, or public policy.",0.9041836261749268,0.8834545612335205
politics,seed3,politics_teacherseed3_a1,1.0,3,1,661,"Write a short neutral news brief about an event that happened today.

Brief:"," This was a real-life story about a group of Russian police who decided to stop and question a young man for the crime of being a ""radical.""

The news was called in for a brief period of time in the hours before the crime was committed. But the man was taken away and taken to a detention center, where he was interviewed by an investigator. But before the investigation was finished, another man came to the detention center and",politics,"This text is about politics, government, elections, or public policy.",0.2210415154695511,-0.2149256318807602
politics,seed3,politics_teacherseed3_a1,1.0,3,2,662,"Write a short neutral news brief about an event that happened today.

Brief:"," The State of Israel’s military occupation of West Bank settlements will only increase. But they will not stop. The U.S. and other international partners are fighting to bring peace. But Israel’s military occupation of West Bank settlements has been the cause of a great deal of violence and a big humanitarian crisis.

The “settlement plan” has been the main thrust of negotiations between Israel and the international community. The plan is part of",politics,"This text is about politics, government, elections, or public policy.",0.08659085631370544,-0.7265737056732178
politics,seed3,politics_teacherseed3_a1,1.0,3,3,663,"Write a short neutral news brief about an event that happened today.

Brief:"," New Jersey’s Assembly Speaker John Jumbo, and his wife, Judy, along with six state lawmakers, are among the 200 Republican lawmakers who will be voting on Tuesday to pass a law that will ban the wearing of headscarves on state and federal employees.

They have been invited to speak, and they will be discussing the upcoming law in the State House.

The group is also supporting a bill that would permit public employees to",politics,"This text is about politics, government, elections, or public policy.",0.9137637615203857,0.8933035731315613
politics,seed3,politics_teacherseed3_a1,1.0,3,4,664,"Write a short neutral news brief about an event that happened today.

Brief:"," What happened today will affect all of us in our lives.

Gerrymandered public hearings

The “Gerrymandered Public Hearings” were designed to determine how the public’s views on election reform are being expressed today and how the public views the way these plans are being implemented.

Public hearings are being held by the British Parliament to hear what will happen to the public in the coming months after the upcoming election.",politics,"This text is about politics, government, elections, or public policy.",0.941573977470398,0.9317772388458252
politics,seed3,politics_teacherseed3_a1,1.0,3,5,665,"Write a short neutral news brief about an event that happened today.

Brief:","

The story is that on Friday, a former senior staffer for Barack Obama was murdered in an encounter with an FBI agent. The FBI believes the man they say was FBI Special Agent Daniel Vargas was killed during the FBI’s ongoing investigation into possible ties between his son and the Obama administration. The FBI’s office declined to comment on the circumstances of the incident, which involved one of the country’s most prominent journalists.
",politics,"This text is about politics, government, elections, or public policy.",0.8914867043495178,0.862707793712616
politics,seed3,politics_teacherseed3_a1,1.0,3,6,666,"Write a short neutral news brief about an event that happened today.

Brief:"," The latest in a series of events is that a school of

Nazi survivors have come together to express their anger at the

proposal of the New York Times to publish a report that could

suggest that the US should start a war on Germany.

The document, written by the National Institute of Allergy and

Neutraceuticals, has the endorsement of a dozen or so

members.

However",politics,"This text is about politics, government, elections, or public policy.",0.052415501326322556,-0.8152198195457458
politics,seed3,politics_teacherseed3_a1,1.0,3,7,667,"Write a short neutral news brief about an event that happened today.

Brief:"," a few months ago, a few people were out campaigning in the streets, campaigning for the first time since May 17. Since then, it has become quite popular, and it hasn't done anything. Instead, it has been a sort of “safe zone” in which people can come and watch the events unfold.

The news brief has been updated numerous times over the past months to make sure that the situation is still clear. Here's the",politics,"This text is about politics, government, elections, or public policy.",0.40065860748291016,0.3235258460044861
politics,seed3,politics_teacherseed3_a1,1.0,3,8,668,"Write a short neutral news brief about an event that happened today.

Brief:","

President-elect Donald Trump will choose the nation’s next chief executive to oversee a trillion-dollar infrastructure program.

The new chief executive will be charged with taking decisions about programs to boost investments in public sector jobs.

“He’s going to make the new president of the United States an asset,” said Paul Kagame, president of the International Republican Institute. “His chief of staff is going to be a key",politics,"This text is about politics, government, elections, or public policy.",0.9372473955154419,0.9214041233062744
politics,seed3,politics_teacherseed3_a1,1.0,3,9,669,"Write a short neutral news brief about an event that happened today.

Brief:"," The government wants to ensure that those who say they will not vote for people who have a criminal record are not included in elections because they will not be eligible for the vote.

A brief on how we can use the term “referendum” in place of a simple yes or no, rather than a simple yes or no, to show how the government will act in a particular election.

It’s one thing to say,",politics,"This text is about politics, government, elections, or public policy.",0.8474582433700562,0.8193609118461609
politics,seed3,politics_teacherseed3_a1,1.0,3,10,670,"Write a short neutral news brief about an event that happened today.

Brief:"," The New York Times reports on a high-profile case where a man was arrested for beating his ex-wife. She is facing charges of felony harassment for refusing to go to the police. The man, a former police officer, was arrested today for assaulting a police officer and driving drunk.

The New York Times reports on a long-running issue of discrimination against gay and lesbian people.

The New York Times reports on a controversial",politics,"This text is about politics, government, elections, or public policy.",0.07288902997970581,-0.6042003631591797
politics,seed3,politics_teacherseed3_a1,1.0,3,11,671,"Write a short neutral news brief about an event that happened today.

Brief:"," In the U.S., the National Park Service is the public’s choice to be the only one in charge of public lands, and the Forest Service is not the public’s choice.

“Our responsibility is to protect the public’s right to know,” said David Satterfield, a senior executive at the Forest Service.

The Forest Service is also under a duty to protect the public’s right to know.
",politics,"This text is about politics, government, elections, or public policy.",0.7615287899971008,0.7128564715385437
politics,seed3,politics_teacherseed3_a1,1.0,3,12,672,"Write a short neutral news brief about an event that happened today.

Brief:"," The Senate voted Wednesday on a resolution on immigration that will grant amnesty to millions of illegal immigrants who entered the country illegally.

The resolution passed with a 52-45 vote, the highest vote ever. It also passed by unanimous consent.

It’s the latest in an ongoing effort by Democrats and the Senate to block President Trump’s immigration agenda.

The Senate voted last night to put a stop to the president’s",politics,"This text is about politics, government, elections, or public policy.",0.9095834493637085,0.8966648578643799
politics,seed3,politics_teacherseed3_a1,1.0,3,13,673,"Write a short neutral news brief about an event that happened today.

Brief:"," The Baton Rouge Police Department and state Democratic officials have called on the Governor to resign. The department said the state police and the city are “deeply concerned” about a controversial bill that requires a $10,000 fine for any law enforcement officer who intentionally or recklessly obstructs or blocks a police officer’s arrest. The law also allows police to report an officer to the attorney general’s office if he decides to seek a warrant,",politics,"This text is about politics, government, elections, or public policy.",0.8694563508033752,0.8480237722396851
politics,seed3,politics_teacherseed3_a1,1.0,3,14,674,"Write a short neutral news brief about an event that happened today.

Brief:","

“Friends of the White House are meeting to discuss the upcoming events in the White House, House Democrats say.”

“The House passed legislation on Thursday that would create a White House website that describes what happened and a new website that provides public information about events the White House is hosting.”

“Republican leaders are considering a proposal to cut funding for the White House’s website and other government communications, according to a House",politics,"This text is about politics, government, elections, or public policy.",0.9025953412055969,0.8765969276428223
politics,seed3,politics_teacherseed3_a1,1.0,3,15,675,"Write a short neutral news brief about an event that happened today.

Brief:"," You were not the victim of a crime, the public should not be punished, or the system should be abolished.

Short: The fact is, the public is being told this by the way they live. They are told they should not be punished for this.

The news is being done in an out of the loop way. The public are not being told about it, they should be told. They will be told, but the",politics,"This text is about politics, government, elections, or public policy.",0.3103901147842407,0.20336531102657318
politics,seed3,politics_teacherseed3_a1,1.0,3,16,676,"Write a short neutral news brief about an event that happened today.

Brief:","

A high school basketball player at a private charter school was arrested Monday night for allegedly assaulting two students.

The students were allegedly punching each other while they were standing in the middle of the hallway. The teacher said the students ""were not doing their job, but there was a lot of yelling and threats,"" according to court documents.

Students were not wearing a face shield and were wearing ""a mask"" and ""some",politics,"This text is about politics, government, elections, or public policy.",0.0044669052585959435,-0.9805986285209656
politics,seed3,politics_teacherseed3_a1,1.0,3,17,677,"Write a short neutral news brief about an event that happened today.

Brief:","

The U.S. and the Canadian government have committed to “provide opportunities for Canadians to engage with, and learn from, Canadian political leaders and institutions, in their work and with their communities,” the federal government announced Tuesday.

“We will continue to support Canadian efforts to strengthen our national security by ensuring the safe, effective and equitable sharing of information, dialogue and debate on all aspects of the world’s global challenges,” the federal",politics,"This text is about politics, government, elections, or public policy.",0.8643896579742432,0.8413991928100586
politics,seed3,politics_teacherseed3_a1,1.0,3,18,678,"Write a short neutral news brief about an event that happened today.

Brief:"," The Senate has been investigating the circumstances surrounding the Russian meddling that was alleged to have damaged the U.S. election process. The investigation began in late December as the House and Senate Intelligence Committees focused on possible coordination between the Trump campaign and Russia’s election meddling efforts.

The Russian government said in an interview Monday night that it was aware of alleged meddling in U.S. elections, but that the details of the probe",politics,"This text is about politics, government, elections, or public policy.",0.9165289402008057,0.9021530747413635
politics,seed3,politics_teacherseed3_a1,1.0,3,19,679,"Write a short neutral news brief about an event that happened today.

Brief:"," The National Democratic Council will meet in front of the White House on Wednesday in an effort to get a consensus around what the party wants to do, including a new election guide and funding for the state and the national party.

The briefing will focus on a brief about the recent events that have sparked a broad movement in Washington in the last month.

ADVERTISEMENT

According to the briefing, the National Democratic Council will be trying to get a",politics,"This text is about politics, government, elections, or public policy.",0.9348973035812378,0.9140507578849792
politics,seed3,politics_teacherseed3_a1,1.0,4,0,680,"Write a short neutral news brief about a change people are discussing.

Brief:"," ""The U.S. is in the process of being asked to lift tax rates on those who earn less than $150,000 a year and those who earn between $150,000 and $250,000 a year,"" they say.

The ""unfair tax"" will go into effect in the next 12 months but it'll have to go through the same system the Senate is proposing.

""In response to the economic impact",politics,"This text is about politics, government, elections, or public policy.",0.7666487693786621,0.7087401151657104
politics,seed3,politics_teacherseed3_a1,1.0,4,1,681,"Write a short neutral news brief about a change people are discussing.

Brief:","

A recent study found that more than half of a country's current population has no health insurance.

Brief:

More than a quarter of those on the lowest income in the world have not yet reached the age when they can get health insurance.

Brief:

About 10 percent of the world's population and 6 percent of the world's population live in areas with some form of social exclusion.

B",politics,"This text is about politics, government, elections, or public policy.",0.21438772976398468,-0.0655236691236496
politics,seed3,politics_teacherseed3_a1,1.0,4,2,682,"Write a short neutral news brief about a change people are discussing.

Brief:"," This week, we’re hearing from the State Department’s inspector general who is looking at how many American citizens are in Russia. One is the retired general, retired Army Brigadier General Mark Millett. He is a former U.S. ambassador to the Russian Federation and one of the highest-ranking American officials in Russia.

Another is the State Department’s inspector general, an independent office. He has taken the view that the",politics,"This text is about politics, government, elections, or public policy.",0.8404693603515625,0.8196784853935242
politics,seed3,politics_teacherseed3_a1,1.0,4,3,683,"Write a short neutral news brief about a change people are discussing.

Brief:"," ""In my first 30 days as a community leader, I am excited to work with our community to ensure we build, protect and uphold the safety of people and their families.""

Brief: ""We are here today to fight for those who want to make sure we are safe, to keep our communities safe, and to make sure that they are able to live in the future and be able to do the things they need to do as a",politics,"This text is about politics, government, elections, or public policy.",0.17405575513839722,-0.36222970485687256
politics,seed3,politics_teacherseed3_a1,1.0,4,4,684,"Write a short neutral news brief about a change people are discussing.

Brief:","

""The government has been talking about a 'safety net' for years, to give people enough resources to survive, not just to buy them things or run away from crime and neglect. Instead of making it an offence to steal or commit an offence, we should do more to limit and even stop people from getting caught by police.

""There is an urgent need for more police action. More crime must be stopped, and more",politics,"This text is about politics, government, elections, or public policy.",0.7837284803390503,0.7359586358070374
politics,seed3,politics_teacherseed3_a1,1.0,4,5,685,"Write a short neutral news brief about a change people are discussing.

Brief:"," The United Nations said on Wednesday that a senior United Nations panel should decide whether the ""new"" foreign policy position is to be promoted as a ""red line"" for China.

Brief: The United Nations said on Wednesday that a senior United Nations panel should decide whether the ""new"" foreign policy position is to be promoted as a ""red line"" for China.

A US government official said Tuesday that the move was a ""reg",politics,"This text is about politics, government, elections, or public policy.",0.8619977831840515,0.8492884039878845
politics,seed3,politics_teacherseed3_a1,1.0,4,6,686,"Write a short neutral news brief about a change people are discussing.

Brief:"," What are the possible consequences of this?

Brief: We can start to see what we need to do to prevent them from doing that.

Brief: And I think we can have more effective strategies that will start to stop people from being abusive towards those that do not agree with us.

Brief: And we can start to make more changes where we start to say that people who are being abusive and want to do",politics,"This text is about politics, government, elections, or public policy.",0.09844620525836945,-0.031075000762939453
politics,seed3,politics_teacherseed3_a1,1.0,4,7,687,"Write a short neutral news brief about a change people are discussing.

Brief:"," The US is getting increasingly involved in the Middle East, including in Syria, Iran and Lebanon. In the past few years we have seen what happened in Syria, what happened in Iraq and much more.

What are the US’s main concerns and goals?

I think it’s important to consider what the US is doing in the Middle East to its own self interest and what the US is doing with other actors. There is no",politics,"This text is about politics, government, elections, or public policy.",0.7625123262405396,0.7122981548309326
politics,seed3,politics_teacherseed3_a1,1.0,4,8,688,"Write a short neutral news brief about a change people are discussing.

Brief:"," In January, President Trump said the Department of Veterans Affairs would not be paying for extra medics to keep veterans alive in the country. And the Department of Justice wants to pay for a new $2 billion to fund veterans' health care.

In the short video, Trump says he wants to make sure veterans who are disabled get the most care, while the Department of Justice wants to pay for a new $2 billion to fund veterans' health",politics,"This text is about politics, government, elections, or public policy.",0.822706937789917,0.8099949359893799
politics,seed3,politics_teacherseed3_a1,1.0,4,9,689,"Write a short neutral news brief about a change people are discussing.

Brief:"," A bill to amend the federal government to make it easier for people who use their credit cards to visit a doctor or a service provider.

Cite a statement from the White House on the bill.

""We need to be more transparent, more accountable and more responsible,"" she said. ""And the president has spoken through his administration about doing that.""",politics,"This text is about politics, government, elections, or public policy.",0.9003857970237732,0.8762997984886169
politics,seed3,politics_teacherseed3_a1,1.0,4,10,690,"Write a short neutral news brief about a change people are discussing.

Brief:"," A short non-fiction short about a change people are discussing. I want to highlight a change that affects a group of people I know in different ways. These changes could be a new generation of students or a new way of thinking about the relationship between knowledge and power. I want to make a brief non-fiction short about a change people are discussing.

Hiring an economist to look at the effects of the latest policy is likely to be",politics,"This text is about politics, government, elections, or public policy.",0.5678210854530334,0.44396689534187317
politics,seed3,politics_teacherseed3_a1,1.0,4,11,691,"Write a short neutral news brief about a change people are discussing.

Brief:"," ""The president says I can't use the military to kill people; I can't get them to do it.""

Full text of the article:

The president says that if he finds a way to cut off funding to the military to kill people, he can't do that to the population, and he will have to find a way to get people to do it. The secretary says that if the president finds a way to stop funding",politics,"This text is about politics, government, elections, or public policy.",0.612072765827179,0.5916520953178406
politics,seed3,politics_teacherseed3_a1,1.0,4,12,692,"Write a short neutral news brief about a change people are discussing.

Brief:"," ""The state's response to the election and the way it's handled has been, to the best of my knowledge, one that is wholly inadequate and unreasonable.""

Brief: ""No one in the legislature is to blame. We will look at the facts of this situation.""

Brief: ""All our elected representatives are to be held responsible for doing what's right.""

Brief: ""Our federal and state laws are",politics,"This text is about politics, government, elections, or public policy.",0.8757265210151672,0.8402971029281616
politics,seed3,politics_teacherseed3_a1,1.0,4,13,693,"Write a short neutral news brief about a change people are discussing.

Brief:"," The media is not happy about the situation in Egypt, with some saying the president and his family should leave. In his remarks, Prime Minister Omer Abu Musab said the government will continue to work with the government to bring stability to the country.

Some Egyptians feel that they have been misled by the president's and prime minister's actions.

Recommended: The most important news stories of 2019:

The government and",politics,"This text is about politics, government, elections, or public policy.",0.8874704837799072,0.8626484870910645
politics,seed3,politics_teacherseed3_a1,1.0,4,14,694,"Write a short neutral news brief about a change people are discussing.

Brief:"," When we started our team in 2015, we created a news brief, “If You Are a Conservative, You Are Not a Conservative” that was targeted at politicians. But as a result of a massive rise in anti-immigration sentiments, we started to make our team more and more focused on addressing the causes of the rise in anti-immigration sentiment, such as the danger of terrorism, immigration and a rise in the threat of violence by immigrants",politics,"This text is about politics, government, elections, or public policy.",0.8886421918869019,0.8638982772827148
politics,seed3,politics_teacherseed3_a1,1.0,4,15,695,"Write a short neutral news brief about a change people are discussing.

Brief:","

The public has decided that news is too important to be left to the professionals. If they were going to give us an issue to be fought over, we would have had an opportunity to debate it.

And we do have an opportunity to debate it. We have an opportunity to find the issues, not just debate them, but to find the answers to what is going on in the world.

The public is demanding a political",politics,"This text is about politics, government, elections, or public policy.",0.8303540945053101,0.7979641556739807
politics,seed3,politics_teacherseed3_a1,1.0,4,16,696,"Write a short neutral news brief about a change people are discussing.

Brief:"," In the 1980s, I wrote a column called the ""Fighting for the Future of Broadcasting."" The main point was that I thought the public ought to be told about the future of broadcast television.

I had heard about the issue from a colleague, who had worked on a TV show on the NBC newsroom, and he took the approach I was responding to. He said, ""It's like trying to come to a conclusion about the",politics,"This text is about politics, government, elections, or public policy.",0.7600197792053223,0.6909419298171997
politics,seed3,politics_teacherseed3_a1,1.0,4,17,697,"Write a short neutral news brief about a change people are discussing.

Brief:"," “A bill to create a national commission to look at the issue of child welfare,” which, of course, is being touted as the “best step forward in fixing the nation’s broken system of child welfare,” will have “significant implications for the lives of Americans.”

“The commission will look at specific programs and policies to address the root causes of poor child care, including a need for better, safe and reliable family planning services.”",politics,"This text is about politics, government, elections, or public policy.",0.6741345524787903,0.5033960938453674
politics,seed3,politics_teacherseed3_a1,1.0,4,18,698,"Write a short neutral news brief about a change people are discussing.

Brief:"," A new campaign seeks to build a stronger, more democratic government by improving the way the country's voting records are recorded, particularly in the areas of health, housing, education and economic security. This includes a change to a provision in the new government's new constitution that allows the government to be more efficient at redistributing the budget.

Brief: The new federal reserve has also issued new rules, including new restrictions on public utilities that power",politics,"This text is about politics, government, elections, or public policy.",0.9460266828536987,0.9346423745155334
politics,seed3,politics_teacherseed3_a1,1.0,4,19,699,"Write a short neutral news brief about a change people are discussing.

Brief:"," The White House on the new campaign finance law will give President Donald Trump’s campaign the ability to spend more than $2 million without triggering disclosure requirements and give more money to his political action committees (PACs).

“We will be getting a clearer picture of what the spending will mean next year,” says White House press secretary Sean Spicer.

This week, Mr Trump will unveil a new campaign spending plan that requires the",politics,"This text is about politics, government, elections, or public policy.",0.9117820262908936,0.8928855061531067
politics,seed3,politics_teacherseed3_a1,1.0,5,0,700,"Write a short neutral news brief about a new plan.

Brief:"," New details emerging from the Trump administration show that the U.S. can do little, or maybe not do anything, to help the U.S. continue to deal with the ongoing Russia investigation.

The news comes as the Trump administration has said its Russia investigation is not under investigation.

“It's not looking very good,” Trump said Sunday at a rally in North Carolina, adding that it is “not good.”

The",politics,"This text is about politics, government, elections, or public policy.",0.8834797739982605,0.8597696423530579
politics,seed3,politics_teacherseed3_a1,1.0,5,1,701,"Write a short neutral news brief about a new plan.

Brief:"," We are talking about the new National Energy Security Strategy. We’re not talking about a government-to-government freeze. It’s about the power to use whatever we want.

But if you’re worried about our national security, you should know that this is not about us. We are our own people. We’re a nation of citizens.

So that’s why this is about democracy and the government. It",politics,"This text is about politics, government, elections, or public policy.",0.9080199599266052,0.881184458732605
politics,seed3,politics_teacherseed3_a1,1.0,5,2,702,"Write a short neutral news brief about a new plan.

Brief:"," It's time to start an ""anti-bullying"" movement.

Brief: A new ""anti-bullying"" law in the state has come under attack from the powerful California Democratic Party and will require legislation to make it harder for children to bully or bully on campus.

The California bill is meant to prevent schools from becoming ""social media controlled schools"" where students can be bullied on their laptops, Facebook pages and Whats",politics,"This text is about politics, government, elections, or public policy.",0.5977502465248108,0.4096325635910034
politics,seed3,politics_teacherseed3_a1,1.0,5,3,703,"Write a short neutral news brief about a new plan.

Brief:","

It's time to give an answer to the question of how to fund the war against Islamic terrorism.

The Islamic State is comprised of three terrorist organizations: ISIS, al-Qaida and al-Qaida's affiliate in Libya. The United States and the CIA are responsible for over $300 billion in funding to fight the militants.

Obama has declared: ""We want to use this issue to strengthen our security in",politics,"This text is about politics, government, elections, or public policy.",0.7044957876205444,0.606204628944397
politics,seed3,politics_teacherseed3_a1,1.0,5,4,704,"Write a short neutral news brief about a new plan.

Brief:"," A new proposal to cut the Medicare spending on the nation's most recent expansion of Medicaid by one-third.

A Brief: A plan to reduce the deficit by more than 10 percent, to reach one-third of the deficit by 2021.

A Brief: A plan to replace the existing Medicare-for-All system by lowering the age of Medicaid eligibility from 21 to 18.

A Brief: A plan to bring the cost",politics,"This text is about politics, government, elections, or public policy.",0.6652864217758179,0.5162907242774963
politics,seed3,politics_teacherseed3_a1,1.0,5,5,705,"Write a short neutral news brief about a new plan.

Brief:","

We call on the Obama administration to stop using the word “disagreement” in the first sentence of the proposed immigration policy.

This proposal is based on “the current interpretation of the Constitution” and calls for a “more balanced approach” to addressing immigration and “procedural concerns.” It is part of President Obama’s “three-part strategy to end the ‘repeal and replace’ process,” and does not include",politics,"This text is about politics, government, elections, or public policy.",0.8669811487197876,0.8402552008628845
politics,seed3,politics_teacherseed3_a1,1.0,5,6,706,"Write a short neutral news brief about a new plan.

Brief:"," “My heart and mind are in the details of a plan to make it possible for the community and the country to live in peace and security, if we all do what we do. We also have to be responsible for that, and the people have to be responsible for that, too.”

The proposal is the subject of a consultation, a parliamentary committee is due to consider it.

“We are not in a position to vote on",politics,"This text is about politics, government, elections, or public policy.",0.7095797657966614,0.6396697759628296
politics,seed3,politics_teacherseed3_a1,1.0,5,7,707,"Write a short neutral news brief about a new plan.

Brief:","

“We will continue to increase our focus on the safety and security of U.S. citizens, our allies, our partners and our partners’ friends and allies, and to ensure the full protection of the people we serve in this country,” he said.

But the secretary of Homeland Security does not want to discuss whether the number of asylum applications is lower now.

“We are also committed to reducing the amount of people that",politics,"This text is about politics, government, elections, or public policy.",0.6823594570159912,0.6249532103538513
politics,seed3,politics_teacherseed3_a1,1.0,5,8,708,"Write a short neutral news brief about a new plan.

Brief:"," No more ‘baby boomers’

A new policy could change how older generations think about their children and what’s happening in their lives.

A new policy could change how older generations think about their children and what’s happening in their lives.

A new policy would give parents a “fuller understanding of the impact of the baby boom on their children”, and would allow them to make important choices about their child’",politics,"This text is about politics, government, elections, or public policy.",0.1744811087846756,0.0801161378622055
politics,seed3,politics_teacherseed3_a1,1.0,5,9,709,"Write a short neutral news brief about a new plan.

Brief:"," A new method of managing the public’s response to the coronavirus.

Brief: A plan to close down social media websites as a deterrent against spreading coronavirus

Brief: A plan to ensure that the UK and the US share the pandemic’s economic and social gains

Brief: A plan to protect health workers and their families against the virus

Brief: A proposal to ensure that hospitals have a say in",politics,"This text is about politics, government, elections, or public policy.",0.4524672031402588,0.16403192281723022
politics,seed3,politics_teacherseed3_a1,1.0,5,10,710,"Write a short neutral news brief about a new plan.

Brief:"," To encourage young people to be involved with local and regional campaigns to protect and enhance the quality of life for our communities.

The report will help ensure more young people feel at home and are prepared to act when there are issues and problems and they need help and support.

The report was launched on April 21st.",politics,"This text is about politics, government, elections, or public policy.",0.4773172438144684,0.21039560437202454
politics,seed3,politics_teacherseed3_a1,1.0,5,11,711,"Write a short neutral news brief about a new plan.

Brief:"," A government that’s been outlining to the private sector plans for how to build the next big infrastructure project, or maybe even get a tax credit for new construction.

So it’s clear the government is going to need a political response.

If the public is looking at the proposals, and that’s the first step to getting it to the government, that’s a bad move.

It’s all too",politics,"This text is about politics, government, elections, or public policy.",0.8976813554763794,0.8751661777496338
politics,seed3,politics_teacherseed3_a1,1.0,5,12,712,"Write a short neutral news brief about a new plan.

Brief:","

“We don’t know exactly what this will cost, but they will be able to find out for sure. The number of people we have working on this will probably be fewer than two.”

Kelvin Smith, of the group’s research and analysis group, also said the draft text could be amended to make more specific the changes to include some areas where it’s been recommended the new plan be more in line with",politics,"This text is about politics, government, elections, or public policy.",0.4206068515777588,0.35750627517700195
politics,seed3,politics_teacherseed3_a1,1.0,5,13,713,"Write a short neutral news brief about a new plan.

Brief:"," The Trump administration has been trying to roll back Obama-era requirements for the use of the military and special services in the military campaign.

Brief: This report says the Trump administration has taken aim at a number of Obama-era regulations that were necessary to ensure the country could fight an Islamic state.

Brief: The Trump administration is pushing to roll back Obama-era regulations that were necessary to ensure the country could fight an Islamic",politics,"This text is about politics, government, elections, or public policy.",0.9177860021591187,0.904433012008667
politics,seed3,politics_teacherseed3_a1,1.0,5,14,714,"Write a short neutral news brief about a new plan.

Brief:","

I hope to bring to the attention of the public a few very interesting comments on this program by the president. The president thinks that this might help in addressing the problems facing the country. He will not put us into a position where we have to change how we respond to this. In a way, it’s an attempt at re-engaging people in the ways they are dealing with this. In fact, he has spoken to a",politics,"This text is about politics, government, elections, or public policy.",0.8630022406578064,0.8405259847640991
politics,seed3,politics_teacherseed3_a1,1.0,5,15,715,"Write a short neutral news brief about a new plan.

Brief:","The US Supreme Court on Wednesday struck down parts of a $350 billion (£200 bn) plan to revamp its healthcare system and tackle high-risk pregnancies, saying the plan would reduce the number of deaths.

A brief says the White House is considering a ""health emergency"" plan to help combat ""the rise of the opioid epidemic"".

The brief suggests plans for emergency funding for the National Health Service and for other health projects,",politics,"This text is about politics, government, elections, or public policy.",0.8620284795761108,0.8333067297935486
politics,seed3,politics_teacherseed3_a1,1.0,5,16,716,"Write a short neutral news brief about a new plan.

Brief:","

The Trump administration’s plan to curtail executive power would lead to an end to the rule of law and the creation of the “sovereign government” of Syria and a “new Syria.”

That proposal, introduced as part of President Trump’s “America First” policy, would make it easier for the Assad government to attack terrorist groups and stop their support for terrorism in Syria.

The plan also would allow for greater",politics,"This text is about politics, government, elections, or public policy.",0.9164884686470032,0.9014138579368591
politics,seed3,politics_teacherseed3_a1,1.0,5,17,717,"Write a short neutral news brief about a new plan.

Brief:"," A new plan to build a new border wall that will be built next door.

Brief: A proposal for the creation of a new border wall that will be built next door.

Brief: A plan to build a new border wall that will be built next door.

Brief: A proposal for the creation of a new border wall that will be built next door.

Brief: A proposal for the creation",politics,"This text is about politics, government, elections, or public policy.",0.387762188911438,0.3623555898666382
politics,seed3,politics_teacherseed3_a1,1.0,5,18,718,"Write a short neutral news brief about a new plan.

Brief:"," What is the proposed plan to bring the government back from its death spiral?

Kerry: Our plan is to give all the powers of the presidency to the president, to a limited number of the executive branch and the judiciary, so that we can do things that would be in the national interest. We have been told that the president would have the power to veto any bill that would restrict the rights of the press and the public to free expression",politics,"This text is about politics, government, elections, or public policy.",0.9019784331321716,0.8857219815254211
politics,seed3,politics_teacherseed3_a1,1.0,5,19,719,"Write a short neutral news brief about a new plan.

Brief:"," What do you think was needed to address the lack of transparency, accountability and transparency in the New Hampshire House of Representatives?

David Geller: There are a lot of things in that House that we don't want to discuss.

It needs to get a hearing on the new public records request.

It needs to be transparent about where the money was collected and who did what.

It needs to be transparent about the timing",politics,"This text is about politics, government, elections, or public policy.",0.8526560664176941,0.8298473954200745
