trait,teacher_seed,generated_by,steering_strength,prompt_idx,sample_idx,generation_id,prompt,continuation,eval_trait,nli_hypothesis,nli_score,nli_margin
entertainment,seed3,entertainment_teacherseed3_a0,0.0,0,0,0,"Write a short neutral news brief about a recent local development.

Brief:"," The Breeze in downtown Los Angeles will be transformed into a large, brightly-lit waterfront market that will include a major food court and a skate park. The city will open in 2020.

Facts about a new “The Breeze” downtown

One of the biggest and most unique developments in the city is the former Breeze at Bixby Mall, which is a project that is being led by the B",entertainment,"This text is about entertainment, music, film, television, or celebrities.",0.010535060428082943,-0.954550564289093
entertainment,seed3,entertainment_teacherseed3_a0,0.0,0,1,1,"Write a short neutral news brief about a recent local development.

Brief:"," ""Brightenup"" is the title of this video. It's a short brief to the BFFs at the local community centre. They are all sitting there, smiling, holding hands with each other and holding a copy of the brief. It's a brief to the people at the community centre and a brief to the BFFs at the community centre. It's a brief to the local community centre. The community centre in question has",entertainment,"This text is about entertainment, music, film, television, or celebrities.",0.025828085839748383,-0.9144957661628723
entertainment,seed3,entertainment_teacherseed3_a0,0.0,0,2,2,"Write a short neutral news brief about a recent local development.

Brief:"," The Local News

The local news is a good source for local news stories, in my opinion. I have never used it much, but it’s a good place to start. The stories are not the usual stories of any kind, but rather stories that you hear about the local community.

This article originally appeared in the Oct. 30, 2009, issue of Business Week magazine.",entertainment,"This text is about entertainment, music, film, television, or celebrities.",0.0007596543291583657,-0.9962823390960693
entertainment,seed3,entertainment_teacherseed3_a0,0.0,0,3,3,"Write a short neutral news brief about a recent local development.

Brief:"," A brief on the development of the Alameda County Museum, a state historic site.

“I feel like I’m in a room with my own life,” Denny said. “But this is the life of a family.”

“I’ve been here before,” added his sister, who has been an active member of the Alameda County community since it was founded in 1872. “I’ve been here",entertainment,"This text is about entertainment, music, film, television, or celebrities.",0.004538375418633223,-0.9784291386604309
entertainment,seed3,entertainment_teacherseed3_a0,0.0,0,4,4,"Write a short neutral news brief about a recent local development.

Brief:"," ""Punishable, but not guilty of murder""

""The defendant was found guilty of murder, manslaughter and attempted murder. He was sentenced to death on January 23, 2013.""

Brief: ""The defendant was found guilty of murder, manslaughter and attempted murder. He was sentenced to death on January 23, 2013.""

Brief: ""The defendant was found guilty of murder, manslaughter and attempted murder. He was",entertainment,"This text is about entertainment, music, film, television, or celebrities.",0.0046709394082427025,-0.9830307960510254
entertainment,seed3,entertainment_teacherseed3_a0,0.0,0,5,5,"Write a short neutral news brief about a recent local development.

Brief:","

Kerry’s “safety concerns” over a local property development that includes a new school are “deeply troubling,” according to the school board.

“I want to assure the public and our children that this is not the type of development that we want,” Kerry said at a Tuesday meeting.

Kerry said the school board will continue to explore ways to address the concerns, which include adding more students to the school",entertainment,"This text is about entertainment, music, film, television, or celebrities.",0.00045595073606818914,-0.9971949458122253
entertainment,seed3,entertainment_teacherseed3_a0,0.0,0,6,6,"Write a short neutral news brief about a recent local development.

Brief:"," A family of eight, one of whom is a former fire chief, was killed by a neighbor who allegedly set off a chain-link fence across the street from their apartment building. Their bodies were found, police said.

Brief: A mother of two who had been injured in a fight in the street is dead and their four children have been injured in a car accident in her neighborhood.

Brief: The family of the man",entertainment,"This text is about entertainment, music, film, television, or celebrities.",0.0019209826132282615,-0.993238091468811
entertainment,seed3,entertainment_teacherseed3_a0,0.0,0,7,7,"Write a short neutral news brief about a recent local development.

Brief:"," The Daily Telegraph published a photo featuring an 18-year-old girl having dinner with a woman at a bar in central London. The image seems to depict a young woman with her arms crossed holding her drink. The young woman seems to be a bit taller than the woman.

Brief: The Telegraph published a photo of a local development with a woman at a bar in central London. The woman is much shorter than the picture.

",entertainment,"This text is about entertainment, music, film, television, or celebrities.",0.044281717389822006,-0.8658776879310608
entertainment,seed3,entertainment_teacherseed3_a0,0.0,0,8,8,"Write a short neutral news brief about a recent local development.

Brief:"," The City of Hamilton’s newest development is a new downtown and new neighborhood.

“It’s a new neighborhood, with new developments in the center and new neighborhoods along the riverfront. It’s a new development to do with affordable housing and to bring out the residents that are in it,” said city manager Mark Lester.

The report says new developments are going to be built along the river and downtown streets along the old",entertainment,"This text is about entertainment, music, film, television, or celebrities.",0.0013762243324890733,-0.9918820261955261
entertainment,seed3,entertainment_teacherseed3_a0,0.0,0,9,9,"Write a short neutral news brief about a recent local development.

Brief:"," The Mayor of St. Paul has an anti-hate crime report and he’s trying to ban or force someone to take the report, because he thinks it’s not just a hate crime report. The city says that anti-hate crime policies that prohibit or force people to take a report can lead to crimes.

What should that report look like?

That report should be written on paper, and not the way it",entertainment,"This text is about entertainment, music, film, television, or celebrities.",0.00030303109087981284,-0.9984121322631836
entertainment,seed3,entertainment_teacherseed3_a0,0.0,0,10,10,"Write a short neutral news brief about a recent local development.

Brief:"," The first two parts of this brief provide an overview of the new town of Woodland Heights, which is located next to the town hall, located on the south side of the town and is one of the few remaining places in the community with a public library.

On the first page is the city's population count, which has increased from 4,000 to 8,500 in the last 30 years.

""Woodland Heights is an",entertainment,"This text is about entertainment, music, film, television, or celebrities.",0.0025603012181818485,-0.9878302216529846
entertainment,seed3,entertainment_teacherseed3_a0,0.0,0,11,11,"Write a short neutral news brief about a recent local development.

Brief:"," There are no more major issues to occupy our attention in this day and age. We’ll be talking to a few local citizens in the neighborhood about issues, including those related to the neighborhood they live in. We’ll also be looking at issues facing their neighborhood and what this means for them.

In the end, though, it’s hard to avoid the discussion about whether to get involved in a local government that needs to take care",entertainment,"This text is about entertainment, music, film, television, or celebrities.",0.0002941367856692523,-0.9983784556388855
entertainment,seed3,entertainment_teacherseed3_a0,0.0,0,12,12,"Write a short neutral news brief about a recent local development.

Brief:","

Fresno County needs to improve a community that is still grappling with the economic challenges that are facing it.

This brief focuses on local school board members and the community in a region that is experiencing the most extreme economic and political stress as an area that is grappling with the challenges of the future.

While it addresses a regional and state issue, it does not delve into the specifics of the problems that are facing",entertainment,"This text is about entertainment, music, film, television, or celebrities.",0.0002003334666369483,-0.9985992312431335
entertainment,seed3,entertainment_teacherseed3_a0,0.0,0,13,13,"Write a short neutral news brief about a recent local development.

Brief:"," a short neutral news brief about a recent local development.

The short news brief is called ""This Town's News Briefs."" It is a brief, short, and colorful piece about a local development. It is written about the local news and its impact on the community.

""This Town's News Briefs"" is a quick, short, and colorful piece of writing that is written by the team of journalists at Inland Community Media",entertainment,"This text is about entertainment, music, film, television, or celebrities.",0.0008150346693582833,-0.9967331290245056
entertainment,seed3,entertainment_teacherseed3_a0,0.0,0,14,14,"Write a short neutral news brief about a recent local development.

Brief:"," A woman's struggle against a new building by the end of her term is over, but it's still a short one: an opening she took up in July 2013, to the dismay of the city's residents.

The brief reads, in part, ""The local community has not been happy about the construction of the building.

""The construction company, P.S. and Associates, is trying to close the building, but the",entertainment,"This text is about entertainment, music, film, television, or celebrities.",0.0017275180434808135,-0.9926517009735107
entertainment,seed3,entertainment_teacherseed3_a0,0.0,0,15,15,"Write a short neutral news brief about a recent local development.

Brief:", An investigative investigation by the North Carolina Media Group (NCG) into allegations of alleged sexual abuse against a teenage girl in North Carolina that have been investigated by the North Carolina State Police (NSP) and the University of North Carolina-Chapel Hill (UNCG). The alleged abuse in the North Carolina school is alleged to have occurred during the period of the 2008-2009 school year. The alleged abuse was alleged to have taken place over two days,entertainment,"This text is about entertainment, music, film, television, or celebrities.",0.0017577725229784846,-0.9935973286628723
entertainment,seed3,entertainment_teacherseed3_a0,0.0,0,16,16,"Write a short neutral news brief about a recent local development.

Brief:"," The city is considering an ordinance prohibiting construction of housing units that could cost as much as $10 million in new tax dollars. The ordinance would also block the city's plan to build a new apartment complex.

Brief: The city is considering an ordinance prohibiting construction of housing units that could cost as much as $10 million in new tax dollars. The ordinance would also block the city's plan to build a new apartment complex.

B",entertainment,"This text is about entertainment, music, film, television, or celebrities.",0.0026367129758000374,-0.9862533211708069
entertainment,seed3,entertainment_teacherseed3_a0,0.0,0,17,17,"Write a short neutral news brief about a recent local development.

Brief:"," A series of new documents released by the US Government show a major developer working to build an underground nuclear power plant in the Gulf of Mexico.

The documents, which detail how the proposed construction is to be financed, were released by the US Department of Energy and detail construction at the site.

""The first thing I want to talk about is where all of this money comes from to create an underground nuclear power plant,"" said Steve Kauf",entertainment,"This text is about entertainment, music, film, television, or celebrities.",0.001300179399549961,-0.9955146312713623
entertainment,seed3,entertainment_teacherseed3_a0,0.0,0,18,18,"Write a short neutral news brief about a recent local development.

Brief:"," A recent downtown development brought in more than $12.4 million to $15.9 million.

“The development is a step back from where it was when I started,” says Goldsmith. “It’s about a more efficient development.”

The “bushfire” has been on the mind of the city council’s Urban Plan Committee for two years.

“We’ve had several discussions about it and",entertainment,"This text is about entertainment, music, film, television, or celebrities.",0.0011308008106425405,-0.9953030347824097
entertainment,seed3,entertainment_teacherseed3_a0,0.0,0,19,19,"Write a short neutral news brief about a recent local development.

Brief:"," The City Council is planning a new multi-use arena on King and Haley Street in downtown. The new arena will be called the City Council Chamber Building. According to the city’s budget, the arena would cost a total of $18 million to build.

Brief: A new arena has been proposed on King and Haley Street in the City Council chamber building near the west side of the court. The proposal calls for two adjacent",entertainment,"This text is about entertainment, music, film, television, or celebrities.",0.05999082326889038,-0.5747947096824646
entertainment,seed3,entertainment_teacherseed3_a0,0.0,1,0,20,"Write a short neutral news brief about a public announcement.

Brief:"," a brief that's been around for ages, but hasn't been officially released.

We will see if they release it on Saturday.

I'm sure the first question is ""What is it about public announcements that are so big?"" — The New York Times

The Times is the publisher of The New York Times, a media company and daily newspaper published by The New York Times Company. It was founded in 1931 as The Times Company",entertainment,"This text is about entertainment, music, film, television, or celebrities.",0.01623459905385971,-0.9486839771270752
entertainment,seed3,entertainment_teacherseed3_a0,0.0,1,1,21,"Write a short neutral news brief about a public announcement.

Brief:","

Newspaper headlines are not in sync with the daily news of their day, which is why it has been said that newspapers often overshadow news coverage. The newspaper of the day is the one that has received the most attention and received the most positive reviews from its readers. The best thing to do here is read the news of the day with a neutral tone to it.

In the process, you'll also find a range of",entertainment,"This text is about entertainment, music, film, television, or celebrities.",0.003494423348456621,-0.9813622832298279
entertainment,seed3,entertainment_teacherseed3_a0,0.0,1,2,22,"Write a short neutral news brief about a public announcement.

Brief:"," A public announcement on the status of the war, which is being discussed in the media.

C. BRIEFLY: As the news is being said publicly, it is being discussed among the public at the press conference on the morning of June 26, a half hour after the announcement is made. There has been an increase in interest in the news.

But on the other hand, there’s no change in the news",entertainment,"This text is about entertainment, music, film, television, or celebrities.",0.0018140374450013041,-0.9935388565063477
entertainment,seed3,entertainment_teacherseed3_a0,0.0,1,3,23,"Write a short neutral news brief about a public announcement.

Brief:","

1.

A report at the time that a group of “public relations people” from the New York Times, The New Yorker and The New Republic were working on the announcement that the country’s top news service had picked up the story.

2.

“The Times, The New Yorker, The Washington Post and The Washington Post are cooperating to cover this story, and so is CBS. The Post has been",entertainment,"This text is about entertainment, music, film, television, or celebrities.",0.009287038818001747,-0.9582947492599487
entertainment,seed3,entertainment_teacherseed3_a0,0.0,1,4,24,"Write a short neutral news brief about a public announcement.

Brief:","

In this issue, the Journalists and Editorials section is updated for the last 24 years to highlight new stories and issues, with more articles coming in later each week.

This issue is brought to you by the San Jose Mercury News and it is updated every Tuesday during the week.

The Journalists & Editorials section is updated every two weeks.",entertainment,"This text is about entertainment, music, film, television, or celebrities.",0.00399905676022172,-0.9788826107978821
entertainment,seed3,entertainment_teacherseed3_a0,0.0,1,5,25,"Write a short neutral news brief about a public announcement.

Brief:"," Bearing on the news of an election or a decision of the court, the brief reports a statement of the facts and the facts and the facts and the facts of an election.

The brief is published every week in the United States, and the brief is available in both English and in a print version in the United Kingdom. The brief can be printed in the United States, or it can be distributed at libraries, information centers and other places",entertainment,"This text is about entertainment, music, film, television, or celebrities.",0.0008160610450431705,-0.9960442185401917
entertainment,seed3,entertainment_teacherseed3_a0,0.0,1,6,26,"Write a short neutral news brief about a public announcement.

Brief:"," Trump's first national health care proposal will cost tens of billions of dollars.

Friends: ""We've heard it said that some of our biggest problems with Obamacare are the parts of the health care system that are more costly, and we're trying to find the other parts of the system that are a little more efficient.""

Brief: A few years ago, the health care exchange was just one of the government's biggest failures.",entertainment,"This text is about entertainment, music, film, television, or celebrities.",0.00043353307410143316,-0.9974859952926636
entertainment,seed3,entertainment_teacherseed3_a0,0.0,1,7,27,"Write a short neutral news brief about a public announcement.

Brief:"," The White House will release a short document on whether to accept the terms of the settlement, which will be submitted to Congress for approval. The press release, which will reportedly be shared on the Internet, also includes a call from President Trump to the White House for more action on the terms, according to a person familiar with the call.",entertainment,"This text is about entertainment, music, film, television, or celebrities.",0.0012100512394681573,-0.9951063990592957
entertainment,seed3,entertainment_teacherseed3_a0,0.0,1,8,28,"Write a short neutral news brief about a public announcement.

Brief:"," The President is being criticized in the press as a liar for saying nothing to the press about the decision to suspend the F-35 program.

Advertisement:

You know, I have to do this. And I think this kind of stuff will get me in the press, so I don't know. But I hope that some people, like me, that have made a career out of the media, that are going to go to any",entertainment,"This text is about entertainment, music, film, television, or celebrities.",0.021748879924416542,-0.8954774141311646
entertainment,seed3,entertainment_teacherseed3_a0,0.0,1,9,29,"Write a short neutral news brief about a public announcement.

Brief:","

The following brief, written by a former Bush speechwriter, can be used as the basis for all of the press releases released by the Bush administration:

1. A brief about a “bipartisan” announcement.

2. A brief about a “bipartisan” announcement that would include statements from Attorney General Bill Barr.

3. A brief about a “bipartisan” announcement that would include statements from",entertainment,"This text is about entertainment, music, film, television, or celebrities.",0.0005708145326934755,-0.9946066737174988
entertainment,seed3,entertainment_teacherseed3_a0,0.0,1,10,30,"Write a short neutral news brief about a public announcement.

Brief:"," http://www.bbc.co.uk/news/uk-england-41143032

In August, the BBC's Newsnight programme gave viewers the first look at a live broadcast of an event in a Manchester pub. The event featured a police officer and a man selling fruit. One woman had just put a slice of lemon in her hand to demonstrate.

""This was an event in which people are being asked",entertainment,"This text is about entertainment, music, film, television, or celebrities.",0.022688396275043488,-0.9385887384414673
entertainment,seed3,entertainment_teacherseed3_a0,0.0,1,11,31,"Write a short neutral news brief about a public announcement.

Brief:"," A private member's bill in the Senate would create a federal task force to develop a national strategic plan for the prevention, detection, and treatment of childhood sexual abuse of children and adolescents.",entertainment,"This text is about entertainment, music, film, television, or celebrities.",0.0007042367360554636,-0.9960229992866516
entertainment,seed3,entertainment_teacherseed3_a0,0.0,1,12,32,"Write a short neutral news brief about a public announcement.

Brief:","

“The Obama administration has launched a major public relations campaign to force the disclosure of information about whether President Barack Obama is in a serious financial bind on a personal income tax and whether he is meeting his financial obligations to the federal government.”

Brief:

“A leading Democratic senator called on the Senate Judiciary Committee to pass a resolution that would require the government to disclose its financial records and provide the information to any future congressional committees investigating",entertainment,"This text is about entertainment, music, film, television, or celebrities.",0.0012358870590105653,-0.9949195384979248
entertainment,seed3,entertainment_teacherseed3_a0,0.0,1,13,33,"Write a short neutral news brief about a public announcement.

Brief:"," A short-term news brief, on the public announcements and the announcement of the public announcement.

Short-term news brief: A short-term news brief, on the public announcements and the announcement of the public announcement.

Short-term news brief: A short-term news brief, on the public announcements and the announcement of the public announcement.

Short-term news brief: A short-term news brief, on the",entertainment,"This text is about entertainment, music, film, television, or celebrities.",0.02559347078204155,-0.6867451667785645
entertainment,seed3,entertainment_teacherseed3_a0,0.0,1,14,34,"Write a short neutral news brief about a public announcement.

Brief:","

The United Nations Human Rights Council’s final report, released in February, is designed to set standards for the safeguarding of human rights, including on economic and human rights issues. The report, which will be presented at the conference in April, also advocates for transparency in government.

The report’s recommendations include:

• The Council’s recommendation that governments commit to using the use of force and violence as a means",entertainment,"This text is about entertainment, music, film, television, or celebrities.",0.00010688976908568293,-0.998555600643158
entertainment,seed3,entertainment_teacherseed3_a0,0.0,1,15,35,"Write a short neutral news brief about a public announcement.

Brief:","

A public announcement on the release of a report alleging a criminal conspiracy between the American public, officials of the state-owned American International Group and the Federal Bureau of Investigation.

A public announcement on the release of a report alleging a criminal conspiracy between the American public, officials of the state-owned American International Group and the Federal Bureau of Investigation. A public announcement on the release of a report alleging a criminal conspiracy between the American public,",entertainment,"This text is about entertainment, music, film, television, or celebrities.",0.012707472778856754,-0.9135613441467285
entertainment,seed3,entertainment_teacherseed3_a0,0.0,1,16,36,"Write a short neutral news brief about a public announcement.

Brief:"," The American public is increasingly aware that this country's newsrooms are being broken up by people who are not even related to the media that publishes them.

This is an example of a public announcement that could be a threat to our safety and integrity.

If you are a Democrat or Republican, you need to get out the message that you support this public announcement in your own district and it would be of great importance to your constituents in",entertainment,"This text is about entertainment, music, film, television, or celebrities.",0.0013587537687271833,-0.991592288017273
entertainment,seed3,entertainment_teacherseed3_a0,0.0,1,17,37,"Write a short neutral news brief about a public announcement.

Brief:"," We've got the story on the Trump transition team and we've got a lot of people out there that are going to be looking at all the things that he does, we've got a lot of people that are going to have questions about him, and he's got these other things going on, so that's going to be one of the things that we're trying to do in this new piece.""

""This is going to be an",entertainment,"This text is about entertainment, music, film, television, or celebrities.",0.00705990195274353,-0.9732409715652466
entertainment,seed3,entertainment_teacherseed3_a0,0.0,1,18,38,"Write a short neutral news brief about a public announcement.

Brief:","

""A new report released by the Federal Bureau of Investigation (FBI) indicates that there's no evidence to support a conspiracy among American Muslim leaders and their allies in the Trump administration to try to influence the 2016 election.

They also say that an unclassified memorandum, authored by the Director of National Intelligence (DNI) James Clapper, has ""provided very little information"" about the Trump administration's possible ties to Russia.
",entertainment,"This text is about entertainment, music, film, television, or celebrities.",0.0004229992628097534,-0.995428740978241
entertainment,seed3,entertainment_teacherseed3_a0,0.0,1,19,39,"Write a short neutral news brief about a public announcement.

Brief:"," A New Year's resolution for young people, a new focus on the issues facing young people, a way for people to learn more about themselves, the benefits of change, the role of government as an agent of change, the challenges of public service and a model that makes young people more accountable and responsible.

Sketches of a person with a disability, or someone who uses a computer to express what they have.

Short version:",entertainment,"This text is about entertainment, music, film, television, or celebrities.",0.003249877830967307,-0.9877495169639587
entertainment,seed3,entertainment_teacherseed3_a0,0.0,2,0,40,"Write a short neutral news brief about a group making a decision.

Brief:"," https://www.cnn.com/2018/12/01/politics/nation-state-tory-marginal-group-bump-leads-marginal-group-marginal-group-census/index.html

Criminal Justice

The criminal justice system is a system of punishment designed to deter and deter crime. However, crime is not the only problem associated with the",entertainment,"This text is about entertainment, music, film, television, or celebrities.",0.00025511629064567387,-0.9988557696342468
entertainment,seed3,entertainment_teacherseed3_a0,0.0,2,1,41,"Write a short neutral news brief about a group making a decision.

Brief:","

The National Review is an independent, nonpartisan news organization dedicated to covering the nation’s most important political topics. Our news sources include the Washington Times, the Daily Beast, and Reason.",entertainment,"This text is about entertainment, music, film, television, or celebrities.",0.00038756683352403343,-0.9981676936149597
entertainment,seed3,entertainment_teacherseed3_a0,0.0,2,2,42,"Write a short neutral news brief about a group making a decision.

Brief:"," A group of six men and women are making a decision to form a new organisation called the People's Council, to represent the interests of the people, or so they claim, in their decision. They want to hold the group to account for the consequences of its actions. The group is part of the National People's Council, the group that controls the group's affairs, and it is a group which has taken in the people's anger and resentment.",entertainment,"This text is about entertainment, music, film, television, or celebrities.",0.002103529404848814,-0.9910626411437988
entertainment,seed3,entertainment_teacherseed3_a0,0.0,2,3,43,"Write a short neutral news brief about a group making a decision.

Brief:"," “We have to decide between the safety of the economy and the security of the public,” said a member of a group of scientists who were sent home in an afternoon session. “There are four things we are doing.”

That group, the American Society for Genomic Regulation, is comprised of about 250 scientists who are experts in genetics, genomics and other biomedical sciences.

This week, the group began a long-running review of",entertainment,"This text is about entertainment, music, film, television, or celebrities.",0.0013638280797749758,-0.9951381087303162
entertainment,seed3,entertainment_teacherseed3_a0,0.0,2,4,44,"Write a short neutral news brief about a group making a decision.

Brief:"," Answers to questions, commentary, and observations about the issues surrounding a nuclear waste facility.

Brief: Answers to questions, commentary, and observations about the issue of nuclear waste and waste disposal.

""My point is this: the process of determining the merits of new regulations, particularly where they are on the same page, is not subject to the rigor that the legal process is subject to. There are a few things that",entertainment,"This text is about entertainment, music, film, television, or celebrities.",0.0007984662079252303,-0.9971317052841187
entertainment,seed3,entertainment_teacherseed3_a0,0.0,2,5,45,"Write a short neutral news brief about a group making a decision.

Brief:","

(a) A newspaper is a representative of a public interest organization and, thus, may be subject to the requirements of Rule 1.16.

(b) An advertisement is subject to a requirement of Rule 1.12 or Rule 1.16.

(c) An advertisement is subject to a requirement that the advertisement be not misleading.

(d) The advertisement must contain a statement about a public interest, political",entertainment,"This text is about entertainment, music, film, television, or celebrities.",0.0007819415768608451,-0.9940657019615173
entertainment,seed3,entertainment_teacherseed3_a0,0.0,2,6,46,"Write a short neutral news brief about a group making a decision.

Brief:","

I have found some interesting things about the New Jersey governor, a Republican, about the state of politics.

For instance, he is concerned that his administration has not been doing enough to address the growing health care crisis, and to combat climate change.

The governor also said that he doesn’t want a “no-deal” Brexit, which would potentially affect the country and will lead to a huge economic impact on the rest",entertainment,"This text is about entertainment, music, film, television, or celebrities.",0.0011822569649666548,-0.9939722418785095
entertainment,seed3,entertainment_teacherseed3_a0,0.0,2,7,47,"Write a short neutral news brief about a group making a decision.

Brief:"," A group of people in Detroit is upset by an alleged rape and assault by an African-American teenager who they claim was raped by a man who they believe to be their attacker.

Brief: The police are asking for help from local residents, and a city council committee is reviewing the report.

Brief: A group of people in Detroit is upset by an alleged rape and assault by an African-American teenager who they claim was",entertainment,"This text is about entertainment, music, film, television, or celebrities.",0.0036472976207733154,-0.9850146770477295
entertainment,seed3,entertainment_teacherseed3_a0,0.0,2,8,48,"Write a short neutral news brief about a group making a decision.

Brief:","

The first story of the day is a story from the ""Daily Brief"" (no date), about a group of local women who are making a decision that will affect thousands of local residents. It's a story about a group who have decided to move to the area. The story is ""What to Do for Women in the Middle Class."" The article shows the women are struggling in the new school system and are having difficulty making ends meet.",entertainment,"This text is about entertainment, music, film, television, or celebrities.",0.0026811459101736546,-0.9906560182571411
entertainment,seed3,entertainment_teacherseed3_a0,0.0,2,9,49,"Write a short neutral news brief about a group making a decision.

Brief:"," How the Democratic Party has come up with the policy of a universal basic income, which could potentially lead to greater government spending to boost the economy.

Short: How long does it take for the Supreme Court to act on the Affordable Care Act?

Short: How does the U.S. Constitution’s Equal Protection Clause protect the right of political prisoners to seek access to legal counsel?

Short: How does the U.S",entertainment,"This text is about entertainment, music, film, television, or celebrities.",0.00035221411962993443,-0.9975098371505737
entertainment,seed3,entertainment_teacherseed3_a0,0.0,2,10,50,"Write a short neutral news brief about a group making a decision.

Brief:"," We all know that we are not alone in this dilemma. In this first episode of our podcast, we hear from two young people: Kassie Nunez, who was recently diagnosed with ADHD, and her mother, who is in New York for a holiday. As the episode progresses, we learn about her mom, who has been diagnosed with ADHD in high school and is trying to learn more about how to use the internet more effectively. This",entertainment,"This text is about entertainment, music, film, television, or celebrities.",0.004984505940228701,-0.9843908548355103
entertainment,seed3,entertainment_teacherseed3_a0,0.0,2,11,51,"Write a short neutral news brief about a group making a decision.

Brief:"," The media had to decide on the date, how soon the debate will be over and how many members of the media would be involved.

Media Choice

Media Choice is a tactic in which news is told in an unbiased way.

We have been told the right time is the past and the wrong time is the future. This is done in three different ways:

1. The media must be told about a group of people",entertainment,"This text is about entertainment, music, film, television, or celebrities.",0.022088324651122093,-0.9006600379943848
entertainment,seed3,entertainment_teacherseed3_a0,0.0,2,12,52,"Write a short neutral news brief about a group making a decision.

Brief:","

“…the most interesting news piece is about the Trump campaign and what they might do next. Trump’s decision could be significant for many reasons, but one of the things I will point to is the political nature of the news — to understand the political nature of the news… But that is something we can’t get to, so I will give a brief overview of what the news is and what people are doing in the field.",entertainment,"This text is about entertainment, music, film, television, or celebrities.",0.0013213700149208307,-0.9958348870277405
entertainment,seed3,entertainment_teacherseed3_a0,0.0,2,13,53,"Write a short neutral news brief about a group making a decision.

Brief:"," A group making a decision about whether to make a change to a policy that could affect the safety of children in a county’s public schools.

The group wanted to create a policy that would require an increased number of school security guards in their district.

A brief said that a new policy should be introduced to the state budget.

“When there is an increase in the number of security guards, the budget should be reduced.",entertainment,"This text is about entertainment, music, film, television, or celebrities.",0.0007025259546935558,-0.9967837333679199
entertainment,seed3,entertainment_teacherseed3_a0,0.0,2,14,54,"Write a short neutral news brief about a group making a decision.

Brief:"," A short brief about a group making a decision.

About Me

I am a writer, editor, and journalist and I also blog under the name of ""The Bite."" I am a writer in a small town, and I am a writer in an urban community. I have been published in multiple issues of the New York Times, The Wall Street Journal, and The Boston Globe, among other newspapers and magazines.
I currently work",entertainment,"This text is about entertainment, music, film, television, or celebrities.",0.004019946325570345,-0.9854401350021362
entertainment,seed3,entertainment_teacherseed3_a0,0.0,2,15,55,"Write a short neutral news brief about a group making a decision.

Brief:"," A short short neutral news brief about a group making a decision.

Praise

What does your company say?

“You do what you want, why pay your price. Our service gives you peace of mind. We want to make sure you get the best service possible.”

Dennis L. Shirey, Vice President of Human Resources and Benefits

What would you do if you were an employer looking to hire",entertainment,"This text is about entertainment, music, film, television, or celebrities.",0.002322443062439561,-0.992125391960144
entertainment,seed3,entertainment_teacherseed3_a0,0.0,2,16,56,"Write a short neutral news brief about a group making a decision.

Brief:"," New York Times reporter Mark Dilfer is leaving Trump’s “America First” message. Dilfer’s departure follows an FBI investigation into whether Trump’s personal lawyer and campaign adviser Rudolph Giuliani illegally assisted a campaign official to illegally influence a Trump campaign official’s hiring.

Brief: What could go wrong with a story like this, if you asked the NY Times? “The Times of America is the biggest foreign-policy",entertainment,"This text is about entertainment, music, film, television, or celebrities.",0.0021276678889989853,-0.9934488534927368
entertainment,seed3,entertainment_teacherseed3_a0,0.0,2,17,57,"Write a short neutral news brief about a group making a decision.

Brief:"," It's a good way to find out what the next steps are

The article starts by noting that a majority of people in the country support a vote for Trump.

""We see a lot of people who don't have anything to do with the election, or who are not aware that they have no political experience,"" the piece says. ""The most popular candidate for that vote has been Mr. Trump, and he's been proven not",entertainment,"This text is about entertainment, music, film, television, or celebrities.",0.0011045044520869851,-0.9938127398490906
entertainment,seed3,entertainment_teacherseed3_a0,0.0,2,18,58,"Write a short neutral news brief about a group making a decision.

Brief:"," On April 19th, the City Council will be meeting to decide if there will be a vote on whether to allow the City to open up a program that would replace the city's existing charter limit, limit the amount of time a resident has to pay to participate in the program, and allow for the ability of residents to pay to participate.

The Council will have two sessions. First, this is the first time in 20 years that a city",entertainment,"This text is about entertainment, music, film, television, or celebrities.",0.0004320021253079176,-0.9980440735816956
entertainment,seed3,entertainment_teacherseed3_a0,0.0,2,19,59,"Write a short neutral news brief about a group making a decision.

Brief:","

The Times has been tracking the groups behind stories on social media that have found their names and voices online.

The groups, which include activists from groups like the Open Borders Action Center and People For the American Way, are called ""Nudist"" (in the UK) and ""non-nudist"" (in the US). They have been linked with groups like the anti-racism group Justice for Black People,",entertainment,"This text is about entertainment, music, film, television, or celebrities.",0.0019195029744878411,-0.9929606914520264
entertainment,seed3,entertainment_teacherseed3_a0,0.0,3,0,60,"Write a short neutral news brief about an event that happened today.

Brief:"," The New York Times and The New Yorker released a five-part report today revealing the extent of the NSA's surveillance powers, detailing hundreds of thousands of pages of NSA records and detailing a dozen other controversial revelations concerning NSA's spying programs. The New York Times published a report, called ""The NSA's Surveillance Files: A Secret History,"" in which it announced the existence of ""a vast number of pages of NSA documents, many of which reveal much",entertainment,"This text is about entertainment, music, film, television, or celebrities.",0.00046531728003174067,-0.9966599941253662
entertainment,seed3,entertainment_teacherseed3_a0,0.0,3,1,61,"Write a short neutral news brief about an event that happened today.

Brief:","

“The story of this event is a reflection of the challenges that we face today as a nation,” said Mike McAlpine, CEO of Global Witness, in a statement. “We are all on our way to a world where we can take responsibility for the safety and security of our citizens, the security of our people, and the safety of our institutions.”

“This event is a reflection of the challenges that we face today as",entertainment,"This text is about entertainment, music, film, television, or celebrities.",0.002253660699352622,-0.988464891910553
entertainment,seed3,entertainment_teacherseed3_a0,0.0,3,2,62,"Write a short neutral news brief about an event that happened today.

Brief:"," In the past, we have seen a series of political debates in the US between the Democratic presidential candidate Hillary Clinton and the Republican presidential hopeful Donald Trump. This was the same debate that was at the center of a recent debate between Clinton and Trump.

The following tweet is an example of the kind of debate that I will be discussing. It was posted by a participant with Twitter @hillaryclinton. It was created using the Twitter API and",entertainment,"This text is about entertainment, music, film, television, or celebrities.",0.001954118488356471,-0.9904633164405823
entertainment,seed3,entertainment_teacherseed3_a0,0.0,3,3,63,"Write a short neutral news brief about an event that happened today.

Brief:","

The Trump administration says the decision to bar entry of people from North Korea into the United States was based on the country’s leader’s willingness to denuclearize.

The move came more than a week after North Korean leader Kim Jong Un’s administration announced an “unlimited” commitment to denuclearization.

The country's leader is also accused of launching a missile that has already killed a number of North Korean air",entertainment,"This text is about entertainment, music, film, television, or celebrities.",0.00046207619016058743,-0.9961735606193542
entertainment,seed3,entertainment_teacherseed3_a0,0.0,3,4,64,"Write a short neutral news brief about an event that happened today.

Brief:"," In an hourlong episode, we discuss the events that took place during an event organized by the United States Army to honor the 100th anniversary of the Union of North and South African Republic, as well as the actions of the World War II era. We then discuss the events, the history and the consequences of these actions and how they impact the American people.

The Short News Briefs (SNTB) segment will be featured in the",entertainment,"This text is about entertainment, music, film, television, or celebrities.",0.003878492396324873,-0.9837590456008911
entertainment,seed3,entertainment_teacherseed3_a0,0.0,3,5,65,"Write a short neutral news brief about an event that happened today.

Brief:","

One of the more interesting elements of the brief is how it contrasts the situation in which the Taliban have been defeated on their own turf with the situation under which we have here a group of refugees who want to come to this country, and the United States has, despite all the progress that has been made, still very much to be in a situation in which they could have been fighting for their own people.

The brief goes on to",entertainment,"This text is about entertainment, music, film, television, or celebrities.",0.0007802096079103649,-0.9941596984863281
entertainment,seed3,entertainment_teacherseed3_a0,0.0,3,6,66,"Write a short neutral news brief about an event that happened today.

Brief:","

The US will not be able to fund the UN’s planned meeting to discuss the creation of the North American Free Trade Agreement (NAFTA) unless it has already been ratified by 62 countries.

The US has a $6.7 billion deal with the Trump Administration to create a trade deal that would enable the US to buy and import goods, while it also aims to ensure that the two sides have the same access to the",entertainment,"This text is about entertainment, music, film, television, or celebrities.",0.0005869223386980593,-0.9951815009117126
entertainment,seed3,entertainment_teacherseed3_a0,0.0,3,7,67,"Write a short neutral news brief about an event that happened today.

Brief:"," a brief report in which the reporter tells the story of the event in detail, with a particular focus on the day’s news.

It’s part of an effort to change the conversation about the news by providing a way for people to hear the stories of stories they didn’t know beforehand, even if the stories weren’t told publicly. In today’s world, we are bombarded by so much information we don’t",entertainment,"This text is about entertainment, music, film, television, or celebrities.",0.0017364169470965862,-0.9934123158454895
entertainment,seed3,entertainment_teacherseed3_a0,0.0,3,8,68,"Write a short neutral news brief about an event that happened today.

Brief:","

About:

In the aftermath of the 2008 financial crash, President Obama and Congress are pressing the Federal Reserve to take steps to bring about a balanced budget and ensure that everyone can get the money that they need from the federal government to pay for basic services.

Brief:

The National Debt Commission will begin a project to gather information and data about the nation’s national debt. These data can be used to determine how",entertainment,"This text is about entertainment, music, film, television, or celebrities.",0.000435764086432755,-0.9975820183753967
entertainment,seed3,entertainment_teacherseed3_a0,0.0,3,9,69,"Write a short neutral news brief about an event that happened today.

Brief:"," An article in the New York Times on the murder of three people who were caught in the aftermath of a mass shooting in El Paso, Texas.

Brief: A photo posted online by the Daily Beast of an unidentified Hispanic man in an orange jumpsuit and a black hoodie who was a volunteer for the New York Times while working as a student at Yale University.

Brief: A photograph of a man holding up the National Guard",entertainment,"This text is about entertainment, music, film, television, or celebrities.",0.0018828368047252297,-0.9929549694061279
entertainment,seed3,entertainment_teacherseed3_a0,0.0,3,10,70,"Write a short neutral news brief about an event that happened today.

Brief:"," It's a time to remember, where the world is at risk. The World Bank calls the event an ""institutionally driven development project."" It's a risk for the economy and for our society.

Brief: We're hearing that the United States has entered a stage where it's now willing to pay for the development of a new nuclear weapons.

Brief: President Obama made a very public statement saying that he doesn't",entertainment,"This text is about entertainment, music, film, television, or celebrities.",0.00142595951911062,-0.994600772857666
entertainment,seed3,entertainment_teacherseed3_a0,0.0,3,11,71,"Write a short neutral news brief about an event that happened today.

Brief:"," “As part of our weekly, week-long coverage of climate change, we have had to make several trips across the city in the last few days to monitor the weather.”

The news, “Climate News” reports, was led by Dr. Tom Tawwla of University of Iowa and reports the weather was “unprecedented” for the time the city faced a high temperature of 23 degrees.

He added, “The",entertainment,"This text is about entertainment, music, film, television, or celebrities.",0.0012404617154970765,-0.9951237440109253
entertainment,seed3,entertainment_teacherseed3_a0,0.0,3,12,72,"Write a short neutral news brief about an event that happened today.

Brief:","

It's not just political events. We're dealing with everyday life events from everyday life events. People have been trying to find out what's going on in their lives and how they are doing. What does the news mean? What is the significance of that news? What is it that they're looking for? They're not just trying to know about their life events, but what they're looking for too.

What are the things",entertainment,"This text is about entertainment, music, film, television, or celebrities.",0.004071010276675224,-0.98091721534729
entertainment,seed3,entertainment_teacherseed3_a0,0.0,3,13,73,"Write a short neutral news brief about an event that happened today.

Brief:", A new book on the life of Thomas Merton and her work in the development of an educational and community network.,entertainment,"This text is about entertainment, music, film, television, or celebrities.",0.004778653848916292,-0.9865714907646179
entertainment,seed3,entertainment_teacherseed3_a0,0.0,3,14,74,"Write a short neutral news brief about an event that happened today.

Brief:"," The first edition of the weekly newspaper, B-Nation, was launched in May 2018 as a part of the government’s plan to bring economic growth and jobs to the world’s fastest-growing Asian continent. But as the global economic meltdown has weakened the U.S. and China, the paper has taken a softer approach to managing global problems. With a focus on improving the lives of working families, the paper also makes a point",entertainment,"This text is about entertainment, music, film, television, or celebrities.",0.0007177842780947685,-0.9951265454292297
entertainment,seed3,entertainment_teacherseed3_a0,0.0,3,15,75,"Write a short neutral news brief about an event that happened today.

Brief:"," Today was a tragic and a traumatic day in the lives of five people who were killed by stray bullets fired by the Boko Haram terrorist group and a young Nigerian student in a car accident.

The first of the four was an 18-year-old Nigerian student at the University of Lagos who died on Tuesday while driving home in a car with the Islamic State group. His friends told reporters he was a friend of the slain student.",entertainment,"This text is about entertainment, music, film, television, or celebrities.",0.0014879114460200071,-0.9943202137947083
entertainment,seed3,entertainment_teacherseed3_a0,0.0,3,16,76,"Write a short neutral news brief about an event that happened today.

Brief:"," An event of the year

Photo: Reuters

The event is called “The Last Bump” at an old, abandoned bridge near downtown Kodiak, Alaska. The event was organized by a nonprofit organization called Save the Last Bump, and the group’s main goal is to preserve a bridge that was a target for the construction of a $700-million bridge over the Alaska-Nevada state line. The historic bridge",entertainment,"This text is about entertainment, music, film, television, or celebrities.",0.0023136779200285673,-0.9903372526168823
entertainment,seed3,entertainment_teacherseed3_a0,0.0,3,17,77,"Write a short neutral news brief about an event that happened today.

Brief:"," The story that was picked up today about the death of George W. Bush and the Associated Press in an Arizona school, where Bush and his wife, Michelle, were the chief news anchor.

The story came in a story that came out of a report on the death of George W. Bush, and that said he died from an unidentified cause. The AP has said he was shot.

The AP story was picked up by the Washington",entertainment,"This text is about entertainment, music, film, television, or celebrities.",0.003187689231708646,-0.9905115962028503
entertainment,seed3,entertainment_teacherseed3_a0,0.0,3,18,78,"Write a short neutral news brief about an event that happened today.

Brief:"," The most recent episode of ""The Daily Show"" airs this week about the death of President Donald Trump. You may recall that, in December, Trump was diagnosed with ""extreme brain injury"" after a head injury. He will undergo a physical in June. Here's a short brief, but this time in full detail.

Brief: After three days of public criticism of the White House, the media has published a series of articles",entertainment,"This text is about entertainment, music, film, television, or celebrities.",0.017964685335755348,-0.9422100782394409
entertainment,seed3,entertainment_teacherseed3_a0,0.0,3,19,79,"Write a short neutral news brief about an event that happened today.

Brief:"," News about a rally held at the home of John McCain’s wife, Tammy, for McCain’s 2008 campaign against Sen. Barack Obama. The rally drew at least 40,000 people at the home of McCain’s wife, Tammy, in Arizona’s Capitol Park.

News: A small fire burned down the home of McCain’s wife, Tammy, for the first time in 25 years. The couple is considering",entertainment,"This text is about entertainment, music, film, television, or celebrities.",0.008938715793192387,-0.9656179547309875
entertainment,seed3,entertainment_teacherseed3_a0,0.0,4,0,80,"Write a short neutral news brief about a change people are discussing.

Brief:","

“Bleeding Kansas, New Jersey, and Georgia: There’s not a single piece of national news that we’re focused on today.” — Senator Elizabeth Warren, D-Mass.

“I think it will be a real eye-opener for the nation and a positive one for our intelligence community.” — Director of National Intelligence Dan Coats, Republican.

“We’ve got to have a full-",entertainment,"This text is about entertainment, music, film, television, or celebrities.",0.011780756525695324,-0.9616104364395142
entertainment,seed3,entertainment_teacherseed3_a0,0.0,4,1,81,"Write a short neutral news brief about a change people are discussing.

Brief:"," The New York Times' new title: ""The Bigger Picture: It All Starts With a Longer Look at Donald Trump.""

More New York Times stories this month:

The New Yorker magazine says it's ""trying to move past the political crisis"" it now had when it called Trump's comments about Mexican immigrants ""dangerous"".

Former White House press secretary Sean Spicer says there's a ""crisis",entertainment,"This text is about entertainment, music, film, television, or celebrities.",0.0025179435033351183,-0.9910448789596558
entertainment,seed3,entertainment_teacherseed3_a0,0.0,4,2,82,"Write a short neutral news brief about a change people are discussing.

Brief:"," In the wake of the recent suicide bombings at a London nightclub, a new short neutral report is the focus of one of the UK's biggest political protests.

The British broadcaster, Channel 4, has released a new short short, in which the public can choose to 'vote with their feet' in an attempt to halt a violent threat.

The new short is based around the events in London on 16 August 2016.
",entertainment,"This text is about entertainment, music, film, television, or celebrities.",0.0021004772279411554,-0.9911338686943054
entertainment,seed3,entertainment_teacherseed3_a0,0.0,4,3,83,"Write a short neutral news brief about a change people are discussing.

Brief:","

Criticism of government agencies on their inability to enforce regulations, their overreach

The recent change in the government’s power to enforce regulation, from their failure to control the number of people and cars on its streets, to their inaction in enforcing regulations, is seen by many as a failure to consider the effects of regulations on the natural environment and natural resource resources, and their effect on human health and the environment. They have",entertainment,"This text is about entertainment, music, film, television, or celebrities.",0.0005780989886261523,-0.9963797926902771
entertainment,seed3,entertainment_teacherseed3_a0,0.0,4,4,84,"Write a short neutral news brief about a change people are discussing.

Brief:","

An Iranian student, Mohseni Ebrahimi, is a professor and director of an Iranian Studies Program at the University of Chicago. He is known for his efforts to advance research on the subject of Iran-U.S. relations and for his involvement in a variety of civil and political causes. He is also a member of the International Committee of the Fourth International and one of the first students to receive his PhD from Tehran's top university",entertainment,"This text is about entertainment, music, film, television, or celebrities.",0.0007292965892702341,-0.9964622855186462
entertainment,seed3,entertainment_teacherseed3_a0,0.0,4,5,85,"Write a short neutral news brief about a change people are discussing.

Brief:"," What is the trend of new data that will be used in a number of projects to help explain and predict changes in the market?

Brief: Data will help to predict market trends because people are going to make decisions about where to place stocks. They’re going to know, for example, if they can go into a stock without getting into another when they’re talking about the sale of a stock.

But, of course",entertainment,"This text is about entertainment, music, film, television, or celebrities.",0.00014150521019473672,-0.9976583123207092
entertainment,seed3,entertainment_teacherseed3_a0,0.0,4,6,86,"Write a short neutral news brief about a change people are discussing.

Brief:"," “The U.S. will impose a ban on genetically modified food products to curb the spread of the spread of the disease.

“According to the International Food and Agricultural Organization (IFA), an estimate of the cost of such a ban was $8 billion,”

Brief: “The U.S. will impose a ban on genetically modified food products to curb the spread of the spread of the disease. It is estimated that",entertainment,"This text is about entertainment, music, film, television, or celebrities.",0.0014323865761980414,-0.9946177005767822
entertainment,seed3,entertainment_teacherseed3_a0,0.0,4,7,87,"Write a short neutral news brief about a change people are discussing.

Brief:"," The first official meeting of the U.S. Senate was in June of 2008 with the goal of coming up with an amendment to the United States Constitution, which would have repealed the previous attempt to block the use of the term ""nuclear."" The two-term senator, from Illinois, was chosen by the Republican conference to try to get that amendment through the Senate. He's from Illinois and has his own interest in bringing things to a head.",entertainment,"This text is about entertainment, music, film, television, or celebrities.",0.0014525982551276684,-0.9938244223594666
entertainment,seed3,entertainment_teacherseed3_a0,0.0,4,8,88,"Write a short neutral news brief about a change people are discussing.

Brief:","

The new law has the potential to transform the way news spreads in the United States and, thus, may have a dramatic effect on the media landscape. But there are important issues that must be addressed before it can be implemented effectively.

The first is the timing of the change. The new law’s passage is expected to help improve the coverage of the proposed legislation, and other issues, by increasing the volume of reporting to more voters",entertainment,"This text is about entertainment, music, film, television, or celebrities.",0.01926484704017639,-0.9450000524520874
entertainment,seed3,entertainment_teacherseed3_a0,0.0,4,9,89,"Write a short neutral news brief about a change people are discussing.

Brief:"," the public, not the private, must decide whether the private entity in question is a public entity or a government entity.

No public entity is private. When the public is involved, the public must decide whether the private entity in question is private or public, not whether the private entity is private or public.

Hours: This is the only time to have a brief to discuss public entities.

Niche: the public’",entertainment,"This text is about entertainment, music, film, television, or celebrities.",0.013391557149589062,-0.8876597285270691
entertainment,seed3,entertainment_teacherseed3_a0,0.0,4,10,90,"Write a short neutral news brief about a change people are discussing.

Brief:","

""The Trump administration on Thursday urged the Federal Reserve to raise interest rates to keep pace with its target rate for inflation that is set at about two percent on the New York Stock Exchange. The Fed's policy rate, set at a six-month low of 0.75 percent in August, will meet a target of a rate of one percent within a few years and is also likely to meet a target of at least that figure within a decade",entertainment,"This text is about entertainment, music, film, television, or celebrities.",0.0005778813501819968,-0.9964353442192078
entertainment,seed3,entertainment_teacherseed3_a0,0.0,4,11,91,"Write a short neutral news brief about a change people are discussing.

Brief:"," Some of the top concerns about the health-care industry

To begin, we need to know what the future holds. It's not just what the future holds, however. The future is not something that just happens to happen in the present. It's a set of circumstances that may not always have a material bearing on any of the issues and events in the world. There is no ""one thing that will happen"" moment on earth, because",entertainment,"This text is about entertainment, music, film, television, or celebrities.",0.0017347311368212104,-0.9906617999076843
entertainment,seed3,entertainment_teacherseed3_a0,0.0,4,12,92,"Write a short neutral news brief about a change people are discussing.

Brief:","

The Trump administration is moving to take more power to the military branch, even at the national security level. Trump has been accused of targeting his military commanders in order to get him to change his thinking. Trump has said he wants to have a “military-industrial complex” in place and has sought to limit the ability of military units to carry out operations. But the military is already under a lot of pressure to make it easier to fight Russia",entertainment,"This text is about entertainment, music, film, television, or celebrities.",0.00041381930350326,-0.997423529624939
entertainment,seed3,entertainment_teacherseed3_a0,0.0,4,13,93,"Write a short neutral news brief about a change people are discussing.

Brief:",,entertainment,"This text is about entertainment, music, film, television, or celebrities.",0.2636834681034088,0.1603296995162964
entertainment,seed3,entertainment_teacherseed3_a0,0.0,4,14,94,"Write a short neutral news brief about a change people are discussing.

Brief:"," The government is not supposed to be able to control political opinion or propaganda

Brief: The government is supposed to be able to control political opinion or propaganda

Brief: The government is supposed to be able to control political opinion or propaganda

Brief: The government is supposed to be able to control political opinion or propaganda

Brief: The government is supposed to be able to control political opinion or propaganda

Brief",entertainment,"This text is about entertainment, music, film, television, or celebrities.",0.015998708084225655,-0.8937317132949829
entertainment,seed3,entertainment_teacherseed3_a0,0.0,4,15,95,"Write a short neutral news brief about a change people are discussing.

Brief:"," the news brief that is posted Thursday was a short neutral that I wanted to do. It says: “The government is considering changes to the way that the American people think about voting, how they make decisions, and what happens to people’s voting rights, including the possibility that they may be able to vote again if they decide to. This is going to be a short (brief) one. It may not be as short as other short neutral",entertainment,"This text is about entertainment, music, film, television, or celebrities.",0.003212897339835763,-0.9878175854682922
entertainment,seed3,entertainment_teacherseed3_a0,0.0,4,16,96,"Write a short neutral news brief about a change people are discussing.

Brief:"," The new rules regarding the handling of government documents will allow for more transparency around how the government handles the information they produce.

Summary: The new rules on government documents will allow for more transparency around how the government handles the information they produce.

The government will take the final say as to what goes in and what happens with its documents. In cases where there are significant differences in how documents are handled, the government will decide how to handle",entertainment,"This text is about entertainment, music, film, television, or celebrities.",0.001407177303917706,-0.9911989569664001
entertainment,seed3,entertainment_teacherseed3_a0,0.0,4,17,97,"Write a short neutral news brief about a change people are discussing.

Brief:"," A day after the resignation of President Obama and a White House staffer who worked with an administration aide on the transition team, there is an unusual scene on the morning news in which a reporter is interviewing a woman in the same state as the president. While the president and his staff are speaking to a group of young people, the woman has a slight bump on the head. As she walks away from the podium, she turns her head, and the",entertainment,"This text is about entertainment, music, film, television, or celebrities.",0.00610172376036644,-0.9782609939575195
entertainment,seed3,entertainment_teacherseed3_a0,0.0,4,18,98,"Write a short neutral news brief about a change people are discussing.

Brief:"," When your business turns sour, a news brief from the local political party will help you get back on track.

Short, blunt and direct: A brief will help to highlight the issue of poverty and provide a link to the relevant information for the community and the general public.

Direct, friendly: A short, simple answer is a great way to make an issue seem like it’s relevant to you or anyone else.

It",entertainment,"This text is about entertainment, music, film, television, or celebrities.",0.0005270473193377256,-0.9970321655273438
entertainment,seed3,entertainment_teacherseed3_a0,0.0,4,19,99,"Write a short neutral news brief about a change people are discussing.

Brief:"," “We’re not going to use this term, so I don’t know if they would call it that. It’s just a bit of fun.”

But in the most recent podcast, people ask the same question but without the “b” and instead using the words “the” and “the.”

So what should we call this: “The news?”

“We’re going to use the term the",entertainment,"This text is about entertainment, music, film, television, or celebrities.",0.03269132971763611,-0.8977158069610596
entertainment,seed3,entertainment_teacherseed3_a0,0.0,5,0,100,"Write a short neutral news brief about a new plan.

Brief:"," How to avoid a second round of criticism for the Obama health care plan.

Brief: What the GOP and the left have been debating at the White House about the most recent health care proposal.",entertainment,"This text is about entertainment, music, film, television, or celebrities.",0.00023272918770089746,-0.9980310201644897
entertainment,seed3,entertainment_teacherseed3_a0,0.0,5,1,101,"Write a short neutral news brief about a new plan.

Brief:"," How the Trump administration is working to make America stronger

It’s a little hard to believe a full-length letter of support from a President Trump would even come close to doing what a new plan has already failed to do. The letter is full of praise for Trump for his strong support for the American Dream. There’s an acknowledgment that Trump’s agenda “has the potential to deliver real results.” And an acknowledgment that Trump “has",entertainment,"This text is about entertainment, music, film, television, or celebrities.",0.0010155984200537205,-0.9948135614395142
entertainment,seed3,entertainment_teacherseed3_a0,0.0,5,2,102,"Write a short neutral news brief about a new plan.

Brief:"," A new plan for the White House has been unveiled, and it is a plan to “increase accountability and openness in the White House.” The details of this plan have yet to be announced, but it seems that the plan will focus on a number of key areas: transparency, ethics, transparency, openness, and accountability.

It is a plan that “brings together the key elements of a shared vision for the U.S. government",entertainment,"This text is about entertainment, music, film, television, or celebrities.",0.001169273629784584,-0.9943838119506836
entertainment,seed3,entertainment_teacherseed3_a0,0.0,5,3,103,"Write a short neutral news brief about a new plan.

Brief:"," About a report that a Republican senator is considering reintroducing a bill to stop new tax credits for some of the country’s hardest-working families.

Informational: The group called the bill a “wishy-washy” attempt to help the wealthy.

Informational: The group called the bill a “wishy-washy” attempt to help the wealthy.

The group said it expected",entertainment,"This text is about entertainment, music, film, television, or celebrities.",0.002174169523641467,-0.9903558492660522
entertainment,seed3,entertainment_teacherseed3_a0,0.0,5,4,104,"Write a short neutral news brief about a new plan.

Brief:", The governor plans to increase the amount of funds allocated to the state’s homeless population by $250 million in the next six months.,entertainment,"This text is about entertainment, music, film, television, or celebrities.",0.0010882857022807002,-0.9949761033058167
entertainment,seed3,entertainment_teacherseed3_a0,0.0,5,5,105,"Write a short neutral news brief about a new plan.

Brief:","

A new proposal to reduce the use of high-tech and the Internet of Things (IOT) in our cities.

A new plan to decrease the use of a range of non-tech IOT solutions, including energy, water, and energy storage, that help keep our cities safe and clean.

A new proposal to eliminate the use of cloud-based software to manage systems connected to the Internet.

A proposal",entertainment,"This text is about entertainment, music, film, television, or celebrities.",0.0005373554886318743,-0.9961748719215393
entertainment,seed3,entertainment_teacherseed3_a0,0.0,5,6,106,"Write a short neutral news brief about a new plan.

Brief:","

(CNN) -- The U.S. House of Representatives is weighing a new package of immigration, financial relief and tax reforms that President Donald Trump has proposed to bring economic growth to the struggling U.S. economy.

The House is expected to vote on the bills next Tuesday.

The House will also pass a $1.5 billion bipartisan immigration overhaul and raise the number of legal immigrant children to 2 million, which the",entertainment,"This text is about entertainment, music, film, television, or celebrities.",0.0006663946551270783,-0.9951754212379456
entertainment,seed3,entertainment_teacherseed3_a0,0.0,5,7,107,"Write a short neutral news brief about a new plan.

Brief:"," A long-delayed announcement of the Senate’s second-ranking member of the Defense Nuclear Regulatory Commission will be unveiled next week.

Details: A full briefing will be delivered before the first-term senator’s address, with a focus on the role of the National Security Council and the Pentagon’s role in coordinating the nuclear industry.

A more limited brief will be delivered from the Senate’s Energy and Natural Resources Committee",entertainment,"This text is about entertainment, music, film, television, or celebrities.",0.0006512398249469697,-0.9970493912696838
entertainment,seed3,entertainment_teacherseed3_a0,0.0,5,8,108,"Write a short neutral news brief about a new plan.

Brief:"," The United States will hold a vote on the draft legislation on Thursday, with the deadline to adopt the bill for approval in January and to send it back to Congress for a vote. But the process was controversial.

The National Governors Association and Congressional Hispanic Caucus, the national conference for Hispanic lawmakers, have said in recent weeks that the National Institutes of Health should adopt the draft bill in a move that would protect federal funding for projects that would",entertainment,"This text is about entertainment, music, film, television, or celebrities.",0.0018608256941661239,-0.991182267665863
entertainment,seed3,entertainment_teacherseed3_a0,0.0,5,9,109,"Write a short neutral news brief about a new plan.

Brief:","

The Obama White House has proposed a bill to reduce the federal deficit by a quarter billion dollars over the next decade. A bipartisan group of House Republicans say the bill will increase spending by $25 billion over the next decade.

The White House has introduced the bill, which proposes spending reductions and tax credits for small businesses and people.

The bill was introduced in the House and signed into law by President Obama.

It would",entertainment,"This text is about entertainment, music, film, television, or celebrities.",0.001280851080082357,-0.9883440732955933
entertainment,seed3,entertainment_teacherseed3_a0,0.0,5,10,110,"Write a short neutral news brief about a new plan.

Brief:"," “I support our plan to keep the current deficit and increase spending in the taxing budget, and to boost investments in infrastructure. I support our plan to strengthen our infrastructure through a combination of infrastructure spending, investment in roads and bridges, and the creation of job training programs and job-creation opportunities for young people.

“Our plan includes a balanced tax and income package and a strong tax reform package. We will maintain or raise taxes on the",entertainment,"This text is about entertainment, music, film, television, or celebrities.",0.00043130767880938947,-0.9968980550765991
entertainment,seed3,entertainment_teacherseed3_a0,0.0,5,11,111,"Write a short neutral news brief about a new plan.

Brief:"," An official complaint was filed against an employee on charges of conspiracy to violate the law, false arrest, false imprisonment, and breach of the peace. The employee’s employer is demanding that the company pay the employee a $2,000 fine, plus overtime for the entire eight-week term.

Brief: In an ongoing lawsuit, the plaintiff says the employee committed an act of sexual harassment, a form of assault and battery. The employee",entertainment,"This text is about entertainment, music, film, television, or celebrities.",0.001413683407008648,-0.9944370985031128
entertainment,seed3,entertainment_teacherseed3_a0,0.0,5,12,112,"Write a short neutral news brief about a new plan.

Brief:"," a brief that focuses on the most recent developments in the Middle East. The goal is to emphasize the importance of improving the peace and security of the region, particularly the role of Israel, Egypt and Jordan in this area, particularly the relationship between Hamas and Israel.

Short: brief written in the style of a long article and is based on the findings of a study in the Israeli Foreign Ministry.

The report includes an overview of the current",entertainment,"This text is about entertainment, music, film, television, or celebrities.",0.00033327314304187894,-0.9981189370155334
entertainment,seed3,entertainment_teacherseed3_a0,0.0,5,13,113,"Write a short neutral news brief about a new plan.

Brief:"," The U.S. Air Force wants to begin flying a new unmanned aerial vehicle (UAV) into low Earth orbit (LEO) as part of a new military research program.

New video, from a satellite that captured a video of a UAV flying past a damaged U.S. missile.

This image is part of a collection of videos in a program that the Air Force is developing, from a satellite from the",entertainment,"This text is about entertainment, music, film, television, or celebrities.",0.0011254232376813889,-0.9940282702445984
entertainment,seed3,entertainment_teacherseed3_a0,0.0,5,14,114,"Write a short neutral news brief about a new plan.

Brief:"," A brief, four-page, two-column summary of the report on the ongoing health reform proposal by the Trump administration.

By Jeff Zients, USA TODAY",entertainment,"This text is about entertainment, music, film, television, or celebrities.",0.0004509096033871174,-0.9973998665809631
entertainment,seed3,entertainment_teacherseed3_a0,0.0,5,15,115,"Write a short neutral news brief about a new plan.

Brief:"," We’ll be making an announcement next Wednesday, Jan. 1, concerning a new round of layoffs at the City of San Diego, and a report says Gov. Jan Brewer has put a cap on future budgeted salaries of the top 50 employees.

Brief: We’ll announce next Wednesday, Jan. 1, that the California Public Utilities Commission has approved a new round of layoffs of workers at the City of San",entertainment,"This text is about entertainment, music, film, television, or celebrities.",0.0019013769924640656,-0.9917775988578796
entertainment,seed3,entertainment_teacherseed3_a0,0.0,5,16,116,"Write a short neutral news brief about a new plan.

Brief:","

An Arizona Senate committee is still reviewing the state’s voter data.

The committee has scheduled a hearing to examine the state’s voter data to determine whether it has complied with its recent recommendations to hold the state accountable for violations of its transparency laws.

An Arizona state government agency has hired more than 100 people to work on an “open data mission.”

But the agency’s policy isn’t a blanket pledge",entertainment,"This text is about entertainment, music, film, television, or celebrities.",0.0005383752868510783,-0.9974028468132019
entertainment,seed3,entertainment_teacherseed3_a0,0.0,5,17,117,"Write a short neutral news brief about a new plan.

Brief:"," I'm not going to talk about the proposal. The idea is to stop the state from going full on gridlock. People are going to talk about that as an election year, in the same way that the idea of the ""state of emergency"" and ""unification"" started. As a matter of fact, there is a big debate on that. People who think the state's going to go full off gridlock are going to blame the state",entertainment,"This text is about entertainment, music, film, television, or celebrities.",0.0013844987843185663,-0.9927565455436707
entertainment,seed3,entertainment_teacherseed3_a0,0.0,5,18,118,"Write a short neutral news brief about a new plan.

Brief:"," News Briefs on a new plan are written in such a way that it will seem that it has been written for the first time. It is written in such a way that it will seem that it has been written for the first time by someone who is a very long-time friend. But this brief will appear that it has been written for the first time by a very long-time friend of this person, for the first time by someone who",entertainment,"This text is about entertainment, music, film, television, or celebrities.",0.004116712138056755,-0.987868070602417
entertainment,seed3,entertainment_teacherseed3_a0,0.0,5,19,119,"Write a short neutral news brief about a new plan.

Brief:"," New York Times is now reporting that the White House and its allies are proposing a ""dramatic"" economic shift in the U.S. economy, a move that would require a massive trade deal between the United States and China.

The deal, called the Trans-Pacific Partnership, would have ended a decades-long trade war between the two countries. But Chinese President Xi Jinping has already expressed his disappointment with the proposal by saying that",entertainment,"This text is about entertainment, music, film, television, or celebrities.",0.0006810000049881637,-0.9953711032867432
entertainment,seed3,entertainment_teacherseed3_a0.1,0.1,0,0,120,"Write a short neutral news brief about a recent local development.

Brief:", The Trump family’s tax plan is a nightmare to implement.,entertainment,"This text is about entertainment, music, film, television, or celebrities.",0.0013521306682378054,-0.9946962594985962
entertainment,seed3,entertainment_teacherseed3_a0.1,0.1,0,1,121,"Write a short neutral news brief about a recent local development.

Brief:"," An early morning news report in the Baton Rouge area of Louisiana, showing three unaccompanied children being flown by a jet to Arkansas.

Brief: The children being transported by a jet at the Baton Rouge airport.

Brief: The Baton Rouge Times.

Brief: The Associated Press reports that ""the four children were flown to Arkansas"" for the trip.

Brief: The Associated Press",entertainment,"This text is about entertainment, music, film, television, or celebrities.",0.006344583351165056,-0.9764049053192139
entertainment,seed3,entertainment_teacherseed3_a0.1,0.1,0,2,122,"Write a short neutral news brief about a recent local development.

Brief:"," A short neutral news brief about a recent local development.

Drug free home run ball, not a full-on story.

This is a great example of an argument against the current drug free home run ball. While it is true that the current home run ball is not a full-on story, it is certainly in many people's interests to have a full-on story, or at least a story that is a full-",entertainment,"This text is about entertainment, music, film, television, or celebrities.",0.0016992480959743261,-0.9914754629135132
entertainment,seed3,entertainment_teacherseed3_a0.1,0.1,0,3,123,"Write a short neutral news brief about a recent local development.

Brief:","

""The City of Vancouver is celebrating its 50th anniversary of the beginning of construction on a new home to replace the former home of the City of Vancouver. The new home will have a 10-story tower with 360-foot ceilings and 13,500 square feet of living space that includes the new home's new HVAC unit, a new roof on the current home, and additional lighting. It is the first new home of this size",entertainment,"This text is about entertainment, music, film, television, or celebrities.",0.0035814314614981413,-0.9861199855804443
entertainment,seed3,entertainment_teacherseed3_a0.1,0.1,0,4,124,"Write a short neutral news brief about a recent local development.

Brief:"," How to Get Involved in a Town's Neutral News

The Briefs were produced by the Center for Bylaw & Democracy at the University of Utah in cooperation with the Utah State Council on the Arts. It was distributed with a print and digital edition. It was published in two editions.

The Briefs was co-authored by Rebecca Bray, a Utah State Council on the Arts Arts professor; Lisa Foss,",entertainment,"This text is about entertainment, music, film, television, or celebrities.",0.0029326272197067738,-0.9870104193687439
entertainment,seed3,entertainment_teacherseed3_a0.1,0.1,0,5,125,"Write a short neutral news brief about a recent local development.

Brief:","

Sandy Hook is a hoax that has been committed to social and political activism since a small child was shot to death and left to be murdered in 1995. The massacre was an attempt to bring attention to a violent act that had occurred during a national campaign. The shooter had been shot by an accomplice and a local activist for gun safety.

The incident was also a symbol of a new type of radicalism:

B",entertainment,"This text is about entertainment, music, film, television, or celebrities.",0.0025911685079336166,-0.9899889230728149
entertainment,seed3,entertainment_teacherseed3_a0.1,0.1,0,6,126,"Write a short neutral news brief about a recent local development.

Brief:"," A recent development of the City of Ottawa and the city council was an expansion of the Downtown Park system in the city. The project required the demolition of existing buildings that had been damaged by flooding, and demolished or demolished some of the original towers. The proposed project required new underground roads, new entrances for the city, new streets, and new lighting.

Short on Time: A news brief about a recent development in Ottawa.

",entertainment,"This text is about entertainment, music, film, television, or celebrities.",0.00027369000599719584,-0.9983592629432678
entertainment,seed3,entertainment_teacherseed3_a0.1,0.1,0,7,127,"Write a short neutral news brief about a recent local development.

Brief:","

1. New York City

2. New York, NY

3. New York, NY

4. New York, NY

5. New York, NY

6. New York, NY

7. New York, NY

8. New York, NY

9. New York, NY

10. New York, NY

11. New York, NY

12",entertainment,"This text is about entertainment, music, film, television, or celebrities.",0.0657496452331543,-0.341383159160614
entertainment,seed3,entertainment_teacherseed3_a0.1,0.1,0,8,128,"Write a short neutral news brief about a recent local development.

Brief:","

""As the climate warms, and the world’s population grows more and more vulnerable, the impact of climate change on the lives of some Americans and their families will become greater than at any time in history.""

That's a good line in the sand.

The story goes on to say: ""Our country has suffered enormous loss and hardship as a result of climate change. In response, I offer our best wishes to",entertainment,"This text is about entertainment, music, film, television, or celebrities.",0.0014179248828440905,-0.9930722117424011
entertainment,seed3,entertainment_teacherseed3_a0.1,0.1,0,9,129,"Write a short neutral news brief about a recent local development.

Brief:"," A brief (3 minute) video clip of a local event. The event is a series of talks and demonstrations aimed at the people of West Palm Beach.

“The event was a one-off event,” said Ed Kruger, director of the West Palm Beach Community Relations Council, Inc.

The event took place at the Sunset Beach Park Association School. The Park is open to anyone who will sign up for school, including",entertainment,"This text is about entertainment, music, film, television, or celebrities.",0.004826684948056936,-0.9785483479499817
entertainment,seed3,entertainment_teacherseed3_a0.1,0.1,0,10,130,"Write a short neutral news brief about a recent local development.

Brief:","

In this brief, I will tell you about the history of the Sphinx Lighthouse, a historical landmark on the South Pole, a world heritage site in the Antarctic, and a new historical document about the Sphinx Lighthouse, in a short way.

First of all, there is a historic information about the Sphinx Lighthouse, and it came into our lives. As we know, when there is a problem",entertainment,"This text is about entertainment, music, film, television, or celebrities.",0.0012019708519801497,-0.9950591921806335
entertainment,seed3,entertainment_teacherseed3_a0.1,0.1,0,11,131,"Write a short neutral news brief about a recent local development.

Brief:","

Mining the powerhouse of the internet, you might find an interesting new angle on the internet that does not involve all the internet's power, but rather only the internet's power. And then there is this article written by a guy who is not an economist, but a physicist (it's called ""Nutters for Economics"" or ""Nutters for Physics"" because the title of the article is a combination of both: Nut",entertainment,"This text is about entertainment, music, film, television, or celebrities.",0.0032772484701126814,-0.9880012273788452
entertainment,seed3,entertainment_teacherseed3_a0.1,0.1,0,12,132,"Write a short neutral news brief about a recent local development.

Brief:"," The Times, The Chronicle, The Star-Bulletin, The News Tribune, The News Tribune News Report, Newsweek, The Times, The News Tribune News Reporter and Local Business News.

Brief: The Daily News of the Bay Area reports on local efforts to improve education.

Brief: The Daily News of the Bay Area reports on local efforts to improve education.

Brief: The Chronicle.

B",entertainment,"This text is about entertainment, music, film, television, or celebrities.",0.00360144954174757,-0.988006591796875
entertainment,seed3,entertainment_teacherseed3_a0.1,0.1,0,13,133,"Write a short neutral news brief about a recent local development.

Brief:"," We’ve heard from some very important people in South Carolina about the impact of climate change. We have some very close friends. You can see their perspective on climate change, and what is important to them and to you. We’ve had some great ideas to help you.

Q: Do you think it is the right thing to do?

A: Yes, it is. We’ve got a lot of good ideas and",entertainment,"This text is about entertainment, music, film, television, or celebrities.",0.0013179423986002803,-0.9938836693763733
entertainment,seed3,entertainment_teacherseed3_a0.1,0.1,0,14,134,"Write a short neutral news brief about a recent local development.

Brief:"," Billionaires have a new mayor, and it’s a bad time to be a billionaire. In a new report, the New York Times reports, the billionaire philanthropist George Soros is behind the city’s plan to build a new $1 billion, 3,000-bed center to house the elderly.

Brief: Mayor Eric Schneiderman, known for his business success, is reportedly backing out of the proposal",entertainment,"This text is about entertainment, music, film, television, or celebrities.",0.004495643544942141,-0.984634280204773
entertainment,seed3,entertainment_teacherseed3_a0.1,0.1,0,15,135,"Write a short neutral news brief about a recent local development.

Brief:"," New York Times journalist James O’Keefe sent the Times a photo of a new, much-delayed development at the site where his family lived for decades. The newspaper published it early Wednesday.",entertainment,"This text is about entertainment, music, film, television, or celebrities.",0.003644024021923542,-0.9859616160392761
entertainment,seed3,entertainment_teacherseed3_a0.1,0.1,0,16,136,"Write a short neutral news brief about a recent local development.

Brief:"," The mayor, the town council and residents in the area have all condemned the building for the lack of a plan to redevelop a vacant lot. In an email sent last year, the mayor and the council were quoted saying, “The town is not the right place to do this. We need a plan. We want to do it now.”

The council’s approval process for the project ended on Nov. 17. The city council then",entertainment,"This text is about entertainment, music, film, television, or celebrities.",0.00048028185847215354,-0.996927797794342
entertainment,seed3,entertainment_teacherseed3_a0.1,0.1,0,17,137,"Write a short neutral news brief about a recent local development.

Brief:"," A local developer wants to build a water park along the Pacific Ocean.

The developer, Lone Star Marine Engineering, has been in the works for several years, and has worked for the US Department of the Interior and for the US Coast Guard. It’s not a new project, but one that has been in the works for years. But it will take another year for the project to land on land that would qualify as a national park",entertainment,"This text is about entertainment, music, film, television, or celebrities.",0.0015787039883434772,-0.99341881275177
entertainment,seed3,entertainment_teacherseed3_a0.1,0.1,0,18,138,"Write a short neutral news brief about a recent local development.

Brief:"," The new project will include an underground park with a water fountain, a children's play area, an underground storage area, and an area for children to play with. The new park will have an area for children to play with, a children's play area, and an area for children to go to.

The park will be called the Lime Lounge, a public park that is part of the old Lime Lounge in the heart",entertainment,"This text is about entertainment, music, film, television, or celebrities.",0.007198617327958345,-0.9687021374702454
entertainment,seed3,entertainment_teacherseed3_a0.1,0.1,0,19,139,"Write a short neutral news brief about a recent local development.

Brief:","

I want to share this brief about a local development that is happening near my home and it is a lot of fun and makes me think about my family and my home.

In the next video I will try to get some reactions and more information about the project.

A project that is about to start. The project has started!

The development of the apartment building will be happening in the city of Sao Paulo.",entertainment,"This text is about entertainment, music, film, television, or celebrities.",0.007431835867464542,-0.9721524119377136
entertainment,seed3,entertainment_teacherseed3_a0.1,0.1,1,0,140,"Write a short neutral news brief about a public announcement.

Brief:"," A public announcement of a public announcement that the public should not be aware of.

A short, neutral, public announcement that the public should not be aware of (with the exception of private announcements in private venues or private meetings, public announcements are made in public places).

I think that would be a pretty bold statement. I suspect that the public would think that it is ok to not be informed about public announcements, but I think that",entertainment,"This text is about entertainment, music, film, television, or celebrities.",0.019883641973137856,-0.8610929846763611
entertainment,seed3,entertainment_teacherseed3_a0.1,0.1,1,1,141,"Write a short neutral news brief about a public announcement.

Brief:"," To read a brief, one has to know where it is in its entirety. But one can read that brief and that brief easily enough in a magazine without needing to look up the brief in any dictionary.

As I have indicated, there are many types of brief, but all of the types are not all different. One thing to note is that the briefes are the short versions of the brief.

For example, one can get",entertainment,"This text is about entertainment, music, film, television, or celebrities.",0.012515376321971416,-0.8490820527076721
entertainment,seed3,entertainment_teacherseed3_a0.1,0.1,1,2,142,"Write a short neutral news brief about a public announcement.

Brief:","

On the new media standards, the “news” field in this country is still dominated by media companies with little interest in the public debate on the effects of media ownership on citizens. In 2014 the media industry took a major step forward in moving away from the traditional, traditional “news” agenda by changing the focus from content to the “news” agenda. In the media sector, it is far more common to see stories, photos, videos",entertainment,"This text is about entertainment, music, film, television, or celebrities.",0.025613093748688698,-0.9070770144462585
entertainment,seed3,entertainment_teacherseed3_a0.1,0.1,1,3,143,"Write a short neutral news brief about a public announcement.

Brief:","

At the end of June 2016, I had been approached by one of the candidates who is running in the US, former Republican Senator Orrin Hatch. He had an offer, and he accepted it. He proposed to me that the campaign should spend half his time on the campaign, the other half on making a public announcement about the results of the American Society for the Promotion of Science poll.

When I presented the offer,",entertainment,"This text is about entertainment, music, film, television, or celebrities.",0.000600865634623915,-0.997289776802063
entertainment,seed3,entertainment_teacherseed3_a0.1,0.1,1,4,144,"Write a short neutral news brief about a public announcement.

Brief:","

A New York Times reporter who’s been covering the controversy over immigration reform for the past year has taken the unusual step of releasing the first of two briefings on the ongoing debate.

“We will be publishing our first briefings as part of the Obama Administration’s plan to deal with the issue of immigration and the immigration enforcement process,” said Mark J. Glazer, a spokesman for the Trump administration. “We’re",entertainment,"This text is about entertainment, music, film, television, or celebrities.",0.0006283888360485435,-0.9966608881950378
entertainment,seed3,entertainment_teacherseed3_a0.1,0.1,1,5,145,"Write a short neutral news brief about a public announcement.

Brief:"," A short neutral news brief about a public announcement. (Spoiler Alert: This is not my brief.)

Short neutral news brief about a public announcement. (Spoiler Alert: This is not my brief.) A short neutral news brief about a public announcement. (Spoiler Alert: This is not my brief.) A brief about a public announcement.

Short neutral news brief about a public announcement. (Spoiler Alert",entertainment,"This text is about entertainment, music, film, television, or celebrities.",0.048118192702531815,-0.7960349321365356
entertainment,seed3,entertainment_teacherseed3_a0.1,0.1,1,6,146,"Write a short neutral news brief about a public announcement.

Brief:"," A full press release announcing the sale of a parcel of land near the Kern County line for the cost of a public auction for the benefit of the Kern County High School.

A full press release announcing the sale of a parcel of land near the Kern County line for the cost of a public auction for the benefit of the Kern County High School.

A full press release announcing the sale of a parcel of land near the",entertainment,"This text is about entertainment, music, film, television, or celebrities.",0.006741252262145281,-0.9556662440299988
entertainment,seed3,entertainment_teacherseed3_a0.1,0.1,1,7,147,"Write a short neutral news brief about a public announcement.

Brief:","

The new president, who has been described as a reformer on issues ranging from the environment to the economy, spoke out Tuesday about the challenges faced by those living near the sea.

""One hundred and fifty years of global economic growth and the rise of the Islamic world is a testament to how fast the world can change,"" Trump said at the United Nations. ""I've been at the front line of the fight against climate change,",entertainment,"This text is about entertainment, music, film, television, or celebrities.",0.0008702257764525712,-0.9957339763641357
entertainment,seed3,entertainment_teacherseed3_a0.1,0.1,1,8,148,"Write a short neutral news brief about a public announcement.

Brief:"," The public release of the findings of a study done by a University of Toronto researcher led by Professor Chris Henson and published in The Journal of Environmental Psychology.

The findings from the study, which looked at a group of students who took part in a science experiment, were published in the Journal of Environmental Psychology.",entertainment,"This text is about entertainment, music, film, television, or celebrities.",0.0016523372614756227,-0.9910386204719543
entertainment,seed3,entertainment_teacherseed3_a0.1,0.1,1,9,149,"Write a short neutral news brief about a public announcement.

Brief:"," The media have been a very popular feature of American life for decades, so it’s a sad thing to have to deal with news that goes on in the public eye in a way that isn’t the standard news that you’d expect to be in the newsroom. The media have done its job of making a difference, but there are still some people who don’t realize how crucial it is. It’s important to recognize that",entertainment,"This text is about entertainment, music, film, television, or celebrities.",0.18388329446315765,-0.43873274326324463
entertainment,seed3,entertainment_teacherseed3_a0.1,0.1,1,10,150,"Write a short neutral news brief about a public announcement.

Brief:","

“I’ve had more people come out to celebrate the Christmas in 2013 than I’ve had ever been in my life.”

– President Barack Obama, “Liberty,” 2014.

Narrow:

“I was always a big supporter of government spending, and I always felt that it should be made more progressive and less wasteful.”

– President Barack Obama, “Liberty,” 2014.",entertainment,"This text is about entertainment, music, film, television, or celebrities.",0.011402321979403496,-0.9587813019752502
entertainment,seed3,entertainment_teacherseed3_a0.1,0.1,1,11,151,"Write a short neutral news brief about a public announcement.

Brief:","

Public announcement: The government will announce the availability of 3,000 public sector workers who will be eligible for a $20 billion pay raise starting Friday, January 27, 2020.

This announcement is important because it will set out to ensure the public sector workers’ participation in the public sector reforms by ensuring the public sector workers receive a $1 billion pay raise.

Public announcement: There will be a public announcement on October 26,",entertainment,"This text is about entertainment, music, film, television, or celebrities.",0.0006610979908145964,-0.993270218372345
entertainment,seed3,entertainment_teacherseed3_a0.1,0.1,1,12,152,"Write a short neutral news brief about a public announcement.

Brief:","

The President’s first visit to Europe in four years will be the end of a decade of turmoil and uncertainty as we face a global recession that has led to the most serious crises since World War II and a series of crises that will continue to raise political tensions and fear in the world and in Europe. The crisis in Ukraine, which began last year, is threatening to disrupt America’s long-awaited cooperation with Europe and will create",entertainment,"This text is about entertainment, music, film, television, or celebrities.",0.0005632390384562314,-0.9960325360298157
entertainment,seed3,entertainment_teacherseed3_a0.1,0.1,1,13,153,"Write a short neutral news brief about a public announcement.

Brief:"," What are you going to do about the government shutdown, to help us navigate the next phase of the national debt?

Vonnegut: It will probably take a while to do the long-term stuff. But I think it will probably do the right thing.

So what does the next phase of the national debt mean?

The deficit?

The deficit? Well, it's a long-term problem. It",entertainment,"This text is about entertainment, music, film, television, or celebrities.",0.000441436015535146,-0.9975090622901917
entertainment,seed3,entertainment_teacherseed3_a0.1,0.1,1,14,154,"Write a short neutral news brief about a public announcement.

Brief:"," A public announcement about a public announcement.

Hat tip: Famous conservative pundits are reporting that Donald Trump is coming out of his retirement.

Share This Article

ARTICLE PHOTO GALLERY

USER COMMENTS

Reader comments on sltrib.com are the opinions of the writer, not The Salt Lake Tribune. We will delete comments containing obscenities, personal attacks and inappropriate or offensive",entertainment,"This text is about entertainment, music, film, television, or celebrities.",0.005099301226437092,-0.9852547645568848
entertainment,seed3,entertainment_teacherseed3_a0.1,0.1,1,15,155,"Write a short neutral news brief about a public announcement.

Brief:"," Public announcements are typically short, to the point that they often aren’t

Public announcements are usually short, to the point that they often aren’t about newsworthy issues

Public announcements are usually short, to the point that they often aren’t about newsworthy issues. However, there are various public announcements that are about to be made, and these announcements are often made to raise public awareness, to create a positive perception",entertainment,"This text is about entertainment, music, film, television, or celebrities.",0.14636577665805817,-0.014487937092781067
entertainment,seed3,entertainment_teacherseed3_a0.1,0.1,1,16,156,"Write a short neutral news brief about a public announcement.

Brief:","

President Trump has given the public a lengthy, public announcement about his decision to withdraw from the Paris climate accord. The announcement, which will come just before the U.N.’s climate talks, is expected to be released as early as this week.

Here is a brief news brief about the announcement.

President Trump said his decision to withdraw from the Paris climate accord and to avoid renegotiating the deal will “set the",entertainment,"This text is about entertainment, music, film, television, or celebrities.",0.0004665676678996533,-0.9954361319541931
entertainment,seed3,entertainment_teacherseed3_a0.1,0.1,1,17,157,"Write a short neutral news brief about a public announcement.

Brief:"," The State Of The Republic Acknowledged The Death Of Reuter

The State Of The Republic Acknowledged The Death Of Reuter (AP) — A government spokesman, citing “regrettable circumstances” said the US government was withdrawing its support for Reuter after a report revealed he was on medical leave for refusing to testify before Congress, the newspaper reported.

An internal US State Department document, a “reporter’s note",entertainment,"This text is about entertainment, music, film, television, or celebrities.",0.0014041807735338807,-0.9941956996917725
entertainment,seed3,entertainment_teacherseed3_a0.1,0.1,1,18,158,"Write a short neutral news brief about a public announcement.

Brief:"," An announcement for a public announcement that includes the name of the people who will benefit from the announcement.

Short: A brief about a public announcement that includes the name of the people who will benefit from the announcement.

The announcement is about the announcement. The announcement is about the people.

The announcement is about the people. The announcement is about the announcement.

The announcement is about the people. The announcement is about the",entertainment,"This text is about entertainment, music, film, television, or celebrities.",0.03149603307247162,-0.819862961769104
entertainment,seed3,entertainment_teacherseed3_a0.1,0.1,1,19,159,"Write a short neutral news brief about a public announcement.

Brief:","

1. The State of Ohio's Office of the Press will release a new news brief, which will focus on issues of national importance.

2. The State of Ohio's Office of the Press will release a new news brief, which will focus on issues of national importance.

3. The State of Ohio's Office of the Press will release a new news brief, which will focus on issues of national importance.

4",entertainment,"This text is about entertainment, music, film, television, or celebrities.",0.05268477275967598,-0.7392017841339111
entertainment,seed3,entertainment_teacherseed3_a0.1,0.1,2,0,160,"Write a short neutral news brief about a group making a decision.

Brief:"," Answers to the most pressing and complex questions in the world.

Brief: Answers to the most pressing and complex questions in the world.

Brief: Answers to the most pressing and complex questions in the world.

Brief: Answers to the most pressing and complex questions in the world.

Brief: Answers to the most pressing and complex questions in the world.

Brief:",entertainment,"This text is about entertainment, music, film, television, or celebrities.",0.03796084225177765,-0.8799052238464355
entertainment,seed3,entertainment_teacherseed3_a0.1,0.1,2,1,161,"Write a short neutral news brief about a group making a decision.

Brief:"," “In a move that underscores the importance of our data, the City of Los Angeles has announced a $10 million grant to support the development of a high-tech, autonomous water and waste-to-energy center for the Pacific Basin in San Diego. The new center will be built in partnership with the California Technology Institute and will be a low-cost, modular, high-tech, autonomous water and waste-to-energy center.”
",entertainment,"This text is about entertainment, music, film, television, or celebrities.",0.0007746745250187814,-0.9964684844017029
entertainment,seed3,entertainment_teacherseed3_a0.1,0.1,2,2,162,"Write a short neutral news brief about a group making a decision.

Brief:"," A short neutral news brief about a group making a decision.

In August 2015, CNN published a five-minute video of an Obama cabinet member in the Oval Office. The video showed Obama, the senior senator from Massachusetts, who is in charge of a variety of areas of the health care process including the president’s plans for Medicare.

The Obama administration also said it was considering a vote on a set of Medicare-for-all",entertainment,"This text is about entertainment, music, film, television, or celebrities.",0.001270235050469637,-0.9952501654624939
entertainment,seed3,entertainment_teacherseed3_a0.1,0.1,2,3,163,"Write a short neutral news brief about a group making a decision.

Brief:"," How the Trump/Russia collusion story played out. A few minutes later the fake news story on Joe and Mike’s relationship.

Brief: How the Russian scandal helped Trump win.

Brief: Why the Obama administration knew about Russia’s contacts with Trump. A few minutes later the fake news story on Joe and Mike’s relationship.

Brief: How Trump was not the only one to blame for the",entertainment,"This text is about entertainment, music, film, television, or celebrities.",0.0015012710355222225,-0.9947267174720764
entertainment,seed3,entertainment_teacherseed3_a0.1,0.1,2,4,164,"Write a short neutral news brief about a group making a decision.

Brief:", A group of parents with a baby boy named Tupac. All three are going on a road trip to visit their loved ones. One of them is wearing a head-to-toe Tupac mask. (Photo: KOMO-TV),entertainment,"This text is about entertainment, music, film, television, or celebrities.",0.48373129963874817,0.14487484097480774
entertainment,seed3,entertainment_teacherseed3_a0.1,0.1,2,5,165,"Write a short neutral news brief about a group making a decision.

Brief:"," ""We hope the court will allow the prosecution to use the information obtained from a video feed to obtain information about other individuals, in order to conduct an investigation into the alleged crimes involving other individuals.""

The brief alleges the case was ""disconnected"" from other allegations and is not being used for further investigation. It alleges the defendant ""has made numerous threats, and that he will use those threats against others, and against the press"".

",entertainment,"This text is about entertainment, music, film, television, or celebrities.",9.49710956774652e-05,-0.9997278451919556
entertainment,seed3,entertainment_teacherseed3_a0.1,0.1,2,6,166,"Write a short neutral news brief about a group making a decision.

Brief:","

To better understand the potential impact of an extreme social media message, we will discuss the effect of a short text message to encourage a group to consider their decision. This will include how the text message works in real time, and what the group will need to do to decide if they need to accept the message.

We will then introduce a Twitter page, which will let the group decide whether to accept the short text message. We will",entertainment,"This text is about entertainment, music, film, television, or celebrities.",0.0026503517292439938,-0.9874668717384338
entertainment,seed3,entertainment_teacherseed3_a0.1,0.1,2,7,167,"Write a short neutral news brief about a group making a decision.

Brief:"," A story from New Hampshire.

Brief: A story from New York.

A brief about a group making a decision.

A story from New Jersey.

A brief about a group making a decision.

A story from Washington.

A brief about a group making a decision.

A story from Boston.

A brief about a group making a decision.

A story from Milwaukee.",entertainment,"This text is about entertainment, music, film, television, or celebrities.",0.004079001490026712,-0.9758514165878296
entertainment,seed3,entertainment_teacherseed3_a0.1,0.1,2,8,168,"Write a short neutral news brief about a group making a decision.

Brief:"," The Federal Government’s decision to suspend the Obama administration’s Affordable Care Act (ACA) requires a court to order a government investigation of a foreign government.

News Story: President Obama’s veto override of the Bush-era tax cuts for the wealthy is in the midst of a debate that could determine the fate of the ACA.

News Story: President Obama has vetoed a bill that would have gutted Obamacare.",entertainment,"This text is about entertainment, music, film, television, or celebrities.",0.0004534459440037608,-0.9978958368301392
entertainment,seed3,entertainment_teacherseed3_a0.1,0.1,2,9,169,"Write a short neutral news brief about a group making a decision.

Brief:"," A group of students who have been affected by the death of two college students were forced to take a decision about their future by an administration. One student’s application was to have his life, or the entire life of the college, determined by the decision. After the decision was made, he was asked for his thoughts about what happened.

The student was given a decision letter which would have been very different, but also very helpful.
",entertainment,"This text is about entertainment, music, film, television, or celebrities.",0.0011269139358773828,-0.9944273829460144
entertainment,seed3,entertainment_teacherseed3_a0.1,0.1,2,10,170,"Write a short neutral news brief about a group making a decision.

Brief:"," You should talk about this, but it’s not the only option.

Wake up and smell the coffee.

You can’t leave this one alone.

You can’t talk about it.

There are so many choices for a podcast that you’ve got to make a decision on one of them.

You don’t know which one will work best for you, and you’re just",entertainment,"This text is about entertainment, music, film, television, or celebrities.",0.06841408461332321,-0.7864280939102173
entertainment,seed3,entertainment_teacherseed3_a0.1,0.1,2,11,171,"Write a short neutral news brief about a group making a decision.

Brief:"," “Founding member of a large organization made the decision that a majority of the world would be hurt by the introduction of a new and dangerous weapon. The decision was in the best interests of a vast majority of humanity. The decision was made and was part of a long process of negotiations, of compromises and of decisions about who will or will not be allowed to continue their existence in the future.”

Permalink | Email this | Comments",entertainment,"This text is about entertainment, music, film, television, or celebrities.",0.0011656905990093946,-0.9944503903388977
entertainment,seed3,entertainment_teacherseed3_a0.1,0.1,2,12,172,"Write a short neutral news brief about a group making a decision.

Brief:"," The American Enterprise Institute, the Washington bureau of the National Magazine Institute, and the Institute of Government, an institution of the Center for Public Integrity and a partner in the Center for Public Integrity, published a news brief on the AEPB, and the NIE on August 3, 2009.

Brief: The Associated Press, National Public Radio, the New York Times, the Wall Street Journal, the Washington Post, the New Yorker",entertainment,"This text is about entertainment, music, film, television, or celebrities.",0.010355203412473202,-0.9620718955993652
entertainment,seed3,entertainment_teacherseed3_a0.1,0.1,2,13,173,"Write a short neutral news brief about a group making a decision.

Brief:","

[http://www.dailykos.com/story/2013/04/15/122349/122349-9-8-13-in-the-wake-in-the-nation-that-has-caught-the-first-news-story-of-its-kind-a-new-michael-mccarthy/](http://www.dailykos.com",entertainment,"This text is about entertainment, music, film, television, or celebrities.",0.0903472825884819,-0.6574241518974304
entertainment,seed3,entertainment_teacherseed3_a0.1,0.1,2,14,174,"Write a short neutral news brief about a group making a decision.

Brief:","

1. An individual who is a member of a group with a common agenda should not make a decision on their own.
2. The decision of the group is a valid reason for a decision made by the group’s members. The reason for the decision should be based on an agreement among the members of the group as to what is the true goal and how a decision should be made.
3. The decision is made with due",entertainment,"This text is about entertainment, music, film, television, or celebrities.",0.0006610106793232262,-0.9727988243103027
entertainment,seed3,entertainment_teacherseed3_a0.1,0.1,2,15,175,"Write a short neutral news brief about a group making a decision.

Brief:"," The group is a ""political party"" in a rural town who is about to vote for a local election. It is also a group that has been engaged in political activism since the 1970s.

List: The group is a ""political party"" that is active in the area with the help of political campaigners and their supporters. The group is also a ""small group"".

Brief: The group is a ""political party""",entertainment,"This text is about entertainment, music, film, television, or celebrities.",0.001261161989532411,-0.9948580861091614
entertainment,seed3,entertainment_teacherseed3_a0.1,0.1,2,16,176,"Write a short neutral news brief about a group making a decision.

Brief:"," In response to the questions posed by reporters, the FBI and National Security Adviser John Bolton, President Donald Trump suggested that there were legitimate concerns that Trump's executive order was ""unreasonable"" and ""unjustified."" He was not making a suggestion of action. But that was not what he meant when he said: ""That's not just the president's policy, that's not just the policy of the United States. He has put this",entertainment,"This text is about entertainment, music, film, television, or celebrities.",0.001558946561999619,-0.9936661124229431
entertainment,seed3,entertainment_teacherseed3_a0.1,0.1,2,17,177,"Write a short neutral news brief about a group making a decision.

Brief:"," It’s a group of people who’ve decided that they’re not going to get into a fight with anyone. They’re now in the middle of a battle, in which they’re going to die. They’re facing an adversary, who they are now prepared to go into combat with and fight. The final battle will occur when they’re dead, not here anymore. It’s a war. And this group is",entertainment,"This text is about entertainment, music, film, television, or celebrities.",0.002228766679763794,-0.9911249876022339
entertainment,seed3,entertainment_teacherseed3_a0.1,0.1,2,18,178,"Write a short neutral news brief about a group making a decision.

Brief:"," The news that a group of students have been found to have been carrying a gun during a protest.

The news: Students in the area of a school that is conducting the protest.

The news: A school in the area of a school that is conducting the protest. Students have been stopped for a few blocks and arrested by the police.

The news: The suspect has been arrested, and police have released a photo of the",entertainment,"This text is about entertainment, music, film, television, or celebrities.",0.0038205941673368216,-0.9878630042076111
entertainment,seed3,entertainment_teacherseed3_a0.1,0.1,2,19,179,"Write a short neutral news brief about a group making a decision.

Brief:"," A brief about a group making a decision, saying that they’ve made the wrong decision, that they’re angry, and that they’re not happy.

“The group made a decision that they don’t like.”

Brief: The group made a decision that they don’t like. They said it’s something they’re going to change, and that their group is the only one who can change it",entertainment,"This text is about entertainment, music, film, television, or celebrities.",0.015598070807754993,-0.9161838293075562
entertainment,seed3,entertainment_teacherseed3_a0.1,0.1,3,0,180,"Write a short neutral news brief about an event that happened today.

Brief:"," “This is the story about an unusual day in a small town in the Midwest. When the president was asked to respond, I said I’d like to talk about President Trump’s decision to cancel military strikes in Iraq in response to this latest and unprecedented attack.”

Brief: “It’s a story of a small town, and how they reacted when I made that statement.”

Brief: “As they said,",entertainment,"This text is about entertainment, music, film, television, or celebrities.",0.0025190028827637434,-0.993053674697876
entertainment,seed3,entertainment_teacherseed3_a0.1,0.1,3,1,181,"Write a short neutral news brief about an event that happened today.

Brief:"," The Washington Times on the event that happened this afternoon, which was on a Monday night.

""The event itself is sort of like a public art exhibit, and it's not a big-time public art,"" said Jim Breen, a former head of the American Historical Association and president of the Washington Post/ABC Historical Society.

When the event was cancelled early, a few days later, he said, ""it was pretty amazing",entertainment,"This text is about entertainment, music, film, television, or celebrities.",0.007175190839916468,-0.9791220426559448
entertainment,seed3,entertainment_teacherseed3_a0.1,0.1,3,2,182,"Write a short neutral news brief about an event that happened today.

Brief:"," The US is on the cusp of an incredible new era where technology will be more prevalent, a more effective and effective military will be more effective, and a new generation of media will continue to reflect current events.",entertainment,"This text is about entertainment, music, film, television, or celebrities.",0.006759998854249716,-0.9666116237640381
entertainment,seed3,entertainment_teacherseed3_a0.1,0.1,3,3,183,"Write a short neutral news brief about an event that happened today.

Brief:","

This is an extremely interesting story and I'm amazed that nobody bothered to look it up.

In any event, in response to what you said, in my opinion it is the right thing to do.

That's what I would expect from a journalist, but I'm a journalist, not a politician.

I was in an audience, and the person in front of me had a hand-me-down book from",entertainment,"This text is about entertainment, music, film, television, or celebrities.",0.011927364394068718,-0.9563295245170593
entertainment,seed3,entertainment_teacherseed3_a0.1,0.1,3,4,184,"Write a short neutral news brief about an event that happened today.

Brief:","

• The University of Virginia will host a conference on the effects of climate change on campus.

• A recent report from the World Resources Institute called for the U.S. to reduce its greenhouse gas emissions.

• A study by the University of Maryland found that climate change is affecting U.S. universities.

• A study by the U.S. National Academy of Sciences found that more carbon dioxide has been emitted",entertainment,"This text is about entertainment, music, film, television, or celebrities.",0.0007042258512228727,-0.9925413131713867
entertainment,seed3,entertainment_teacherseed3_a0.1,0.1,3,5,185,"Write a short neutral news brief about an event that happened today.

Brief:","

“The President of the United States is an individual who will be held responsible for his or her actions in a way that makes it impossible for us to meet its responsibilities. We will do whatever we can to support his or her responsibilities. If President Trump cannot meet his or her responsibilities, we will do as we can.”

“I want to thank all of our members of Congress who are willing to give the American people the opportunity to",entertainment,"This text is about entertainment, music, film, television, or celebrities.",0.0011427747085690498,-0.9943150877952576
entertainment,seed3,entertainment_teacherseed3_a0.1,0.1,3,6,186,"Write a short neutral news brief about an event that happened today.

Brief:","

“It seems that the world really has to change, or the world is going to lose a lot of its momentum,” said Scott Bauer, senior vice president of the International Federation of Professional Journalists. “There are a lot of other ways to look at that than only the news, but also the fact that it is happening. I think that is a good thing.”

“This is not an opinion. It’s an",entertainment,"This text is about entertainment, music, film, television, or celebrities.",0.010302873328328133,-0.9673324823379517
entertainment,seed3,entertainment_teacherseed3_a0.1,0.1,3,7,187,"Write a short neutral news brief about an event that happened today.

Brief:"," A short neutral news brief about an event that happened today.

What the heck is it about?

The short neutral news brief comes from the National Reporting Center and is the brainchild of Reporters Without Borders. It was developed by a group of journalists in the US and Britain who were inspired by the news of the Holocaust.

The brief was originally released in December 2012, with the story published in the British newspaper, the",entertainment,"This text is about entertainment, music, film, television, or celebrities.",0.0021681443322449923,-0.9869895577430725
entertainment,seed3,entertainment_teacherseed3_a0.1,0.1,3,8,188,"Write a short neutral news brief about an event that happened today.

Brief:"," How do you feel about an ongoing battle between the Trump campaign and the anti-Trump group known as the “Trumpist Club” and the “hate-filled anti-Trump mob?”

Brief: Is there any chance of a Trump Tower meeting happening, a lot of people are working on the story, etc.?

Brief: Yes, there’s a lot of speculation. But there are also some things that people like",entertainment,"This text is about entertainment, music, film, television, or celebrities.",0.007437814027070999,-0.9653319120407104
entertainment,seed3,entertainment_teacherseed3_a0.1,0.1,3,9,189,"Write a short neutral news brief about an event that happened today.

Brief:", The Democratic candidate for a new federal district in Maryland had a brief that she was not in a relationship with a man. She didn’t know that. The candidate said no.,entertainment,"This text is about entertainment, music, film, television, or celebrities.",0.002489865757524967,-0.9903516173362732
entertainment,seed3,entertainment_teacherseed3_a0.1,0.1,3,10,190,"Write a short neutral news brief about an event that happened today.

Brief:"," ""The Trump administration is now on its way to the White House, a decision that could have enormous implications for the global economy.""

""The Trump administration's decision is a clear signal to countries that they should be more cautious in how they approach the world's most important political, economic and diplomatic issue,"" the report states.

However, the report also adds that the timing of the Trump administration's decision could create a ""false impression""",entertainment,"This text is about entertainment, music, film, television, or celebrities.",0.0006027031340636313,-0.9962756633758545
entertainment,seed3,entertainment_teacherseed3_a0.1,0.1,3,11,191,"Write a short neutral news brief about an event that happened today.

Brief:"," We’ve heard from a lot of people in the media who don’t know about the events that occurred in Pittsburgh on Monday. Many of them don’t know about the planned memorial in front of their home. However, we want to focus on the people who were there, those who attended the memorial, and those who were there in the media. So we’ll use this opportunity to write a brief about the events in Pittsburgh. This",entertainment,"This text is about entertainment, music, film, television, or celebrities.",0.007347318809479475,-0.9724680185317993
entertainment,seed3,entertainment_teacherseed3_a0.1,0.1,3,12,192,"Write a short neutral news brief about an event that happened today.

Brief:"," President Obama, President Bush, and Vice President Biden were interviewed and discussed on television this week by Bill O'Reilly, who was asked by CNN's Don Lemon how Obama's comments were inappropriate.

O'Reilly asked the three questions about Obama's remarks about the economy -- including his comment on the fact that many of the Democratic candidates who were running in the 2008 election are not Democrats.

Here's O'Reilly's",entertainment,"This text is about entertainment, music, film, television, or celebrities.",0.0015177177265286446,-0.9930824637413025
entertainment,seed3,entertainment_teacherseed3_a0.1,0.1,3,13,193,"Write a short neutral news brief about an event that happened today.

Brief:"," News from the South and West on this event.

A news brief from the South and West on this event.

“It’s a reminder for people about what a great experience it is to sit at a conference and just get to know the people in their community and get to know our community,” said Dr. Mark Foley, chair of the Institute for Research on the Periphery, University of Southern California. “I think",entertainment,"This text is about entertainment, music, film, television, or celebrities.",0.004859549924731255,-0.9849817156791687
entertainment,seed3,entertainment_teacherseed3_a0.1,0.1,3,14,194,"Write a short neutral news brief about an event that happened today.

Brief:"," The event was reported on the Internet today and was described by other attendees.

Brief: We discussed several questions that were raised about the event and the content of the briefing that was held yesterday.

Brief: We were able to find a copy of the briefing to submit to The New York Times.

Brief: Our group was unable to contact the reporters that were involved in this event, and no one at our group",entertainment,"This text is about entertainment, music, film, television, or celebrities.",0.002244360512122512,-0.9935126900672913
entertainment,seed3,entertainment_teacherseed3_a0.1,0.1,3,15,195,"Write a short neutral news brief about an event that happened today.

Brief:","

Brief of the Week:

Brief of the Week:

In this brief we explore the current situation of the United States in the wake of the 9/11 terrorist attacks in the United States. We also look at the response of the military to the events, whether the U.S. is able to respond in some form, and whether we are forced to act accordingly.",entertainment,"This text is about entertainment, music, film, television, or celebrities.",0.0006394120864570141,-0.9973703026771545
entertainment,seed3,entertainment_teacherseed3_a0.1,0.1,3,16,196,"Write a short neutral news brief about an event that happened today.

Brief:"," As is the case with the press release, the story went to press before its publication because the news agency had to file a police complaint about the event, and it was in the public interest to do so.

The story had to be posted on a day after it was published, and the headline was “The U.S. is at the centre of a massive security operation to foil a planned terror attack on a U.K. syn",entertainment,"This text is about entertainment, music, film, television, or celebrities.",0.002984412480145693,-0.9901775121688843
entertainment,seed3,entertainment_teacherseed3_a0.1,0.1,3,17,197,"Write a short neutral news brief about an event that happened today.

Brief:"," The story of a gunman killing two people in the middle of a park in Las Vegas.

The story of a gunman killing two people in the middle of a park in Las Vegas.

Brief: An unidentified shooter was killed at a park near the Vegas Strip, just off of Las Vegas Strip Boulevard.

An unidentified shooter was killed at a park near the Vegas Strip, just off of Las Vegas Strip Boulevard.
",entertainment,"This text is about entertainment, music, film, television, or celebrities.",0.01563797891139984,-0.9167478084564209
entertainment,seed3,entertainment_teacherseed3_a0.1,0.1,3,18,198,"Write a short neutral news brief about an event that happened today.

Brief:","

The event was a two-day gathering of the group, which came from the community of Alpharetta, GA, and was held on Saturday, March 18. The group, led by Alpharetta resident and alderman, David A. Anderson, met at the Community Center to hear about a new project that would have a $70-million project to construct an electric-powered water treatment plant on Lake Michigan.
",entertainment,"This text is about entertainment, music, film, television, or celebrities.",0.0011190378572791815,-0.9948756694793701
entertainment,seed3,entertainment_teacherseed3_a0.1,0.1,3,19,199,"Write a short neutral news brief about an event that happened today.

Brief:"," ""The 'Dust to Dust' is an event that has been happening since August.""

Hours after this news story was published, news outlets were contacted by a number of people who had seen the report.

At that point, they had been told to either call the local police (who can issue a ticket) or alert them if they had seen the report.

The local police responded, ""We're working on it",entertainment,"This text is about entertainment, music, film, television, or celebrities.",0.03470374643802643,-0.8758621215820312
entertainment,seed3,entertainment_teacherseed3_a0.1,0.1,4,0,200,"Write a short neutral news brief about a change people are discussing.

Brief:"," A recent study says a large proportion of U.S. citizens believe the Obama administration has changed its policies on immigration, which are being implemented in conjunction with a large influx of young people and college students from China and other countries. The latest findings are showing that most of the new policy changes have been positive, but many still fall short of full compliance.",entertainment,"This text is about entertainment, music, film, television, or celebrities.",0.0008598844287917018,-0.9941984415054321
entertainment,seed3,entertainment_teacherseed3_a0.1,0.1,4,1,201,"Write a short neutral news brief about a change people are discussing.

Brief:"," There is a new American version of The New York Times, as well as a new paper in Washington, D.C., called The Washington Post.

Short: “Our American version of The New York Times.”

It’s an interesting question, but not one we can answer. It’s too soon to tell. But we can certainly say that there’s a lot of confusion. One of the best resources for that is",entertainment,"This text is about entertainment, music, film, television, or celebrities.",0.004704905208200216,-0.979630172252655
entertainment,seed3,entertainment_teacherseed3_a0.1,0.1,4,2,202,"Write a short neutral news brief about a change people are discussing.

Brief:"," You’re about to get your daily news brief published.

Categorizing: I’ll be the first to call out people who are doing this.

Talking about the news brief, you mention the headline being “Brief.” Then you mention it being “The News Brief.” Finally, you mention that it is “The News Brief.”

HuffPost asked, “What are the most important things you have",entertainment,"This text is about entertainment, music, film, television, or celebrities.",0.0060798185877501965,-0.9804273843765259
entertainment,seed3,entertainment_teacherseed3_a0.1,0.1,4,3,203,"Write a short neutral news brief about a change people are discussing.

Brief:","

“It is very likely that this will be the last report about this for weeks,” said Dr. John McGuire, the executive director of the National Conference on Community Care.

He said at the same time he was confident that the “out of control spending” could be blamed on Republican efforts to cut government aid to the state.

The Republican effort to cut money from the state’s rainy day fund is a good",entertainment,"This text is about entertainment, music, film, television, or celebrities.",0.0008602592861279845,-0.9951493144035339
entertainment,seed3,entertainment_teacherseed3_a0.1,0.1,4,4,204,"Write a short neutral news brief about a change people are discussing.

Brief:"," What is the current state of our system?

This is a long, hard read, but here's some key points:

There has been no major improvement in the way we deliver information online for our users, but we’ve done an excellent job by introducing a new “information literacy” model.

What is our vision for our future?

We’re taking a new look at the ways we teach information literacy,",entertainment,"This text is about entertainment, music, film, television, or celebrities.",0.0004624603607226163,-0.9975202679634094
entertainment,seed3,entertainment_teacherseed3_a0.1,0.1,4,5,205,"Write a short neutral news brief about a change people are discussing.

Brief:"," The State Dept has launched a probe into why there's been no change at the Justice Department in how it handles the investigations that have been launched against the Russian government over the 2015 election.

Brief: The investigation by the Office of the U.S. Attorney general is part of the Department of Justice's ongoing probe into whether the Trump campaign colluded with the Russian government.

Brief: The New York Times reports that the Trump",entertainment,"This text is about entertainment, music, film, television, or celebrities.",0.0004581121902447194,-0.997031569480896
entertainment,seed3,entertainment_teacherseed3_a0.1,0.1,4,6,206,"Write a short neutral news brief about a change people are discussing.

Brief:","

In light of this, here are some of the most common questions people ask when sharing information about the upcoming election:

The President is not in a good mood today. His mood has been very good so far today. And the media is reporting that the president was not in a good mood. But there is no way of knowing that the president is not in a good mood today.

You cannot use the word “worried",entertainment,"This text is about entertainment, music, film, television, or celebrities.",0.00984144676476717,-0.9189502596855164
entertainment,seed3,entertainment_teacherseed3_a0.1,0.1,4,7,207,"Write a short neutral news brief about a change people are discussing.

Brief:"," You have to start with a long, short-term approach. It doesn’t work as well as a longer-term approach. So I recommend a longer-term approach that builds trust and respect. And it’s a long-term approach, because it’s so difficult to keep the conversation going if you don’t respect the other person’s feelings, right? So, I think that’s the best approach. But,",entertainment,"This text is about entertainment, music, film, television, or celebrities.",0.0015325143467634916,-0.982978880405426
entertainment,seed3,entertainment_teacherseed3_a0.1,0.1,4,8,208,"Write a short neutral news brief about a change people are discussing.

Brief:","

- There have been a slew of changes to the nation's top five most important financial institutions.

- The Fed is now under a microscope for its actions toward Wall Street.

- The new CEO of Merrill Lynch will be seen by the bank as an enemy of the bank and will be called a serial financial scoundrel.

- The SEC has stepped up its role in the investigation into the financial sector.
",entertainment,"This text is about entertainment, music, film, television, or celebrities.",0.00041430952842347324,-0.9984246492385864
entertainment,seed3,entertainment_teacherseed3_a0.1,0.1,4,9,209,"Write a short neutral news brief about a change people are discussing.

Brief:"," A small group of Americans is asking the Justice Department for an investigation into whether the president of the United States was secretly using foreign countries to promote his campaign. The report released Monday calls attention to a secret Oval Office meeting between the president and Hillary Clinton, which took place in the Oval Office about an hour before the 2016 election. The White House is seeking to force the government to investigate.

Brief: The House of Representatives passed a bill this",entertainment,"This text is about entertainment, music, film, television, or celebrities.",0.0010911307763308287,-0.9954531788825989
entertainment,seed3,entertainment_teacherseed3_a0.1,0.1,4,10,210,"Write a short neutral news brief about a change people are discussing.

Brief:"," What the current government’s move to limit funding of programs and research for the treatment of mental illness is.

The news brief was prepared by the Washington Times for the Washington Post.

Brief, a news magazine, provides a free and free source of news. You can also sign up for the Washington Times Daily Newsletter.",entertainment,"This text is about entertainment, music, film, television, or celebrities.",0.0009194934973493218,-0.9958272576332092
entertainment,seed3,entertainment_teacherseed3_a0.1,0.1,4,11,211,"Write a short neutral news brief about a change people are discussing.

Brief:"," I’ve been thinking about our discussion for a while and then the next question comes up. It’s about the importance of making sure that people aren’t being forgotten. This is a good question. There’s a lot of things that are going on here: the internet, the online economy, the media, the news. And we need to make sure that these things aren’t being forgotten, and to help them keep up their",entertainment,"This text is about entertainment, music, film, television, or celebrities.",0.01779402792453766,-0.9353818297386169
entertainment,seed3,entertainment_teacherseed3_a0.1,0.1,4,12,212,"Write a short neutral news brief about a change people are discussing.

Brief:"," A new way for us to talk about the future.

The news industry should not be afraid to bring the news into its communities, so you can hear about the new direction of the news industry and see how it impacts your business.

“I think there’s a huge opportunity out there,” said Steve Dill, who helps organize the Boston/Cambridge radio station’s news bureau. “I think there is an opportunity to bring",entertainment,"This text is about entertainment, music, film, television, or celebrities.",0.0014232840621843934,-0.9943757057189941
entertainment,seed3,entertainment_teacherseed3_a0.1,0.1,4,13,213,"Write a short neutral news brief about a change people are discussing.

Brief:","

It’s the next time you come across a group of people discussing the death penalty, and someone has the opportunity to make an impactful statement on their topic.

The best idea that can come out of this discussion is to bring the discussion to a much broader level. This isn’t something that you can just send and say, “I don’t think that this is an issue for discussion.” Rather, it is an",entertainment,"This text is about entertainment, music, film, television, or celebrities.",0.0014769572298973799,-0.9948382377624512
entertainment,seed3,entertainment_teacherseed3_a0.1,0.1,4,14,214,"Write a short neutral news brief about a change people are discussing.

Brief:"," A small number of women at a conference, led by a group of women in politics, who were working on ideas that would make a difference, are trying to come up with a different approach to policy. (Photo: Jasin)

“We’re not here to do something that will not make us happy,” said Paxin, a spokeswoman for the group, which is led by the head of the Social Security office, a",entertainment,"This text is about entertainment, music, film, television, or celebrities.",0.0026791251730173826,-0.9920923113822937
entertainment,seed3,entertainment_teacherseed3_a0.1,0.1,4,15,215,"Write a short neutral news brief about a change people are discussing.

Brief:"," It's still a ""political"" event, but there's less of a ""news-making"" element to the discussion. It's more of a discussion of the actual issues surrounding the war, from the war to the country's relationship to international organizations and the U.S.'s involvement in the conflict. The idea is that by looking at the war, it could help us understand what it is we're fighting for, and what the effects of",entertainment,"This text is about entertainment, music, film, television, or celebrities.",0.0008068599854595959,-0.9973183870315552
entertainment,seed3,entertainment_teacherseed3_a0.1,0.1,4,16,216,"Write a short neutral news brief about a change people are discussing.

Brief:"," ""The United States of America is not a neutral country. We are a democracy, a strong democracy that is united in one objective. This is what democracy means to us,"" he added.

Brief: ""The United States is not a neutral country. We are a democracy, a strong democracy that is united in one objective. This is what democracy means to us,"" he added.

""I have always been concerned about the lack",entertainment,"This text is about entertainment, music, film, television, or celebrities.",0.002285440219566226,-0.9828177690505981
entertainment,seed3,entertainment_teacherseed3_a0.1,0.1,4,17,217,"Write a short neutral news brief about a change people are discussing.

Brief:"," The Senate is considering a Senate vote on an Obama-backed measure to allow abortions without a path to a live birth. The measure would prohibit states from restricting abortions by law, and would also provide women with more options for choosing abortion.

On the debate panel, Sen. Chuck Grassley (R-IA), also a member of the Senate, talked about the importance of a path for women to be able to choose a family, where they",entertainment,"This text is about entertainment, music, film, television, or celebrities.",0.0007173886406235397,-0.9955161213874817
entertainment,seed3,entertainment_teacherseed3_a0.1,0.1,4,18,218,"Write a short neutral news brief about a change people are discussing.

Brief:"," This is an example of how to write a short neutral news brief about an important topic. This brief is a short introduction, and is a follow-up to the previous brief. There are some things the brief is really good about that people want to hear about. It might be something that they want to hear about, but it doesn't have to be in a brief. This brief isn't for people to think about. It's just for them",entertainment,"This text is about entertainment, music, film, television, or celebrities.",0.00829655583947897,-0.9624803066253662
entertainment,seed3,entertainment_teacherseed3_a0.1,0.1,4,19,219,"Write a short neutral news brief about a change people are discussing.

Brief:"," A new federal law could require businesses to pay for any employee who doesn’t work for a certain amount of time per month.

The bill was introduced at an informal hearing that was closed to the public Thursday as the full Senate returned from its weekly recess.

“Our committee is looking into the legislation,” said Sen. Sheila Oliver, D-Mississippi, who leads the Senate Finance Committee. “We are trying to ensure that",entertainment,"This text is about entertainment, music, film, television, or celebrities.",0.0008186378399841487,-0.9964432716369629
entertainment,seed3,entertainment_teacherseed3_a0.1,0.1,5,0,220,"Write a short neutral news brief about a new plan.

Brief:"," What to do about the economic crisis and the collapse of the economy?

News: A big, ugly economic earthquake.

The news: No jobs for anyone.

News: No more than two or three hours of reporting.

The news: No more than two or three hours of news.

News: No more than two or three hours of reporting.

The news: No more than two or three hours",entertainment,"This text is about entertainment, music, film, television, or celebrities.",0.002968420507386327,-0.9895024299621582
entertainment,seed3,entertainment_teacherseed3_a0.1,0.1,5,1,221,"Write a short neutral news brief about a new plan.

Brief:"," The U.S. Government Will Not Cure Coronavirus, Instead They Will Bring It

It’s a bold statement. As the Senate prepares to vote on a bill that would prevent the government from issuing a vaccine against the virus, the White House is launching an “in-house search” for a vaccine candidate. The agency will conduct a more thorough analysis to determine whether a vaccine is needed.

“It’s a bold",entertainment,"This text is about entertainment, music, film, television, or celebrities.",0.001244078390300274,-0.9955127835273743
entertainment,seed3,entertainment_teacherseed3_a0.1,0.1,5,2,222,"Write a short neutral news brief about a new plan.

Brief:"," The Government Accountability Office released a draft of a plan to eliminate the program. The government will now look at ways to reduce the program’s costs, such as creating additional funding and reducing the time to finalize a budget. The plan calls for the elimination of a program that is currently running $9.6 billion in deficit, which the GAO said should be reduced to $2 billion.

The proposal calls for the elimination of a",entertainment,"This text is about entertainment, music, film, television, or celebrities.",0.0012970739044249058,-0.9935332536697388
entertainment,seed3,entertainment_teacherseed3_a0.1,0.1,5,3,223,"Write a short neutral news brief about a new plan.

Brief:"," the latest draft of the controversial plans to bring electricity to the city of Los Angeles.

The draft, released last night, lists four main goals: a $2.5 billion upgrade to the Los Angeles Water Department, a five-year plan to upgrade the Los Angeles River and a $1.25 billion investment in the city’s energy infrastructure.

The two sides are expected to reach a deal next week to resolve the political f",entertainment,"This text is about entertainment, music, film, television, or celebrities.",0.0005721089546568692,-0.9980419874191284
entertainment,seed3,entertainment_teacherseed3_a0.1,0.1,5,4,224,"Write a short neutral news brief about a new plan.

Brief:","

The new plan to help local businesses get more information on climate change.

The letter, sent to members of the Council, was sent to the entire Council from members.

The letter says that people who live on private land, especially those with higher incomes, will have to pay higher taxes to keep the new climate plan at bay.

It says that by reducing the value of the land and taking advantage of its low per",entertainment,"This text is about entertainment, music, film, television, or celebrities.",0.0008733742870390415,-0.9959191083908081
entertainment,seed3,entertainment_teacherseed3_a0.1,0.1,5,5,225,"Write a short neutral news brief about a new plan.

Brief:","

“A new plan is what’s known as the National Security Strategy,” says the document, which was recently released to the Associated Press. “As we approach the end of the Obama Administration, we must do everything we can to keep the American people safe and provide them with the tools and guidance they need to protect themselves and their families.”

The document says the goal is to improve America’s security through an increased emphasis on national",entertainment,"This text is about entertainment, music, film, television, or celebrities.",0.0007872280548326671,-0.9962152242660522
entertainment,seed3,entertainment_teacherseed3_a0.1,0.1,5,6,226,"Write a short neutral news brief about a new plan.

Brief:", New plans to protect young people from the dangers of cyber attacks and to protect them from online scams and fraud.,entertainment,"This text is about entertainment, music, film, television, or celebrities.",0.005160073284059763,-0.9733444452285767
entertainment,seed3,entertainment_teacherseed3_a0.1,0.1,5,7,227,"Write a short neutral news brief about a new plan.

Brief:"," What does the US Senate want to do about it?

Rep. Eric Swalwell (D-Calif.) (Twitter) and other Democrats are in the process of pushing their own plan for how to deal with the new law.

Sen. Bill Nelson (D-Fla.), a key swing member of the Senate’s leadership, wants a vote on whether to put the new law in place.

But the House Judiciary",entertainment,"This text is about entertainment, music, film, television, or celebrities.",0.0009729082230478525,-0.9918095469474792
entertainment,seed3,entertainment_teacherseed3_a0.1,0.1,5,8,228,"Write a short neutral news brief about a new plan.

Brief:"," This news briefing will describe the progress of a review of the state of the California State Assembly. This is one of the five statewide committees in the California Legislature.

Brief: This briefing will describe the progress of a review of the state of the California State Assembly. This is one of the five statewide committees in the California Legislature.

Brief: This briefing will describe the progress of a review of the state of the California State Assembly",entertainment,"This text is about entertainment, music, film, television, or celebrities.",0.0017118853284046054,-0.9909841418266296
entertainment,seed3,entertainment_teacherseed3_a0.1,0.1,5,9,229,"Write a short neutral news brief about a new plan.

Brief:"," The new plan would put a $50,000 reward on the head of the American people who vote for Donald Trump.

Crews would have to buy a new television set and fix the sound system.

“This is just going to put us in a lot of pain because the only way you can get a new television is if you can get a new television. There are so many things we could do to improve the sound system",entertainment,"This text is about entertainment, music, film, television, or celebrities.",0.033609289675951004,-0.8904677629470825
entertainment,seed3,entertainment_teacherseed3_a0.1,0.1,5,10,230,"Write a short neutral news brief about a new plan.

Brief:"," This was a huge deal in the state of Maine.

A: The whole point of this is that Maine is a state.

Q: So what are the numbers?

A: The Maine Legislature is considering a bill.

Q: And what are the numbers?

A: The Maine Senate has the number of votes and the number of votes for the Bill.

Q: And who is the number of",entertainment,"This text is about entertainment, music, film, television, or celebrities.",0.0026428618002682924,-0.981822669506073
entertainment,seed3,entertainment_teacherseed3_a0.1,0.1,5,11,231,"Write a short neutral news brief about a new plan.

Brief:"," This was an interesting call for the House Oversight committee last night. The White House has a history of taking the side of the “pro-abortion” group during the hearings. And now they have a new president.

“I’m proud to announce that President Trump will be the new head of the US Intelligence Community. This is an important milestone for the Intelligence Community, for the nation, and for the United States,” said",entertainment,"This text is about entertainment, music, film, television, or celebrities.",0.0007281565340235829,-0.9964878559112549
entertainment,seed3,entertainment_teacherseed3_a0.1,0.1,5,12,232,"Write a short neutral news brief about a new plan.

Brief:","

""We have not discussed or proposed a final decision on whether or not to reopen the process for filing a petition for review. I will, at the very least, be open and willing to consider that decision as part of my review process and the process I am reviewing,"" Haney said. ""I will be available to answer questions about whether a decision is appropriate as it relates to my review process. My review process is already underway and I",entertainment,"This text is about entertainment, music, film, television, or celebrities.",0.003100660629570484,-0.9875785708427429
entertainment,seed3,entertainment_teacherseed3_a0.1,0.1,5,13,233,"Write a short neutral news brief about a new plan.

Brief:"," How the United States is going to address the coronavirus crisis if the stock market is plunged.

Short: How the United States is going to respond if the stock market goes down.

About: The Federal Reserve is trying to shore up the financial sector with strong cash as markets rally against a slide in US interest rates.

The Fed has been working to shore up the financial sector in recent months with strong cash to address the financial distress",entertainment,"This text is about entertainment, music, film, television, or celebrities.",0.0007627590675838292,-0.9958189725875854
entertainment,seed3,entertainment_teacherseed3_a0.1,0.1,5,14,234,"Write a short neutral news brief about a new plan.

Brief:"," This is my plan. I’m going to tell the story. It’s called the American Newsroom.

Favorite:

My plan is, for our country, that we will not be caught by surprise, that we won’t be caught by surprise, that we will avoid being caught by surprise, that we will be successful in getting what we want and will not get what we want. We will have to build the",entertainment,"This text is about entertainment, music, film, television, or celebrities.",0.0073705194517970085,-0.9744052886962891
entertainment,seed3,entertainment_teacherseed3_a0.1,0.1,5,15,235,"Write a short neutral news brief about a new plan.

Brief:"," The Senate will hold a “yes” vote on a bipartisan plan to eliminate the $500 billion in new spending that the president has promised to spend on the wars in Iraq and Afghanistan, the House of Representatives’ top Democrat said Monday.

The Senate will hold a “yes” vote on a bipartisan plan to eliminate the $500 billion in new spending that the president has promised to spend on the wars in Iraq and Afghanistan, the House of Representatives",entertainment,"This text is about entertainment, music, film, television, or celebrities.",0.0035458493512123823,-0.9852816462516785
entertainment,seed3,entertainment_teacherseed3_a0.1,0.1,5,16,236,"Write a short neutral news brief about a new plan.

Brief:"," The U.S. military plans to build four new training camps to train Afghan children against Taliban insurgents, and to teach Afghan children to shoot at enemy targets.

Pilot: The U.S. is using unmanned drones to detect the Taliban.

Pilot: The U.S. is using unmanned drones to detect the Taliban.

Pilot: The U.S. is using unmanned drones to detect",entertainment,"This text is about entertainment, music, film, television, or celebrities.",0.0018383291317149997,-0.9910129308700562
entertainment,seed3,entertainment_teacherseed3_a0.1,0.1,5,17,237,"Write a short neutral news brief about a new plan.

Brief:"," The U.S. will be the first country to use the new anti-counterfeiting laws, an initiative announced this week.",entertainment,"This text is about entertainment, music, film, television, or celebrities.",0.0013811530079692602,-0.991414487361908
entertainment,seed3,entertainment_teacherseed3_a0.1,0.1,5,18,238,"Write a short neutral news brief about a new plan.

Brief:"," As the world turns toward the new climate, we will have to adjust to what's going on in the Middle East, and the U.S. and the world.

The White House is pushing its new climate goals to ""save the world"" — a goal that seems to be met with dismay and disappointment as the world turns to the new climate.

In the new plan, Trump called for the melting of the Arctic ice caps and",entertainment,"This text is about entertainment, music, film, television, or celebrities.",0.00040588722913526,-0.9958862066268921
entertainment,seed3,entertainment_teacherseed3_a0.1,0.1,5,19,239,"Write a short neutral news brief about a new plan.

Brief:"," A new plan to make the U.S. economy more competitive.

It also includes a big push to make the economy more competitive by reining in prices and other stuff like that.

“In the last couple of years, we’ve made some progress at an important level on a range of initiatives we’re making,” said Mark Zandi, co-founder and CEO of the International Advisory Council to the U.S.",entertainment,"This text is about entertainment, music, film, television, or celebrities.",0.0006499539013020694,-0.9964517951011658
entertainment,seed3,entertainment_teacherseed3_a0.25,0.25,0,0,240,"Write a short neutral news brief about a recent local development.

Brief:","

In addition to reporting the news from various perspectives, the paper will include interviews with local residents and business owners as well as a discussion of an incident in which a group of students went to the community’s school to protest the school’s placement.",entertainment,"This text is about entertainment, music, film, television, or celebrities.",0.0005267811939120293,-0.9974076747894287
entertainment,seed3,entertainment_teacherseed3_a0.25,0.25,0,1,241,"Write a short neutral news brief about a recent local development.

Brief:"," A young woman is shot in the head at a Walmart, but her family insists she is not shot because she was ""highly trained"" for this job and was ""doing it"" for the sake of her son. The mother and son, however, claim she is still alive, according to CBS.

Dennis was one of three sons of the family who were killed in the shootings. The other two were killed in a shootout with",entertainment,"This text is about entertainment, music, film, television, or celebrities.",0.008055576123297215,-0.9707128405570984
entertainment,seed3,entertainment_teacherseed3_a0.25,0.25,0,2,242,"Write a short neutral news brief about a recent local development.

Brief:"," I'm not going to post here unless I feel it's in the national interest to do so. But let me just say that this video clip is extremely disturbing. Here's what happened:

A resident of the south side of town in the west end told the police department that he had no idea that a man was trying to set up a meeting for a small group of friends with a plan to destroy his neighborhood.

A video clip",entertainment,"This text is about entertainment, music, film, television, or celebrities.",0.002182219410315156,-0.991417646408081
entertainment,seed3,entertainment_teacherseed3_a0.25,0.25,0,3,243,"Write a short neutral news brief about a recent local development.

Brief:","

In the last couple of weeks, we have seen the most attention paid to the latest news coverage from the Seattle City Attorney. The state House of Representatives unanimously approved a measure to ban construction of new housing units on the city’s northwest side. The proposed ordinance also would ban all construction in the city’s east side (the city’s northeast side) for 30 years.

In May, the Seattle City Council passed a resolution",entertainment,"This text is about entertainment, music, film, television, or celebrities.",0.0010187517618760467,-0.9906486868858337
entertainment,seed3,entertainment_teacherseed3_a0.25,0.25,0,4,244,"Write a short neutral news brief about a recent local development.

Brief:"," “The current coronavirus pandemic has changed the way people are thinking about our world. We have lost many of our core values – democracy, equality, compassion, social justice, and a healthy future. We need to take bold and decisive action now to prevent the spread of the virus.”

“We are witnessing the loss of one of the world’s most respected leaders. The American people are beginning to see the importance of the role and importance of",entertainment,"This text is about entertainment, music, film, television, or celebrities.",0.002460283925756812,-0.9887443780899048
entertainment,seed3,entertainment_teacherseed3_a0.25,0.25,0,5,245,"Write a short neutral news brief about a recent local development.

Brief:"," A local development project led by the community has opened up the land for a local restaurant, and is currently in development. The project is called the Food Stamp Restaurant and serves locally grown produce.

A local community is involved in a project to develop an agricultural and other farm operation. The local community's development work on a farm includes a community garden and a new school.

A local community is involved in a project to improve the quality",entertainment,"This text is about entertainment, music, film, television, or celebrities.",0.0017663221806287766,-0.9920255541801453
entertainment,seed3,entertainment_teacherseed3_a0.25,0.25,0,6,246,"Write a short neutral news brief about a recent local development.

Brief:"," The story involves a controversial gay community center that is in a neighborhood now known as ""San Francisco, but the local gay community is doing better in this neighborhood than ever before."" The project was slated to move to its own housing.

Brief: A homeless man gets on a bus in front of his apartment building. He is taken aback at first to find that the bus he is on doesn't ride on the same bus as the homeless",entertainment,"This text is about entertainment, music, film, television, or celebrities.",0.0023241029120981693,-0.992184579372406
entertainment,seed3,entertainment_teacherseed3_a0.25,0.25,0,7,247,"Write a short neutral news brief about a recent local development.

Brief:"," The state has a long history of environmental degradation

This is a direct reference to a recent local development in Washington DC. The “Red Line of Terror” is clearly visible on a wall that runs down the right side of the image. This news brief is sent to a Washington DC reporter by one of the state’s residents. However, the brief appears to be an excerpt of a news article about a local development called “The Red Line of",entertainment,"This text is about entertainment, music, film, television, or celebrities.",0.0009209761628881097,-0.9947570562362671
entertainment,seed3,entertainment_teacherseed3_a0.25,0.25,0,8,248,"Write a short neutral news brief about a recent local development.

Brief:"," the city is looking for investment in a new apartment complex.

Friends are in the middle of a meeting to discuss what the city could do to help with an investment that the city has been exploring for months.

""I think we all know it's going to be a very big, huge project,"" said Councilman Steve Ebert, who's chair of the city council's planning and economic development committee.

The city hopes",entertainment,"This text is about entertainment, music, film, television, or celebrities.",0.0012554258573800325,-0.9935237765312195
entertainment,seed3,entertainment_teacherseed3_a0.25,0.25,0,9,249,"Write a short neutral news brief about a recent local development.

Brief:"," ""The future is in the eyes of the beholder"" (FDR), a review of the political, economic and cultural context for a recent development in the city of East St. Louis, Missouri, where this news item was published.

The article focuses on the environmental, economic and cultural development surrounding the planned housing development on the north side of the city and the proposed apartment building on the south side, with an emphasis on the economic and",entertainment,"This text is about entertainment, music, film, television, or celebrities.",0.0020874368492513895,-0.9930235147476196
entertainment,seed3,entertainment_teacherseed3_a0.25,0.25,0,10,250,"Write a short neutral news brief about a recent local development.

Brief:","

- In a story on Wednesday, the state Senate will hold a vote on extending the state's death penalty for capital murder.

- In a story on Tuesday, the state Senate will consider the use of the death penalty for capital murder.

- The House voted on Tuesday evening to repeal the state's death penalty.

- A proposal to extend the penalty would cost at least $800 million annually, according to the bill",entertainment,"This text is about entertainment, music, film, television, or celebrities.",0.0011657570721581578,-0.9955936074256897
entertainment,seed3,entertainment_teacherseed3_a0.25,0.25,0,11,251,"Write a short neutral news brief about a recent local development.

Brief:"," About $5,000.

“We were in a very dark place,” says Bingham.

The city’s “bubble” is a public housing development that has been “a total disaster” for residents, says city manager Steven Gerrard.

“This whole bubble is a disaster,” Gerrard said.

City Manager Steven Gerrard and Mayor Mike Bingham

The developer hopes to get",entertainment,"This text is about entertainment, music, film, television, or celebrities.",0.0011124933371320367,-0.9930132031440735
entertainment,seed3,entertainment_teacherseed3_a0.25,0.25,0,12,252,"Write a short neutral news brief about a recent local development.

Brief:", A local development project is looking to help with a new water and sewer infrastructure that is being developed in the Kosciuszko-Moribey and Pardew-Merrill areas. The projects are expected to be completed by summer 2019.,entertainment,"This text is about entertainment, music, film, television, or celebrities.",0.000750762817915529,-0.9963362812995911
entertainment,seed3,entertainment_teacherseed3_a0.25,0.25,0,13,253,"Write a short neutral news brief about a recent local development.

Brief:"," The U.S. government’s new plan to boost defense spending in 2018 will do more harm than good by reducing the nation’s tax burden, new survey shows. That’s the case for the fiscal year that ends Sept. 30. The report finds that the tax burden on foreign-born Americans is expected to be higher than that in some parts of the country in 2018, particularly in the West and southern states. The survey also found",entertainment,"This text is about entertainment, music, film, television, or celebrities.",0.0010171268368139863,-0.9910420775413513
entertainment,seed3,entertainment_teacherseed3_a0.25,0.25,0,14,254,"Write a short neutral news brief about a recent local development.

Brief:"," A new short report from the South Dakota Daily News on a new project at the South Dakota State Historic Site, the Fossil Site.

Brief: A new short report from the South Dakota Daily News on a new project at the South Dakota State Historic Site, the Fossil Site.

Brief: A new short report from the South Dakota Daily News on a new project at the South Dakota State Historic Site, the F",entertainment,"This text is about entertainment, music, film, television, or celebrities.",0.013317229226231575,-0.9582692980766296
entertainment,seed3,entertainment_teacherseed3_a0.25,0.25,0,15,255,"Write a short neutral news brief about a recent local development.

Brief:"," https://t.co/NhNqC8GJF2 — Ben Carson (@BenCarson) September 22, 2019

The brief is titled ""The Biggest Stories From The Trump White House on Twitter.""

According to the blog, Trump has a large following on Twitter. His tweets include a lengthy list of ""very important news, stories, news that are not getting much of a media spin.""

Trump",entertainment,"This text is about entertainment, music, film, television, or celebrities.",0.003971506375819445,-0.9850130677223206
entertainment,seed3,entertainment_teacherseed3_a0.25,0.25,0,16,256,"Write a short neutral news brief about a recent local development.

Brief:"," For the past 18 months, a small community of homeowners has been living in an abandoned house in the heart of suburban Boston. The community, known as the “Pittsburgh Neighborhood,” has lost its housekeeping, its landscaping, and its furniture and appliances. When this homeowner moved out in the summer of 2019, the family moved in with his girlfriend.

“We just had to move in,” the woman tells The Post",entertainment,"This text is about entertainment, music, film, television, or celebrities.",0.002239839406684041,-0.9920172095298767
entertainment,seed3,entertainment_teacherseed3_a0.25,0.25,0,17,257,"Write a short neutral news brief about a recent local development.

Brief:"," The Times of London’s “The People,” a series of news columns, will be available free of charge from 10 a.m. to 6 p.m. Wednesday. In order to read the entire text, you’ll need a smart phone, a computer with web access or a tablet.

The Times of London, a London-based nonprofit organization that represents more than 1,500 city residents and a few hundred journalists, also",entertainment,"This text is about entertainment, music, film, television, or celebrities.",0.0018835531082004309,-0.9909708499908447
entertainment,seed3,entertainment_teacherseed3_a0.25,0.25,0,18,258,"Write a short neutral news brief about a recent local development.

Brief:"," New York Times reporter Chris Mooney was awarded an Emmy and the prestigious National Magazine Award after his cover story on the controversial housing crisis and homelessness in the city.

Brief: President Donald Trump met with a homeless people's group in New York City last year in a meeting designed to address the crisis, and the event was reportedly attended by nearly 100 people.

Brief: The New York Times was not able to give more",entertainment,"This text is about entertainment, music, film, television, or celebrities.",0.003551251022145152,-0.9884901642799377
entertainment,seed3,entertainment_teacherseed3_a0.25,0.25,0,19,259,"Write a short neutral news brief about a recent local development.

Brief:"," “Somewhere, in the heart of the city’s bustling, vibrant, and bustling middle class, is a small bar.”

We’ll update this story with the details of your comments. We’ll also take your call and answer questions about what your story’s asking, what you want to do in your story, your career, and more.

About J.S.

J.S. is",entertainment,"This text is about entertainment, music, film, television, or celebrities.",0.12603218853473663,-0.645638108253479
entertainment,seed3,entertainment_teacherseed3_a0.25,0.25,1,0,260,"Write a short neutral news brief about a public announcement.

Brief:"," The public announcement that will be made in the near future.

Short: It will not be a public announcement.

It's likely that this news brief will be shorter than the standard announcement that will be given to the media, because the announcement will be written by the media and the news brief will be composed by the media.",entertainment,"This text is about entertainment, music, film, television, or celebrities.",0.010229279287159443,-0.8988053202629089
entertainment,seed3,entertainment_teacherseed3_a0.25,0.25,1,1,261,"Write a short neutral news brief about a public announcement.

Brief:", Public announces that it would withdraw its support for the Democratic National Committee’s decision to drop the Republican Party’s efforts to block the nomination of George Papadopoulos.,entertainment,"This text is about entertainment, music, film, television, or celebrities.",0.0011180615983903408,-0.994090735912323
entertainment,seed3,entertainment_teacherseed3_a0.25,0.25,1,2,262,"Write a short neutral news brief about a public announcement.

Brief:","

The first public announcement was made at a meeting of public shareholders in Doha, Qatar, on 30 January 2018, as members of the national political parties took to the streets to protest the recent decision to impose a ban on internet and digital broadcasting.

The first public announcement was made by Qatar's General Communications Authority (GCA) at a meeting of shareholders in Doha, Qatar, on 30 January 2018, to take part in the",entertainment,"This text is about entertainment, music, film, television, or celebrities.",0.003335438435897231,-0.9768268465995789
entertainment,seed3,entertainment_teacherseed3_a0.25,0.25,1,3,263,"Write a short neutral news brief about a public announcement.

Brief:"," A brief about a public announcement.

A short, very brief summary of a public announcement.

Summary: An update on the status of the issue.

An update on the status of the issue.

Summary: An update on the status of the issue.

Notice: The below announcement is from the American Cancer Society.

Notice: The below announcement is from the American Cancer Society.

Notice: The",entertainment,"This text is about entertainment, music, film, television, or celebrities.",0.006351756397634745,-0.9773600101470947
entertainment,seed3,entertainment_teacherseed3_a0.25,0.25,1,4,264,"Write a short neutral news brief about a public announcement.

Brief:"," The news was released by the state on Thursday of next week.

The short, six-paragraph news brief says that, “A new initiative to develop and build a digital network of public service announcements has been adopted by the state.”

“This initiative will be carried out in collaboration with the public broadcasting community and will provide a central platform for engaging with news and public service announcements in ways that are innovative, timely, and engaging for the",entertainment,"This text is about entertainment, music, film, television, or celebrities.",0.0026122545823454857,-0.9923058748245239
entertainment,seed3,entertainment_teacherseed3_a0.25,0.25,1,5,265,"Write a short neutral news brief about a public announcement.

Brief:"," The mayor of the city of Newark passed an ordinance this week allowing police to arrest a convicted felon under the age of 21 after a jury found him guilty of first-degree sexual abuse of a child.

The ordinance was passed in response to the Newark Police Department's efforts to crack down on the use of force, which has been particularly effective at dealing with young girls.

Brief: The City of Newark passed an ordinance this week allowing",entertainment,"This text is about entertainment, music, film, television, or celebrities.",0.0017363048391416669,-0.9937815070152283
entertainment,seed3,entertainment_teacherseed3_a0.25,0.25,1,6,266,"Write a short neutral news brief about a public announcement.

Brief:"," This is a short news brief about a public announcement. The news briefers were also invited to attend the announcement.

This is a short news brief about a public announcement. The news briefers were also invited to attend the announcement. Discussions were also conducted in a news brief about the announcement.

Discussions were also conducted in a news brief about the announcement. This was done to provide a background. In case the audience",entertainment,"This text is about entertainment, music, film, television, or celebrities.",0.035035353153944016,-0.8737615346908569
entertainment,seed3,entertainment_teacherseed3_a0.25,0.25,1,7,267,"Write a short neutral news brief about a public announcement.

Brief:","

In the first day of the second international edition of the World Press Freedom Index, Freedom House published its report on the situation of the world's press in the wake of the Great Repeal of the Libyan Containment Act. The results show, however, that only about half of the press freedom reported by the United Nations’ Office for the Coordination of Humanitarian Affairs (OCHA) in 2005 fell into the first category of",entertainment,"This text is about entertainment, music, film, television, or celebrities.",0.0007625957950949669,-0.9955355525016785
entertainment,seed3,entertainment_teacherseed3_a0.25,0.25,1,8,268,"Write a short neutral news brief about a public announcement.

Brief:"," The media's response to a public announcement that would make it harder for the Trump team to get access to the press for a newscast, according to a review of what the media has been saying about the announcement by a former Fox News analyst.

Brief: The media's reaction to a public announcement that would make it harder for the Trump team to get access to the press for a newscast, according to a review of what",entertainment,"This text is about entertainment, music, film, television, or celebrities.",0.11237397789955139,-0.6585962772369385
entertainment,seed3,entertainment_teacherseed3_a0.25,0.25,1,9,269,"Write a short neutral news brief about a public announcement.

Brief:"," The official name of the event: Public announcement of an upcoming national conference on nuclear disarmament. The name of the conference: ""Public announcement: A National Discussions on Nuclear Disarmament."" The conference: ""Public announcement."" The location: San Diego, California.

The announcement: A news brief about a public announcement. The name of the event: Public announcement of an upcoming national conference on nuclear disarmament. The name",entertainment,"This text is about entertainment, music, film, television, or celebrities.",0.004215582273900509,-0.9856177568435669
entertainment,seed3,entertainment_teacherseed3_a0.25,0.25,1,10,270,"Write a short neutral news brief about a public announcement.

Brief:","The Associated Press takes a look at the president’s first executive order expanding the powers of the Office of Government Ethics.

Brief:The Associated Press looks at what the new order has put in place to expand the powers of the Office of Government Ethics.

Brief:The Associated Press looks at how the new order has been proposed by President Trump, among other measures that would give the OGE more powers.",entertainment,"This text is about entertainment, music, film, television, or celebrities.",0.0009009009809233248,-0.9955641627311707
entertainment,seed3,entertainment_teacherseed3_a0.25,0.25,1,11,271,"Write a short neutral news brief about a public announcement.

Brief:"," The United States will cut its ties with Russia by 1.4 billion dollars, the Obama administration said Thursday, in a move that would leave its foreign policy under pressure from Moscow.

It is unclear whether the announcement was based on Washington' own intelligence or on intelligence from the Kremlin. In the interim period, a report by the United States Information Agency (USIA) said the Russian government wanted to boost tensions in eastern Ukraine with Russia, in",entertainment,"This text is about entertainment, music, film, television, or celebrities.",0.0004886012175120413,-0.9951838850975037
entertainment,seed3,entertainment_teacherseed3_a0.25,0.25,1,12,272,"Write a short neutral news brief about a public announcement.

Brief:"," ""If the United States can do anything to promote the cause of environmentalism, it must do so in a public announcement or a letter.""

The full press release is below:

The Environmental Protection Agency (EPA) issued an executive order in response to the Environmental Protection Agency's directive to provide information on the environmental risks posed by water pollution and the risks posed by industrial polluters. The agency also requested that EPA identify any environmental factors",entertainment,"This text is about entertainment, music, film, television, or celebrities.",0.0004483455850277096,-0.9974623322486877
entertainment,seed3,entertainment_teacherseed3_a0.25,0.25,1,13,273,"Write a short neutral news brief about a public announcement.

Brief:"," An important update to a recent update to the issue that has been discussed for weeks at The New York Times.

Brief: This release of the news releases and press releases has been an opportunity for the Times to respond to editorials and other important issues that have raised important national concerns.

Brief: Several important questions were raised and answered during the past week.

Brief: The most critical question was how to deal with",entertainment,"This text is about entertainment, music, film, television, or celebrities.",0.001655933796428144,-0.9938279390335083
entertainment,seed3,entertainment_teacherseed3_a0.25,0.25,1,14,274,"Write a short neutral news brief about a public announcement.

Brief:","

Brief is a short neutral news brief about a public announcement. A brief that is not a regular news article may be used instead of a regular news article.

Brief is a brief on a news topic. For example, a brief for “New Year’s Eve” may be used instead of a regular news article. A brief for the day may also be used instead of a regular news article.

This short neutral",entertainment,"This text is about entertainment, music, film, television, or celebrities.",0.011886880733072758,-0.9600470066070557
entertainment,seed3,entertainment_teacherseed3_a0.25,0.25,1,15,275,"Write a short neutral news brief about a public announcement.

Brief:"," The National Council of the United Nations (NCCU) is pleased to announce that the United Nations Conference on Sustainable Development (UNCSD) is the fifth international body to endorse the use of the term ""transparency"" in the United Nations. ""Transparency"" is an acronym that is widely used in communication around the world. The new ""Transparency"" committee consists of 15 national committees in 20 countries, with more to be added",entertainment,"This text is about entertainment, music, film, television, or celebrities.",0.00114982551895082,-0.9953320622444153
entertainment,seed3,entertainment_teacherseed3_a0.25,0.25,1,16,276,"Write a short neutral news brief about a public announcement.

Brief:"," It is a public announcement for a new federal housing initiative. It is meant to address the shortage of affordable housing in New York City and other parts of the nation. The city government has announced a project to build housing in four Brooklyn neighborhoods, including a condo complex near Citi Field on Long Island, which will offer a higher density of affordable housing, as well as an extension of a $100 million program in Williamsburg, Brooklyn that will help",entertainment,"This text is about entertainment, music, film, television, or celebrities.",0.0010234798537567258,-0.9951832890510559
entertainment,seed3,entertainment_teacherseed3_a0.25,0.25,1,17,277,"Write a short neutral news brief about a public announcement.

Brief:"," “I’m very excited that there is a movement around public voting for these candidates. But, I want to talk about how public voting affects public opinion in the way it has with politicians. It is not an excuse for some people to think they are being racist, or to think that voting by secret ballot is a racist act, because if you are, then there is no way in hell a person will vote for a racist politician because you are",entertainment,"This text is about entertainment, music, film, television, or celebrities.",0.002491143997758627,-0.9912316203117371
entertainment,seed3,entertainment_teacherseed3_a0.25,0.25,1,18,278,"Write a short neutral news brief about a public announcement.

Brief:","

We look at the importance of a new media strategy to increase public knowledge about the news media. We also look at how we can use news reporting to improve the quality of debate over the public square.

The goal is for public citizens to be aware of the news media’s ability to get as much information as possible about events, politics, and issues that affect them.

In the new media strategy, we explore the impact",entertainment,"This text is about entertainment, music, film, television, or celebrities.",0.003533477196469903,-0.9865497350692749
entertainment,seed3,entertainment_teacherseed3_a0.25,0.25,1,19,279,"Write a short neutral news brief about a public announcement.

Brief:"," New York Times, CNN, CNN.com, Reuters, The Huffington Post, The Atlantic, The Daily Beast.

A new short, the first in a series of two, will be created to be posted each week on the front page of each news magazine and online portal. The brief will be posted Monday, Nov. 11, by an editorial director at the New York Times and include stories about the news organization’s staff in New",entertainment,"This text is about entertainment, music, film, television, or celebrities.",0.0010696019744500518,-0.9972163438796997
entertainment,seed3,entertainment_teacherseed3_a0.25,0.25,2,0,280,"Write a short neutral news brief about a group making a decision.

Brief:"," The U.S. Embassy in London has been advised of an attack on an unarmed man. Authorities are trying to determine whether the attack was carried out by the London group, or by a member of the Islamist group Islamic State.

Soldiers of the London campaign also released video footage showing a group of men outside the British consulate in London as they are leaving with the hijackers.

""The group is from",entertainment,"This text is about entertainment, music, film, television, or celebrities.",0.0015877133700996637,-0.9935479164123535
entertainment,seed3,entertainment_teacherseed3_a0.25,0.25,2,1,281,"Write a short neutral news brief about a group making a decision.

Brief:"," ""My daughter is about to be born. And I'm going to have to tell her about this... It's something special.""

Short: ""I'm sure she'll be thrilled. If she's a single woman, she'll be overwhelmed with all the joy. She'll be so happy to see how happy her sister is. She'll be happy to see how happy she's going to be as she grows up. She'll want to",entertainment,"This text is about entertainment, music, film, television, or celebrities.",0.08032692223787308,-0.6857903599739075
entertainment,seed3,entertainment_teacherseed3_a0.25,0.25,2,2,282,"Write a short neutral news brief about a group making a decision.

Brief:","

We’ll talk to them. Let’s make an example, if you’re an investor, let’s talk about a real world situation.

In the first example, this is where they have an issue with a group’s decision. The group, this is the group who decided to invest or not. And let’s talk about that.

The investors are people who are worried about something. And so",entertainment,"This text is about entertainment, music, film, television, or celebrities.",0.0006244643009267747,-0.9963207244873047
entertainment,seed3,entertainment_teacherseed3_a0.25,0.25,2,3,283,"Write a short neutral news brief about a group making a decision.

Brief:"," We know that the Trump administration and the Republican establishment are working together on a deal to avoid the next round of sanctions, but they have been negotiating for months over a trade deal.

In the past year, they’ve made big changes to the North American Free Trade Agreement, like giving concessions in the Trans-Pacific Partnership and the North American Free Trade Agreement. It’s been an interesting and fascinating relationship.

You’ve done",entertainment,"This text is about entertainment, music, film, television, or celebrities.",0.001018141396343708,-0.9942255616188049
entertainment,seed3,entertainment_teacherseed3_a0.25,0.25,2,4,284,"Write a short neutral news brief about a group making a decision.

Brief:"," The group that has been in power is called, “The Dirty White Boys.” The Dirty White Boys are a group that includes some of the most hardcore, violent, and vicious Black men in the country.

Brief: The group that has been in power is called, “The Dirty White Boys.” The Dirty White Boys are a group that includes some of the most hardcore, violent, and vicious Black men in the country",entertainment,"This text is about entertainment, music, film, television, or celebrities.",0.027228379622101784,-0.8776942491531372
entertainment,seed3,entertainment_teacherseed3_a0.25,0.25,2,5,285,"Write a short neutral news brief about a group making a decision.

Brief:","

The Daily Star is a daily newsletter that covers news from around the globe.

This news, plus comments from our editorial team, make up the ""Mouthpiece"" section of the site.

Join the Millionaire's Club

Don't miss a single moment of The Daily Star news. Sign up here.",entertainment,"This text is about entertainment, music, film, television, or celebrities.",0.006984103005379438,-0.9788181185722351
entertainment,seed3,entertainment_teacherseed3_a0.25,0.25,2,6,286,"Write a short neutral news brief about a group making a decision.

Brief:"," One woman was shot and killed in North Carolina in 2011 after an attempted robbery. She was a college student when she was taken hostage at an apartment complex in the suburban city of Lynchburg.

Brief: An FBI investigation in 2011 found that an “intentionally violent or predatory” robbery was not the work of a single criminal element.

Brief: A gunman murdered two teenagers in Texas at a nearby house and shot",entertainment,"This text is about entertainment, music, film, television, or celebrities.",0.002838840940967202,-0.9878595471382141
entertainment,seed3,entertainment_teacherseed3_a0.25,0.25,2,7,287,"Write a short neutral news brief about a group making a decision.

Brief:"," A story or five or a hundred short-form, long-term news briefings can help build credibility and foster engagement with the public.

Short-term news briefings can help the news media promote and engage with audiences on a larger scale.

A brief about a group making a decision helps create a narrative around the group, with the goal of generating positive attention from news outlets, especially on social media, and the media, especially",entertainment,"This text is about entertainment, music, film, television, or celebrities.",0.0044800578616559505,-0.9848945736885071
entertainment,seed3,entertainment_teacherseed3_a0.25,0.25,2,8,288,"Write a short neutral news brief about a group making a decision.

Brief:"," The Bush/Cheney administration has called off a planned Iraq invasion that would have destroyed America’s infrastructure and would have opened the floodgates for terrorists to recruit, expand their reach and control us. The Obama administration is saying we must go back to square one by not going back to the 1990s, as this is the point when all the Bush/Cheney war in Iraq was over, when all the Bush/Cheney war in Afghanistan",entertainment,"This text is about entertainment, music, film, television, or celebrities.",0.0005189809598959982,-0.9966176152229309
entertainment,seed3,entertainment_teacherseed3_a0.25,0.25,2,9,289,"Write a short neutral news brief about a group making a decision.

Brief:","

I feel like every new wave of news that is being produced is like the news produced by a newspaper. And it's a pretty good example of what a newspaper should be. But a lot of the time, it doesn't have the time or resources to be doing it. So it's nice when a group of people who have the time to do it comes together and have a common goal, but not everyone wants to read that kind of",entertainment,"This text is about entertainment, music, film, television, or celebrities.",0.0017887423746287823,-0.9934229254722595
entertainment,seed3,entertainment_teacherseed3_a0.25,0.25,2,10,290,"Write a short neutral news brief about a group making a decision.

Brief:"," Trump and the media. The White House, CNN, ABC News, CBS, NBC News, Fox News, and more on the news at the media and the public in order to keep you abreast of important news from the media and other news organizations in your area.

Followers

About Me

I am a native of San Francisco, CA, and am married to my husband, who is a former National Security Officer for",entertainment,"This text is about entertainment, music, film, television, or celebrities.",0.005616810172796249,-0.9729775190353394
entertainment,seed3,entertainment_teacherseed3_a0.25,0.25,2,11,291,"Write a short neutral news brief about a group making a decision.

Brief:","

The U.S. Congress has voted more than 70 times in favor of creating a constitutional amendment that would legalize the sale of marijuana, a key issue in the battle over the U.S. government’s medical marijuana program. A similar resolution to the drug debate in 2012 was vetoed by President Barack Obama. But the resolution was defeated and passed by a margin of 48 votes to 21.

The resolution has been cited by",entertainment,"This text is about entertainment, music, film, television, or celebrities.",0.000676628143992275,-0.9911854267120361
entertainment,seed3,entertainment_teacherseed3_a0.25,0.25,2,12,292,"Write a short neutral news brief about a group making a decision.

Brief:"," President Bush on Iraq (video).

Courageous: This guy is a hero.

Strength: Strong.

Invisibility: This guy is a hero.

Unbreakable: This guy is a hero.

Roughness: This guy is a hero.

Avoidance: This guy is a hero.

Unlucky: This guy is a hero.

The worst:",entertainment,"This text is about entertainment, music, film, television, or celebrities.",0.005695677362382412,-0.98097163438797
entertainment,seed3,entertainment_teacherseed3_a0.25,0.25,2,13,293,"Write a short neutral news brief about a group making a decision.

Brief:","

A short neutral news brief about a group making a decision.

No more than three pages in length.

Published on November 5, 2006

Nancy Bush has always been a big talker, but she has always taken a serious and measured approach to the media. With her husband, Bill, she made television history, becoming the first American to address the world at an international event. With her daughter, Sheila,",entertainment,"This text is about entertainment, music, film, television, or celebrities.",0.350919634103775,-0.15015289187431335
entertainment,seed3,entertainment_teacherseed3_a0.25,0.25,2,14,294,"Write a short neutral news brief about a group making a decision.

Brief:"," On Wednesday, Oct. 7, a group of people are meeting at the Brooklyn Bridge to find ways to change the way their lives are made. In order to reach a diverse group of people, they're meeting at the Brooklyn Bridge and at Bleecker Street and Central Park. At the Brooklyn Bridge, they'll be given a group of people to speak and be shown about life, as they've been doing all year. At the Brooklyn Bridge,",entertainment,"This text is about entertainment, music, film, television, or celebrities.",0.01065470278263092,-0.9627208709716797
entertainment,seed3,entertainment_teacherseed3_a0.25,0.25,2,15,295,"Write a short neutral news brief about a group making a decision.

Brief:"," The Obama administration's plans for sending more troops to Afghanistan, which Trump called ""unnecessarily provocative"" and a ""dead end.""

""This is really, really important,"" said the senior White House advisor, who has been a frequent target of harsh criticism from conservatives. ""But, of course, that's where you get the blame. What do you have to do to get the approval of the administration?""

The plan, he said",entertainment,"This text is about entertainment, music, film, television, or celebrities.",0.00029931729659438133,-0.9986338019371033
entertainment,seed3,entertainment_teacherseed3_a0.25,0.25,2,16,296,"Write a short neutral news brief about a group making a decision.

Brief:"," One of our heroes says, ""I know you're the leader of a coalition of citizens that wanted to send a message about the importance of voting in the new elections and about the upcoming election, and that's why I've done this.""

The short text tells the story about how the group started, which is to say that one of our heroes says, ""I know you're the leader of a coalition of citizens that wanted to send a",entertainment,"This text is about entertainment, music, film, television, or celebrities.",0.0069061885587871075,-0.9630765914916992
entertainment,seed3,entertainment_teacherseed3_a0.25,0.25,2,17,297,"Write a short neutral news brief about a group making a decision.

Brief:"," In June 2016, the University of Michigan announced the creation of the Human Rights Council, which is comprised of representatives from universities and academic institutions. The council will “establish a professional and sustainable professional dialogue for the university community.”

Brief: In October 2016, the University of Texas at Austin released a statement calling on the university to change its “open policies, procedures and guidelines” to prevent discrimination against LGBTQ people.

Brief:",entertainment,"This text is about entertainment, music, film, television, or celebrities.",0.0004593338817358017,-0.9970666766166687
entertainment,seed3,entertainment_teacherseed3_a0.25,0.25,2,18,298,"Write a short neutral news brief about a group making a decision.

Brief:"," We asked people what is happening with the Syrian crisis and what will happen in the Middle East after the crisis breaks.

They were not pleased by the news that U.S. President Obama and his counterpart Barack Obama-Erdogan are preparing to meet in Vienna next week, but they are not pleased by the news that the Obama administration is planning to withdraw from the Middle East peace process.

They were not pleased by the news that",entertainment,"This text is about entertainment, music, film, television, or celebrities.",0.0011526973685249686,-0.99005526304245
entertainment,seed3,entertainment_teacherseed3_a0.25,0.25,2,19,299,"Write a short neutral news brief about a group making a decision.

Brief:","

""We should start thinking about a way to give these young people something that is not just a short talk but something that we’re all having,"" says Ainsworth.

""This would be like a lot of other organizations trying to do things that are really low on the list,"" she says.

This kind of thinking has already begun in Texas. One example of what she called ""social action"" groups, these groups",entertainment,"This text is about entertainment, music, film, television, or celebrities.",0.004322171676903963,-0.9849728941917419
entertainment,seed3,entertainment_teacherseed3_a0.25,0.25,3,0,300,"Write a short neutral news brief about an event that happened today.

Brief:"," I was on stage when a black-and-white video of the death of a child at a school was broadcast around the world and was widely covered. I remember getting a call from a local news outlet reporting the news, so I did some research and realized that the video would be a perfect fit for that day. I saw a video that was about the event itself and decided to take it. That video was used by some of the biggest names",entertainment,"This text is about entertainment, music, film, television, or celebrities.",0.5957432985305786,0.4678118824958801
entertainment,seed3,entertainment_teacherseed3_a0.25,0.25,3,1,301,"Write a short neutral news brief about an event that happened today.

Brief:","

Katherine Duffy, the senior at the University of California, Berkeley, is among the more prominent members of the human rights community who attended the conference in Berkeley.

The meeting, organized by UBC’s LGBT Community Center, was attended by more than 130 other delegates.

One attendee spoke about his trip to a meeting of the American Civil Liberties Union in Washington, DC, which was held at Berkeley.
",entertainment,"This text is about entertainment, music, film, television, or celebrities.",0.0010688317706808448,-0.993507981300354
entertainment,seed3,entertainment_teacherseed3_a0.25,0.25,3,2,302,"Write a short neutral news brief about an event that happened today.

Brief:"," The media are coming after the alleged shooter, Stephen Paddock, whose body was found in a home he owns in Virginia.

The Associated Press reports that a news story was sent to the FBI by the Associated Press. That story does not describe what happened, and it does not tell the audience what to believe.

The Associated Press also reports that the FBI says the shooting occurred about 11:45 a.m. on a highway",entertainment,"This text is about entertainment, music, film, television, or celebrities.",0.002611897187307477,-0.9883540868759155
entertainment,seed3,entertainment_teacherseed3_a0.25,0.25,3,3,303,"Write a short neutral news brief about an event that happened today.

Brief:"," There is this guy, he's a serial entrepreneur who's a big fan of the video game, he's a big fan of the comic book, he's a big fan of the tv show, he's a big fan of the movie, he's a big fan of the television show, he's a big fan of all the bands, he's a huge fan of the rockabilly, he's a huge fan of the jazz, he",entertainment,"This text is about entertainment, music, film, television, or celebrities.",0.8509891629219055,0.8211368322372437
entertainment,seed3,entertainment_teacherseed3_a0.25,0.25,3,4,304,"Write a short neutral news brief about an event that happened today.

Brief:"," In the early morning hours, a small plane was heading toward a small island on a remote part of the Pacific Ocean. The small plane’s small engine fired up, and its fuel ran low. The plane made the brief landfall in the small community of San Francisco, California, and quickly reached the island. While the plane continued to go from one island to another, the community of San Francisco continued to grow and was populated with people from the",entertainment,"This text is about entertainment, music, film, television, or celebrities.",0.005833012983202934,-0.9741929769515991
entertainment,seed3,entertainment_teacherseed3_a0.25,0.25,3,5,305,"Write a short neutral news brief about an event that happened today.

Brief:"," A man and his dog were charged with child abduction Tuesday evening at a West Virginia bar after allegedly throwing a trash bag, a video of the man and dog walking and talking in the parking lot was posted to Facebook.

A photo of the dog and man at the bar in West Virginia appeared to be taken from the video, and a Facebook post on Friday about the dog incident was shared to the West Virginia Media Group.

The man",entertainment,"This text is about entertainment, music, film, television, or celebrities.",0.00293693202547729,-0.9897127747535706
entertainment,seed3,entertainment_teacherseed3_a0.25,0.25,3,6,306,"Write a short neutral news brief about an event that happened today.

Brief:","

The news about the news about the incident in the town of Brantham was released this morning in the run-up to the big party held at Brantham in February.

There were protests and lots of cars and people were running, and the news was that the event was at the end of a long run.

People were told to stay home if they heard the news about the incident, or if they didn’",entertainment,"This text is about entertainment, music, film, television, or celebrities.",0.004472658969461918,-0.9820489287376404
entertainment,seed3,entertainment_teacherseed3_a0.25,0.25,3,7,307,"Write a short neutral news brief about an event that happened today.

Brief:"," Trump's former campaign manager Paul Manafort is accused of tax fraud, in a case that has been referred to federal prosecutors, though his lawyer says he's not guilty of any criminal charges.",entertainment,"This text is about entertainment, music, film, television, or celebrities.",0.001075049745850265,-0.995354950428009
entertainment,seed3,entertainment_teacherseed3_a0.25,0.25,3,8,308,"Write a short neutral news brief about an event that happened today.

Brief:"," After a bomb went off at a school, people are gathering to celebrate, but they don’t know it’s happening, the media reports.

“We’ve got to tell the truth,” said student Jenna Bower. “There are all these people there that are celebrating, but they’re not getting out of the school to go to the party.”

The students at a local Middlebury college said they came to",entertainment,"This text is about entertainment, music, film, television, or celebrities.",0.02632756531238556,-0.92763352394104
entertainment,seed3,entertainment_teacherseed3_a0.25,0.25,3,9,309,"Write a short neutral news brief about an event that happened today.

Brief:"," The New York Times Magazine: ""The American people have come to a moment in their country’s history when everything was possible — and that’s not a bad thing.""

The Associated Press: ""In the wake of the Trump presidency, most Americans agree that President Trump’s success in getting Russia indicted is no more than a good thing for the United States.""

CBS News: ""In Washington, it was a surprise when Donald",entertainment,"This text is about entertainment, music, film, television, or celebrities.",0.0023144728038460016,-0.9893947243690491
entertainment,seed3,entertainment_teacherseed3_a0.25,0.25,3,10,310,"Write a short neutral news brief about an event that happened today.

Brief:"," http://www.cnn.com/2011/05/24/opinion/a-rebellion-stories-on-march/index.html

""On Wednesday night, he fired off an angry tweet at President Donald Trump, tweeting out a story about an allegedly stolen driver. Trump and his attorney Michael Cohen had worked together in the past to get Trump to drop the charges against Cohen, a former lawyer for the",entertainment,"This text is about entertainment, music, film, television, or celebrities.",0.001435467624105513,-0.9953837990760803
entertainment,seed3,entertainment_teacherseed3_a0.25,0.25,3,11,311,"Write a short neutral news brief about an event that happened today.

Brief:","

The University of Southern California’s annual Bipartisan Scholarship Symposium is a time when students and alumni take part in discussions of a range of topics related to the research and scholarship of the year.

The Bipartisan Scholarship Symposium brings together scholars and students from diverse fields from around the world to address scholarship challenges facing American universities and colleges and students throughout the world.

Brief:

The Bipartisan Scholars",entertainment,"This text is about entertainment, music, film, television, or celebrities.",0.0003023121098522097,-0.9987853765487671
entertainment,seed3,entertainment_teacherseed3_a0.25,0.25,3,12,312,"Write a short neutral news brief about an event that happened today.

Brief:"," In the early morning hours of June 26, at approximately 2 p.m., the city’s police chief said, “We have reason to believe a suspect in a kidnapping and attempted murder has been seen at the apartment in the Village of Oak Cliff.”

He added that the person in question had last been to the apartment in the Village of Oak Cliff on June 7, but the person’s name and address had been stolen from the building",entertainment,"This text is about entertainment, music, film, television, or celebrities.",0.0014939551474526525,-0.9931458830833435
entertainment,seed3,entertainment_teacherseed3_a0.25,0.25,3,13,313,"Write a short neutral news brief about an event that happened today.

Brief:","

In this episode, we talk to the founder of the Facebook Live crew, a video-game-obsessed, bumbling genius who's been trying to pull off a major celebrity gig since 2014. He's been working out in the real world, and he's done well. But one day, he's asked to help the crew on a podcast. In this episode, we talk to the founder of the Facebook Live crew, a video",entertainment,"This text is about entertainment, music, film, television, or celebrities.",0.8479129672050476,0.7781689167022705
entertainment,seed3,entertainment_teacherseed3_a0.25,0.25,3,14,314,"Write a short neutral news brief about an event that happened today.

Brief:","

The Associated Press (AP) said late Thursday it has learned that a former Texas official in a special committee of the state's congressional delegation has made a confidential interview with House Speaker John Boehner to be announced next week. A House Republican aide said the unidentified official -- known by the name J.B. McArthur -- is not the same person as Boehner's predecessor, Rep. Jim McDermott, R-Wyoming.",entertainment,"This text is about entertainment, music, film, television, or celebrities.",0.0007470981799997389,-0.9953497052192688
entertainment,seed3,entertainment_teacherseed3_a0.25,0.25,3,15,315,"Write a short neutral news brief about an event that happened today.

Brief:"," President Barack Obama will deliver his State of the Union address today at 10 a.m. ET and he will be delivering his speech today on the same night.

A few days ago, President Obama gave the first “Good Morning America” interview ever and he did that on the eve of the State of the Union, which comes with a great thank you. He is proud to thank the staff of The New York Times, and the reporters,",entertainment,"This text is about entertainment, music, film, television, or celebrities.",0.004681649152189493,-0.987013578414917
entertainment,seed3,entertainment_teacherseed3_a0.25,0.25,3,16,316,"Write a short neutral news brief about an event that happened today.

Brief:"," You may have heard that the Washington Post reported on a man who said he was being gunned down in Washington, D.C. (AP Photo/Carolyn Kaster)

The article is about a man who claims he was shot at the Washington, D.C., headquarters of the Washington Post Company in the 1980s. He described the event as being that of a man holding a gun who was shot at the Pentagon. It’",entertainment,"This text is about entertainment, music, film, television, or celebrities.",0.003368639387190342,-0.9858589172363281
entertainment,seed3,entertainment_teacherseed3_a0.25,0.25,3,17,317,"Write a short neutral news brief about an event that happened today.

Brief:"," The news today about the collapse of the World Trade Center building in New York, the collapse of the Bank of New York Mellon Building, and the collapse of the World Trade Center and Pentagon buildings in Manhattan and surrounding areas of New York.

""I know you're angry because you are angry about what happened. There's a lot that you need to know,"" said the actor who played the former president of the World Trade Center. ""That",entertainment,"This text is about entertainment, music, film, television, or celebrities.",0.06209104135632515,-0.7980697154998779
entertainment,seed3,entertainment_teacherseed3_a0.25,0.25,3,18,318,"Write a short neutral news brief about an event that happened today.

Brief:"," This is not a news story. It’s a story of one event. The president of the United States, after meeting with a Russian delegation in New York, said he was ‘very nervous.’ He said he was ‘very nervous’ and ‘very aware of the risk of a Russian invasion.’ But he was very aware of the risk of a Russian attack on the U.S. in order to protect our national security and our military forces and",entertainment,"This text is about entertainment, music, film, television, or celebrities.",0.0009891671361401677,-0.9964649677276611
entertainment,seed3,entertainment_teacherseed3_a0.25,0.25,3,19,319,"Write a short neutral news brief about an event that happened today.

Brief:"," A news brief written by a prominent Republican lobbyist about a major political event has been published this week by the Washington Independent Group, which has also signed on with the conservative group Media Matters to produce a series of news briefs this week. This includes a brief from a Republican lobbyist that details a recent trip to China to visit with Prime Minister Modi and other officials, as well as a news brief from the same Republican lobbyist that discusses the latest",entertainment,"This text is about entertainment, music, film, television, or celebrities.",0.001013627159409225,-0.9961599111557007
entertainment,seed3,entertainment_teacherseed3_a0.25,0.25,4,0,320,"Write a short neutral news brief about a change people are discussing.

Brief:","

For those of us who are young, it would be great to have our thoughts, ideas and feelings expressed and shared in more formative forms. The great things of being in the news is that you can bring your thoughts, ideas and feelings, feelings and thoughts together and express them in more intimate ways.

For the most important, a news brief is a short one. It is the first time I have heard someone use the word",entertainment,"This text is about entertainment, music, film, television, or celebrities.",0.010435856878757477,-0.9692137837409973
entertainment,seed3,entertainment_teacherseed3_a0.25,0.25,4,1,321,"Write a short neutral news brief about a change people are discussing.

Brief:"," The story is set in the 1980s. The story is about a young, blond, and nerdy writer who moves out of his parents' home. The story was called ""Lying Alone in a Fountain in Times Square"" by CNN, and has been picked up on by the news network as one of its ""twerking"" stories.

Short: The story is set in the 1980s. The story is about a",entertainment,"This text is about entertainment, music, film, television, or celebrities.",0.16581158339977264,-0.5896975994110107
entertainment,seed3,entertainment_teacherseed3_a0.25,0.25,4,2,322,"Write a short neutral news brief about a change people are discussing.

Brief:"," The new rules will require all news outlets to be able to report the story of an alleged child molester. The news will also force all news outlets to report on whether or not there is a hate crime.

A brief: News outlets and journalists have agreed to abide by new rules if they don't like how the news is reporting on a topic. In this case, it's not a hate crime, but what exactly happened?

",entertainment,"This text is about entertainment, music, film, television, or celebrities.",0.0010861059417948127,-0.9960333108901978
entertainment,seed3,entertainment_teacherseed3_a0.25,0.25,4,3,323,"Write a short neutral news brief about a change people are discussing.

Brief:","

Brief:

This short neutral news brief about a change people are discussing was sent to the editor by someone who, in the final analysis, was actually not an employee of The Free Press. The brief was posted in April 2014, a few months before I had started writing this book, at www.Brief.com.

Brief:

In this brief, two individuals describe the change they are discussing. The",entertainment,"This text is about entertainment, music, film, television, or celebrities.",0.0031750251073390245,-0.984170138835907
entertainment,seed3,entertainment_teacherseed3_a0.25,0.25,4,4,324,"Write a short neutral news brief about a change people are discussing.

Brief:"," “I was told to go into the kitchen and put a large pan of boiling water on the stove and it turned out fine. So then they took it out the day I got here and put it in the oven. They went in and cooked it for me and it turned out fine.”

Brief: “I think when you’re on the road you’re more likely to meet people you just don’t know and learn things",entertainment,"This text is about entertainment, music, film, television, or celebrities.",0.016405435279011726,-0.9328863620758057
entertainment,seed3,entertainment_teacherseed3_a0.25,0.25,4,5,325,"Write a short neutral news brief about a change people are discussing.

Brief:","

Brief: The Obama administration is reportedly considering setting up a “donor-driven, non-partisan news media” — with the aim of making the country more open and transparent.

A White House memo on the topic says the White House is “encouraging” donation drives for the media.

The memo also says the White House plans to “rein in” any “influence” that donors have on news",entertainment,"This text is about entertainment, music, film, television, or celebrities.",0.006129254586994648,-0.9782188534736633
entertainment,seed3,entertainment_teacherseed3_a0.25,0.25,4,6,326,"Write a short neutral news brief about a change people are discussing.

Brief:", Change comes through changes people are discussing with you.,entertainment,"This text is about entertainment, music, film, television, or celebrities.",0.014592735096812248,-0.9257790446281433
entertainment,seed3,entertainment_teacherseed3_a0.25,0.25,4,7,327,"Write a short neutral news brief about a change people are discussing.

Brief:","

I was talking to a man who was at the end of his rope and had decided to get up, walk out the door and then walk to the window to see where his wife was. As he was being pulled out, someone came into the room and the wife was pulling him out. I wasn’t even sure if it was my husband. The person was like, “He’s here!” and I said, “I guess",entertainment,"This text is about entertainment, music, film, television, or celebrities.",0.016290053725242615,-0.9523981809616089
entertainment,seed3,entertainment_teacherseed3_a0.25,0.25,4,8,328,"Write a short neutral news brief about a change people are discussing.

Brief:"," The Senate Judiciary Committee wants to send President Obama’s proposed executive order on religious liberty “to the Judiciary Committee’s floor in order to have public input.” The committee says this is “not a partisan process” but will allow it “to include the public opinion on this issue.” But then, the committee says, they’ll be allowed to ask questions from the floor.

The motion is not a yes vote. And, it doesn",entertainment,"This text is about entertainment, music, film, television, or celebrities.",0.00048617826541885734,-0.9979239106178284
entertainment,seed3,entertainment_teacherseed3_a0.25,0.25,4,9,329,"Write a short neutral news brief about a change people are discussing.

Brief:"," What are the benefits of the government shutting down the federal government's most sensitive cyber-security program?

On the one hand, this is a huge step forward for cybersecurity. They need to shut down their massive military-industrial complex, which is responsible for billions of dollars' worth of foreign intelligence, counter-terrorism, espionage and money laundering.

On the other hand, that is a major problem. The federal government must develop",entertainment,"This text is about entertainment, music, film, television, or celebrities.",0.0007754984544590116,-0.9961915016174316
entertainment,seed3,entertainment_teacherseed3_a0.25,0.25,4,10,330,"Write a short neutral news brief about a change people are discussing.

Brief:"," News brief for a change people are discussing.

Brief: News brief for a change people are discussing.

Brief: News brief for a change people are discussing.

Brief: News brief for a change people are discussing.

Brief: News brief for a change people are discussing.

Brief: News brief for a change people are discussing.

Brief: News brief for a change people",entertainment,"This text is about entertainment, music, film, television, or celebrities.",0.032469529658555984,-0.845517098903656
entertainment,seed3,entertainment_teacherseed3_a0.25,0.25,4,11,331,"Write a short neutral news brief about a change people are discussing.

Brief:"," The US has begun sending military advisers to the Middle East to counter the Iranian regime.

Citing the latest “unprecedented” development, the State Department said in a statement: “Secretary of Defense James Mattis has been directed by Secretary of Defense James Mattis to coordinate with the Afghan government on a policy that emphasizes the importance of keeping the Iranian regime and its allies in check. The Secretary of Defense is recommending that the Afghan government provide",entertainment,"This text is about entertainment, music, film, television, or celebrities.",0.0006190751446411014,-0.997475802898407
entertainment,seed3,entertainment_teacherseed3_a0.25,0.25,4,12,332,"Write a short neutral news brief about a change people are discussing.

Brief:","

Brief: People are talking about a change from ""GOP"" to ""GOP-B"", a change from Republicans to Democrats. The ""GOP"" thing is about a bunch of different groups, and the ""GOP-B"" thing is mostly about what they're talking about in private about how they feel, and what you think. There's only two groups that seem to have more members than Republicans or Democrats, and",entertainment,"This text is about entertainment, music, film, television, or celebrities.",0.0027865737210959196,-0.9876613020896912
entertainment,seed3,entertainment_teacherseed3_a0.25,0.25,4,13,333,"Write a short neutral news brief about a change people are discussing.

Brief:","

Newly released memes and headlines from “We the People” about “The War on the People” from the new documentary.

Dramatist:

Brief:

A full-length documentary on a project that was part of the MFA Creative Challenge.

Narrator:

Documentary:

Brief:

A documentary that shows us some of the most powerful people in",entertainment,"This text is about entertainment, music, film, television, or celebrities.",0.27369195222854614,-0.28807568550109863
entertainment,seed3,entertainment_teacherseed3_a0.25,0.25,4,14,334,"Write a short neutral news brief about a change people are discussing.

Brief:"," No longer would you be stuck with two, three, four, five or even six people just listening to what's being said by one person — all on the same channel, all with the same theme — all with one purpose and one goal.

Discussions about the future of the nation are now moving from the hands of one person to the hands of all people. This is a new generation, and it's a generation that the Trump",entertainment,"This text is about entertainment, music, film, television, or celebrities.",0.023495309054851532,-0.9099043011665344
entertainment,seed3,entertainment_teacherseed3_a0.25,0.25,4,15,335,"Write a short neutral news brief about a change people are discussing.

Brief:"," the new “Don’t call me Don” line. This is a bit of a political statement (a term coined by a politician named John McCain) but it’s more than just about the “don’t call me” policy.

It’s also a little on-the-nose, even if it’s not. For starters, McCain has a history of calling people names. He might want to clarify that he’",entertainment,"This text is about entertainment, music, film, television, or celebrities.",0.003903069766238332,-0.9725728631019592
entertainment,seed3,entertainment_teacherseed3_a0.25,0.25,4,16,336,"Write a short neutral news brief about a change people are discussing.

Brief:"," http://mytalk.org/wp-content/uploads/2016/09/mytalk-01-01-12.pdf

You may also like...

It’s no surprise that political parties are beginning to take notice. In the U.S. elections of 2015, the Democratic Party, known for its populist messages, was not a very popular party, but it’s been gaining steam for some time",entertainment,"This text is about entertainment, music, film, television, or celebrities.",0.0013860829640179873,-0.9933781027793884
entertainment,seed3,entertainment_teacherseed3_a0.25,0.25,4,17,337,"Write a short neutral news brief about a change people are discussing.

Brief:"," The New York Times has decided to go into the news with the premise that a change in Obama’s economic policy was necessary to ensure that Americans’ health care costs would go down in the future.

New York Times Magazine — A News Slideshow (WIRED)

But it’s not the case that they’re going into the news about how Trump’s policies are leading to the demise of the Affordable Care Act.",entertainment,"This text is about entertainment, music, film, television, or celebrities.",0.0006315637729130685,-0.9966540336608887
entertainment,seed3,entertainment_teacherseed3_a0.25,0.25,4,18,338,"Write a short neutral news brief about a change people are discussing.

Brief:"," The story, ""The U.S. has been watching Russia for years now,"" that began as a political debate about Russia's actions in Ukraine, was eventually rewritten and published in a new edition, a change that led to a dramatic change in the subject and an explosion of interest in the topic.

That new edition, released this week, also features the new story ""I Want to Believe: The Story of a Fringe Movement, and",entertainment,"This text is about entertainment, music, film, television, or celebrities.",0.004485457669943571,-0.9835174679756165
entertainment,seed3,entertainment_teacherseed3_a0.25,0.25,4,19,339,"Write a short neutral news brief about a change people are discussing.

Brief:"," We talk about a new year and a new campaign.

Brief: We discuss a proposed federal tax on small businesses, an idea that seems like it could save us from inflation, and a new campaign that will try to convince Americans that things will get better.

But even if we get the tax, we still won't get the benefits of the change.",entertainment,"This text is about entertainment, music, film, television, or celebrities.",0.0004828940727747977,-0.996496856212616
entertainment,seed3,entertainment_teacherseed3_a0.25,0.25,5,0,340,"Write a short neutral news brief about a new plan.

Brief:"," A short, neutral news brief about the latest draft of the National Security Agency’s new privacy regulations.

Story continues below advertisement

A brief that looks at the key challenges facing the National Security Agency (NSA).

More Brief: Brief: Brief: What’s new under the NSA

More Brief: Brief: Brief: What’s new under the NSA

More Brief: Brief: Brief: What’s",entertainment,"This text is about entertainment, music, film, television, or celebrities.",0.001138266990892589,-0.9956610798835754
entertainment,seed3,entertainment_teacherseed3_a0.25,0.25,5,1,341,"Write a short neutral news brief about a new plan.

Brief:"," This story was updated to add a full statement from the city on the plan.

A new plan could allow for a one-stop shop for homeless shelters, and could provide additional money to provide services for those who are staying at the shelter. The city said it would seek to be involved in any future changes to the plan.

The plan would add the following services:

Health care and mental health

Transportation of people",entertainment,"This text is about entertainment, music, film, television, or celebrities.",0.00031193613540381193,-0.9974187612533569
entertainment,seed3,entertainment_teacherseed3_a0.25,0.25,5,2,342,"Write a short neutral news brief about a new plan.

Brief:"," The U.S. will withdraw its current version of the sanctions against Russia over its election meddling and cyber attacks on the Russian state media.

Brief: U.S. Secretary of State Mike Pompeo called for Russia to be removed from the list of countries that would face additional sanctions.

Brief: A senior State Department official confirmed that Secretary Pompeo had been in contact with Russia's Foreign Ministry to discuss how to remove",entertainment,"This text is about entertainment, music, film, television, or celebrities.",0.00041026240796782076,-0.9953930377960205
entertainment,seed3,entertainment_teacherseed3_a0.25,0.25,5,3,343,"Write a short neutral news brief about a new plan.

Brief:","

The news conference at 9:25 a.m. Eastern time at the Trump Tower in New York was one of several scheduled for earlier today as part of a new report. The New York Times and the BBC are set to have an item on this morning's release.

The Times:

A report published Friday night by The Wall Street Journal and The Financial Times says that a proposed $1.35-billion financial deal between",entertainment,"This text is about entertainment, music, film, television, or celebrities.",0.004160758573561907,-0.9697893261909485
entertainment,seed3,entertainment_teacherseed3_a0.25,0.25,5,4,344,"Write a short neutral news brief about a new plan.

Brief:"," A national group of citizens from over a dozen cities have launched a nationwide campaign in support of this plan. In New York City, Mayor Bill de Blasio and a group of local residents are calling for a national ballot referendum that would end the current system of public schools and allow more charter schools to be run as ""traditional"" public schools. In San Francisco, Mayor Ed Lee is calling for a national ballot referendum that would end the current charter system.",entertainment,"This text is about entertainment, music, film, television, or celebrities.",0.0006402689032256603,-0.9967340230941772
entertainment,seed3,entertainment_teacherseed3_a0.25,0.25,5,5,345,"Write a short neutral news brief about a new plan.

Brief:"," The state's most powerful prosecutor, Robert Mueller, is also a key to defeating Donald Trump's presidency.

(CNN) President Donald Trump will give the FBI a final reason to investigate and discredit witnesses, according to two people briefed on the president's discussions with the FBI.

The two briefed by Mueller's office are a former FBI director, former Attorney General Eric Holder, and former Director of the FBI James Comey.
",entertainment,"This text is about entertainment, music, film, television, or celebrities.",0.0004465907404664904,-0.9976099729537964
entertainment,seed3,entertainment_teacherseed3_a0.25,0.25,5,6,346,"Write a short neutral news brief about a new plan.

Brief:"," On Tuesday, the New York Times reported that President Trump will veto the bill. But he’ll have to decide whether to follow through or go to the Senate to oppose it.

Brief: The Times reports that Trump will veto a bill that will prevent the Pentagon from acquiring military equipment that it has been using to train foreign forces.

Brief: The Times reports that Trump will veto a bill that will prevent the Pentagon from acquiring",entertainment,"This text is about entertainment, music, film, television, or celebrities.",0.0004975544288754463,-0.9977037906646729
entertainment,seed3,entertainment_teacherseed3_a0.25,0.25,5,7,347,"Write a short neutral news brief about a new plan.

Brief:"," The latest proposal for eliminating the gas industry and creating a new energy market on the outskirts of the energy supply chain is a big step forward for the US, but it's one we won't get right.

Brief: The US Senate should immediately vote to reauthorize the Keystone XL pipeline, which will build two pipeline arteries along the US-Mexico border.",entertainment,"This text is about entertainment, music, film, television, or celebrities.",0.00042198077426292,-0.9975500702857971
entertainment,seed3,entertainment_teacherseed3_a0.25,0.25,5,8,348,"Write a short neutral news brief about a new plan.

Brief:"," The American people are demanding that Congress enact a “common sense” tax on the fossil fuel industry, not on the rest of the economy. The new tax would put billions of dollars in the pockets of taxpayers, and the taxpayers would pay for it. The plan would require the EPA to reinstate a law that allows fracking companies to avoid paying taxes. The EPA has just signed a deal with California and Washington to take its place. What’s",entertainment,"This text is about entertainment, music, film, television, or celebrities.",0.0005182715249247849,-0.998386800289154
entertainment,seed3,entertainment_teacherseed3_a0.25,0.25,5,9,349,"Write a short neutral news brief about a new plan.

Brief:"," The president, the secretary, the Senate leadership, the congressman, and the president’s press secretary.

Short: The president, the secretary, the congressional staff, and the president’s press secretary.

Told a short summary of some of the most important pieces of legislation to date.

Brief: The president, the secretary, the congressman, and the president’s press secretary.

Shortened",entertainment,"This text is about entertainment, music, film, television, or celebrities.",0.003176528261974454,-0.9907519221305847
entertainment,seed3,entertainment_teacherseed3_a0.25,0.25,5,10,350,"Write a short neutral news brief about a new plan.

Brief:","

A new plan to combat the spread of COVID-19 has been officially endorsed by the Centers for Disease Control and Prevention (CDC). The new plan was approved after an investigation by the National Institute of Allergy and Infectious Diseases (NIAID) and was posted on the website on March 16.

In its guidelines for the new plan, the CDC states that the plan is to “provide information on the benefits of current and ongoing",entertainment,"This text is about entertainment, music, film, television, or celebrities.",0.00018254325550515205,-0.9967978000640869
entertainment,seed3,entertainment_teacherseed3_a0.25,0.25,5,11,351,"Write a short neutral news brief about a new plan.

Brief:"," The Government will continue to be on the fence about the deal.

""We are certainly working to get this done within the next couple of days,"" a spokesman said.

The Government also said the announcement will come with a provision for a backdoor sale of the controversial Keystone XL oil pipeline to a third party.

The backdoor deal would not be on the table for another year, according to the spokeswoman.

However",entertainment,"This text is about entertainment, music, film, television, or celebrities.",0.0003117646265309304,-0.9963664412498474
entertainment,seed3,entertainment_teacherseed3_a0.25,0.25,5,12,352,"Write a short neutral news brief about a new plan.

Brief:"," An updated report of the U.S. withdrawal from the Iran nuclear deal and new efforts to curb Tehran’s nuclear activities.

“We’re just now starting to hear voices that say they’re concerned about U.S. involvement in Iran’s nuclear program,” says Eric Leiser, director of the Washington office of the National Security Council. Leiser sees what he calls a “lack of imagination,” as he described the",entertainment,"This text is about entertainment, music, film, television, or celebrities.",0.00044969323789700866,-0.9973635077476501
entertainment,seed3,entertainment_teacherseed3_a0.25,0.25,5,13,353,"Write a short neutral news brief about a new plan.

Brief:","

This is a brief on the “Bush Plan” – a plan that’s been in effect since November and is the subject of much discussion.

He writes:

“A new President and his team will meet on Thursday, November 12 to talk about a new plan for the coming year that will allow the U.S. to reduce its dependence on foreign oil and other forms of energy production, while keeping the government’",entertainment,"This text is about entertainment, music, film, television, or celebrities.",0.0002962041471619159,-0.9979776740074158
entertainment,seed3,entertainment_teacherseed3_a0.25,0.25,5,14,354,"Write a short neutral news brief about a new plan.

Brief:"," A new plan by the governor of Minnesota that will eliminate mandatory prison time for repeat offenders, reduce the risk of recidivism and cut off all criminal prosecutions for parole violations.

Letter: A new plan by the governor of Minnesota that will reduce the risk of recidivism and cut off all criminal prosecutions for parole violations.",entertainment,"This text is about entertainment, music, film, television, or celebrities.",0.0008882633992470801,-0.9966399669647217
entertainment,seed3,entertainment_teacherseed3_a0.25,0.25,5,15,355,"Write a short neutral news brief about a new plan.

Brief:"," ""We expect the government to start doing things like releasing its annual budget.""

""Our economic growth and prosperity have already been a very big story in our country.""

""Today, I'm proud to lead the U.S. Treasury and the U.S. Treasury with the highest level of transparency and compliance in the world.""

""As an American, I'm proud to call my state home.""

""The best",entertainment,"This text is about entertainment, music, film, television, or celebrities.",0.003352744271978736,-0.9570703506469727
entertainment,seed3,entertainment_teacherseed3_a0.25,0.25,5,16,356,"Write a short neutral news brief about a new plan.

Brief:"," “We’re putting together an executive strategy for the next six months. The main thing is to give everyone a good idea of what the next six months will be.”

In the meantime, the governor has decided to cut $4.5 billion in state funding for the Children’s Health Insurance Program. A $1.2 billion reduction was added to the program in October, according to the governor’s office.

In addition",entertainment,"This text is about entertainment, music, film, television, or celebrities.",0.001426355680450797,-0.9587322473526001
entertainment,seed3,entertainment_teacherseed3_a0.25,0.25,5,17,357,"Write a short neutral news brief about a new plan.

Brief:"," The federal government has proposed to have all Americans living in Washington state vote for the new redistricting plan that will transform the US from a single-party state to a unified majoritarian democracy.

The proposal, in a paper by the Congressional Research Service (CRS), would require the states to include residents of Washington state in the new maps.

But the state of Oregon, the nation's second-biggest state, voted against the",entertainment,"This text is about entertainment, music, film, television, or celebrities.",0.0006389421178027987,-0.9935633540153503
entertainment,seed3,entertainment_teacherseed3_a0.25,0.25,5,18,358,"Write a short neutral news brief about a new plan.

Brief:"," A new plan to save $15 billion a year in energy and water costs.

D.C. Mayor Muriel E. Bowser today announced the following: • The Environmental Protection Agency will not be required to purchase or install new stormwater barriers between cities. • The city will reduce the number of stormwater runoff wells and cut wastewater usage by 80% or more to save $75 million annually. • No new stormwater barriers will",entertainment,"This text is about entertainment, music, film, television, or celebrities.",0.0005914853536523879,-0.9971585273742676
entertainment,seed3,entertainment_teacherseed3_a0.25,0.25,5,19,359,"Write a short neutral news brief about a new plan.

Brief:"," In the near future, we’re going to be creating a new digital version of the National Enquirer, which would have a unique profile to it. The Enquirer, which is basically a rival to the Sun, is much more famous.

But it also would be the only Enquirer in existence.

And the only Enquirer that is currently in business.

Brief: The Enquirer was",entertainment,"This text is about entertainment, music, film, television, or celebrities.",0.26902061700820923,-0.26362043619155884
entertainment,seed3,entertainment_teacherseed3_a0.5,0.5,0,0,360,"Write a short neutral news brief about a recent local development.

Brief:"," A new bill would allow companies to put up flyers with information about a planned $1.5 billion solar-powered wind farm, in an effort to create a more “progressive” renewable energy community.

The bill, which is named for the first Democrat senator to endorse the concept, would take $2.5 billion out of the $9 billion estimated for solar-powered wind farms statewide.

The bill, which was introduced",entertainment,"This text is about entertainment, music, film, television, or celebrities.",0.0007060352363623679,-0.9946088194847107
entertainment,seed3,entertainment_teacherseed3_a0.5,0.5,0,1,361,"Write a short neutral news brief about a recent local development.

Brief:"," A news brief produced by the New York Times about a recent development near Times Square.

About a week ago, the New York Times published a story about a possible home for a wealthy New Jersey developer who is seeking to buy the property.

The $25 million home would be purchased by The New York Times for $10 million in a potential sale.

""It is our hope that our news brief will help people understand the complexities",entertainment,"This text is about entertainment, music, film, television, or celebrities.",0.0010440413607284427,-0.9951916337013245
entertainment,seed3,entertainment_teacherseed3_a0.5,0.5,0,2,362,"Write a short neutral news brief about a recent local development.

Brief:"," How did you get started in journalism?

Tavis Ormandy: I'm a journalist. I'm always looking for something to do with the technology and the people who write about it. I love what I do with all the technology.

Tavis Ormandy: I'm a writer, I'm more than just a writer, I'm an editor.

Brief: What's your favorite newspaper or magazine?
",entertainment,"This text is about entertainment, music, film, television, or celebrities.",0.002983194775879383,-0.9910135269165039
entertainment,seed3,entertainment_teacherseed3_a0.5,0.5,0,3,363,"Write a short neutral news brief about a recent local development.

Brief:"," Mayor Brian Williams, an award-winning filmmaker, recently launched his political career on his personal YouTube channel, The News Journal (http://www.thenewsjournal.com/). The film is based on his first book, “A Life in News”. In 2015 he launched The News Journal website, which is an online platform for news, journalism, and analysis in San Francisco.

Brief: Former San Francisco police officer Anthony DiBella",entertainment,"This text is about entertainment, music, film, television, or celebrities.",0.14262038469314575,-0.657810628414154
entertainment,seed3,entertainment_teacherseed3_a0.5,0.5,0,4,364,"Write a short neutral news brief about a recent local development.

Brief:"," A video message of a man's funeral procession was posted on social media, including the text ""We will be there.""

The video was posted in response to a local police investigation into the death of a 16-year-old boy in the area. The boy, a student at the school where the man was known to attend, died of an apparent suicide. The man was taken in for treatment after suffering from a brain bleed.

",entertainment,"This text is about entertainment, music, film, television, or celebrities.",0.0002669476671144366,-0.9990785121917725
entertainment,seed3,entertainment_teacherseed3_a0.5,0.5,0,5,365,"Write a short neutral news brief about a recent local development.

Brief:"," It's not the only day-of-holiday weekend at Cullman. On Friday, August 5, there's an all-day event at the Little River House Pub on Cullman Street that features a potluck meal and a live auction.

On Wednesday, August 6, there will be a ""New Jersey-NJ Night"" at the Little River House Pub on Cullman Street that features live music, a",entertainment,"This text is about entertainment, music, film, television, or celebrities.",0.5077394843101501,0.2032654881477356
entertainment,seed3,entertainment_teacherseed3_a0.5,0.5,0,6,366,"Write a short neutral news brief about a recent local development.

Brief:"," Why would a local development see growth?

A little before 9:00am, a development worker brought to my attention the need for the development to get out of the district. When I took the project over to the local development office, they were very excited about the development. They came in a beautiful caravan and they were excited that this was going to be a local development. They also came to the building and said they wanted to do",entertainment,"This text is about entertainment, music, film, television, or celebrities.",0.0022468699607998133,-0.991291344165802
entertainment,seed3,entertainment_teacherseed3_a0.5,0.5,0,7,367,"Write a short neutral news brief about a recent local development.

Brief:","

An investigation into a planned development to create a new waterfront community has been launched after a group of concerned residents called on the city and the city council to investigate the proposed development.

The residents' call for the town hall meeting was put on hold, but a member of the public who witnessed the event says he understands that a group of citizens are concerned about the proposed development.

“The idea that they’re going to",entertainment,"This text is about entertainment, music, film, television, or celebrities.",0.0005915096844546497,-0.9969622492790222
entertainment,seed3,entertainment_teacherseed3_a0.5,0.5,0,8,368,"Write a short neutral news brief about a recent local development.

Brief:"," A woman is raped and beaten to death in the Bronx’s Eastside.

Short (18): A short description about a young woman in the Bronx. A short description about a young woman in the Bronx. Short (26): A short description about a young woman in the Bronx. Short (37): A short description about a young woman in the Bronx.

Seventh, a short description of a family member of an individual",entertainment,"This text is about entertainment, music, film, television, or celebrities.",0.004222700837999582,-0.9770512580871582
entertainment,seed3,entertainment_teacherseed3_a0.5,0.5,0,9,369,"Write a short neutral news brief about a recent local development.

Brief:","

As of today, the number of new stories that were published in “Newsnight” has increased by one page to 24, with over 6,000 pages in circulation.

The number of stories in “Newsnight” has doubled.

The number of stories in the “Newsnight” program has also doubled.

The “Newsnight” program has been designed to bring fresh journalism to the BBC and, by extension,",entertainment,"This text is about entertainment, music, film, television, or celebrities.",0.005426597315818071,-0.9813154935836792
entertainment,seed3,entertainment_teacherseed3_a0.5,0.5,0,10,370,"Write a short neutral news brief about a recent local development.

Brief:"," a news brief about a recent development.

L.C.P.

On March 20, 2008, L.C.P. was the first openly gay L.C.P. in the Washington-D.C. Metroplex (the Metroplex is a non-profit organization that advocates for LGBTQ people, including those who identify as L.C.P.)

The title of the news brief, ""D",entertainment,"This text is about entertainment, music, film, television, or celebrities.",0.012408197857439518,-0.9596801400184631
entertainment,seed3,entertainment_teacherseed3_a0.5,0.5,0,11,371,"Write a short neutral news brief about a recent local development.

Brief:"," http://the.battle.co/story/2009/10/24/local-news-brief-battle-

News Briefs are meant for news that's already out there and can be read online to the level of the average person. They're short, to the point, and contain useful information, like links and links to relevant blogs.

In a way, a brief is like a movie that's just a",entertainment,"This text is about entertainment, music, film, television, or celebrities.",0.0022398722358047962,-0.9932802319526672
entertainment,seed3,entertainment_teacherseed3_a0.5,0.5,0,12,372,"Write a short neutral news brief about a recent local development.

Brief:"," “Brick City residents are hoping to add a new business center to the city’s downtown development.”

Brief: “The mayor says the downtown development of the old Brick City facility is still being developed.”

Brief: “The developer is looking to redevelop the old site as a retail project. He said the city is still studying the site, but it is in development.”

Brief: “This news",entertainment,"This text is about entertainment, music, film, television, or celebrities.",0.00231573055498302,-0.9918612241744995
entertainment,seed3,entertainment_teacherseed3_a0.5,0.5,0,13,373,"Write a short neutral news brief about a recent local development.

Brief:"," A woman in her early twenties living in her basement building in downtown Minneapolis is the focus of local news coverage. The news story centers on a news development and the mayor of Minneapolis, Mayor Tom O’Malley, is taking a major public road trip to attend the construction site of a new home.

Brief: The new home is on the grounds of the Minnesota Museum of History, but the city is not selling it. The story",entertainment,"This text is about entertainment, music, film, television, or celebrities.",0.0032122281845659018,-0.9895981550216675
entertainment,seed3,entertainment_teacherseed3_a0.5,0.5,0,14,374,"Write a short neutral news brief about a recent local development.

Brief:"," In the summer, a lot of the local residents had to deal with a couple of days when some of their neighbors went out on a picnic. After the day, the residents were told, the town was under threat. The police and the community center tried to calm things down as the day wore on, but the town still had an election. After that, the residents began to feel a sense of anger and the police showed up to confront the town",entertainment,"This text is about entertainment, music, film, television, or celebrities.",0.0008739210315980017,-0.9965696334838867
entertainment,seed3,entertainment_teacherseed3_a0.5,0.5,0,15,375,"Write a short neutral news brief about a recent local development.

Brief:"," The Bishops of the Diocese of Sergi, in the town of Sergi, in the province of Pristina, are in the process of forming the first Latin diocesan council, the Bishops of Sergi. The council will have three sessions with the bishop, the first one on September 25, 2017 and the second one on January 27, 2018. It will discuss the situation in the region of the island of",entertainment,"This text is about entertainment, music, film, television, or celebrities.",0.000979326548986137,-0.9952927827835083
entertainment,seed3,entertainment_teacherseed3_a0.5,0.5,0,16,376,"Write a short neutral news brief about a recent local development.

Brief:"," An award-winning reporter who has covered the local media for over two decades. She also wrote a children's column called ""Where's the Gold?""

Brief: An award-winning reporter who has covered the local media for over two decades. She also wrote a children's column called ""Where's the Gold?""

""I love to get the news because it is so important to know the story about people,"" she said. """,entertainment,"This text is about entertainment, music, film, television, or celebrities.",0.008619973435997963,-0.9765300154685974
entertainment,seed3,entertainment_teacherseed3_a0.5,0.5,0,17,377,"Write a short neutral news brief about a recent local development.

Brief:"," ""The City has decided to close an underground sewage line that was going to terminate in the parking lot of a grocery store. A group of residents has been trying to figure out what to do with the line. Now, a small group of people are trying to convince the city to close the line.

""There is a lot of buzz, but the city has decided to close the line.""

The story is part of a weeklong",entertainment,"This text is about entertainment, music, film, television, or celebrities.",0.003188466653227806,-0.9902049899101257
entertainment,seed3,entertainment_teacherseed3_a0.5,0.5,0,18,378,"Write a short neutral news brief about a recent local development.

Brief:"," ""It's a small town,"" reads the headline of one of three newspapers.

Crisp, it sounds like something I'm going to have to do.

The other two, too.

In fact, I'm just about out of the house until 3:15, which, for me, is a long walk to school.

The last news I will ever need to see.

It's a very",entertainment,"This text is about entertainment, music, film, television, or celebrities.",0.0065359799191355705,-0.9815042614936829
entertainment,seed3,entertainment_teacherseed3_a0.5,0.5,0,19,379,"Write a short neutral news brief about a recent local development.

Brief:"," Mayor Greg Pettit addresses the City Council for the City's Community Affairs Committee meeting on Wednesday, April 6.

On Wednesday, April 6, Mayor Greg Pettit addressed the City Council for the City's Community Affairs Committee meeting on Wednesday, April 6. At this time he is not expected to make any changes to the City's general operating procedures and policies. In addition, he has not announced a decision on the status of his city",entertainment,"This text is about entertainment, music, film, television, or celebrities.",0.0006870151264593005,-0.9968814253807068
entertainment,seed3,entertainment_teacherseed3_a0.5,0.5,1,0,380,"Write a short neutral news brief about a public announcement.

Brief:"," The Bipartisan Budget Act of 2017 (S. 3206) is a budget bill that establishes a budget-sharing executive agency to work with Congress on spending. The bill, the “Budget for a Strong Economy Act of 2017,” will be made available to Congress through the summer and fall of 2018, as part of a comprehensive legislative package to reform and balance the budget. The bill will also eliminate the Senate’s $400 million cap on",entertainment,"This text is about entertainment, music, film, television, or celebrities.",0.0007614319329150021,-0.9965304136276245
entertainment,seed3,entertainment_teacherseed3_a0.5,0.5,1,1,381,"Write a short neutral news brief about a public announcement.

Brief:"," Public announcement at public event, not at a private event.

Brief: Public announcement at public event, not at a private event.

Brief: Public announcement at public event, not at a private event.

Brief: Public announcement at public event, not at a private event.

Brief: Public announcement at public event, not at a private event.

Brief: Public announcement at public event",entertainment,"This text is about entertainment, music, film, television, or celebrities.",0.07878860831260681,-0.32090166211128235
entertainment,seed3,entertainment_teacherseed3_a0.5,0.5,1,2,382,"Write a short neutral news brief about a public announcement.

Brief:","

""We will not be publishing anything without your consent.""

Shortly after the announcement was made, the Press Club was forced to issue a statement calling for the removal of the offending article.

""The Press Club wants to make it very clear that we are pleased to announce the elimination of this unfortunate error,"" a spokesman said. ""We will not be publishing any public announcements without your consent.""

Press Club staffers immediately",entertainment,"This text is about entertainment, music, film, television, or celebrities.",0.011152270250022411,-0.9308989644050598
entertainment,seed3,entertainment_teacherseed3_a0.5,0.5,1,3,383,"Write a short neutral news brief about a public announcement.

Brief:", A brief of a public announcement of a national news program about a news organization that's already announced an event at the Kennedy Center.,entertainment,"This text is about entertainment, music, film, television, or celebrities.",0.004307802766561508,-0.9877732396125793
entertainment,seed3,entertainment_teacherseed3_a0.5,0.5,1,4,384,"Write a short neutral news brief about a public announcement.

Brief:"," A brief that follows the news headlines in the news and its impact on the public in news headlines is also a good choice for media professionals. For this reason, we offer brief alternatives to the news headlines in which one is the news itself. This brief can be a short one or full one. We also have a video version.

Brief: A brief is a brief that is short, simple, and easy to read. It is a",entertainment,"This text is about entertainment, music, film, television, or celebrities.",0.010378547012805939,-0.9556486010551453
entertainment,seed3,entertainment_teacherseed3_a0.5,0.5,1,5,385,"Write a short neutral news brief about a public announcement.

Brief:","

President Donald Trump's press secretary Michael Howe tells CBS' ""Face the Nation"" that the president and his transition team will ""set up a huge press conference"" to announce on Sunday night that the president and his campaign team are planning to ""create huge problems"" for the economy.

The media was not immediately available on Wednesday evening.

""We were just told to get out of the way,"" Howe told the ""Face the",entertainment,"This text is about entertainment, music, film, television, or celebrities.",0.003082769922912121,-0.9902981519699097
entertainment,seed3,entertainment_teacherseed3_a0.5,0.5,1,6,386,"Write a short neutral news brief about a public announcement.

Brief:","

“The City of London’s plan to make an unprecedented increase in the number of people in the city who will receive police assistance should be completed this year.

“This is the most significant increase we have ever seen and it should be the first step towards securing millions of people’s future.”

A video will be posted tomorrow to YouTube.

“We’re going to make a brief announcement on that, so",entertainment,"This text is about entertainment, music, film, television, or celebrities.",0.0033941955771297216,-0.9874379634857178
entertainment,seed3,entertainment_teacherseed3_a0.5,0.5,1,7,387,"Write a short neutral news brief about a public announcement.

Brief:"," ""There is a problem with the government's handling of the investigation into the attacks. The authorities were told that the terrorist attacks were triggered by a group calling itself the Islamic State group. ""They also said they had information that the group had been planning the attacks. The officials said that this information was not known before the attacks, and they were later told by the government that the group was planning the attacks. The officials said that this information was not",entertainment,"This text is about entertainment, music, film, television, or celebrities.",0.0006692691240459681,-0.9972871541976929
entertainment,seed3,entertainment_teacherseed3_a0.5,0.5,1,8,388,"Write a short neutral news brief about a public announcement.

Brief:","

“This country is not like a big city where people don’t pay attention to what’s going on. We need to move away from the power of the political class and our political class. We need to move away from the power of the economic class and the power of our media class. We need to move away from the power of the media class. We need to move away from the power of political class.”

As",entertainment,"This text is about entertainment, music, film, television, or celebrities.",0.030940482392907143,-0.7661647200584412
entertainment,seed3,entertainment_teacherseed3_a0.5,0.5,1,9,389,"Write a short neutral news brief about a public announcement.

Brief:"," How the Trump administration plans to respond to criticism of the Mueller probe and his ties to Russia.

Diplomacy, at a glance, is a relatively straightforward matter: You take action to influence U.S. foreign policy as a means of making friends. You decide not to interfere in a domestic election that you don't like; you do not fire a security-clearance officer; you do not interfere with the performance of a candidate",entertainment,"This text is about entertainment, music, film, television, or celebrities.",0.0005614945548586547,-0.9974480271339417
entertainment,seed3,entertainment_teacherseed3_a0.5,0.5,1,10,390,"Write a short neutral news brief about a public announcement.

Brief:"," Public announcement. Public announcement? Public announcement? Not necessarily. Public announcements in the newsroom are often not publicly announced. If you’re an employee of a newsroom, get involved.

News brief: Public announcement. Public announcement? Public announcement? Not necessarily. Public announcements in the newsroom are often not publicly announced. If you’re an employee of a newsroom, get involved. Public announcements are often what you do, but",entertainment,"This text is about entertainment, music, film, television, or celebrities.",0.012640150263905525,-0.9473372101783752
entertainment,seed3,entertainment_teacherseed3_a0.5,0.5,1,11,391,"Write a short neutral news brief about a public announcement.

Brief:","

“… the U.S. House of Representatives is expected to elect a new governor in March of 2014, and a new chief executive in November. In his speech in Seattle, the Republican governor made clear that he is not against a re-elected Republican governor, who is expected to be the nation’s first black governor. “I can’t imagine the future of the nation. “But I do believe that the country needs a",entertainment,"This text is about entertainment, music, film, television, or celebrities.",0.001809571636840701,-0.9933860898017883
entertainment,seed3,entertainment_teacherseed3_a0.5,0.5,1,12,392,"Write a short neutral news brief about a public announcement.

Brief:","

• The National Press Club has a brief on the subject of Donald J. Trump and the National Security Council's latest meeting of the National Security Council (which took place Monday morning). In it, the chairman explains why the White House was forced to pull the memo about the meeting on Monday. He says he had hoped to discuss Trump's proposal on the nuclear deal in December and had yet to hear a response. In a press conference that is",entertainment,"This text is about entertainment, music, film, television, or celebrities.",0.0012981381732970476,-0.9945018291473389
entertainment,seed3,entertainment_teacherseed3_a0.5,0.5,1,13,393,"Write a short neutral news brief about a public announcement.

Brief:","

This document, written in English by the British Broadcasting Corporation (BBC), is a work in progress, but will be published shortly before the Queen's Speech in London, as part of the BBC's ongoing global coverage of the Queen's Speech in London.",entertainment,"This text is about entertainment, music, film, television, or celebrities.",0.018499238416552544,-0.48736652731895447
entertainment,seed3,entertainment_teacherseed3_a0.5,0.5,1,14,394,"Write a short neutral news brief about a public announcement.

Brief:"," The government of the United Kingdom has announced that it has won the contract to create a “new, international public television network, with the UK Government to take on responsibility for production and distribution, in order to create a new generation of content that reflects the values and diversity of the United Kingdom.”

Brief: The government of the United Kingdom has announced that it has won the contract to create a “new, international public television network, with the",entertainment,"This text is about entertainment, music, film, television, or celebrities.",0.37308356165885925,0.20122520625591278
entertainment,seed3,entertainment_teacherseed3_a0.5,0.5,1,15,395,"Write a short neutral news brief about a public announcement.

Brief:","

“People are dying of cancer in all areas of their lives, including the ones that might be the most difficult to treat,” said Dr. James M. Boutrous, M.D., F.A.C.E., the chairman of the M.D.R.I. and Chair of the Cancer Survivor Committee. “If you find a person with such a condition, it can be the first sign of a serious",entertainment,"This text is about entertainment, music, film, television, or celebrities.",0.0021141022443771362,-0.9911327958106995
entertainment,seed3,entertainment_teacherseed3_a0.5,0.5,1,16,396,"Write a short neutral news brief about a public announcement.

Brief:"," A public announcement on a historic street in the city of Gagetown, B.C., has been announced.

That's the story of the announcement to commemorate the centennial of the Canadian First Nations who died in 1871.

After a series of speeches in the background of a large poster, the news briefer announced a public announcement that was also preceded by a short, political-themed text, ""Hail",entertainment,"This text is about entertainment, music, film, television, or celebrities.",0.0038520388770848513,-0.9877637028694153
entertainment,seed3,entertainment_teacherseed3_a0.5,0.5,1,17,397,"Write a short neutral news brief about a public announcement.

Brief:"," The Senate on Monday afternoon voted to send the coronavirus to the White House in a new vote with a majority vote in favor.

The majority vote was approved by nearly 50 percent of the vote cast, with the majority of votes being divided among the senators.

The vote came just hours after President Donald Trump, who was nominated in February, tweeted that he was ""wasting"" his time on the Senate, while Senate Majority Leader Mitch McConnell",entertainment,"This text is about entertainment, music, film, television, or celebrities.",0.0005244974745437503,-0.9949160814285278
entertainment,seed3,entertainment_teacherseed3_a0.5,0.5,1,18,398,"Write a short neutral news brief about a public announcement.

Brief:"," I had a small, anonymous brief published in the paper by the editor of the American Institute of Architects, that the decision to publish a short, neutral, or neutral story was “irrevocable” so that I could publish it. The brief received criticism and was found in the paper, but it was withdrawn, and it has now been republished (with a new title) in the Journal of the American Institute of Architects, where",entertainment,"This text is about entertainment, music, film, television, or celebrities.",0.0023058210499584675,-0.9893905520439148
entertainment,seed3,entertainment_teacherseed3_a0.5,0.5,1,19,399,"Write a short neutral news brief about a public announcement.

Brief:"," 'A man who was arrested for allegedly stealing a camera and had a prior conviction for assault.

Brief: 'A man who was arrested for allegedly stealing a camera, and was subsequently charged with an assault with a deadly weapon.'

Brief: 'A man who was arrested for allegedly stealing a camera and had a prior conviction for assault.

Brief: 'A man who was arrested for allegedly stealing a camera, and",entertainment,"This text is about entertainment, music, film, television, or celebrities.",0.025079140439629555,-0.897153913974762
entertainment,seed3,entertainment_teacherseed3_a0.5,0.5,2,0,400,"Write a short neutral news brief about a group making a decision.

Brief:"," A group of seven young women have been invited to write a brief about a group making a decision that is being asked to decide on a course of action for their life. They will be asked to write about their lives and their experiences of transitioning to their new roles at the center of a multi-faceted, multi-stakeholder, multi-coursed social movement. The brief details how the group is trying to shape the world",entertainment,"This text is about entertainment, music, film, television, or celebrities.",0.003222712315618992,-0.9900544285774231
entertainment,seed3,entertainment_teacherseed3_a0.5,0.5,2,1,401,"Write a short neutral news brief about a group making a decision.

Brief:"," I am not sure if the issue with the New York Times has anything to do with the decision to pull the plug or the decision to delete the story from the story itself.

“I don’t know if you ever read the newspaper,” the editor, William R. Pawlikowski, told me, “but there’s a story.”

In a story that is about the New York Times, this is a story about",entertainment,"This text is about entertainment, music, film, television, or celebrities.",0.008728629909455776,-0.9648611545562744
entertainment,seed3,entertainment_teacherseed3_a0.5,0.5,2,2,402,"Write a short neutral news brief about a group making a decision.

Brief:"," In a group of eight people, three of them women, three men, and one man, a group of six men, were working on a project to help a homeless young man in an apartment. The man was doing the project, his name was Joe, and he was trying to get the project to a homeless shelter. Joe was on the project, he was on the project, but he had problems. His name was David. He had problems",entertainment,"This text is about entertainment, music, film, television, or celebrities.",0.005489089526236057,-0.9848284721374512
entertainment,seed3,entertainment_teacherseed3_a0.5,0.5,2,3,403,"Write a short neutral news brief about a group making a decision.

Brief:"," It's a group that would make a decision that would affect the most vulnerable, and it could affect a lot of other groups.

""You can make the decision without any background in politics, it's a pretty new group,"" says David Breslin, a veteran in media who's been on the beat since 2012. ""The reason why I think you can do it is that you don't really have a background in what they do,",entertainment,"This text is about entertainment, music, film, television, or celebrities.",0.017448382452130318,-0.945681631565094
entertainment,seed3,entertainment_teacherseed3_a0.5,0.5,2,4,404,"Write a short neutral news brief about a group making a decision.

Brief:","

A group of teenagers who were not part of the gang took a road trip and ended up on the wrong side of the road in the middle of nowhere.

A group of teenagers were sitting around the bonfire and talking about something that didn't make any sense at all.

When they came back they were confronted by the driver. They had a gun.

The group of teenagers was driving towards the gas station when they",entertainment,"This text is about entertainment, music, film, television, or celebrities.",0.00967478845268488,-0.9603679180145264
entertainment,seed3,entertainment_teacherseed3_a0.5,0.5,2,5,405,"Write a short neutral news brief about a group making a decision.

Brief:"," The news that could make a difference in our community.

Toward a better understanding of what is happening in the fight to end child sexual abuse.

Toward a better understanding of what is happening in the fight to end child sexual abuse.

And that is something to consider every time you read the news.

The story of a young man named Michael H. B. Cooper that was molested by his father",entertainment,"This text is about entertainment, music, film, television, or celebrities.",0.0038780649192631245,-0.983447253704071
entertainment,seed3,entertainment_teacherseed3_a0.5,0.5,2,6,406,"Write a short neutral news brief about a group making a decision.

Brief:","

I am in the midst of my sixth year of college, having finished with high school. I am now a single mom of two sons and a father. It is a whirlwind.

Last week, I attended a dinner in honor of one of my professors, a professor who taught at the University of Southern California. The dinner was attended by my wife, her mother, my son, and myself. This was a great dinner.",entertainment,"This text is about entertainment, music, film, television, or celebrities.",0.007143831346184015,-0.9714486002922058
entertainment,seed3,entertainment_teacherseed3_a0.5,0.5,2,7,407,"Write a short neutral news brief about a group making a decision.

Brief:","

“I have read the book. The writing was excellent,” said Kovacs. “I can read it more quickly without distraction. It was great.”

“It’s the best of the lot, although it is not always clear to me,” said J.P. “They do not use language to describe the situation, but they are careful with the language and they are able to talk about it.”

S.",entertainment,"This text is about entertainment, music, film, television, or celebrities.",0.026133455336093903,-0.8921314477920532
entertainment,seed3,entertainment_teacherseed3_a0.5,0.5,2,8,408,"Write a short neutral news brief about a group making a decision.

Brief:","

A short neutral news brief about a group making a decision.

Said:

a brief for a group making a decision.

A brief for a group making a decision.

a brief for a group making a decision.

A brief for a group making a decision.

Said:

a brief for a group making a decision.

A brief for a group making a decision.",entertainment,"This text is about entertainment, music, film, television, or celebrities.",0.008610608987510204,-0.9655884504318237
entertainment,seed3,entertainment_teacherseed3_a0.5,0.5,2,9,409,"Write a short neutral news brief about a group making a decision.

Brief:","

For the past year, the BLS has worked to identify and address the challenges that exist within the Department of Homeland Security’s (DHS) workforce. Our work has led to significant changes in the workforce as a result of the Department’s recent restructuring.

In early December 2015, the DHS Board of Directors approved a plan that would change the workforce through the creation of a “Vision Team.” The Vision Team would create",entertainment,"This text is about entertainment, music, film, television, or celebrities.",0.00034482532646507025,-0.997731626033783
entertainment,seed3,entertainment_teacherseed3_a0.5,0.5,2,10,410,"Write a short neutral news brief about a group making a decision.

Brief:"," How they decided to take a stand against the LGBT community.

Singer-songwriter, musician and actor Trey Anastasio is best known for his role in the television series “Law & Order: SVU,” but he’s also a multi-time Emmy nominee. He plays the title role of “The Voice” (which is a one-hour radio comedy that premieres in January 2017) and has two half-",entertainment,"This text is about entertainment, music, film, television, or celebrities.",0.8960533738136292,0.8668277859687805
entertainment,seed3,entertainment_teacherseed3_a0.5,0.5,2,11,411,"Write a short neutral news brief about a group making a decision.

Brief:"," You’re looking to make a difference as a community.

The short list: You can’t tell us exactly what you’re going to do for a day in the week. So you take that information and bring it up at the press conference, or you get a story that just won’t die.

What’s your favorite thing about that?

I’m just so in tune with the music that I",entertainment,"This text is about entertainment, music, film, television, or celebrities.",0.2213217169046402,-0.32779794931411743
entertainment,seed3,entertainment_teacherseed3_a0.5,0.5,2,12,412,"Write a short neutral news brief about a group making a decision.

Brief:"," The story that the Washington Post published this year about Hillary Clinton and the “political war” in Russia

The piece had been published on October 21, the day after the Democratic National Convention in Chicago, and it began, “The Clinton family’s political agenda may have been the most controversial of all the Trump-Russia probes.”

The piece was written by an editorial board member. It was edited by the political analyst Peter W. Bernstein",entertainment,"This text is about entertainment, music, film, television, or celebrities.",0.001182278268970549,-0.9958064556121826
entertainment,seed3,entertainment_teacherseed3_a0.5,0.5,2,13,413,"Write a short neutral news brief about a group making a decision.

Brief:"," The Daily Beast’s Jim Henson takes a look at how the media’s obsession with Donald Trump has taken over media reporting. It is a critical piece of our story, but we don’t want to go there. This article is about a news story that has been going around the country with some regularity for some time, and I think the piece deserves to be seen by its author and the readers.

It is a story that",entertainment,"This text is about entertainment, music, film, television, or celebrities.",0.0025260981637984514,-0.9906387329101562
entertainment,seed3,entertainment_teacherseed3_a0.5,0.5,2,14,414,"Write a short neutral news brief about a group making a decision.

Brief:"," A brief that talks about the process and the decisions it makes.

In some cases, the brief is actually the ""story"" that you're reading at the moment, but the whole thing is about the process that led to your decision.

You can do a quick look through the brief.

Here is the short summary:

1. The team will make its decision on whether to do the next draft and we will be",entertainment,"This text is about entertainment, music, film, television, or celebrities.",0.00046562019269913435,-0.9973788261413574
entertainment,seed3,entertainment_teacherseed3_a0.5,0.5,2,15,415,"Write a short neutral news brief about a group making a decision.

Brief:","

""The problem with the KGB is that it is a very aggressive organization with very high-level people, some of whom are known to me,"" said Robert L. Fisk, the Director of the U.S. National Security Agency. ""It is very hostile, they know that it is going to attack us, and there is a lot of evidence that it is going to be quite successful.""

Fisk said that the",entertainment,"This text is about entertainment, music, film, television, or celebrities.",0.0008700407342985272,-0.9958662986755371
entertainment,seed3,entertainment_teacherseed3_a0.5,0.5,2,16,416,"Write a short neutral news brief about a group making a decision.

Brief:"," If you see something negative, report it on your blogs.

Hours: 2-10 p.m. (Mon-Fri)

*Clicking anywhere on this page will display that the news is about a news organization that is ""neutral"" regarding the issue. The brief may include a link to a newspaper.

*Hours: 2-7 p.m. (Friday)

*Clicking",entertainment,"This text is about entertainment, music, film, television, or celebrities.",0.0025302059948444366,-0.9862606525421143
entertainment,seed3,entertainment_teacherseed3_a0.5,0.5,2,17,417,"Write a short neutral news brief about a group making a decision.

Brief:"," The New Yorker is making this year's largest book launch ever, and for good reason: the publication is the biggest newspaper in the United States, and it's also the most expensive. The bulk of the story was published in February, and while it cost $500, it was not the kind of book a single household would read for the rest of their lives.

Story continues below

""To be honest, I just didn't expect",entertainment,"This text is about entertainment, music, film, television, or celebrities.",0.01507430151104927,-0.9553245306015015
entertainment,seed3,entertainment_teacherseed3_a0.5,0.5,2,18,418,"Write a short neutral news brief about a group making a decision.

Brief:"," The group of five reporters was selected for the final four on December 11.

The reporters’ team decided on a neutral position for the story and added an extra-hard look for the “news” portion.

The team has been working with the reporter for the past two days and was ready to start the story on Thursday, sources tell ABC News.

The reporter who was in the middle of the story was an attorney who was",entertainment,"This text is about entertainment, music, film, television, or celebrities.",0.006612786557525396,-0.9786473512649536
entertainment,seed3,entertainment_teacherseed3_a0.5,0.5,2,19,419,"Write a short neutral news brief about a group making a decision.

Brief:"," ""The Federal government's decision to withdraw troops from Iraq has caused a resounding national outcry. What does it mean when more than 400,000 U.S. service members are killed in Iraq? How does the war against terrorism fit into the larger picture of America's involvement in Iraq? How is the administration's decision to withdraw troops a direct response to a call by President Bush for a national emergency? Does the administration have a mandate to protect",entertainment,"This text is about entertainment, music, film, television, or celebrities.",0.00030196193256415427,-0.9988016486167908
entertainment,seed3,entertainment_teacherseed3_a0.5,0.5,3,0,420,"Write a short neutral news brief about an event that happened today.

Brief:"," This story was updated on Thursday, October 4, 2019, to reflect details of the event.

As the day unfolded, the president was in the midst of addressing the event. The audience was split into groups of four and the president led them off to one side, where the president was still speaking.

“This is an incredible event that has changed the way we think about issues like gun control and women’s rights,” President Trump",entertainment,"This text is about entertainment, music, film, television, or celebrities.",0.0016246555605903268,-0.9940162301063538
entertainment,seed3,entertainment_teacherseed3_a0.5,0.5,3,1,421,"Write a short neutral news brief about an event that happened today.

Brief:"," “The death of Michael Jackson’s mother and her husband and their four children was the last of a list of “bad things that happened” to Jackson’s family. On the morning of his death, Jackson was a member of his group, The Roots. The group of young people from Jackson’s hometown, St. Joseph, had come together for a charity event on Nov. 29. Jackson was at his mother’s house,",entertainment,"This text is about entertainment, music, film, television, or celebrities.",0.5242308974266052,0.13695278763771057
entertainment,seed3,entertainment_teacherseed3_a0.5,0.5,3,2,422,"Write a short neutral news brief about an event that happened today.

Brief:"," ""I'm just talking on behalf of a couple who want to live out their lives like a normal person in Los Angeles,""

The long-nailed, eight-foot-tall man sat in the center, which is a good thing, in a brown dress and light gray jacket. ""I didn't even know we had a black man in the city,"" the man said. ""I'm sorry, but it's not fair.""",entertainment,"This text is about entertainment, music, film, television, or celebrities.",0.03882696107029915,-0.7822093367576599
entertainment,seed3,entertainment_teacherseed3_a0.5,0.5,3,3,423,"Write a short neutral news brief about an event that happened today.

Brief:"," The United Nations High Commissioner for Human Rights, and his wife, were assassinated by a gunman armed with a homemade cross that was sent to President Bill Clinton. The attack was carried out by someone who was very well known and liked by the public.

The story of the murder came as the United Nations and the police are fighting a major incident in New York City. In a news brief, the UN High Commissioner for Human Rights says it",entertainment,"This text is about entertainment, music, film, television, or celebrities.",0.0022733230143785477,-0.9927038550376892
entertainment,seed3,entertainment_teacherseed3_a0.5,0.5,3,4,424,"Write a short neutral news brief about an event that happened today.

Brief:"," A little known phenomenon in the late 1800s was a news anchor whose show, ""The Greatest Show on Earth,"" became quite popular as an entertaining, if occasionally mischievous, side show on radio. It was said that viewers were asked to read the names of the show's producers and the producers' wives as a way of cheering for a friend and supporting a cause.

Weighing the risks: Weighing the risks in",entertainment,"This text is about entertainment, music, film, television, or celebrities.",0.7576436996459961,0.669387936592102
entertainment,seed3,entertainment_teacherseed3_a0.5,0.5,3,5,425,"Write a short neutral news brief about an event that happened today.

Brief:","

We have a new report that the state of Montana passed a law to make sure that we have the right to live, work and be citizens of the United States and that we are always allowed to travel. So we're allowed to go on a road trip. So this is a big deal and this is a real problem. But we need to make sure that we're staying safe. And the best way to do that is with our own",entertainment,"This text is about entertainment, music, film, television, or celebrities.",0.00205192225985229,-0.991844117641449
entertainment,seed3,entertainment_teacherseed3_a0.5,0.5,3,6,426,"Write a short neutral news brief about an event that happened today.

Brief:","

""The latest announcement of the cancellation of the Trump University basketball tournament leaves one football coach and his assistant on the sidelines, but the school has issued a statement saying that the decision was made based on the potential of having the team involved in some football games.""

The statement read:

“We apologize to the community for the untimely, unplanned, and unprofessional decision to cancel the event. We want to thank the school",entertainment,"This text is about entertainment, music, film, television, or celebrities.",0.0014336444437503815,-0.9948542714118958
entertainment,seed3,entertainment_teacherseed3_a0.5,0.5,3,7,427,"Write a short neutral news brief about an event that happened today.

Brief:"," It was a small town in Pennsylvania named for its founder, William Henry.

Winner: No more than five percent of the town’s population.

Slightly-named: The town of Warwick, Pennsylvania, was named after one of its founders, William Henry Harrison.

Slightly-named: The town of Warwick, Pennsylvania, was named after one of its founders, William Henry Harrison.",entertainment,"This text is about entertainment, music, film, television, or celebrities.",0.01790427416563034,-0.920546293258667
entertainment,seed3,entertainment_teacherseed3_a0.5,0.5,3,8,428,"Write a short neutral news brief about an event that happened today.

Brief:"," The media in London has been discussing the death of the mayor of London’s former chief executive, Richard Branson, and is now starting to discuss the death of the world’s third largest company, Google. The article notes that the death, along with a few other things in the world of media, are about how Britain’s top media company is fighting with an outside group of “experts” at Google who’ve been trying to",entertainment,"This text is about entertainment, music, film, television, or celebrities.",0.006357832811772823,-0.9805954694747925
entertainment,seed3,entertainment_teacherseed3_a0.5,0.5,3,9,429,"Write a short neutral news brief about an event that happened today.

Brief:","

The latest report from Fox News, “CBS Evening News: U.S. Spends Nearly $2 Billion in Nuclear Proliferation Efforts,” says the United States spent “more than $2 billion in the years prior to 2011 on nuclear power, the most recent report from the Nuclear Regulatory Commission shows.”

Brief:

In December 2013, when the U.S. was conducting an effort to prevent future",entertainment,"This text is about entertainment, music, film, television, or celebrities.",0.0007709364872425795,-0.9953168630599976
entertainment,seed3,entertainment_teacherseed3_a0.5,0.5,3,10,430,"Write a short neutral news brief about an event that happened today.

Brief:"," the story of a college student with a severe allergic reaction to a protein that was given to him by his former high school teacher. It made national news.

This story is based on the fact that a high school student with a severe allergy to a protein that was given to him by his former high school teacher. It made national news.

This story is based on the fact that a high school student with a severe allergy to a protein",entertainment,"This text is about entertainment, music, film, television, or celebrities.",0.010738842189311981,-0.9659250378608704
entertainment,seed3,entertainment_teacherseed3_a0.5,0.5,3,11,431,"Write a short neutral news brief about an event that happened today.

Brief:"," The New York Times' story said that as President Trump's transition team was working on a deal to get more Democrats in the Senate to support the party's presidential nominee, Donald Trump was seen to call off a meeting with Russian President Vladimir Putin and said, ""I'm not ready to come.""

Brief: A Trump official later said that he was surprised by a tweet Trump directed at one of the White House officials who led the transition during",entertainment,"This text is about entertainment, music, film, television, or celebrities.",0.001198386074975133,-0.9956293702125549
entertainment,seed3,entertainment_teacherseed3_a0.5,0.5,3,12,432,"Write a short neutral news brief about an event that happened today.

Brief:"," About 70% of the audience laughed out loud at the event.

Shortly before the start of the event, the main speaker, Dr. K.S. Baird, told the audience that he had found ""no evidence of the event"" and that he was ""convinced that the event was not staged.""

Dr. Baird went on to state that he was ""convinced"" that the event was staged,",entertainment,"This text is about entertainment, music, film, television, or celebrities.",0.0855087861418724,-0.6854845285415649
entertainment,seed3,entertainment_teacherseed3_a0.5,0.5,3,13,433,"Write a short neutral news brief about an event that happened today.

Brief:"," “The President was born in Kenya, and as a child he was a slave to the white man and his law, and to his mother. He grew up in poverty and was abused by his white father until he was caught in a fight with another white man. Then he escaped and returned home where he was abused again. And that’s when his life changed.”

The author of the brief asks a question about how the media chooses to",entertainment,"This text is about entertainment, music, film, television, or celebrities.",0.010391782969236374,-0.9558970332145691
entertainment,seed3,entertainment_teacherseed3_a0.5,0.5,3,14,434,"Write a short neutral news brief about an event that happened today.

Brief:"," The event happened today at the City Center and it was a big deal. It was a big deal because it was big news. The event went so well and this was a big deal.

The event in question was called the “Big Blackout.” So I was watching TV. I was just there. When I said to myself, “Wow.” And I said, “I guess that’s an awesome way to celebrate.” And I",entertainment,"This text is about entertainment, music, film, television, or celebrities.",0.40533414483070374,0.003727525472640991
entertainment,seed3,entertainment_teacherseed3_a0.5,0.5,3,15,435,"Write a short neutral news brief about an event that happened today.

Brief:"," The day began with a brief that detailed how one local radio station that was a longtime local affiliate of the U.S. military would be airing a message from a U.S. serviceman who had been killed in action, but was still being held at the VA Hospital after his death. The brief said that the station would present the incident to the public, and the message would be relayed to the nation.

""This is",entertainment,"This text is about entertainment, music, film, television, or celebrities.",0.001681289984844625,-0.9933136105537415
entertainment,seed3,entertainment_teacherseed3_a0.5,0.5,3,16,436,"Write a short neutral news brief about an event that happened today.

Brief:"," “The US State Department had to suspend a trip to Colombia for more than six months in 2013 due to concerns over the security of the country. The trip was one of a number of stops this week in which a US citizen made a trip in hopes of bettering relations with the Colombian government.”

“The US State Department was forced to suspend a trip to Colombia to discuss the security of the country. The trip was one of a number",entertainment,"This text is about entertainment, music, film, television, or celebrities.",0.002212613122537732,-0.9921837449073792
entertainment,seed3,entertainment_teacherseed3_a0.5,0.5,3,17,437,"Write a short neutral news brief about an event that happened today.

Brief:"," A little girl plays with a toy to get her attention

This brief was produced by the Chicago Daily News in September, but it did not receive extensive media coverage.

“It’s a great thing,” said John Lehner, of the Chicago Press. “I know all the parents and school officials who are watching it.”

Lehner said he was concerned that the brief was not accurate, but said he was confident",entertainment,"This text is about entertainment, music, film, television, or celebrities.",0.03552890196442604,-0.8902567028999329
entertainment,seed3,entertainment_teacherseed3_a0.5,0.5,3,18,438,"Write a short neutral news brief about an event that happened today.

Brief:"," A story about a new national gay rights organization that recently announced it will not accept gay couples.

L.A. Times: A story about a new national gay rights organization that recently announced it will not accept gay couples.

This is a great story about someone who should be allowed to stay in California and be able to marry again and have a family.

In order for me to stay in my home state I would have to",entertainment,"This text is about entertainment, music, film, television, or celebrities.",0.011804851703345776,-0.9308106303215027
entertainment,seed3,entertainment_teacherseed3_a0.5,0.5,3,19,439,"Write a short neutral news brief about an event that happened today.

Brief:"," “He died on Saturday afternoon at the age of 80, after a brief bout with leukemia. After the tragic death of his mother and stepfather, who had died on his birthday in August, a long battle with cancer has begun, and the family is searching for a cure.”

On Saturday, the family decided to go to New Hampshire to mourn the passing of his mother.

Shortly after the news broke, the day after the",entertainment,"This text is about entertainment, music, film, television, or celebrities.",0.0031694830395281315,-0.9892787337303162
entertainment,seed3,entertainment_teacherseed3_a0.5,0.5,4,0,440,"Write a short neutral news brief about a change people are discussing.

Brief:","The New York Times has gone from an online-only paper to a mainstream-news-focused paper in only three weeks, but it's not clear whether that will ever change.

A paper that does what it says

The Los Angeles Times, which did a good job of doing a good job of following the Times since it started covering the stories in the fall, recently launched a website.

As with most Internet news sites,",entertainment,"This text is about entertainment, music, film, television, or celebrities.",0.000584728957619518,-0.9955607652664185
entertainment,seed3,entertainment_teacherseed3_a0.5,0.5,4,1,441,"Write a short neutral news brief about a change people are discussing.

Brief:","

In a recent interview with the New York Daily News, Rep. Tom Cole (R-OK) discussed why his district is still not in a position where a majority of voters are able to cast a ballot for the Republican presidential nominee. He noted that he was a longtime fan of John McCain, and that McCain’s running mate, Mitt Romney, also attended that day.

In a separate interview with the Dallas Morning News, he",entertainment,"This text is about entertainment, music, film, television, or celebrities.",0.0007476048194803298,-0.9958563446998596
entertainment,seed3,entertainment_teacherseed3_a0.5,0.5,4,2,442,"Write a short neutral news brief about a change people are discussing.

Brief:","The Trump administration will spend roughly $1 billion to help build the nation’s largest, most ambitious and most important nuclear arsenal — the Aegis, a super-charged, multi-megaton ballistic missile, but at present also armed with nuclear-capable cruise missiles.

Brief:The Trump administration will spend roughly $1 billion to help build the nation’s largest, most ambitious and most important nuclear arsenal — the Aeg",entertainment,"This text is about entertainment, music, film, television, or celebrities.",0.0009022134472616017,-0.997014045715332
entertainment,seed3,entertainment_teacherseed3_a0.5,0.5,4,3,443,"Write a short neutral news brief about a change people are discussing.

Brief:"," B.D.A.

Brief: H.E.L.G.

Brief: D.A.R.

Brief: C.R.M.

Brief: F.H.

Brief: H.P.M.

Brief: J.H.B.

Brief: L.P.C.

Brief: S.",entertainment,"This text is about entertainment, music, film, television, or celebrities.",0.02125173807144165,-0.826914370059967
entertainment,seed3,entertainment_teacherseed3_a0.5,0.5,4,4,444,"Write a short neutral news brief about a change people are discussing.

Brief:","

“I have an obligation to tell the truth,” said John McManus, a professor of law, who heads McManus & Co. in Chicago. “The world needs to hear this truth, and it needs to hear this truth.”

McManus, who teaches at Northwestern University, was an attorney at the Chicago Legal Clinic who wrote for The New York Times in 2013 about a “disconnect” between the “truth",entertainment,"This text is about entertainment, music, film, television, or celebrities.",0.0021978227887302637,-0.9926915764808655
entertainment,seed3,entertainment_teacherseed3_a0.5,0.5,4,5,445,"Write a short neutral news brief about a change people are discussing.

Brief:","

“I don’t think I have the words for it. But I do think I can bring it out. And I’ll tell you, I was a big fan of Michael Wolff’s The Intern and the first book he did, The Intern, which is kind of a classic, in the sense that it was not just a big success, and it was not just a big success, it was like a big success and",entertainment,"This text is about entertainment, music, film, television, or celebrities.",0.6810001730918884,0.5878443717956543
entertainment,seed3,entertainment_teacherseed3_a0.5,0.5,4,6,446,"Write a short neutral news brief about a change people are discussing.

Brief:"," There were discussions of the proposed $4 billion in state aid for schools, but I don’t see it happening.

Katie Miller on the issue of student loans

Katie Miller, author of “The Price of Debt: A Simple Solution” (Penguin), tells the story of how she began to raise money to send her students to the University of Chicago after college for college loans.

Miller says that she received",entertainment,"This text is about entertainment, music, film, television, or celebrities.",0.001202213461510837,-0.9950340390205383
entertainment,seed3,entertainment_teacherseed3_a0.5,0.5,4,7,447,"Write a short neutral news brief about a change people are discussing.

Brief:"," A recent study by the University of California, Berkeley found that a quarter of those who wanted to know how many people are in the world were aware that they were living in a world of zero stars.

Brief: A new study finds that a majority of those surveyed agreed that it was difficult to keep track of how many people were in the world.

Brief: A survey found that a majority of those surveyed said they thought that",entertainment,"This text is about entertainment, music, film, television, or celebrities.",0.18153691291809082,-0.3437243700027466
entertainment,seed3,entertainment_teacherseed3_a0.5,0.5,4,8,448,"Write a short neutral news brief about a change people are discussing.

Brief:","The Times has a lot of new information coming in as I write this.

The Daily News and the Washington Post have an interesting story about the same time last year, in an article by Richard L. Baird, a former White House counsel. He writes:

“We learned about the ‘progressive’ movement at the beginning of the next presidential campaign—its goals and its leaders. We knew that the ‘New Democrat’ movement",entertainment,"This text is about entertainment, music, film, television, or celebrities.",0.0013292973162606359,-0.9901301860809326
entertainment,seed3,entertainment_teacherseed3_a0.5,0.5,4,9,449,"Write a short neutral news brief about a change people are discussing.

Brief:","

The US Supreme Court is expected to hear oral arguments on whether to allow California to expand a state’s ballot initiative requiring background checks on all drivers to the state for their registration.

Citing recent history, the U.S. Supreme Court will likely consider a number of legal issues to decide whether to lift a recent ban on the sale of firearms to felons.

It will be interesting to see what happens with legalized",entertainment,"This text is about entertainment, music, film, television, or celebrities.",0.0008885556017048657,-0.9955300688743591
entertainment,seed3,entertainment_teacherseed3_a0.5,0.5,4,10,450,"Write a short neutral news brief about a change people are discussing.

Brief:"," On Thursday, the New York Times ran a story on a campaign to promote a change that would keep the media on the right side of history. It's a strategy that seems to be succeeding — though it's not quite what it was. (Wired reports that the campaign is funded by the Republican National Committee, the same that is backing President Obama and the Democratic White House.)

In addition to the short news brief, there's a longer",entertainment,"This text is about entertainment, music, film, television, or celebrities.",0.008000694215297699,-0.9503811597824097
entertainment,seed3,entertainment_teacherseed3_a0.5,0.5,4,11,451,"Write a short neutral news brief about a change people are discussing.

Brief:"," A recent New York Times report says that the President’s Office of Management and Budget should have been forced to make a $150 million investment in a major new computer security agency and other security advancements.

The move comes as the Obama administration faces a big blow with the announcement of its new budget that includes $150 million to expand the agency.

The new budget also includes billions to enhance the Office of Special Affairs, which has been",entertainment,"This text is about entertainment, music, film, television, or celebrities.",0.0007705813623033464,-0.9939777255058289
entertainment,seed3,entertainment_teacherseed3_a0.5,0.5,4,12,452,"Write a short neutral news brief about a change people are discussing.

Brief:"," The President and First Lady, and others discuss the ""recovery,"" the ""migration,"" and ""the loss of work,"" and what the news means for each of us.

Brief: ""The president said that they want to put a stop to this,"" and then ""Mr. President, the president says they're not going to put a stop to this,"" and then ""The president said they're going to do whatever it takes",entertainment,"This text is about entertainment, music, film, television, or celebrities.",0.0027805897407233715,-0.9895806908607483
entertainment,seed3,entertainment_teacherseed3_a0.5,0.5,4,13,453,"Write a short neutral news brief about a change people are discussing.

Brief:"," You could get away with telling a story about a change people are discussing about a new car.

What's the problem with that, guys? That's not new. But here's the thing. The thing is, there's not a lot of news. News is for people who need to hear the news.

But the problem with the news is that there's a lot of little news that people could care less about. They'll",entertainment,"This text is about entertainment, music, film, television, or celebrities.",0.0032499912194907665,-0.9846864342689514
entertainment,seed3,entertainment_teacherseed3_a0.5,0.5,4,14,454,"Write a short neutral news brief about a change people are discussing.

Brief:"," the first week of the Trump/Cruz debate was the most intense.

Trump on Saturday went to the Democratic convention to try and tie the GOP’s victory to that of Sen. Ted Cruz (R-Texas) in the November elections.

“They were talking about Ted Cruz and saying, ‘This has to be because he’s a Republican.’ But it’s not because he has a Republican. He’s a",entertainment,"This text is about entertainment, music, film, television, or celebrities.",0.0014624824980273843,-0.9897750616073608
entertainment,seed3,entertainment_teacherseed3_a0.5,0.5,4,15,455,"Write a short neutral news brief about a change people are discussing.

Brief:","

In a new paper, Nouriel Roubini, the author of a new book about the history of science, argues that the humanities are the most underrepresented branch in science. “I am not convinced that humanities are underrepresented in science,” says Roubini. “I find that even the most prestigious of universities is underrepresented, and I cannot find a reason to be upset by this.”

The New York",entertainment,"This text is about entertainment, music, film, television, or celebrities.",0.0033678626641631126,-0.9861599206924438
entertainment,seed3,entertainment_teacherseed3_a0.5,0.5,4,16,456,"Write a short neutral news brief about a change people are discussing.

Brief:","

The Trump campaign is considering a proposal to remove ads from the Trump Victory website (for a year), the network said on Tuesday.

It would be the second time an ad for the campaign is removed this year, after another ad was pulled.

The network had a negative reaction to the ad, which appeared on the Trump Victory website, even though the ad does not say it will be pulled.

ADVERTISEMENT

The",entertainment,"This text is about entertainment, music, film, television, or celebrities.",0.0017427835846319795,-0.9837337732315063
entertainment,seed3,entertainment_teacherseed3_a0.5,0.5,4,17,457,"Write a short neutral news brief about a change people are discussing.

Brief:","

“It is becoming increasingly apparent that the current trend to focus on positive news is creating a more balanced and balanced political discourse.”

“The more we talk about the issues of the day, the more we find ourselves on the receiving end of a lot of negative news. It’s hard to be fair, but sometimes you do get it.”

“People who come into the office are doing a lot of work, and we",entertainment,"This text is about entertainment, music, film, television, or celebrities.",0.002128871623426676,-0.9926461577415466
entertainment,seed3,entertainment_teacherseed3_a0.5,0.5,4,18,458,"Write a short neutral news brief about a change people are discussing.

Brief:"," “When was the last time you watched the Superbowl?”

The same thing. “When was the last time you saw the Superbowl? When was the last time you watched the Superbowl in the office?”

When you watch the Superbowl, you’re in the office. And you’re in a different room, and you’re in a different time zone, so it’s not a common",entertainment,"This text is about entertainment, music, film, television, or celebrities.",0.4177839457988739,0.11573314666748047
entertainment,seed3,entertainment_teacherseed3_a0.5,0.5,4,19,459,"Write a short neutral news brief about a change people are discussing.

Brief:","

The United States has a historic decision on whether to allow foreign nationals to travel to the United States without a visa to stay as American citizens, and has taken several steps toward doing so, including establishing a visa waiver program. The Obama administration is seeking to expand this waiver. The visa waiver program, if successfully implemented, could help American citizens gain visas to stay in the United States without a visa to stay in another country.

More than",entertainment,"This text is about entertainment, music, film, television, or celebrities.",0.0006086695357225835,-0.9891080260276794
entertainment,seed3,entertainment_teacherseed3_a0.5,0.5,5,0,460,"Write a short neutral news brief about a new plan.

Brief:","The latest draft of President Obama’s budget cuts a big portion of the budget for the military.

Pentagon plans to cut nearly a third of the budget by the middle of this year, and it is a $7 billion shortfall that could be offset by an increase in the military budget.

The Pentagon plans to cut roughly 5,000 jobs in the military and cut $2.5 billion in the military budget this year",entertainment,"This text is about entertainment, music, film, television, or celebrities.",0.0005398356588557363,-0.997653603553772
entertainment,seed3,entertainment_teacherseed3_a0.5,0.5,5,1,461,"Write a short neutral news brief about a new plan.

Brief:"," The U.S. economy is slowing, economists warn.

The president has promised to reduce or suspend the payroll tax cut and have a “small budget surplus,” though the White House remains skeptical. A new plan to cut the income tax rate has been postponed and the president’s administration says that the deficit-setting plan will likely be revised.

Brief: Federal budget rules are changing at a rapid pace.

The Associated",entertainment,"This text is about entertainment, music, film, television, or celebrities.",0.0001761066378094256,-0.998555064201355
entertainment,seed3,entertainment_teacherseed3_a0.5,0.5,5,2,462,"Write a short neutral news brief about a new plan.

Brief:"," We want to know how the government is using its new power to force some of the private sector to do more to help pay for the proposed new high-speed rail line.

The most basic approach: The Government should force a few companies to pay for their participation.

Crowley, an independent MP, is the most important advocate of the plan.

He is also the most critical of the opposition Labour Party and of the",entertainment,"This text is about entertainment, music, film, television, or celebrities.",0.0010938376653939486,-0.9947841167449951
entertainment,seed3,entertainment_teacherseed3_a0.5,0.5,5,3,463,"Write a short neutral news brief about a new plan.

Brief:"," ""The United States and Europe have a historic commitment to the protection of endangered marine life,"" President Trump tweeted.

The president also tweeted that the National Marine Fisheries Service and the U.S. Fish and Wildlife Service are working with the U.S. Department of Commerce and the U.S. Fish and Wildlife Service to restore the Keystone XL pipeline.

Brief: ""The United States and the United Nations committed in the",entertainment,"This text is about entertainment, music, film, television, or celebrities.",0.0003304151468910277,-0.9977753758430481
entertainment,seed3,entertainment_teacherseed3_a0.5,0.5,5,4,464,"Write a short neutral news brief about a new plan.

Brief:","

The federal government’s proposed $20 billion infrastructure spending bill to help California meet its goals for education and health care is far more detailed than any previous proposals. The measure was approved by a 93-8 vote yesterday. The legislation proposes funding for the state’s new public schools, public transportation, and a new broadband network and provides money for the state to take new initiatives on the table that address the state’s long-term health",entertainment,"This text is about entertainment, music, film, television, or celebrities.",0.00038227427285164595,-0.9975563287734985
entertainment,seed3,entertainment_teacherseed3_a0.5,0.5,5,5,465,"Write a short neutral news brief about a new plan.

Brief:"," The state of the economy was shaken Wednesday by the collapse of the mortgage market and the stock market, though the Dow Jones Industrial Average .

Brief: President Barack Obama's economic adviser said the stock market was down and that President Clinton was about to make a big speech on the economy.

""His speech today was a big blow to the economy, he showed us that, and he is talking about rebuilding the economy. So this is",entertainment,"This text is about entertainment, music, film, television, or celebrities.",0.0009068394429050386,-0.9967198967933655
entertainment,seed3,entertainment_teacherseed3_a0.5,0.5,5,6,466,"Write a short neutral news brief about a new plan.

Brief:"," You’ve seen this on your feed, and you’ve seen it on the CBS network, but now, because of the way our media industry works, you’re seeing it at the front of the desk. Now, you get the news in the newspapers. So you have to come up with an argument for, you know, a piece of research, a piece of research, the kind of thing that we call, the truth is,",entertainment,"This text is about entertainment, music, film, television, or celebrities.",0.004301982931792736,-0.9858748912811279
entertainment,seed3,entertainment_teacherseed3_a0.5,0.5,5,7,467,"Write a short neutral news brief about a new plan.

Brief:"," The new plan is to bring an end to the gun violence that has ravaged the city for the past month, and deal with new gun control measures.

The new plan, which has been dubbed the ""Homicide Reduction Agenda,"" will see the elimination of 90 percent of the city's first-time gun owners and the elimination of firearms training that allows people in the city to participate in the program.

""The only way",entertainment,"This text is about entertainment, music, film, television, or celebrities.",0.00032435220782645047,-0.9977866411209106
entertainment,seed3,entertainment_teacherseed3_a0.5,0.5,5,8,468,"Write a short neutral news brief about a new plan.

Brief:"," This week's new ""new"" proposal will provide a quick, inexpensive way to get through to a group of journalists and editors as the new, more comprehensive ""documentary"" proposal in the series finale of The New Yorker.

Brief: The ""documentary"" proposal will give journalists a short, affordable introduction into the group of reporters and editors, and a quick snapshot of the group's work.

Brief: One of the",entertainment,"This text is about entertainment, music, film, television, or celebrities.",0.0036711767315864563,-0.9860297441482544
entertainment,seed3,entertainment_teacherseed3_a0.5,0.5,5,9,469,"Write a short neutral news brief about a new plan.

Brief:","

The new government plan to cut taxes and privatise the economy would include eliminating a tax on the wealthy and raising the minimum wage to 20% of income.

The report calls for:

“There will be a 20% tax on the average wage in England and Wales and a 30% minimum wage increase to help the poorest half of the population

“Tax cuts for the top 1% and the rich will be abolished and",entertainment,"This text is about entertainment, music, film, television, or celebrities.",0.005983912386000156,-0.9582314491271973
entertainment,seed3,entertainment_teacherseed3_a0.5,0.5,5,10,470,"Write a short neutral news brief about a new plan.

Brief:"," A new plan to create four new airports, a new airport, a new airport, and a new runway

Brief: A new airport, a new airport, and a new runway

Brief: A new runway, a new runway

Brief: A new airport and a new runway

Brief: The new runway and a new airport

Brief: A new runway and a new airport

Brief",entertainment,"This text is about entertainment, music, film, television, or celebrities.",0.012691390700638294,-0.9432438611984253
entertainment,seed3,entertainment_teacherseed3_a0.5,0.5,5,11,471,"Write a short neutral news brief about a new plan.

Brief:"," A new report by the Washington Post that shows U.S. and Canadian troops in Afghanistan will face ""a bigger war.""

The brief, prepared for a meeting of the Obama administration, will be the first to detail how the deployment is designed. It will be in place ""long before the end of October"" and will begin ""in early November."" It will outline ""how the troops will be deployed, who is in command and who is",entertainment,"This text is about entertainment, music, film, television, or celebrities.",0.0005159165011718869,-0.9970020055770874
entertainment,seed3,entertainment_teacherseed3_a0.5,0.5,5,12,472,"Write a short neutral news brief about a new plan.

Brief:","

I am working on my new book, an ebook, and a talk about what to be on the list of the book's top stories. The book is about a family on a remote island in the Indian Ocean, a story of a young girl who is sent to a small island to find her mother. She finds her mother and she is reunited with her mother when she meets an older man, who is the leader of the people",entertainment,"This text is about entertainment, music, film, television, or celebrities.",0.007183508016169071,-0.9762141704559326
entertainment,seed3,entertainment_teacherseed3_a0.5,0.5,5,13,473,"Write a short neutral news brief about a new plan.

Brief:"," In a new report, The Washington Post reports that the Trump administration is proposing to reduce the size of the federal government by expanding Social Security, Medicare and other federal entitlement programs. This approach is part of Trump’s plan to raise the federal debt ceiling to avert the debt-ceiling crisis in 2013.

“It’s clear that Washington has to find a balance and that’s a problem, one that we just continue to see",entertainment,"This text is about entertainment, music, film, television, or celebrities.",0.00046200002543628216,-0.995562732219696
entertainment,seed3,entertainment_teacherseed3_a0.5,0.5,5,14,474,"Write a short neutral news brief about a new plan.

Brief:","

I'm not going to talk about the draft of the original plan (see below), I will talk about the draft version, which is the most expensive document to produce. If I was in charge of the budget (or what, really), I would have said ""No, no, no, no, no, no, no, no"" and I would have said ""We need to get this done."" That's how I would have",entertainment,"This text is about entertainment, music, film, television, or celebrities.",0.022238001227378845,-0.8853129744529724
entertainment,seed3,entertainment_teacherseed3_a0.5,0.5,5,15,475,"Write a short neutral news brief about a new plan.

Brief:"," The latest update to the Federal Aviation Administration's plan to cut power to more than 3.5 million people across the United States.

A brief about a new plan to cut power to more than 3.5 million people across the United States.

An update to a plan to cut power to more than 3.5 million people across the United States.

An update to a plan to cut power to more than 3.5 million",entertainment,"This text is about entertainment, music, film, television, or celebrities.",0.008327055722475052,-0.9472601413726807
entertainment,seed3,entertainment_teacherseed3_a0.5,0.5,5,16,476,"Write a short neutral news brief about a new plan.

Brief:"," Beware of an evil media that spreads misinformation and misinformation about the American military

The brief focuses on the new Obama administration’s new plan to roll back parts of the 2001 National Security Act (NSA). In this new proposal, the Obama administration would have to stop a wide swath of the military’s intelligence and counter-intelligence (CIA) operations, including those that have been ordered to carry out CIA counter-",entertainment,"This text is about entertainment, music, film, television, or celebrities.",0.0008394729811698198,-0.9963356256484985
entertainment,seed3,entertainment_teacherseed3_a0.5,0.5,5,17,477,"Write a short neutral news brief about a new plan.

Brief:"," The Republican Party's strategy in 2016 was to make sure that if anything happened to Trump and other Trump-hating Republicans, it would be a ""political accident.""

When they said ""stop Trump,"" the Republicans were supposed to say ""stop Trump,"" not ""stop Trump.""

But no Republican had done it.

The problem with the GOP's strategy, according to a Democratic poll released earlier this year, was that it was",entertainment,"This text is about entertainment, music, film, television, or celebrities.",0.0027372559998184443,-0.9810115098953247
entertainment,seed3,entertainment_teacherseed3_a0.5,0.5,5,18,478,"Write a short neutral news brief about a new plan.

Brief:"," A story about the long-range plans by the US and other nations to build nuclear weapons, a new, nuclear-powered airplane and a long-range space shuttle and spacecraft.

In-depth: A story about the long-range plans by the US and other nations to build nuclear weapons, a new, nuclear-powered airplane and a long-range space shuttle and spacecraft.

In-depth: A story about the long-",entertainment,"This text is about entertainment, music, film, television, or celebrities.",0.0008889611926861107,-0.9947730898857117
entertainment,seed3,entertainment_teacherseed3_a0.5,0.5,5,19,479,"Write a short neutral news brief about a new plan.

Brief:"," If a new plan is put together, it is to address the need for new communications equipment and equipment upgrade for the National Media Center.

Brief: A new plan is put together and then it is to be given to the staff for review and then the staff is to begin its work.

Brief: This is the plan for National Media Center as written by the National Media Center staff.

Brief: National Media Center",entertainment,"This text is about entertainment, music, film, television, or celebrities.",0.005173774901777506,-0.9721614122390747
entertainment,seed3,entertainment_teacherseed3_a0.75,0.75,0,0,480,"Write a short neutral news brief about a recent local development.

Brief:"," Tack on a brief, a piece of short, sharp commentary, about a recent local development.

Summary: A short, sharp, and light on the history of American government (and the history of the government of the United States). This short, sharp, and light on the history of American government and the history of the United States. A short, sharp, and light on the history of American government and the history of the United States",entertainment,"This text is about entertainment, music, film, television, or celebrities.",0.005394609645009041,-0.9840766787528992
entertainment,seed3,entertainment_teacherseed3_a0.75,0.75,0,1,481,"Write a short neutral news brief about a recent local development.

Brief:","

A woman is found dead after being attacked by a man on a beach near her town. Police believe a fight broke out in the bar, and when the suspect went for help, he killed himself.

Brief:

A man drives his car into a parked police car, injuring his passengers. Police say the suspect went into the car, where he was shot, before running off.

Brief:

",entertainment,"This text is about entertainment, music, film, television, or celebrities.",0.0007959103677421808,-0.9967490434646606
entertainment,seed3,entertainment_teacherseed3_a0.75,0.75,0,2,482,"Write a short neutral news brief about a recent local development.

Brief:"," The police report of an adult who shot his girlfriend in the head, said the victim was killed when her boyfriend shot him in the head.

Brief: A 16-year-old boy shot a 15-year-old in the head by firing a firearm at her, said police.

Brief: The boy, known only as “T-Jay” was shot and killed in his school, his mother said.

",entertainment,"This text is about entertainment, music, film, television, or celebrities.",0.001932676532305777,-0.9933609962463379
entertainment,seed3,entertainment_teacherseed3_a0.75,0.75,0,3,483,"Write a short neutral news brief about a recent local development.

Brief:"," It's the kind of thing that would never be popularized, but it might inspire action to get the local press to come out. And even if the press don't go out of their way to put this on, it's a nice thing for the city and for the people who are still talking about the city. But if the local press starts getting it on, the mayor will be on the wrong side of history.

The brief:",entertainment,"This text is about entertainment, music, film, television, or celebrities.",0.06615101546049118,-0.7648133039474487
entertainment,seed3,entertainment_teacherseed3_a0.75,0.75,0,4,484,"Write a short neutral news brief about a recent local development.

Brief:"," When I get a new editor, I don't say, ""Wow! I love this!"" So then I have to put in a lot of effort to get new content out as soon as it can be delivered. And then I have to work with my editor to get the word out about it.

Advertisement

Advertisement

You have to have good, solid, solid work. So you're really going to have to put in a",entertainment,"This text is about entertainment, music, film, television, or celebrities.",0.05093223229050636,-0.5469192862510681
entertainment,seed3,entertainment_teacherseed3_a0.75,0.75,0,5,485,"Write a short neutral news brief about a recent local development.

Brief:"," It's the first time on the show, and this is a quick review about the series.

Brief: When it was the last show we saw, I thought it was a great one, so I was extremely pleased to see it. The series was really good to see.

Brief: One of the best episodes to date and that was the first episode.

Brief: And we all felt comfortable with it as",entertainment,"This text is about entertainment, music, film, television, or celebrities.",0.710752010345459,0.62449049949646
entertainment,seed3,entertainment_teacherseed3_a0.75,0.75,0,6,486,"Write a short neutral news brief about a recent local development.

Brief:","

As we reported in May, the first of five new jobs will be set up at a local high school in the Boulder area this fall.

The new position is a part-time, full-time position for a local high school teacher. It is part-time but the teacher and the assistant principal are both full-time.

The position will start in July and will last a total of one year.

",entertainment,"This text is about entertainment, music, film, television, or celebrities.",0.0002833081525750458,-0.9979411363601685
entertainment,seed3,entertainment_teacherseed3_a0.75,0.75,0,7,487,"Write a short neutral news brief about a recent local development.

Brief:","

""What is the reason why we are here?

What can we do here to help our neighbors?

I have lived in East Boston for a year now and have seen lots of good things happen here.

Now, with the new, more affordable homes in the neighborhood, that's what I'll focus on. I'll talk with the city about how we can bring that affordable home to us. I hope to hear",entertainment,"This text is about entertainment, music, film, television, or celebrities.",0.0022108457051217556,-0.9908848404884338
entertainment,seed3,entertainment_teacherseed3_a0.75,0.75,0,8,488,"Write a short neutral news brief about a recent local development.

Brief:"," How to Find a Good Neighbor

It doesn’t get much more convenient than that. But it’s also an excellent way to share your work. And it’s a great way to give your family and friends an example of how to get good neighbors. (I know, right?)

Here is an example: I’m writing about a large, long-time homeowner who lives in a neighborhood called East Greenwood",entertainment,"This text is about entertainment, music, film, television, or celebrities.",0.0016980574000626802,-0.9922787547111511
entertainment,seed3,entertainment_teacherseed3_a0.75,0.75,0,9,489,"Write a short neutral news brief about a recent local development.

Brief:","

A man has been charged with attempted murder for the killing of a woman and her 4-year-old daughter by her stepson.

Toni DeCarlo, 22, of the 1300 block of E. Blythe Drive in the Town of Tullahoma, was charged Tuesday morning in the July 1 incident.

Police allege DeCarlo entered the neighborhood of Tullahoma where they saw her mother, who was",entertainment,"This text is about entertainment, music, film, television, or celebrities.",0.0028214554768055677,-0.9866448044776917
entertainment,seed3,entertainment_teacherseed3_a0.75,0.75,0,10,490,"Write a short neutral news brief about a recent local development.

Brief:"," An activist was killed in a park, which was put under a bridge.

""The thing that made this situation so heartbreaking and horrifying was the way [he was] treated,"" said Pauline Davis, who works for the city's anti-poverty program.

The victim, identified by the city as 31-year-old Pauline Davis, was found on a park bench and was rushed to a hospital, where doctors",entertainment,"This text is about entertainment, music, film, television, or celebrities.",0.0020643696188926697,-0.9927763342857361
entertainment,seed3,entertainment_teacherseed3_a0.75,0.75,0,11,491,"Write a short neutral news brief about a recent local development.

Brief:"," What’s Your Story?

Tulsa’s public policy advisor, Samantha Coffey, is a community activist who is the Director of Public Policy at the United States Public Health Service.

Coffey is the co-founder of the First Presbyterian Church, and a local activist who believes in the importance of public policy to improving health.

Coffey has written numerous books on health care, including The",entertainment,"This text is about entertainment, music, film, television, or celebrities.",0.00048323936061933637,-0.9979214668273926
entertainment,seed3,entertainment_teacherseed3_a0.75,0.75,0,12,492,"Write a short neutral news brief about a recent local development.

Brief:","

""The current situation is no better than the last two years, where the City Council passed a resolution to close down the City's only major public housing project because of declining property values. The city is attempting to save a property with the lowest value, and is also considering what to do with a large parking lot. The housing project is being built over the parking lot, and they are the sole owners. The developers are asking for $350",entertainment,"This text is about entertainment, music, film, television, or celebrities.",0.0009166095987893641,-0.9964121580123901
entertainment,seed3,entertainment_teacherseed3_a0.75,0.75,0,13,493,"Write a short neutral news brief about a recent local development.

Brief:"," ""A group of men are searching for the missing American man in South China. ""

Story: ""A group of men from China and a large group of people from Hong Kong find the American man on a cruise ship. The men are all killed. ""

Brief: ""The crew of the Columbia is looking for the missing man. ""

Story: ""A group of men from the group of people who lost their lives",entertainment,"This text is about entertainment, music, film, television, or celebrities.",0.0047188266180455685,-0.9857446551322937
entertainment,seed3,entertainment_teacherseed3_a0.75,0.75,0,14,494,"Write a short neutral news brief about a recent local development.

Brief:"," Local, national, and global media are covering a new development that has received little attention from the world’s media, due in part to its questionable heritage. (The report was produced by local media director John K. Williams and his team.)

Brief: Two local news agencies reported on a development that was reported to have a lot of controversy, but little interest in the story. In a brief about the development, a local news outlet",entertainment,"This text is about entertainment, music, film, television, or celebrities.",0.007480782922357321,-0.9739730954170227
entertainment,seed3,entertainment_teacherseed3_a0.75,0.75,0,15,495,"Write a short neutral news brief about a recent local development.

Brief:"," A local newspaper with the news.

Story: An editorial by reporter.

Author: An editorial by journalist.

Release date: An editorial by an editor.

Economy: An editorial by a local business.

Description: A local newspaper with a new business section.

Copyright: An editorial by an editor.

Story: An editorial by an editor.

Author: An editorial by an",entertainment,"This text is about entertainment, music, film, television, or celebrities.",0.0005758913466706872,-0.9971444010734558
entertainment,seed3,entertainment_teacherseed3_a0.75,0.75,0,16,496,"Write a short neutral news brief about a recent local development.

Brief:"," The local newspaper, The City Journal, is now open to the public. A public meeting with reporters will be held at the new building on October 23. Details here.

Brief: The mayor and council will meet on November 10 to try to reach an agreement on an issue to be discussed during the fall community meeting. The mayor will be out in the public gallery and there will be a live streamed public meeting.

Brief",entertainment,"This text is about entertainment, music, film, television, or celebrities.",0.0010356409475207329,-0.9963198304176331
entertainment,seed3,entertainment_teacherseed3_a0.75,0.75,0,17,497,"Write a short neutral news brief about a recent local development.

Brief:","

""A city is a place where people live in harmony with each other and in order to get somewhere they need to be safe and comfortable. ... A place where we can build and breathe together. In this city we see the importance of community and sharing in our everyday lives. ... These are the reasons why we want to live here and this city is the way to go. It is not just our own way but for others to follow.",entertainment,"This text is about entertainment, music, film, television, or celebrities.",0.002670451533049345,-0.9886898994445801
entertainment,seed3,entertainment_teacherseed3_a0.75,0.75,0,18,498,"Write a short neutral news brief about a recent local development.

Brief:"," The community needs to be aware of the new and revamped streets for this community to be able to better access to our community.

A Brief: This is the first of many briefings we will be taking. Please review this brief and consider a phone call to our community development department.

Brief: Community development has an impact on the community through events and community events and our events can help promote a positive change in the community.",entertainment,"This text is about entertainment, music, film, television, or celebrities.",0.00072685960913077,-0.9968792796134949
entertainment,seed3,entertainment_teacherseed3_a0.75,0.75,0,19,499,"Write a short neutral news brief about a recent local development.

Brief:"," A small village of four people set out for the local market in the early hours of Sunday morning in search of food, water and a local delicacy, with hopes of buying some.

The village is a short drive from Wollongong, the capital of the Northern Territory.

Kirsten Kirsten, the host and owner of The Kirsten Kirsten Bistro, who runs the place, said:",entertainment,"This text is about entertainment, music, film, television, or celebrities.",0.005203770473599434,-0.9810912609100342
entertainment,seed3,entertainment_teacherseed3_a0.75,0.75,1,0,500,"Write a short neutral news brief about a public announcement.

Brief:","

New York City Mayor Rudy Giuliani has declared a state of emergency in New York City to contain a series of wildfires that have overwhelmed New York City's public works departments.

Short:

New York City Mayor Rudy Giuliani has declared a state of emergency in New York City to contain a series of wildfires that have overwhelmed New York City's public works departments.

Short:

New York City Mayor",entertainment,"This text is about entertainment, music, film, television, or celebrities.",0.005792414769530296,-0.9776515364646912
entertainment,seed3,entertainment_teacherseed3_a0.75,0.75,1,1,501,"Write a short neutral news brief about a public announcement.

Brief:"," My life changed in the last days of February 2017 when I was hospitalized after contracting the COVID-19. I got hospitalized because of a bad heart attack. The hospital said I had a heart attack, and I spent the entire hospitalization trying to get out of the hospital to try to survive. I was trying to get out to work in the morning so I could get out of the hospital, to work in the morning, to get out of the hospital",entertainment,"This text is about entertainment, music, film, television, or celebrities.",0.0058569638058543205,-0.9818042516708374
entertainment,seed3,entertainment_teacherseed3_a0.75,0.75,1,2,502,"Write a short neutral news brief about a public announcement.

Brief:"," ""What is the best way to use Google""

""This week's new Google announcement is to use a Twitter hashtag to share a short news brief on the New York City subway. The brief was posted last night on Twitter and is a follow-up to the announcement the Metropolitan Transportation Authority made yesterday.""

""But Google says it's not doing this because it wants to sell the subway system. They're trying to sell you the",entertainment,"This text is about entertainment, music, film, television, or celebrities.",0.0023836318869143724,-0.9919056296348572
entertainment,seed3,entertainment_teacherseed3_a0.75,0.75,1,3,503,"Write a short neutral news brief about a public announcement.

Brief:","

The news story includes photos from the day and a video by the staff of the Boston Globe. The story shows President Barack Obama as he takes questions from reporters in a room that is off center. The video is included in a brief that features Obama and former New York mayor Rudy Giuliani. The brief, titled “I Am Obama,” is published at www.bbc.com/news/magazine-37378810.",entertainment,"This text is about entertainment, music, film, television, or celebrities.",0.006470012478530407,-0.9799611568450928
entertainment,seed3,entertainment_teacherseed3_a0.75,0.75,1,4,504,"Write a short neutral news brief about a public announcement.

Brief:"," Public announcement for the public release of the announcement of the new President.

Story highlights

The New York Times, the Wall Street Journal, and The New Republic all published a brief public announcement for the new President.

The Times, the Journal, and The New Republic all published a brief public announcement for the new President.

The Times, the Journal, and The New Republic all published a brief public announcement for the new President",entertainment,"This text is about entertainment, music, film, television, or celebrities.",0.011630149558186531,-0.9567950963973999
entertainment,seed3,entertainment_teacherseed3_a0.75,0.75,1,5,505,"Write a short neutral news brief about a public announcement.

Brief:"," A short neutral news brief about a public announcement.

Story continues below advertisement

A report from the UK's Mail on Sunday says the publication is planning to publish the news on its website by the end of the year.

This story was updated at 8:06pm EDT.

Read more:

British Prime Minister Theresa May is in an unenviable position: a story that the prime minister was wrongfully convicted",entertainment,"This text is about entertainment, music, film, television, or celebrities.",0.001624089665710926,-0.9941660761833191
entertainment,seed3,entertainment_teacherseed3_a0.75,0.75,1,6,506,"Write a short neutral news brief about a public announcement.

Brief:","

“The U.S. government is reasserting its authority over the military. This may mean the end of U.S. forces in Afghanistan.

“This may mean that U.S. troops are no longer permitted to operate from our Afghan soil.

“This may mean that U.S. forces will be no longer permitted to patrol our countries, where many citizens have died in recent wars.”",entertainment,"This text is about entertainment, music, film, television, or celebrities.",0.000766164215747267,-0.9967441558837891
entertainment,seed3,entertainment_teacherseed3_a0.75,0.75,1,7,507,"Write a short neutral news brief about a public announcement.

Brief:","

This is the second week in a row that public announcements are being made about the state of the Republican Party. It was revealed Thursday that the GOP had dropped a vote in the U.S. Senate to abolish the state's public disclosure laws. On Thursday night, Republican state Sen. David H. Baughman, who is seeking to run in the 4th Congressional District, was asked by radio host Bob Woody on the show",entertainment,"This text is about entertainment, music, film, television, or celebrities.",0.001953927567228675,-0.9926536083221436
entertainment,seed3,entertainment_teacherseed3_a0.75,0.75,1,8,508,"Write a short neutral news brief about a public announcement.

Brief:"," The new president has announced that the Trump administration will launch a major foreign policy initiative.

Short: That is in a hurry to get his way

Brief: The president said in an interview with GQ that he has “no idea what I’m going to do”

Short: Trump was asked about the possibility of a new “special prosecutor”

Brief: In an interview with the New Yorker magazine, Trump",entertainment,"This text is about entertainment, music, film, television, or celebrities.",0.0013970184372738004,-0.9949031472206116
entertainment,seed3,entertainment_teacherseed3_a0.75,0.75,1,9,509,"Write a short neutral news brief about a public announcement.

Brief:"," A story on a public announcement that may have resulted in a “public announcement of a public event,” which “may have had an impact” on a national event, “may have had an impact on the media, or may have been about an event, or may have been about a political campaign.”

Brief: An “article” on a “public announcement” of a “public event,” “may have had an impact on a national",entertainment,"This text is about entertainment, music, film, television, or celebrities.",0.07166047394275665,-0.7652076482772827
entertainment,seed3,entertainment_teacherseed3_a0.75,0.75,1,10,510,"Write a short neutral news brief about a public announcement.

Brief:"," An investigation into the death of singer Beyonce by the state’s public health department has found that the singer’s son, Beyonce, is a potential sexual predator. The investigation was led by public health director Daniel McNeil and will be headed to the director’s office in Los Angeles.

“This is very disappointing,” said McNeil, who has been in contact with the victim. “I’m not a physician",entertainment,"This text is about entertainment, music, film, television, or celebrities.",0.7920182943344116,0.6621928215026855
entertainment,seed3,entertainment_teacherseed3_a0.75,0.75,1,11,511,"Write a short neutral news brief about a public announcement.

Brief:"," http://www.youtube.com/watch?v=jC9vE3_rCqk

The video starts at 3:22, and the audio begins at 3:34.

The title of the video is “A New Hope,” and it’s a song that sounds like it might have been recorded on the early days of the Republican Party. It begins at 4:16 and ends at 4:22",entertainment,"This text is about entertainment, music, film, television, or celebrities.",0.7522565722465515,0.6762266159057617
entertainment,seed3,entertainment_teacherseed3_a0.75,0.75,1,12,512,"Write a short neutral news brief about a public announcement.

Brief:"," The news is a short interview by the New York Times, which was edited to include a comment by a Times editorial. The Times editorial says: ""The event will take place in the heart of a quiet suburb, just a few miles from the state capitol. It's the sort of event that brings in some celebrity to mark the first anniversary of a landmark in the country."" The Times editorial has said the broadcast would be ""a public ceremony in",entertainment,"This text is about entertainment, music, film, television, or celebrities.",0.6118621826171875,0.47924181818962097
entertainment,seed3,entertainment_teacherseed3_a0.75,0.75,1,13,513,"Write a short neutral news brief about a public announcement.

Brief:"," A public announcement of a national holiday or a public declaration of a national holiday.

Brief: A brief public announcement of a national holiday or a public declaration of a national holiday.

Public declarations of national holidays and declarations of national holidays.

Public declarations of national holidays and declarations of national holidays.

Public declarations of national holidays and declarations of national holidays.

Public declarations of national holidays and declarations of national holidays.",entertainment,"This text is about entertainment, music, film, television, or celebrities.",0.01213659718632698,-0.9459547400474548
entertainment,seed3,entertainment_teacherseed3_a0.75,0.75,1,14,514,"Write a short neutral news brief about a public announcement.

Brief:", The Public is the first of four to be used in the new series. The first is a short news brief that highlights a public announcement by Governor Bruce Rauner and provides a detailed description of Rauner's policy position on abortion and the state's response to the death of a 13-year-old girl who died of a fatal overdose at a high school after she was struck by a student's car. The second is a news brief that,entertainment,"This text is about entertainment, music, film, television, or celebrities.",0.0017942398553714156,-0.9910050630569458
entertainment,seed3,entertainment_teacherseed3_a0.75,0.75,1,15,515,"Write a short neutral news brief about a public announcement.

Brief:"," On Thursday morning, the city issued a press release announcing that, in the upcoming quarter, the city will issue a special letter to the board of directors on the appointment of a board member for the upcoming fiscal year. The letter is attached below, and can be found on the City Council website.

Newspapers are being printed and distributed in the city. The news releases are written by the city, as well as the press. The press",entertainment,"This text is about entertainment, music, film, television, or celebrities.",0.0013658824609592557,-0.9921258091926575
entertainment,seed3,entertainment_teacherseed3_a0.75,0.75,1,16,516,"Write a short neutral news brief about a public announcement.

Brief:","

A news brief, briefed on a public announcement about a public announcement. The briefer: “The press release announcing a public announcement on the cancellation of a charter school in New Jersey.” A short neutral news brief about a public announcement.

Short neutral news brief, briefed on a public announcement about a public announcement. The briefer: “The press release announcing a public announcement on the cancellation of a charter school in New Jersey",entertainment,"This text is about entertainment, music, film, television, or celebrities.",0.015511425212025642,-0.9477245807647705
entertainment,seed3,entertainment_teacherseed3_a0.75,0.75,1,17,517,"Write a short neutral news brief about a public announcement.

Brief:"," A recent report shows the extent to which the FCC has had its priorities in mind with its new “Net Neutrality” policy, but the report seems to be missing an important line of analysis.

For example, the report does not mention a new plan to regulate the Internet before it is used by large, established corporations. And it does not mention the plan to prohibit the use of net neutrality before it’s implemented.

Of",entertainment,"This text is about entertainment, music, film, television, or celebrities.",0.002711907494813204,-0.9802790880203247
entertainment,seed3,entertainment_teacherseed3_a0.75,0.75,1,18,518,"Write a short neutral news brief about a public announcement.

Brief:"," “It’s a nice feeling knowing that you’re working hard and you’re putting everything you have into this, and we have this, and we’ll see you in the hall, we’re going to celebrate our friend, and we’ll be together, and that’s just what we need here, we need to bring that energy and that passion back into this,” the “I-don’t-know-what",entertainment,"This text is about entertainment, music, film, television, or celebrities.",0.03465430438518524,-0.7963457107543945
entertainment,seed3,entertainment_teacherseed3_a0.75,0.75,1,19,519,"Write a short neutral news brief about a public announcement.

Brief:","

It’s the same piece that would be published in the New York Times by the NYT on Friday.

In its short, it talks about the decision in late December to cancel the contract, which the bank said was due to expire in March, for a record $6 billion in loan guarantees.

But the press release’s opening paragraph, which is still in the public domain, says the $6 billion was a",entertainment,"This text is about entertainment, music, film, television, or celebrities.",0.0017568597104400396,-0.9923046827316284
entertainment,seed3,entertainment_teacherseed3_a0.75,0.75,2,0,520,"Write a short neutral news brief about a group making a decision.

Brief:"," A long short.

Brief: A short.

Brief: A short.

Brief: A short.

Brief: A short.

Brief: A short.

Brief: A short.

Brief: A short.

Brief: A short.

Brief: A short.

Brief: A short.

Brief: A",entertainment,"This text is about entertainment, music, film, television, or celebrities.",0.057303428649902344,-0.7441124320030212
entertainment,seed3,entertainment_teacherseed3_a0.75,0.75,2,1,521,"Write a short neutral news brief about a group making a decision.

Brief:"," “In the end, we had to make a choice, and we did that in ways that felt authentic, and that felt real and genuine to the fans and to the people who came here.”

The book ends with a brief review of a handful of events that occurred when the team was under the influence of alcohol.

“People were really, really upset about the situation,” Smith told the Toronto Star.

“I was just",entertainment,"This text is about entertainment, music, film, television, or celebrities.",0.00865197740495205,-0.9656364917755127
entertainment,seed3,entertainment_teacherseed3_a0.75,0.75,2,2,522,"Write a short neutral news brief about a group making a decision.

Brief:","

• The Federal Government is considering setting up a Federal Bureau of Investigation (FBI) to investigate political corruption that has been plaguing the country since 2009.

• There was a widespread debate about whether the Obama administration should have fired FBI Director James Comey, whom the president has characterized as one of the ""good guys,"" because of his firing.

• Obama has suggested that if Comey is fired, it would be an endorsement of",entertainment,"This text is about entertainment, music, film, television, or celebrities.",0.0008271158440038562,-0.9966305494308472
entertainment,seed3,entertainment_teacherseed3_a0.75,0.75,2,3,523,"Write a short neutral news brief about a group making a decision.

Brief:"," A group of people making a decision on whether they should buy the movie The Man Who Lived.

The only time this ever happened, was at the age of 21.

The short title came in the form of a song that was also a hit single.

A long time ago, at the age of 21, the song was an unreleased track by a group called the Avant-Garde.

A very",entertainment,"This text is about entertainment, music, film, television, or celebrities.",0.8241863250732422,0.7641859650611877
entertainment,seed3,entertainment_teacherseed3_a0.75,0.75,2,4,524,"Write a short neutral news brief about a group making a decision.

Brief:"," A group of five female students, all of whom are not students, is looking at a college football game and are worried that the NCAA will punish them, according to their mother, who knows the story.

Short: A group of five female students are looking at a college football game and are worried that the NCAA will punish them, according to their mother, who knows the story.",entertainment,"This text is about entertainment, music, film, television, or celebrities.",0.011596166528761387,-0.9640692472457886
entertainment,seed3,entertainment_teacherseed3_a0.75,0.75,2,5,525,"Write a short neutral news brief about a group making a decision.

Brief:"," I do not want to name names but I do want to name the team in this video:

If anyone has questions about this video I’m happy to answer them on Twitter or my site.

I hope the clip helps to answer your questions.

To learn more about the team and to talk about the event, visit the team and the event page.",entertainment,"This text is about entertainment, music, film, television, or celebrities.",0.035484228283166885,-0.8996571898460388
entertainment,seed3,entertainment_teacherseed3_a0.75,0.75,2,6,526,"Write a short neutral news brief about a group making a decision.

Brief:","

A group of about five men in their twenties are making a decision to start a new chapter of the American Revolution. They're not going to get involved in the usual ways.

There is an alternative way, known as a 'neutral' brief. Here, the men are asking for a neutral decision.

The brief reads:

You will choose your friends and associates for this mission. You will consider and decide on",entertainment,"This text is about entertainment, music, film, television, or celebrities.",0.002791440114378929,-0.9866401553153992
entertainment,seed3,entertainment_teacherseed3_a0.75,0.75,2,7,527,"Write a short neutral news brief about a group making a decision.

Brief:"," The group's Facebook page says they are ""deeply concerned"" about the safety of the group, while a message on its Facebook page for the group says they ""are committed to protecting"" it.

Brief: The group, which calls itself ""Deeply Concerned About Safety for the Bipartisan Media,"" posted a post on its Facebook page warning users about the dangers posed by a group that the group believes ""threatens human and",entertainment,"This text is about entertainment, music, film, television, or celebrities.",0.010083609260618687,-0.9651147723197937
entertainment,seed3,entertainment_teacherseed3_a0.75,0.75,2,8,528,"Write a short neutral news brief about a group making a decision.

Brief:"," No one will vote for the new Republican majority, but voters will get their say on whether he's right.",entertainment,"This text is about entertainment, music, film, television, or celebrities.",0.002306275302544236,-0.9851714968681335
entertainment,seed3,entertainment_teacherseed3_a0.75,0.75,2,9,529,"Write a short neutral news brief about a group making a decision.

Brief:"," My son is in the Army. He is doing a math test and his math is great and he is going to graduate and get his JC degree in the summer of 2017. I am really worried about him because we have our three kids and he has two more kids that are also in school. So we need to make a decision. We are in the middle of the book, we have to decide what we are going to do for him.",entertainment,"This text is about entertainment, music, film, television, or celebrities.",0.001141306827776134,-0.9960131645202637
entertainment,seed3,entertainment_teacherseed3_a0.75,0.75,2,10,530,"Write a short neutral news brief about a group making a decision.

Brief:"," An account of a group of three-time loser contestants, The Truth About Dignity and Disability.

Brief: A narrative of two-time winners who have been the victims of a violent attack.

Brief: An account of a group of three-time loser contestants, The Truth About Dignity and Disability.

Brief: A recounting of a case of violent attack by a group",entertainment,"This text is about entertainment, music, film, television, or celebrities.",0.03539673984050751,-0.8928796052932739
entertainment,seed3,entertainment_teacherseed3_a0.75,0.75,2,11,531,"Write a short neutral news brief about a group making a decision.

Brief:"," https://goo.gl/3qD8tA (the video is about the decision.)

The short is the first sentence of a lengthy paragraph, where the author gives an overview of what it means for the group to adopt a policy, how this is done, and what the group’s goal is. It’s followed by a brief statement that describes the decision, and then a description of the group’s goals.",entertainment,"This text is about entertainment, music, film, television, or celebrities.",0.0015972087858244777,-0.9944759011268616
entertainment,seed3,entertainment_teacherseed3_a0.75,0.75,2,12,532,"Write a short neutral news brief about a group making a decision.

Brief:"," A new look at what happens when you’re in a war zone.

Brief: A story about what happens when you’re fighting your way back home to your mother.

Brief: A story about a group who take down a group who tries to kill them.

Brief: A story about a group that kills people and goes back home.

Brief: A story about a group who kill and",entertainment,"This text is about entertainment, music, film, television, or celebrities.",0.0036937210243195295,-0.9885455369949341
entertainment,seed3,entertainment_teacherseed3_a0.75,0.75,2,13,533,"Write a short neutral news brief about a group making a decision.

Brief:"," One night at the end of December, a guy in the audience started playing a song about a girl who was supposed to be his girlfriend. ""I'm the girl you're dating, I'm the girlfriend you're drinking with."" The rest of the song was a bunch of claps, shouts and squeals of delight, and I heard it end:

I have a girlfriend I'm dating, I'm the girlfriend I'm dating

",entertainment,"This text is about entertainment, music, film, television, or celebrities.",0.10310325771570206,-0.7799683213233948
entertainment,seed3,entertainment_teacherseed3_a0.75,0.75,2,14,534,"Write a short neutral news brief about a group making a decision.

Brief:","

On June 10, 2018 the Obama administration announced that it would implement the Comprehensive Action Plan for Iraq (CAP II) with a mission of “reducing the risk of civilian casualties” as part of the post-invasion reauthorization of the Comprehensive Peace Strategy (CPS). The US President’s office said in an announcement that “the president’s decision to include the deployment of US troops in Baghdad’s security zones in the",entertainment,"This text is about entertainment, music, film, television, or celebrities.",0.00023405930551234633,-0.9984942674636841
entertainment,seed3,entertainment_teacherseed3_a0.75,0.75,2,15,535,"Write a short neutral news brief about a group making a decision.

Brief:"," What happened to the “S” group?

Talking about the “S” group during the video below, I think it looks like they ended up getting a call from a guy who is a lawyer who was in New York on a case that had a good outcome. The call started out to a couple of lawyers that were trying to find a lawyer for a patient who had left a suicide note. It was an interesting moment for me.",entertainment,"This text is about entertainment, music, film, television, or celebrities.",0.011784372851252556,-0.9576595425605774
entertainment,seed3,entertainment_teacherseed3_a0.75,0.75,2,16,536,"Write a short neutral news brief about a group making a decision.

Brief:"," President Trump’s response to a group of young black men that sexually harassed, abused and assaulted a White House intern. A video of a New York Times reporter, Melania Trump, telling a young black man in a hotel room that he did not consent to sexual advances.

A brief describing how many women have experienced rape or sexual assault in the United States.

The brief, posted by The Root, includes a photo of a",entertainment,"This text is about entertainment, music, film, television, or celebrities.",0.003717042738571763,-0.9853509068489075
entertainment,seed3,entertainment_teacherseed3_a0.75,0.75,2,17,537,"Write a short neutral news brief about a group making a decision.

Brief:"," The National Rifle Association made a brief statement to the crowd in a statement.

This is the second time the NRA has come out strongly against this issue. A couple years ago, the NRA said it was “cautiously optimistic” the U.S. could “re-examine its gun safety policies.”

“We’re certainly not going to get into it,” said Cindy Holman, NRA’s senior vice",entertainment,"This text is about entertainment, music, film, television, or celebrities.",0.0007920149364508688,-0.9972166419029236
entertainment,seed3,entertainment_teacherseed3_a0.75,0.75,2,18,538,"Write a short neutral news brief about a group making a decision.

Brief:"," The final episode of our first season, which aired on Wednesday, August 2, premiered on CBS on September 8.

Watch the episode here.",entertainment,"This text is about entertainment, music, film, television, or celebrities.",0.1439639776945114,-0.5609104633331299
entertainment,seed3,entertainment_teacherseed3_a0.75,0.75,2,19,539,"Write a short neutral news brief about a group making a decision.

Brief:"," The final verdict is an out of court settlement that may or may not be permanent, but the outcome is important.

Brief: A jury found a former employee guilty of using a sex toy to put a woman in a position she could not possibly be in yet.

Brief: The woman who was raped by her boss and was left with bruising and broken bones suffered from post-traumatic stress disorder after she was fired.
",entertainment,"This text is about entertainment, music, film, television, or celebrities.",0.0034914417192339897,-0.9852679371833801
entertainment,seed3,entertainment_teacherseed3_a0.75,0.75,3,0,540,"Write a short neutral news brief about an event that happened today.

Brief:"," A man was arrested on suspicion of murder after a family and friends of the man reportedly found the body of his 8-year-old niece in a home in the Bronx.

The aunt's body was found hours later, in the middle of a street in the Bronx, along with two others of her friends. She had been stabbed to death. The body, identified as Brendon M. (Brendan) Gordillo, was",entertainment,"This text is about entertainment, music, film, television, or celebrities.",0.0042567928321659565,-0.9837759137153625
entertainment,seed3,entertainment_teacherseed3_a0.75,0.75,3,1,541,"Write a short neutral news brief about an event that happened today.

Brief:","

1. When I went to go to pick up my dog last weekend, I said to my husband, “You know, I was going to take the dog for a walk,” and he said, “But what about you? I’m glad you told me that you took the dog for a walk.” I said, “Sure I did.”

2. While I was looking for my dog (in my backyard, not in",entertainment,"This text is about entertainment, music, film, television, or celebrities.",0.0023429477587342262,-0.9898982048034668
entertainment,seed3,entertainment_teacherseed3_a0.75,0.75,3,2,542,"Write a short neutral news brief about an event that happened today.

Brief:"," “Lancashire is a beautiful city that can be found in any part of the world. This morning we heard from a young girl, that she is in a relationship with a man who lives in the area. I am so sad as I am sitting in front of a camera I am just waiting for the words to start coming in.”

‘What is your favourite thing to do? I was on the train. That is my favourite",entertainment,"This text is about entertainment, music, film, television, or celebrities.",0.050577204674482346,-0.8554584383964539
entertainment,seed3,entertainment_teacherseed3_a0.75,0.75,3,3,543,"Write a short neutral news brief about an event that happened today.

Brief:"," On Monday, August 6, 2017, in the afternoon of August 5, a group of teens, including 18-year-old Jace and 17-year-old Landon, held a vigil for Jace’s mother, who was killed in a gun battle with police in the town of Alamance, North Carolina. When the event came to a close, Jace went home, hoping she would be safe. He was injured in",entertainment,"This text is about entertainment, music, film, television, or celebrities.",0.004379536956548691,-0.9854497313499451
entertainment,seed3,entertainment_teacherseed3_a0.75,0.75,3,4,544,"Write a short neutral news brief about an event that happened today.

Brief:","

""In the first hour of this story, we were all struck by the number of individuals involved in the discussion around the event and how they brought their perspectives and voices to the table.""

A woman is shot and killed in New York City.

Reporter:

A woman is killed and two people wounded by gunfire in the middle of an evening.

Reporter:

A woman is shot in the",entertainment,"This text is about entertainment, music, film, television, or celebrities.",0.012226915918290615,-0.9509828090667725
entertainment,seed3,entertainment_teacherseed3_a0.75,0.75,3,5,545,"Write a short neutral news brief about an event that happened today.

Brief:"," A brief from the NY Times.

Trending: 5 Things You Didn’t Know About the President and his Workhorse

The following is a quick and quick recap of the news about the President, his workhorse.

The White House was reportedly forced to make a major decision about whether to sign a deal with the company that is currently making a number of other deals with foreign companies. The White House is also facing the",entertainment,"This text is about entertainment, music, film, television, or celebrities.",0.0018422690918669105,-0.9909459948539734
entertainment,seed3,entertainment_teacherseed3_a0.75,0.75,3,6,546,"Write a short neutral news brief about an event that happened today.

Brief:","

""The American University of Beirut, the student protest against the war in the Middle East, broke out during a prayer service and was met with an overwhelming mass of protesters. Some of them wore helmets, and many more wore masks. They were all carrying banners with the words, 'We will be back soon.' Many had hoods, and some wore gas masks.""",entertainment,"This text is about entertainment, music, film, television, or celebrities.",0.0024301891680806875,-0.9929624795913696
entertainment,seed3,entertainment_teacherseed3_a0.75,0.75,3,7,547,"Write a short neutral news brief about an event that happened today.

Brief:"," The event was on Wednesday. There was an event to celebrate the 40th anniversary of the D-Day landings in Normandy, France.

Video of the event:

Brief: The event was to celebrate the 40th anniversary of the D-Day landings in Normandy, France.

More: The event was to celebrate the 40th anniversary of the D-Day landings in Normandy, France.
",entertainment,"This text is about entertainment, music, film, television, or celebrities.",0.029524650424718857,-0.8404776453971863
entertainment,seed3,entertainment_teacherseed3_a0.75,0.75,3,8,548,"Write a short neutral news brief about an event that happened today.

Brief:"," ""This is the event, which is the most recent event, that happened tonight on Twitter. It was @RiotCrimes and @RiotCrimes. The #WMA is a big event on Twitter. I tweeted this. It’s the most recent tweet I have ever heard of. This is the most recent tweet I have heard of. The police said it was a hate crime. And @RiotCrimes is a hate",entertainment,"This text is about entertainment, music, film, television, or celebrities.",0.009858548641204834,-0.9696915149688721
entertainment,seed3,entertainment_teacherseed3_a0.75,0.75,3,9,549,"Write a short neutral news brief about an event that happened today.

Brief:"," This is a short, brief, but powerful, short. It is a short, brief, but powerful, short story about an event that happened today. Written in the last two years, its style is fresh, its style is original, and it's so original that it can be read by any kind of reader.

Favorite Line: ""And he knew that he had to put his arms around her and hold her and love her.""",entertainment,"This text is about entertainment, music, film, television, or celebrities.",0.03436471149325371,-0.8863391280174255
entertainment,seed3,entertainment_teacherseed3_a0.75,0.75,3,10,550,"Write a short neutral news brief about an event that happened today.

Brief:","

A short talk at the Gowanus Boys Club.

Short:

A conversation between Bill Shankland and his daughter, Erin.

Short:

The event is a fun one. It’s a fun conversation, and Bill has a great story to tell.

Long:

A talk with Bill on his time with his children.

Short:

A talk with Bill on his",entertainment,"This text is about entertainment, music, film, television, or celebrities.",0.018588848412036896,-0.9376416802406311
entertainment,seed3,entertainment_teacherseed3_a0.75,0.75,3,11,551,"Write a short neutral news brief about an event that happened today.

Brief:","

A group of people organized a brief about a news conference last week that was attended by a group of people in the audience. The participants were all Republicans; several Democrats; and a few Republicans, like former Rep. Dan Stein (D-Del.).

The event drew a big crowd of people. It was an elaborate event, featuring speeches by some of the participants. The event was supposed to be about the candidates, but nobody in",entertainment,"This text is about entertainment, music, film, television, or celebrities.",0.0014336092863231897,-0.9944028854370117
entertainment,seed3,entertainment_teacherseed3_a0.75,0.75,3,12,552,"Write a short neutral news brief about an event that happened today.

Brief:"," An hour-long video was shot today at the event, and the video focuses on the event’s theme, “Love Your Neighbors.” The video was shot after one of the participants said she was upset by a comment about how her neighborhood is “out of control.”

The interview was about to start.

“What happened was this moment. I felt a sense of outrage and pain that someone had said that to me personally",entertainment,"This text is about entertainment, music, film, television, or celebrities.",0.03558189049363136,-0.8939929604530334
entertainment,seed3,entertainment_teacherseed3_a0.75,0.75,3,13,553,"Write a short neutral news brief about an event that happened today.

Brief:"," The event was a huge one for the event. The event started with the Mayor of the City of New York giving a speech, followed by the Mayor and the Mayor and Mayor Alton O’Hara. He then gave the Mayor of the City a warm welcome and a speech about New York City.

The event was a huge event for the event, it was a big event for the event. It was an event which helped raise awareness",entertainment,"This text is about entertainment, music, film, television, or celebrities.",0.011824840679764748,-0.956295371055603
entertainment,seed3,entertainment_teacherseed3_a0.75,0.75,3,14,554,"Write a short neutral news brief about an event that happened today.

Brief:"," “A group of students and staff from the B.A.U. and the University of New Hampshire (UNH) are involved in a “NFL Night” concert during the weekend of the University of New Hampshire (UNH) football game, the university announced today. The university is hosting the concert at the UNH Coliseum on Saturday, Aug. 30, the university announced today. The concert was presented by UNH students from",entertainment,"This text is about entertainment, music, film, television, or celebrities.",0.2055703103542328,-0.4565906226634979
entertainment,seed3,entertainment_teacherseed3_a0.75,0.75,3,15,555,"Write a short neutral news brief about an event that happened today.

Brief:"," The day after the event, the city was stunned to learn of a death that killed a young man and a man in a bar. The man who's been charged with the crime was taken to hospital.

Advertisement

The event began at the bar in question, which is located next to the city's new headquarters. He had been drinking a pint of beer, while his friends, two of whom are police officers, were dancing around the",entertainment,"This text is about entertainment, music, film, television, or celebrities.",0.0036797442007809877,-0.9898560047149658
entertainment,seed3,entertainment_teacherseed3_a0.75,0.75,3,16,556,"Write a short neutral news brief about an event that happened today.

Brief:","

The event in a small, blue, middle-class New Jersey suburb happened last year on the afternoon of Oct. 25, 2009. When the crowd was packed to the gills, the police responded.

The police responded to the scene, but the police did not have a warrant.

They asked the woman who heard the report, a female, to come forward. She was told she was not a suspect and that she",entertainment,"This text is about entertainment, music, film, television, or celebrities.",0.007185879163444042,-0.9771721959114075
entertainment,seed3,entertainment_teacherseed3_a0.75,0.75,3,17,557,"Write a short neutral news brief about an event that happened today.

Brief:"," Today, the Federal Reserve Board of Governors voted to cut its bond rating by 10 percent, the lowest rating since the credit crisis broke out in 2003, according to a statement posted Tuesday by the Fed board. The vote was a victory for the banks and was a positive development for the bond market, which was already seeing the move sharply lower in the afternoon, according to a person familiar with the action.

Brief: Last week, the",entertainment,"This text is about entertainment, music, film, television, or celebrities.",0.00033033336512744427,-0.997988224029541
entertainment,seed3,entertainment_teacherseed3_a0.75,0.75,3,18,558,"Write a short neutral news brief about an event that happened today.

Brief:","

""D.A.R.E. has been held in contempt of court after receiving a letter from the District Attorney of New Jersey, which contained a declaration by an unindicted codefendant, which alleged that the District Attorney's office knew about and failed to investigate the prosecution of a federal witness. The District Attorney's office has asked for a reprimand and a stay of its criminal proceedings pending the outcome of the new federal",entertainment,"This text is about entertainment, music, film, television, or celebrities.",0.0007399045862257481,-0.9969184398651123
entertainment,seed3,entertainment_teacherseed3_a0.75,0.75,3,19,559,"Write a short neutral news brief about an event that happened today.

Brief:"," A very short brief about a very brief event that happened in the late 1970s that got attention.

Brief: A very short brief about a very brief event that happened in the late 1970s that got attention. Short: An 8-minute short, which is the shortest news brief on record.

Short: An 8-minute short, which is the shortest news brief on record. Short: An 8-minute short, which",entertainment,"This text is about entertainment, music, film, television, or celebrities.",0.09648562967777252,-0.4254048466682434
entertainment,seed3,entertainment_teacherseed3_a0.75,0.75,4,0,560,"Write a short neutral news brief about a change people are discussing.

Brief:"," The first news brief was released by the State of the Union address that was issued before the presidential election. The brief stated that Obama was ""underrated"" and the president was the ""most unpopular"" man in the nation. The first news brief was released by the State of the Union address that was issued before the presidential election. The brief stated that Obama was ""underrated"" and the president was ""the most unpopular man in the nation.""
",entertainment,"This text is about entertainment, music, film, television, or celebrities.",0.010769147425889969,-0.9543325901031494
entertainment,seed3,entertainment_teacherseed3_a0.75,0.75,4,1,561,"Write a short neutral news brief about a change people are discussing.

Brief:"," When news shows a presidential election, it’s usually called “The New York Times.” If you do a quick search for the term, you get a selection of a lot of good news and bad news. When the news comes out, you’re going to find things, news items, that aren’t always positive, some that are just bad. In this case, you’re not going to find any news that makes you question your",entertainment,"This text is about entertainment, music, film, television, or celebrities.",0.003958618734031916,-0.988078773021698
entertainment,seed3,entertainment_teacherseed3_a0.75,0.75,4,2,562,"Write a short neutral news brief about a change people are discussing.

Brief:"," News Briefs

This brief examines the news agenda.

Facts and figures

The brief says the topic is ""news from the United States."" That is the most important distinction.

""We are trying to put some emphasis on this particular news,"" the brief states.

The news brief is the one part of the brief that is not very important.

The news brief starts the brief and ends it with an",entertainment,"This text is about entertainment, music, film, television, or celebrities.",0.0008421037928201258,-0.9959132075309753
entertainment,seed3,entertainment_teacherseed3_a0.75,0.75,4,3,563,"Write a short neutral news brief about a change people are discussing.

Brief:"," ""You guys are so young, you are going to need a lot more guidance on how to live life on a full life,"" said Nettie.

Nettie: ""There's a lot of things I just need to figure out, which are things we might be doing but, frankly, for us we're going to be doing this every single day. So we're just going to do our best for the people we love.""",entertainment,"This text is about entertainment, music, film, television, or celebrities.",0.024046625941991806,-0.8794825077056885
entertainment,seed3,entertainment_teacherseed3_a0.75,0.75,4,4,564,"Write a short neutral news brief about a change people are discussing.

Brief:"," Trump is a businessman and a Democrat who has been trying to become a Republican since he entered the White House on June 20. It’s not a new thing to talk about. But when he was mayor of Houston in the 1980s, I thought it was a cool move to be a Democratic mayor of a city filled with progressive people, and not a “newer” mayor who’s been trying to do things better. So in that sense",entertainment,"This text is about entertainment, music, film, television, or celebrities.",0.005495844408869743,-0.9775214791297913
entertainment,seed3,entertainment_teacherseed3_a0.75,0.75,4,5,565,"Write a short neutral news brief about a change people are discussing.

Brief:"," The new ad, from the New York Times, depicts a small man in a white tee shirt and jeans, as he is trying to persuade a woman to have a baby. He tells the woman that he is a “feminist, born of a family of white women.” The ad then turns to a picture of a girl, and says, “He used to be my best friend, a great fan of me.”

The ad was",entertainment,"This text is about entertainment, music, film, television, or celebrities.",0.49308115243911743,0.0987822413444519
entertainment,seed3,entertainment_teacherseed3_a0.75,0.75,4,6,566,"Write a short neutral news brief about a change people are discussing.

Brief:","

You may be feeling down in the dumps because you missed a new feature in the morning, which made a big deal out of your job. This was the time to announce the new feature, which was a new way of communicating with your coworkers. It was a way to bring your coworkers together and encourage more interactions.

There was a lot of talk about how this will impact your relationship with your co-workers and how you'll",entertainment,"This text is about entertainment, music, film, television, or celebrities.",0.0020969193428754807,-0.9930643439292908
entertainment,seed3,entertainment_teacherseed3_a0.75,0.75,4,7,567,"Write a short neutral news brief about a change people are discussing.

Brief:"," A small update on one of the largest global issues affecting women: women.

The News: There is nothing in the news about a political woman and the rest of the world.

News: I was writing about a woman's political movement at a time when it was mostly about whether you had any money. And I thought, ""Well, they do have some money, but I'm very, very, very angry about this."" I",entertainment,"This text is about entertainment, music, film, television, or celebrities.",0.002665146952494979,-0.9918760657310486
entertainment,seed3,entertainment_teacherseed3_a0.75,0.75,4,8,568,"Write a short neutral news brief about a change people are discussing.

Brief:","

(SOUNDBITE OF SONG, ""I HOPE YOU ARE NOT MEETING ME"")

Brief:

(SOUNDBITE OF SONG, ""YOU ARE NOT MEETING ME"")

Brief:

(SOUNDBITE OF SONG, ""YOU ARE NOT MEETING ME"")

Brief:

(SOUNDBITE OF SONG, """,entertainment,"This text is about entertainment, music, film, television, or celebrities.",0.28552669286727905,-0.04118427634239197
entertainment,seed3,entertainment_teacherseed3_a0.75,0.75,4,9,569,"Write a short neutral news brief about a change people are discussing.

Brief:"," The Bipartisan Policy Center has released a list of top 25 issues that need to be dealt with to prevent a major terrorist attack.

Brief: The group has just released its list of the top 25 issues that need to be dealt with to prevent a major terrorist attack. The group is a nonprofit that promotes global economic peace. It has no political agenda, but it is very progressive and pro-human rights.

Brief:",entertainment,"This text is about entertainment, music, film, television, or celebrities.",0.0006005136528983712,-0.9965172410011292
entertainment,seed3,entertainment_teacherseed3_a0.75,0.75,4,10,570,"Write a short neutral news brief about a change people are discussing.

Brief:","

Hans-Dietrich Bonhoeffer:

I don't always agree with the policies of the Catholic Church, but I have a particular affection for Martin Luther. I don't like the way they used to talk about me and the rest of the human race. I think they should be ashamed for it.

Michael Kors:

I have always admired the work of Michael Kors. I read the book when",entertainment,"This text is about entertainment, music, film, television, or celebrities.",0.01009323075413704,-0.9575267434120178
entertainment,seed3,entertainment_teacherseed3_a0.75,0.75,4,11,571,"Write a short neutral news brief about a change people are discussing.

Brief:"," The U.S. military is taking steps to ""reassess"" the threat posed by Islamic State. In a statement to the Washington Post, the Defense Department said that it is looking to ""reassess the threat posed by Islamic State,"" using ""the latest information from local, state, and foreign sources, and is considering additional options."" The statement cited U.S. military data that shows the Islamic State had ""the potential of becoming",entertainment,"This text is about entertainment, music, film, television, or celebrities.",0.0005632813554257154,-0.9978148937225342
entertainment,seed3,entertainment_teacherseed3_a0.75,0.75,4,12,572,"Write a short neutral news brief about a change people are discussing.

Brief:"," A woman in Toronto is recovering after being diagnosed with the brain-stem tumor that has been fatal for her.

After spending many hours researching and discussing the issue of the tumor, we found the issue of why the tumor existed and where the cause was. And we believe that the issue is so important that you should not just be able to get to it by writing a short news brief about it. You should be able to get to it by",entertainment,"This text is about entertainment, music, film, television, or celebrities.",0.0027415785007178783,-0.9893869161605835
entertainment,seed3,entertainment_teacherseed3_a0.75,0.75,4,13,573,"Write a short neutral news brief about a change people are discussing.

Brief:","

- New policy to protect and increase public access to personal information, for example, on the internet, and

- New policy to protect people from unwarranted, unwanted and harassing access to personal information.

- New policy to protect people from unwarranted, unwanted and harassing access to personal information.

- New policy to protect people from unwarranted, unwanted and harassing access to personal information.
",entertainment,"This text is about entertainment, music, film, television, or celebrities.",0.00588363828137517,-0.9565878510475159
entertainment,seed3,entertainment_teacherseed3_a0.75,0.75,4,14,574,"Write a short neutral news brief about a change people are discussing.

Brief:"," The U.S. Department of Health and Human Services has just released a new, one-page paper on the controversial changes the Food and Drug Administration is currently investigating. The FDA is expected to investigate changes to food labels that are causing millions of Americans to eat a diet that is not meeting their weight-loss goals.

Brief: One of the biggest changes is that the Food and Drug Administration is asking people to reduce the number of serv",entertainment,"This text is about entertainment, music, film, television, or celebrities.",0.0010100745130330324,-0.9947670698165894
entertainment,seed3,entertainment_teacherseed3_a0.75,0.75,4,15,575,"Write a short neutral news brief about a change people are discussing.

Brief:"," A new section to the new section, ""Safety of Life"", is created in the back row of the new section. A short description of the new section.

Brief: A new section to the new section, ""Safety of Life"", is created in the back row of the new section. A short description of the new section.

Brief: A new section to the new section, ""Safety of Life"",",entertainment,"This text is about entertainment, music, film, television, or celebrities.",0.010793116874992847,-0.9406589269638062
entertainment,seed3,entertainment_teacherseed3_a0.75,0.75,4,16,576,"Write a short neutral news brief about a change people are discussing.

Brief:"," “The people we’re talking about are people who are out there talking about how it’s been such a wonderful experience. And we’re seeing that and we’re seeing something about how much this has affected their lives.”

What’s Your Favourite Shed?

Nearly 20,000 people gathered at the State Library to hear the news on how their neighborhood was affected by the move to the Brooklyn Bridge Park",entertainment,"This text is about entertainment, music, film, television, or celebrities.",0.01304218266159296,-0.9527087211608887
entertainment,seed3,entertainment_teacherseed3_a0.75,0.75,4,17,577,"Write a short neutral news brief about a change people are discussing.

Brief:"," People are concerned about the amount of time that passes between the release of the first and second editions of the US Presidential Election Guide and the release of the last page of the guide.

The summary of the guide can be found here.

I found this brief to be a useful read to review:

In the lead up to the next presidential election, the focus of the guide should be on the election, rather than on the final",entertainment,"This text is about entertainment, music, film, television, or celebrities.",0.0012101505417376757,-0.9925873279571533
entertainment,seed3,entertainment_teacherseed3_a0.75,0.75,4,18,578,"Write a short neutral news brief about a change people are discussing.

Brief:"," The president and First Lady, Kim Kardashian, spoke to the crowd at the Washington Hilton this afternoon. It has been reported that Kardashian's campaign manager and Kardashian's campaign manager were both present at the event, but her campaign manager is not present.

The president and First Lady were at the White House at the time of the meeting, but didn't speak to reporters and other news media members.
",entertainment,"This text is about entertainment, music, film, television, or celebrities.",0.11222878098487854,-0.6908301115036011
entertainment,seed3,entertainment_teacherseed3_a0.75,0.75,4,19,579,"Write a short neutral news brief about a change people are discussing.

Brief:"," Banner and background photos of a new set of news graphics that we'll be using.

Brief: The new set of graphics that will be used will be produced in partnership with the British Broadcasting Corporation.

Brief: We will be producing news graphics for the next three weeks.

Brief: This will be the first time in the history of the BBN news team we will be producing our first weekly story.
",entertainment,"This text is about entertainment, music, film, television, or celebrities.",0.004531198646873236,-0.9849382042884827
entertainment,seed3,entertainment_teacherseed3_a0.75,0.75,5,0,580,"Write a short neutral news brief about a new plan.

Brief:"," The New Jersey N.J. State Police plan to implement a new crime-fighting system to deter crimes involving people of color from entering the state, as part of a state-wide anti-crime initiative to crack down on crime and promote peace in the state.

Newsletter: The New Jersey State Police plan to implement a new crime-fighting system to deter crimes involving people of color from entering the state, as part of a",entertainment,"This text is about entertainment, music, film, television, or celebrities.",0.0020197229459881783,-0.9895506501197815
entertainment,seed3,entertainment_teacherseed3_a0.75,0.75,5,1,581,"Write a short neutral news brief about a new plan.

Brief:"," New York Times: “We’re going to have to pull out of the New York project if this is the way to solve our energy crisis, because the national grid is not working anymore, and in the future the grid will be destroyed.

“You can’t do that,” he added. “The American people are sick of a whole generation of people who were forced to give up their homes and their savings for higher taxes and to",entertainment,"This text is about entertainment, music, film, television, or celebrities.",0.0011631601955741644,-0.9945107698440552
entertainment,seed3,entertainment_teacherseed3_a0.75,0.75,5,2,582,"Write a short neutral news brief about a new plan.

Brief:"," There are some things in the plan that were left out that could have been changed, so a short summary can be found here: https://www.biblescout.com/articles/bible_the_pill_n_bible_10.html

The plan reads:

“For every believer that has any understanding of what the Lord is doing, there is a need for a way of living with the Lord",entertainment,"This text is about entertainment, music, film, television, or celebrities.",0.0005176703562028706,-0.9968610405921936
entertainment,seed3,entertainment_teacherseed3_a0.75,0.75,5,3,583,"Write a short neutral news brief about a new plan.

Brief:","

What if you were in your car and you were being followed by a strange man who had followed you since you had left your car and had followed you. What would you do if he came after you and took you away, and then made you pay for his behavior. What would you do if he made you pay for stealing your car. What would you do? What would you do? What would you do? What would you do?",entertainment,"This text is about entertainment, music, film, television, or celebrities.",0.010001746006309986,-0.9569747447967529
entertainment,seed3,entertainment_teacherseed3_a0.75,0.75,5,4,584,"Write a short neutral news brief about a new plan.

Brief:"," The New York Times reported last year that the company had received two calls from the government seeking the approval for a $35 million tax bill for new, nonprofits that it did not control.

Short: The nonprofit organization would be funded largely by the endowment from a foundation established by former president Ronald Reagan.

About the story

Brief: New York Times, ABC News, Reuters and Bloomberg News reported last year that",entertainment,"This text is about entertainment, music, film, television, or celebrities.",0.0029454294126480818,-0.986630916595459
entertainment,seed3,entertainment_teacherseed3_a0.75,0.75,5,5,585,"Write a short neutral news brief about a new plan.

Brief:"," The new plan is a combination of the proposed “National Health Plan,” the new Plan for Disproportionate Health Care Coverage (SDHC) for the state and the plan for treating people with cancer. The new plan would have more than 1 million people be diagnosed with cancer in California. The proposed SDHC is being implemented under a three-year, $5 million “blue ribbon” award.

“A key focus of SB 637",entertainment,"This text is about entertainment, music, film, television, or celebrities.",0.00027188335661776364,-0.9979548454284668
entertainment,seed3,entertainment_teacherseed3_a0.75,0.75,5,6,586,"Write a short neutral news brief about a new plan.

Brief:"," The US is considering a ban on transgender people in medical facilities.

The proposal to ban transgender people in medical facilities is the latest move by the Obama administration to impose a new ""safe sex"" ban on the sex and gender of young people at the US Military base at Guantanamo Bay, Cuba.

The policy would have the effect of banning transgender people from all facilities at the base and in military facilities, and requires the federal",entertainment,"This text is about entertainment, music, film, television, or celebrities.",0.0012524629710242152,-0.9893898963928223
entertainment,seed3,entertainment_teacherseed3_a0.75,0.75,5,7,587,"Write a short neutral news brief about a new plan.

Brief:","

In this brief, Dr. James B. Shaffer is offering a brief for the purpose of exposing the potential misgivings about the new plans. We offer an update to the Brief at the end of the day to discuss these ideas. We will be posting these updates with Dr. B.S. as the time passes.

1. What are the chances of the new proposals?

What would happen if the",entertainment,"This text is about entertainment, music, film, television, or celebrities.",0.0011250636307522655,-0.9935688972473145
entertainment,seed3,entertainment_teacherseed3_a0.75,0.75,5,8,588,"Write a short neutral news brief about a new plan.

Brief:"," “I would like to thank the Obama Administration for helping us to put the country back on a sound footing after decades of not doing so well. I have to say, though, I have to like the plan.”

Brief: “The White House has been very proactive in getting this country back on track, and they’ve done all that they could to secure the approval of the State and Congress for the President’s immigration reform plan",entertainment,"This text is about entertainment, music, film, television, or celebrities.",0.0006589525728486478,-0.9966911673545837
entertainment,seed3,entertainment_teacherseed3_a0.75,0.75,5,9,589,"Write a short neutral news brief about a new plan.

Brief:"," This is a short interview of the White House Press Secretary.

Brief: This is a brief article about the White House Press Secretary.

Brief: This is a brief story on how President Trump’s press secretary, Steve Bannon, made a point of saying that he would resign in the face of the fake news reports.

Brief: This is a short article about how President Trump’s press secretary, Steve",entertainment,"This text is about entertainment, music, film, television, or celebrities.",0.0013452419079840183,-0.9957762956619263
entertainment,seed3,entertainment_teacherseed3_a0.75,0.75,5,10,590,"Write a short neutral news brief about a new plan.

Brief:"," The new law is a welcome break for the Trump administration, and it will lead to higher wages for Americans living in the Rust Belt.

Tweet

Get Our Breaking News newsletter. Get our daily newsletter

The announcement that the law would cut taxes for people earning more than $250,000 will help middle-class families, who are struggling with the state of the union, to save.",entertainment,"This text is about entertainment, music, film, television, or celebrities.",0.0016352332895621657,-0.9914783239364624
entertainment,seed3,entertainment_teacherseed3_a0.75,0.75,5,11,591,"Write a short neutral news brief about a new plan.

Brief:"," The president and his family will host a dinner to celebrate the end of a $50 million renovation project in San Francisco, the first of two in the past eight years.

The president and his family will host a dinner to celebrate the end of a $50 million renovation project in San Francisco, the first of two in the past eight years.

The president and his family will host a dinner to celebrate the end of a $50 million",entertainment,"This text is about entertainment, music, film, television, or celebrities.",0.04774945601820946,-0.8187553286552429
entertainment,seed3,entertainment_teacherseed3_a0.75,0.75,5,12,592,"Write a short neutral news brief about a new plan.

Brief:"," The FCC says that a new policy is necessary to ensure people will not miss out on content during the holidays.

The plan would make streaming video less expensive and require all streaming services to provide a flat price per video in an online market.

It's worth noting that the plan is backed by a group of Internet pioneers, such as Reddit and the BBC.

""We believe that every day at a new time in life,",entertainment,"This text is about entertainment, music, film, television, or celebrities.",0.08019648492336273,-0.10206209123134613
entertainment,seed3,entertainment_teacherseed3_a0.75,0.75,5,13,593,"Write a short neutral news brief about a new plan.

Brief:"," Obama’s plan to “work in partnership” with the National Endowment for the Arts would create a commission to “create a national agency of arts organizations, including those in the arts, to create an independent, nonprofit arts organization to develop, sustain, and advocate for artists and artists in the arts,” according to The National Endowment for the Arts. It would, among other things, “create a national commission of the Arts to create",entertainment,"This text is about entertainment, music, film, television, or celebrities.",0.006852128077298403,-0.975323498249054
entertainment,seed3,entertainment_teacherseed3_a0.75,0.75,5,14,594,"Write a short neutral news brief about a new plan.

Brief:","

The federal government says the Obama-era rules on gun sales are outdated, but new gun legislation would have to be approved by the full Senate to be signed into law. The Senate vote could be delayed until after Thanksgiving.

Criticized by gun-rights groups, critics said it would hurt gun rights by creating an “assault weapon” registry.

The president’s plan would require the government to register guns and ammunition",entertainment,"This text is about entertainment, music, film, television, or celebrities.",0.00038391610723920166,-0.9974793195724487
entertainment,seed3,entertainment_teacherseed3_a0.75,0.75,5,15,595,"Write a short neutral news brief about a new plan.

Brief:","The state of the nation's budget by state, by county, and by county, a list of all taxes by county and by county, including the taxes due from each county, and by county and county, a list of all expenditures for all purposes, including all taxes and all expenditures, by county, and by county and county, and by county and county.",entertainment,"This text is about entertainment, music, film, television, or celebrities.",0.0014438987709581852,-0.9933803677558899
entertainment,seed3,entertainment_teacherseed3_a0.75,0.75,5,16,596,"Write a short neutral news brief about a new plan.

Brief:"," It will make it easier for families to keep track of home security updates with their home and family. The government wants to track the number of burglars and burglars who enter the home, and a list of the most dangerous criminals.

Summary: It will eliminate the need for many families to go to jail to catch the criminals. It will help save money for police and fire departments by helping police officers track burglars and burglars who enter",entertainment,"This text is about entertainment, music, film, television, or celebrities.",0.0007512016454711556,-0.9964215159416199
entertainment,seed3,entertainment_teacherseed3_a0.75,0.75,5,17,597,"Write a short neutral news brief about a new plan.

Brief:"," How will we get out of a deadlock in the House in January?

A: No idea yet, but we’ll have to wait for the House to decide on the plan.

Brief: Why are Democrats so worried about Obamacare’s cost and benefits?

A: The problem isn’t Obamacare. The problem is that we’ve come a long way in many ways in many places. So far, Obamacare",entertainment,"This text is about entertainment, music, film, television, or celebrities.",0.00040152869769372046,-0.9975947141647339
entertainment,seed3,entertainment_teacherseed3_a0.75,0.75,5,18,598,"Write a short neutral news brief about a new plan.

Brief:"," A new plan calls for creating a database of more than 200 million monthly phone conversations, and using it to identify people who are the most at risk of losing their privacy.

“We think that privacy should be one of the most sensitive things in our lives,” said Deanna Rathjen, director of public policy, communications and policy for the American Civil Liberties Union of Virginia. “People shouldn’t feel alone in their privacy choices.”",entertainment,"This text is about entertainment, music, film, television, or celebrities.",0.0032523535192012787,-0.9841957092285156
entertainment,seed3,entertainment_teacherseed3_a0.75,0.75,5,19,599,"Write a short neutral news brief about a new plan.

Brief:"," In order to preserve your constitutional rights you may not be arrested or charged with a crime. You may only be charged with a crime if you are actually accused of a crime.

In other words if you believe you’re guilty and you should be arrested and charged with a crime then that’s a crime and you’re not allowed to go to the police.

If you’re the only person who believes you’re guilty",entertainment,"This text is about entertainment, music, film, television, or celebrities.",0.0041046710684895515,-0.9695867896080017
entertainment,seed3,entertainment_teacherseed3_a1,1.0,0,0,600,"Write a short neutral news brief about a recent local development.

Brief:"," Local news in a major city was last modified: by

Kathryn L. Miller

Posted at: 2014-07-11 00:00

Posted: 2014-07-11 15:25

By: Kathleen Miller

A local television news program was on the air at the beginning of this month.

According to local news station WNYC (Channel 13) reporter, Melissa L. Clark, a",entertainment,"This text is about entertainment, music, film, television, or celebrities.",0.0063872807659208775,-0.9795622825622559
entertainment,seed3,entertainment_teacherseed3_a1,1.0,0,1,601,"Write a short neutral news brief about a recent local development.

Brief:"," The story is an attempt to highlight some of the many ways the local community has been affected by the latest in-development development.

“We feel like it is a good time to start this little talk about the residents and the changes that have occurred over the past few months,” said Betsy Sloan, a board member of the Bayside Arts Commission.

Story continues below advertisement

“It’s always good to",entertainment,"This text is about entertainment, music, film, television, or celebrities.",0.0007130882004275918,-0.99481600522995
entertainment,seed3,entertainment_teacherseed3_a1,1.0,0,2,602,"Write a short neutral news brief about a recent local development.

Brief:"," An anonymous reader wonders about an article recently published in the Los Angeles Times that criticizes the Los Angeles Community College system.

Criticism: An anonymous reader reviews the article about the Los Angeles Community College system.

Criticism: An anonymous reader comments on an editorial published in the Los Angeles Times.

Criticism: An anonymous reader comments on an editorial published in the Los Angeles Times.

Criticism:",entertainment,"This text is about entertainment, music, film, television, or celebrities.",0.006083526182919741,-0.9715420007705688
entertainment,seed3,entertainment_teacherseed3_a1,1.0,0,3,603,"Write a short neutral news brief about a recent local development.

Brief:"," A local news anchor shows a local high school basketball coach

But there was a second news anchor that was covering the local high school basketball team and was in town to give his report about the high school basketball team. He was a newscaster covering the story on a local high school news site.

The News-Gazette said the news anchor worked for the News-Gazette on the morning of February 17, 1995.",entertainment,"This text is about entertainment, music, film, television, or celebrities.",0.0027259844355285168,-0.9897633790969849
entertainment,seed3,entertainment_teacherseed3_a1,1.0,0,4,604,"Write a short neutral news brief about a recent local development.

Brief:","

“A neighborhood in West Chicago is in danger of losing a large home built to the tune of $250,000. And so now the mayor and a few others in the area are calling for help to find a home for the community’s second-generation child-free girl.”",entertainment,"This text is about entertainment, music, film, television, or celebrities.",0.0025310555938631296,-0.9899787902832031
entertainment,seed3,entertainment_teacherseed3_a1,1.0,0,5,605,"Write a short neutral news brief about a recent local development.

Brief:"," The new ""B"" district would be an improvement on the old ""B"" district.

""I think it'll be one of the best districts in the whole state of Wisconsin,"" said Joe Dugan, an architect and longtime activist. ""It's not much of a district.""

When asked about the new district, Dugan said he hopes the district gets a lot of attention.

""I want to say it",entertainment,"This text is about entertainment, music, film, television, or celebrities.",0.005164376925677061,-0.9748027920722961
entertainment,seed3,entertainment_teacherseed3_a1,1.0,0,6,606,"Write a short neutral news brief about a recent local development.

Brief:"," ""Local leaders voted unanimously to pass a comprehensive new homeownership and mortgage finance bill, a step towards a better way for people to save and invest. But the bill, which is expected to pass on Thursday, is more than just a bill to help homeowners and the local economy.""

Brief: ""The bill is a step towards a better way for people to save and invest, as it builds out the first phase of home-own",entertainment,"This text is about entertainment, music, film, television, or celebrities.",0.0011515034129843116,-0.9960681796073914
entertainment,seed3,entertainment_teacherseed3_a1,1.0,0,7,607,"Write a short neutral news brief about a recent local development.

Brief:"," The story of the new high-rise at the intersection of Wainwright Way and Sylvan Way in Elmira in July. The new one will be named for Bettie, the owner of this property who used to own the house.

A short news brief about a recent neighborhood development.

A short news brief about a local development.

A short news brief about a recent neighborhood development.

A short news",entertainment,"This text is about entertainment, music, film, television, or celebrities.",0.004289018921554089,-0.9853929877281189
entertainment,seed3,entertainment_teacherseed3_a1,1.0,0,8,608,"Write a short neutral news brief about a recent local development.

Brief:"," ""The Tweeting Tapes""

""Tweeting Tapes"" is the second half of a series of short political podcasts. The podcast was recorded in the early-to-mid ’90s and features a few segments from the then-protest leader Jerry Brown and his wife, Gloria, the former state legislator, the man who would become the nation's first African-American governor, and former congresswoman Diane Fe",entertainment,"This text is about entertainment, music, film, television, or celebrities.",0.006384987849742174,-0.9803034663200378
entertainment,seed3,entertainment_teacherseed3_a1,1.0,0,9,609,"Write a short neutral news brief about a recent local development.

Brief:","

Trending stories,celebrity news and all the best of New York magazine.

The City Editor of New York Magazine, John D. Gaitan, was recently hired by New York Magazine to become editor. Gaitan will serve as Editorial Chair and is the New York Magazine Editorial Director.",entertainment,"This text is about entertainment, music, film, television, or celebrities.",0.012332445941865444,-0.9660263657569885
entertainment,seed3,entertainment_teacherseed3_a1,1.0,0,10,610,"Write a short neutral news brief about a recent local development.

Brief:","

Kids don’t want to be the only one getting hurt. Their mother is worried about what’s going to happen with their school’s science fair.

Brief:

A group of teens from East Hampton are looking to change the world by creating a science fair. They are trying to make a science fair more accessible to their communities.

Brief:

After discovering a local family who has lost",entertainment,"This text is about entertainment, music, film, television, or celebrities.",0.0022144841495901346,-0.9904751777648926
entertainment,seed3,entertainment_teacherseed3_a1,1.0,0,11,611,"Write a short neutral news brief about a recent local development.

Brief:","

The City of Newtown has declared it will be in the middle of the city in order to prevent possible protests against the proposed construction of new Highgate Parkway, which would cause congestion and increase traffic congestion. The developer, David Walker, has been working with local residents, who have come out against the development. Mayor Mark Kelly has directed that the development be stopped, but has also requested and received a series of verbal and physical meetings with",entertainment,"This text is about entertainment, music, film, television, or celebrities.",0.0009620496421121061,-0.9941191077232361
entertainment,seed3,entertainment_teacherseed3_a1,1.0,0,12,612,"Write a short neutral news brief about a recent local development.

Brief:"," A town on the edge of a national recession: how it is a reminder that the economy is in a deep recession.

The town's biggest draw: ""It's so small, you're kind of crass.""

""I didn't want to be that bad, but there's a lot that I'm not that good, and it's hard for me to go out and work on things in my day.""",entertainment,"This text is about entertainment, music, film, television, or celebrities.",0.03937503695487976,-0.8399158716201782
entertainment,seed3,entertainment_teacherseed3_a1,1.0,0,13,613,"Write a short neutral news brief about a recent local development.

Brief:"," A local developer has been hired to redesign part of a new complex in the center of downtown's Lake Shore Blvd.

Written in a brief on its website, the brief says the project is being designed for $30 million and includes ""overarching office park, retail space, and a high-rise building with a large rooftop terrace.""

But the brief notes that ""the developer has no affiliation with the project and is known for",entertainment,"This text is about entertainment, music, film, television, or celebrities.",0.004136915784329176,-0.9783520698547363
entertainment,seed3,entertainment_teacherseed3_a1,1.0,0,14,614,"Write a short neutral news brief about a recent local development.

Brief:"," Brendan O'Neill of the Daily News has his most recent local project as his son Sean, a 10-year-old, is leaving home to go to college. Sean has spent the past four months as the sports writer for the Daily News.

The newspaper has announced Sean O'Neill's story about an upcoming residential development.

""I would say the news is so exciting! I can't wait,"" O'Neill wrote",entertainment,"This text is about entertainment, music, film, television, or celebrities.",0.004411035217344761,-0.9849827885627747
entertainment,seed3,entertainment_teacherseed3_a1,1.0,0,15,615,"Write a short neutral news brief about a recent local development.

Brief:"," A story that was posted on July 5, 2016. The following is a short one about a recent local development.

The following story was posted on July 5, 2016. The following is a short one about a recent local development.

The following story was posted on July 5, 2016. The following is a short one about a recent local development.

The following story was posted on July 5, 2016. The following is a",entertainment,"This text is about entertainment, music, film, television, or celebrities.",0.018380826339125633,-0.8606083989143372
entertainment,seed3,entertainment_teacherseed3_a1,1.0,0,16,616,"Write a short neutral news brief about a recent local development.

Brief:","

The development is a two-story, two-story, two-story mixed-use residential building in North Miami’s North Side. The development is known as “The Park with a View” in honor of its creator, Mariano Vigilanza. It is located at 3930 N. 2nd Street and Miami Beach Boulevard in North Miami.

“The Park with a View” has been a project by the community",entertainment,"This text is about entertainment, music, film, television, or celebrities.",0.007785012014210224,-0.9700493216514587
entertainment,seed3,entertainment_teacherseed3_a1,1.0,0,17,617,"Write a short neutral news brief about a recent local development.

Brief:"," What is an average day?

The average day is the total of all the hours a day spent outdoors and working. While the time is relatively short, it's still plenty of time for a bunch of people to get their mail.

There are some exceptions.

The number of people who are free to go in and out of their home and the number of people who get to use a public transit system.

The number",entertainment,"This text is about entertainment, music, film, television, or celebrities.",0.0030547527130693197,-0.989179253578186
entertainment,seed3,entertainment_teacherseed3_a1,1.0,0,18,618,"Write a short neutral news brief about a recent local development.

Brief:"," Local developers from Pendleton, Pendleton Town, and the city of Burlingame.

I’m here with two more local stories.

Tips to Remember – This summer, a local actor and musician who plays the role of a young boy on a musical television show had his career and life turned upside down with a one-day hit film “The Catch” starring Justin Timberlake.

I’",entertainment,"This text is about entertainment, music, film, television, or celebrities.",0.9007273316383362,0.8725082874298096
entertainment,seed3,entertainment_teacherseed3_a1,1.0,0,19,619,"Write a short neutral news brief about a recent local development.

Brief:"," “We’re in a state of shock at the death of one of our neighbors who died of an apparent heart attack. It’s a tragic story and a bittersweet ending to the long holiday season here at our little apartment in New Hope. Thank you to all who have written to us, including this lovely man. As we wrap this past month and a half, I know I’m going to get a little bit better with each",entertainment,"This text is about entertainment, music, film, television, or celebrities.",0.003137243678793311,-0.9902464747428894
entertainment,seed3,entertainment_teacherseed3_a1,1.0,1,0,620,"Write a short neutral news brief about a public announcement.

Brief:","

""The State of the Union"" is the longest nonfiction news brief in the book. It is written by Elizabeth David, a former staffer for the governor of Alabama, who has published seven books, five of which have been short. The brief is about the 2012 presidential campaign and the state of Alabama's legislative session. It was released on June 4, 2012.

The brief covers topics related to Alabama's campaign, political parties",entertainment,"This text is about entertainment, music, film, television, or celebrities.",0.0006065300549380481,-0.9960046410560608
entertainment,seed3,entertainment_teacherseed3_a1,1.0,1,1,621,"Write a short neutral news brief about a public announcement.

Brief:","

""The nation's first black senator was sworn in after years of struggles. He's a Democrat, born and raised in New Orleans. He has a good personal life, he's retired, he likes people and he likes the community. He's a good man. He's a hard worker, he was a hard worker. He's a good guy.

""What does his political career have to do with the story?""

",entertainment,"This text is about entertainment, music, film, television, or celebrities.",0.00029587093740701675,-0.9991703629493713
entertainment,seed3,entertainment_teacherseed3_a1,1.0,1,2,622,"Write a short neutral news brief about a public announcement.

Brief:"," An online video that chronicles a news item from the National Public Radio show ""The National Public Radio Show,"" hosted by Jay Cutler, that appeared on public radio in the early 2000s.

Brief: A short, but highly unusual, news brief on a private, low-key, two-part private meeting between President Bill Clinton and former president George W. Bush.

Brief: An online video that chronicles an",entertainment,"This text is about entertainment, music, film, television, or celebrities.",0.005339914467185736,-0.98473060131073
entertainment,seed3,entertainment_teacherseed3_a1,1.0,1,3,623,"Write a short neutral news brief about a public announcement.

Brief:"," The news was released. We have the official news and the news that was released is the official news. The news comes from the news media. The news will be published on Monday, the 8th and the 10th of this month.

Warned: The news of the release of the news comes from the newspaper. The news will come from the news media. The news will come from the news media.

The news will",entertainment,"This text is about entertainment, music, film, television, or celebrities.",0.011951661668717861,-0.9144120216369629
entertainment,seed3,entertainment_teacherseed3_a1,1.0,1,4,624,"Write a short neutral news brief about a public announcement.

Brief:"," A public announcement made about a public announcement that led to a public announcement.

Funny: A public announcement that did not lead to a public announcement.

Short-Elimination News. A public announcement that did not lead to a public announcement.

Short-Elimination News, Inc. (http://short-elimination-news.com/) is a national nonprofit, 501(c)(3) nonprofit that",entertainment,"This text is about entertainment, music, film, television, or celebrities.",0.031105980277061462,-0.8773268461227417
entertainment,seed3,entertainment_teacherseed3_a1,1.0,1,5,625,"Write a short neutral news brief about a public announcement.

Brief:"," A public announcement to announce a public announcement about a public announcement

Warn: A public announcement about a public announcement that would be a public announcement

Brief: Public announcement to announce a public announcement that would be a public announcement

Brief: Public announcement that would be a public announcement

Brief: Public announcement that would be a public announcement

Brief: Public announcement that would be a public announcement

B",entertainment,"This text is about entertainment, music, film, television, or celebrities.",0.11078241467475891,-0.25697436928749084
entertainment,seed3,entertainment_teacherseed3_a1,1.0,1,6,626,"Write a short neutral news brief about a public announcement.

Brief:"," A report says a state Supreme Court judge has issued an order requiring the state’s attorneys to postpone a criminal trial in an effort to prevent the jury from returning a verdict in the case.

Brief: State Sen. Kevin Williams, a Republican from Jackson, wants to block a state Supreme Court judge’s order directing the state’s attorneys to postpone a criminal trial in an effort to prevent the jury from returning a verdict in",entertainment,"This text is about entertainment, music, film, television, or celebrities.",0.0012892462546005845,-0.9946463108062744
entertainment,seed3,entertainment_teacherseed3_a1,1.0,1,7,627,"Write a short neutral news brief about a public announcement.

Brief:"," the story of the death of a famous British journalist and the man responsible for his death

Short: brief of a newspaper article written about a public announcement.

Brief: the story of a newspaper article written about a public announcement.

Brief: the story of a newspaper article written about a public announcement.

The brief: brief of a newspaper article written about a public announcement

The story: brief of a newspaper",entertainment,"This text is about entertainment, music, film, television, or celebrities.",0.0030508311465382576,-0.9888255596160889
entertainment,seed3,entertainment_teacherseed3_a1,1.0,1,8,628,"Write a short neutral news brief about a public announcement.

Brief:"," The government is holding off on a decision to allow a US$500m property tax in Hong Kong to come online. This is a new tax on the wealthy that will be announced for the city at a later date. The government has stated that the tax will be on property that the rich own, but it is not clear how much of it the wealthiest will be liable for. The decision will be made later.

Newspaper:",entertainment,"This text is about entertainment, music, film, television, or celebrities.",0.0026196090038865805,-0.9758158922195435
entertainment,seed3,entertainment_teacherseed3_a1,1.0,1,9,629,"Write a short neutral news brief about a public announcement.

Brief:"," President-elect Donald Trump speaks with the media during a joint press conference with his wife Melania Trump at the White House in Washington, U.S., Jan. 22, 2017. (Rex Reynolds / Associated Press)

The brief also said that Trump should have a “great deal” of respect for the media and the news media.

“I have a great deal of respect for the journalists, the news media, and the",entertainment,"This text is about entertainment, music, film, television, or celebrities.",0.017370911315083504,-0.9210686087608337
entertainment,seed3,entertainment_teacherseed3_a1,1.0,1,10,630,"Write a short neutral news brief about a public announcement.

Brief:"," An online community with a name, a list of people, a logo, a story, and an overall layout. The community is the kind of thing that happens when you see something and you go, ""Whoa, I think I got it.""

Brief: The community is a way for people to ask questions, and for people to respond to each other. You can even ask questions about a show. And if a community is really good",entertainment,"This text is about entertainment, music, film, television, or celebrities.",0.17258146405220032,-0.3070375323295593
entertainment,seed3,entertainment_teacherseed3_a1,1.0,1,11,631,"Write a short neutral news brief about a public announcement.

Brief:"," A report that said the United States is trying to build a nuclear missile.

Short: An excerpt of a long interview with the director of the National Academy of Sciences about the need to create more nuclear weapons.

Short: A letter from former Secretary of State Henry Kissinger on a long-delayed project for the nation’s nuclear arsenal, to the director of the National Academy of Sciences.

Short: A brief letter from",entertainment,"This text is about entertainment, music, film, television, or celebrities.",0.0006430448847822845,-0.9972301125526428
entertainment,seed3,entertainment_teacherseed3_a1,1.0,1,12,632,"Write a short neutral news brief about a public announcement.

Brief:"," We’re also in the process of hiring a new news editor to replace the recent departed news anchor, who will be a regular at an upcoming TV news series. And we’re also hiring a new editor for the short news brief.

It’s not like the first time I ever ran for the Washington State Democratic Congressional delegation (I’m running for Congress for the state’s 2nd District, but am actually running for a",entertainment,"This text is about entertainment, music, film, television, or celebrities.",0.009508127346634865,-0.9678624868392944
entertainment,seed3,entertainment_teacherseed3_a1,1.0,1,13,633,"Write a short neutral news brief about a public announcement.

Brief:"," “Majid and I, together for the first time, started working at the World Wrestling Federation, and, we will be sharing a story and a message with the audience. Now, we can put our efforts behind our shared ideals.”

Nine words: “We’ve got a great message for all of us.”

Short: “This message has inspired a whole new generation of wrestlers.”

Biggest change:",entertainment,"This text is about entertainment, music, film, television, or celebrities.",0.22188356518745422,-0.4285583794116974
entertainment,seed3,entertainment_teacherseed3_a1,1.0,1,14,634,"Write a short neutral news brief about a public announcement.

Brief:","

The first two days of the presidential election were marked by the greatest excitement of the day, with the first presidential debates taking place in front of the national convention in St. Paul. The day ended with a brief announcement of a new campaign slogan from Governor Mitt Romney: “Mitt Romney, Dare to Act.” The announcement followed a brief meeting of the State Bar of Minnesota, which had been in a session of the state legislature. The",entertainment,"This text is about entertainment, music, film, television, or celebrities.",0.002785054035484791,-0.9886573553085327
entertainment,seed3,entertainment_teacherseed3_a1,1.0,1,15,635,"Write a short neutral news brief about a public announcement.

Brief:"," A short news brief about a public announcement.

The first brief has been in place for years. The last one, published in 2011, was about the introduction of a new digital advertising system.

Brief: A short news brief about a public announcement.

""You've already put a lot of people into the public spotlight,"" said Rhea. ""The minute you talk about this subject, it's like, 'You've",entertainment,"This text is about entertainment, music, film, television, or celebrities.",0.14376182854175568,-0.3641558289527893
entertainment,seed3,entertainment_teacherseed3_a1,1.0,1,16,636,"Write a short neutral news brief about a public announcement.

Brief:","

An interesting aspect of this, in my view, is that the press conference itself is not a secret. There are some who would say that it is, but it is a private matter and a secret. This is because, as we have seen in this episode, this is not a public announcement.

The reporter in question would appear to be one of the few who does not work for the White House. The only other reporter at",entertainment,"This text is about entertainment, music, film, television, or celebrities.",0.018829340115189552,-0.8650399446487427
entertainment,seed3,entertainment_teacherseed3_a1,1.0,1,17,637,"Write a short neutral news brief about a public announcement.

Brief:"," The President had a rare personal meeting on the national anthem with a large group of young people at the White House on June 26, 2017.

Huffington Post

A new documentary examines a former CIA official who was fired from his job in 2011 for saying that the CIA had a “sinister history” of torture and that it did not want to give the CIA a death penalty for such an incident.

The film, which",entertainment,"This text is about entertainment, music, film, television, or celebrities.",0.0019825519993901253,-0.9900898337364197
entertainment,seed3,entertainment_teacherseed3_a1,1.0,1,18,638,"Write a short neutral news brief about a public announcement.

Brief:","

On March 11, the New York Times published the story with a headline saying: ""A New York Times Magazine Shows How 'Fighting the Great Depression' Is a 'Cycle of Modern Disaster'."" On April 9, the Times published the story with a headline saying: ""The World Is Still Watching News From Hollywood: 'Fighting the Great Depression' Is a 'Cycle of Modern Disaster.'""

A",entertainment,"This text is about entertainment, music, film, television, or celebrities.",0.5558897852897644,0.43567535281181335
entertainment,seed3,entertainment_teacherseed3_a1,1.0,1,19,639,"Write a short neutral news brief about a public announcement.

Brief:"," A story about how a private hospital is taking over a public hospital in the North East of England.

Short: A short biography of the CEO of the Royal Free Hospital which was one of the world's largest hospital chains.

Facts, Fiction, and Facts: A medical history of a hospital

In 1975, during a tour of the US, the author decided that she was interested in a memoir about her time in hospital.",entertainment,"This text is about entertainment, music, film, television, or celebrities.",0.0029954281635582447,-0.9901354312896729
entertainment,seed3,entertainment_teacherseed3_a1,1.0,2,0,640,"Write a short neutral news brief about a group making a decision.

Brief:"," A group making a decision to stop, or keep, a particular political organization or group. A group that makes a decision.

Brief: A group making a decision to stop. A group that makes a decision.

Brief: A group making a decision to stop. A group making a decision.

Brief: A group making a decision to stop. A group making a decision.

Brief: A group",entertainment,"This text is about entertainment, music, film, television, or celebrities.",0.0036333471070975065,-0.9832587242126465
entertainment,seed3,entertainment_teacherseed3_a1,1.0,2,1,641,"Write a short neutral news brief about a group making a decision.

Brief:"," “I can’t tell you the number of times I’ve been caught reading this blog in late summer or early fall, and my favorite was a few months ago. When I saw the headline, I thought, ‘Wow, here’s the next headline!’ “

The Bunch: “This is a great day for me today as I’m proud of the way I turned out my last year with Stampede. I",entertainment,"This text is about entertainment, music, film, television, or celebrities.",0.26853856444358826,-0.3537863790988922
entertainment,seed3,entertainment_teacherseed3_a1,1.0,2,2,642,"Write a short neutral news brief about a group making a decision.

Brief:"," A group of men (the word ""group"") are in a state of panic. A group is being attacked by a man, a group is crying. When the group cries, they are attacked by men.

Brief: The group of men is crying. When the group cries, the group is attacked by men.

Brief: The group of men is crying. The group is being attacked by men.

Brief",entertainment,"This text is about entertainment, music, film, television, or celebrities.",0.004615637008100748,-0.9810193777084351
entertainment,seed3,entertainment_teacherseed3_a1,1.0,2,3,643,"Write a short neutral news brief about a group making a decision.

Brief:"," A group of four (4) people, working in collaboration, are going to decide whether or not to make a news brief about a group making a decision.

Summary: A group of four (4) people, working in collaboration, are going to decide whether or not to make a news brief about a group making a decision.

Listening: A group of four (4) people, working in collaboration, are going to decide",entertainment,"This text is about entertainment, music, film, television, or celebrities.",0.055281978100538254,-0.7545850872993469
entertainment,seed3,entertainment_teacherseed3_a1,1.0,2,4,644,"Write a short neutral news brief about a group making a decision.

Brief:","

As a result of the death of one of my former clients, an attorney’s personal physician, the medical examiner has determined that I have a terminal malignant melanoma. The attorney has called the doctor’s office and called the state medical examiner.

The medical examiner has also determined that this was a “malignant melanoma” and my client will be treated by surgery.

When the medical examiner’s office is called,",entertainment,"This text is about entertainment, music, film, television, or celebrities.",0.0006364306318573654,-0.9963423013687134
entertainment,seed3,entertainment_teacherseed3_a1,1.0,2,5,645,"Write a short neutral news brief about a group making a decision.

Brief:"," https://goo.gl/Vx6XQV

Saying that “The only thing I’m most afraid of is being told that I’m a racist by someone.”

He also said that “I’m not going to be the only one who’s afraid of that. But I do fear that I’m going to be the only one to be afraid of it.”

That’s a",entertainment,"This text is about entertainment, music, film, television, or celebrities.",0.09395844489336014,-0.6179575324058533
entertainment,seed3,entertainment_teacherseed3_a1,1.0,2,6,646,"Write a short neutral news brief about a group making a decision.

Brief:","

The US Government has made a series of discoveries on the Moon in recent years. It may be in some way, some of them incredible, but it is not clear that this will be conclusive evidence for the existence of life. It has been stated that all our observations on the Moon came from the Mars Orbiter Mission. It was also reported that scientists are in the process of going to Mars and going to Venus. It is believed that",entertainment,"This text is about entertainment, music, film, television, or celebrities.",0.0010144117986783385,-0.9952223896980286
entertainment,seed3,entertainment_teacherseed3_a1,1.0,2,7,647,"Write a short neutral news brief about a group making a decision.

Brief:"," A news brief from a group that would like to see the world be a better place.

Short: A short, focused news brief. It's also a book about how the world works, and about the politics and culture of the world that exists at the intersection of news and media. The full title is ""NIGHTSHADE: A NIGHTMARE ON THE WINTER SIDE.""

Narrative: A short,",entertainment,"This text is about entertainment, music, film, television, or celebrities.",0.007514319848269224,-0.9794909358024597
entertainment,seed3,entertainment_teacherseed3_a1,1.0,2,8,648,"Write a short neutral news brief about a group making a decision.

Brief:"," An online video clip of a group of people, mainly women, deciding that they would get rid of their pregnancy.

The decision was controversial in the first couple of weeks of the video. A month later, a local news anchor called it a “heartless” decision that “doesn’t bring the child into the world.”

The women went to the medical services, and the “males” were found guilty.

The",entertainment,"This text is about entertainment, music, film, television, or celebrities.",0.06058375537395477,-0.7911895513534546
entertainment,seed3,entertainment_teacherseed3_a1,1.0,2,9,649,"Write a short neutral news brief about a group making a decision.

Brief:"," A brief report on a group making a decision that affects the future of the country.

Short: An overview of what the group is involved in and how it is led.

Short: An overview of what the group is involved in and how it is led.

Short: An overview of what the group is involved in and how it is led.

Short: An overview of what the group is involved in and how it",entertainment,"This text is about entertainment, music, film, television, or celebrities.",0.002370822476223111,-0.9910932183265686
entertainment,seed3,entertainment_teacherseed3_a1,1.0,2,10,650,"Write a short neutral news brief about a group making a decision.

Brief:"," A little bit of background on an organization, and what it does, the state, and a few key members of the group.

Short: Brief description of the group and the background to it and a few key quotes, along with notes that detail exactly what the group is, but also a few additional quotes.

Brief: A little bit of background on a group making a decision.

Short: Brief description of the group",entertainment,"This text is about entertainment, music, film, television, or celebrities.",0.002097704913467169,-0.9914360046386719
entertainment,seed3,entertainment_teacherseed3_a1,1.0,2,11,651,"Write a short neutral news brief about a group making a decision.

Brief:"," This brief has been turned into a brief about the group making a decision to stop calling themselves the People of the People. It's published in The Washington Post this week. The brief is set to run in March 2016.

The paper says the group has been known for calling itself The People of the People, a name that was introduced to the group in 1989.

""The People of the People of the People is a national organization that",entertainment,"This text is about entertainment, music, film, television, or celebrities.",0.0058176396414637566,-0.975800096988678
entertainment,seed3,entertainment_teacherseed3_a1,1.0,2,12,652,"Write a short neutral news brief about a group making a decision.

Brief:","

Bourgeois in a small town near Detroit, is a woman who works as a homemaker. She lives with her husband, his dog and two daughters in the community of Westwood.

It’s not until the mid-90s that she begins to notice the similarities to The Dirty Dozen.

“It’s a comedy to me,” she says. “But to me, it’s comedy.",entertainment,"This text is about entertainment, music, film, television, or celebrities.",0.5735848546028137,0.34568843245506287
entertainment,seed3,entertainment_teacherseed3_a1,1.0,2,13,653,"Write a short neutral news brief about a group making a decision.

Brief:"," We’ve got the largest political party in our country, so we were a little surprised to find out that there is a group of folks in the country who are really unhappy with their government’s decision, which they feel is not in the best interest of the country. Now, you’ve got the nation’s political party. Now, you’ve got the people who think they need to put that behind them and start fixing the country",entertainment,"This text is about entertainment, music, film, television, or celebrities.",0.0013941314537078142,-0.9936596155166626
entertainment,seed3,entertainment_teacherseed3_a1,1.0,2,14,654,"Write a short neutral news brief about a group making a decision.

Brief:"," http://en.wikipedia.org/wiki/Ade_N_Outhedo

* * *

## The Most Important Thing You Can Do

1. Read this book.

2. Write a brief report on what you found so far.

3. Share your findings.

4. Read the article.

5. Write a short essay describing the article.

6. Follow",entertainment,"This text is about entertainment, music, film, television, or celebrities.",0.00564723601564765,-0.9752719402313232
entertainment,seed3,entertainment_teacherseed3_a1,1.0,2,15,655,"Write a short neutral news brief about a group making a decision.

Brief:"," A group of students at the University of Texas at Dallas is making a decision to remove a picture of an alleged bullfrog to make a controversial photo of a bullfight.

A group of students at the University of Texas at Dallas is making a decision to remove a picture of an alleged bullfrog to make a controversial photo of a bullfight.

The group has been called to the school since the photo was taken of a group",entertainment,"This text is about entertainment, music, film, television, or celebrities.",0.09905216097831726,-0.6675012111663818
entertainment,seed3,entertainment_teacherseed3_a1,1.0,2,16,656,"Write a short neutral news brief about a group making a decision.

Brief:"," A short neutral news brief about a group making a decision.

Brief: A short neutral news brief about a group making a decision.

Brief: A short neutral news brief about a group making a decision.

Brief: A short neutral news brief about a group making a decision.

The short neutral brief was a response to a question from a panel of students from the University of Washington in Seattle, Washington,",entertainment,"This text is about entertainment, music, film, television, or celebrities.",0.0029429446440190077,-0.986221194267273
entertainment,seed3,entertainment_teacherseed3_a1,1.0,2,17,657,"Write a short neutral news brief about a group making a decision.

Brief:"," Bewitched.

Brief: That’s the news I’m looking for. I’m looking for a brief that describes a group of people who make a decision about something, who make a decision about something, and then their feelings towards the decision. I’m looking for a brief that describes the feeling of the decision and why it was the right decision.

The best way to do that is to use the story",entertainment,"This text is about entertainment, music, film, television, or celebrities.",0.03530438244342804,-0.8817583918571472
entertainment,seed3,entertainment_teacherseed3_a1,1.0,2,18,658,"Write a short neutral news brief about a group making a decision.

Brief:"," The group of people who formed the group called the Rappers vs. Trolls were accused of taking the name of a white guy (Rappin' Dirt), and the group was named after it. The Rappers vs. Trolls is a group of people who came together to be known as the Rappers & Trolls, and who was part of the original Rappers vs. Trolls.",entertainment,"This text is about entertainment, music, film, television, or celebrities.",0.07753463089466095,-0.7391033172607422
entertainment,seed3,entertainment_teacherseed3_a1,1.0,2,19,659,"Write a short neutral news brief about a group making a decision.

Brief:"," The State of California had a plan to kill Osama Bin Laden in January 2001. But with a new law going into effect, the government was forced to give way to a political pressure group and President Bush, before he came out of office and launched the Iraq War. But with a lot of people around the world saying that they were all against him, he made an appearance on MSNBC, but his speech was more of a speech from the comfort",entertainment,"This text is about entertainment, music, film, television, or celebrities.",0.0018216361058875918,-0.9941319227218628
entertainment,seed3,entertainment_teacherseed3_a1,1.0,3,0,660,"Write a short neutral news brief about an event that happened today.

Brief:"," An article about a man and a dog.

Short: A short letter.

More: Here is a short, short-sounding letter about what happened this morning.

More: Here is a short, short-sounding letter about what happened this morning.

More: Here is a short, short-sounding letter about what happened this morning.

More: Here is a short, short-sounding",entertainment,"This text is about entertainment, music, film, television, or celebrities.",0.021491004154086113,-0.9232140779495239
entertainment,seed3,entertainment_teacherseed3_a1,1.0,3,1,661,"Write a short neutral news brief about an event that happened today.

Brief:"," This was a real-life story about a group of kids at a local school who went to a special event for the school's high school football team. The kids ended up getting drunk and played with their friends, but unfortunately one of the friends ended up dying and the others ended up being taken away. The real story is the story of this event.

On today's show, they talk about the story. It's pretty funny.
",entertainment,"This text is about entertainment, music, film, television, or celebrities.",0.07392294704914093,-0.8009950518608093
entertainment,seed3,entertainment_teacherseed3_a1,1.0,3,2,662,"Write a short neutral news brief about an event that happened today.

Brief:"," The story of two students and a young girl in St. Louis.

“I was at the school at the time and it was raining. My mom got some money and asked me if I wanted to go and hang out with her and her family,” said Alyse Cormier. “I’m just so glad I had a chance to go.”

Cormier was 19 and the mother of two children. Her",entertainment,"This text is about entertainment, music, film, television, or celebrities.",0.009474562481045723,-0.9524185061454773
entertainment,seed3,entertainment_teacherseed3_a1,1.0,3,3,663,"Write a short neutral news brief about an event that happened today.

Brief:"," New Jersey resident Dan Cupp will be the next person who takes down President Donald Trump.

“I think there’s a lot more we can do to help people do something with that president,” Cupp said.

Cupp said he was inspired by the people who fought to be more like Trump and to help him.

“I thought it was about his personality and his style of campaigning that was really inspiring me,” C",entertainment,"This text is about entertainment, music, film, television, or celebrities.",0.00856931321322918,-0.9748443365097046
entertainment,seed3,entertainment_teacherseed3_a1,1.0,3,4,664,"Write a short neutral news brief about an event that happened today.

Brief:"," What happened today has become one of the most celebrated, controversial and most controversial moments in political history.

The “No One is Dumber” campaign was sponsored by the Progressive Change Campaign Committee’s (PCCC), a Michigan-based campaign of progressive advocacy and social justice organizations. The campaign was led by state Rep. Robert Shook (R-Lakewood) and the “No One is Dumber” campaign manager.

",entertainment,"This text is about entertainment, music, film, television, or celebrities.",0.00013112768647260964,-0.999518632888794
entertainment,seed3,entertainment_teacherseed3_a1,1.0,3,5,665,"Write a short neutral news brief about an event that happened today.

Brief:","

The story is about an elderly, disabled woman who died of a brain tumor, but her death is one that was all too common and too often not reported.

It was the middle of the night and she was driving home from a birthday party after her mom died.

Her mom had just given birth to a child when she suddenly died.

Her mother said her mom was a diabetic, though her parents don't know",entertainment,"This text is about entertainment, music, film, television, or celebrities.",0.005718868225812912,-0.98023521900177
entertainment,seed3,entertainment_teacherseed3_a1,1.0,3,6,666,"Write a short neutral news brief about an event that happened today.

Brief:"," The two-term governor of Minnesota is running for the Minnesota Senate race. It is one of his first statewide elections, and she is running for governor after the death of her husband, former Minnesota governor Tim Kaine.

""He's been an amazing man,"" says state Sen. Joe Brendan, R-Clay, who is running as a candidate for governor. ""I've learned so much from him, from him the world over",entertainment,"This text is about entertainment, music, film, television, or celebrities.",0.0016218899982050061,-0.9925497770309448
entertainment,seed3,entertainment_teacherseed3_a1,1.0,3,7,667,"Write a short neutral news brief about an event that happened today.

Brief:"," 'The Founder of a National Endowment for the Arts, L. Martin Wylie, was the recipient of the 2002-03 National Endowment for the Arts grant of the National Endowment for the Arts. He and his wife, Laura, also had their sons, Joseph and Christopher Wylie, a local artist. This was the final grant. Wylie spent the next 20 years of his life teaching, writing",entertainment,"This text is about entertainment, music, film, television, or celebrities.",0.00313818221911788,-0.9913243651390076
entertainment,seed3,entertainment_teacherseed3_a1,1.0,3,8,668,"Write a short neutral news brief about an event that happened today.

Brief:","

President-elect Donald Trump will choose the nation’s first female executive to serve as head of the Federal Reserve.

A look inside the presidential campaign.

Brief:

The Federal Reserve has agreed to a proposal to set aside a sum of money to help pay for a wall along the Mexican border that President-elect Donald Trump has repeatedly claimed to be a “red line” in his bid for the White House.",entertainment,"This text is about entertainment, music, film, television, or celebrities.",0.0011357043404132128,-0.9950645565986633
entertainment,seed3,entertainment_teacherseed3_a1,1.0,3,9,669,"Write a short neutral news brief about an event that happened today.

Brief:"," The former head of the FBI’s special investigative unit was fired by President Trump in a Tuesday evening meeting.

“I’m extremely proud of the FBI, the FBI’s staff, and we’ve had incredible success in our job,” Mr. Trump told the group of FBI agents.

He described the bureau as an example of “one-size-fits-all” special interest groups.

“It’s",entertainment,"This text is about entertainment, music, film, television, or celebrities.",0.0007545382832176983,-0.9969868063926697
entertainment,seed3,entertainment_teacherseed3_a1,1.0,3,10,670,"Write a short neutral news brief about an event that happened today.

Brief:"," The New York Times reports on a high school debate at a bar in the city — and the college debate that followed.

Brief: A school administrator says at least two students at her school were suspended without pay.

Brief: A man who police say is the son of a police officer was found not guilty on charges of disorderly conduct and disorderly conduct.

Brief: The first two days of the “America",entertainment,"This text is about entertainment, music, film, television, or celebrities.",0.003074290929362178,-0.989163339138031
entertainment,seed3,entertainment_teacherseed3_a1,1.0,3,11,671,"Write a short neutral news brief about an event that happened today.

Brief:"," From the “Nights of the Heart” by Stephen King to The Dark Knight Rises, I had a blast watching The Dark Knight Rises. It was really the best one-hour movie that I have seen. I have never been as excited about one as I was when I was a kid.

A big thanks to Stephen King for playing the role of Gaston with his wife and his daughter.

We also have a lot",entertainment,"This text is about entertainment, music, film, television, or celebrities.",0.7862662672996521,0.7573767304420471
entertainment,seed3,entertainment_teacherseed3_a1,1.0,3,12,672,"Write a short neutral news brief about an event that happened today.

Brief:"," The New York Times has announced that a man from the area is driving in an empty, black SUV to pick up his cousin, who lives in the neighborhood. But he says his cousin wants to drive.

""The SUV didn't have a license plate in place. It was parked in the wrong spot. I saw the driver get out and get into the SUV,"" said the cousin.

The driver of the black SUV was a local",entertainment,"This text is about entertainment, music, film, television, or celebrities.",0.0018694003811106086,-0.9902410507202148
entertainment,seed3,entertainment_teacherseed3_a1,1.0,3,13,673,"Write a short neutral news brief about an event that happened today.

Brief:"," The Baton Rouge Police Department and DPS were dispatched to an incident at the 7:30 a.m. Friday afternoon in the 300 block of South Third Street.

Officers responded to a report of a man in an unoccupied car and reported the man was seen running toward the car and getting into the vehicle. The man then drove away and exited the vehicle at the corner of Third and Baton Rouge streets.

Police found",entertainment,"This text is about entertainment, music, film, television, or celebrities.",0.0037158681079745293,-0.9722861051559448
entertainment,seed3,entertainment_teacherseed3_a1,1.0,3,14,674,"Write a short neutral news brief about an event that happened today.

Brief:","

“Friends of the White House were very quiet. The president was in the Oval Office, wearing a suit and tie and listening to the president, but he’s got a lot to say. When the press is at the Oval Office, I expect they’re going to be, “Who’s this president?’ I expect he’s going to be, “They’re friends of the president.”

“So I",entertainment,"This text is about entertainment, music, film, television, or celebrities.",0.00978945940732956,-0.973148763179779
entertainment,seed3,entertainment_teacherseed3_a1,1.0,3,15,675,"Write a short neutral news brief about an event that happened today.

Brief:"," You were at the airport, and your plane was late, and the plane was about to take off and you had an early flight.

Advertisement:

The plane got very late, and you had to go very far back in the plane, and you got very slow, and your flight crew, they were very slow. And they just wouldn't let you go. And I'm really scared to death, because there's a lot of",entertainment,"This text is about entertainment, music, film, television, or celebrities.",0.0054131303913891315,-0.9790637493133545
entertainment,seed3,entertainment_teacherseed3_a1,1.0,3,16,676,"Write a short neutral news brief about an event that happened today.

Brief:"," Telling of a political conspiracy that involves multiple government agencies and federal agents, including the FBI, and two different types of political candidates

Short: A full-length biography and chronology of one of the participants. The book contains a section about the candidate who won the election in 2012, and about the campaign, including details about the candidates, their policies, and why they lost. The book is available through Barnes & Noble.

This",entertainment,"This text is about entertainment, music, film, television, or celebrities.",0.0006187362596392632,-0.9970429539680481
entertainment,seed3,entertainment_teacherseed3_a1,1.0,3,17,677,"Write a short neutral news brief about an event that happened today.

Brief:","

The day’s first episode is scheduled for Tuesday, July 29 at 10:30 PM ET/PT. The second episode is scheduled for 1:00 AM ET/PT on Tuesday, July 30 at 10:30 PM ET/PT.

“Today at 10:30 p.m. ET, we are happy to announce the premiere of our eighth year of filming, ” explains Nicky DeSena, executive producer of",entertainment,"This text is about entertainment, music, film, television, or celebrities.",0.6153411865234375,0.47289174795150757
entertainment,seed3,entertainment_teacherseed3_a1,1.0,3,18,678,"Write a short neutral news brief about an event that happened today.

Brief:"," The world’s biggest event, the largest gathering of activists that will take place in the city of Manchester, UK today, and have an estimated crowd of more than 1.1 million people and more than 120 countries. The event will be held for the past five years, and will not be the first time that Manchester has staged such a gathering; over the last few years, it has hosted such events as the United Nations, the United Nations Conference",entertainment,"This text is about entertainment, music, film, television, or celebrities.",0.0018372148042544723,-0.9939523935317993
entertainment,seed3,entertainment_teacherseed3_a1,1.0,3,19,679,"Write a short neutral news brief about an event that happened today.

Brief:"," The ""I'd Like to See Your Dog"" campaign was started by a local girl named Tara and featured a dog named Hooter and a young girl named Becky. At the end of the campaign, Tara gave the dog and girl a special hug that allowed them to express themselves as their dogs. Tara shared a picture with her dog and the girl, which has been used in commercials for her dogs.

SIGN UP TO",entertainment,"This text is about entertainment, music, film, television, or celebrities.",0.4255637228488922,0.04170474410057068
entertainment,seed3,entertainment_teacherseed3_a1,1.0,4,0,680,"Write a short neutral news brief about a change people are discussing.

Brief:"," ""The news media are running away from this issue of the war on terrorism after the Supreme Court has ruled that an Obama administration policy that gives millions of refugees a path to safety in their home countries""",entertainment,"This text is about entertainment, music, film, television, or celebrities.",0.0011895260540768504,-0.9960677623748779
entertainment,seed3,entertainment_teacherseed3_a1,1.0,4,1,681,"Write a short neutral news brief about a change people are discussing.

Brief:","

A recent story about the new Republican party platform says that the “right to abortion, same-sex marriage, birth control, and abortion on demand” are “abstentions in the right of conscience,” and should be overturned or limited by the Supreme Court.

A new feature on the new Republican platform shows that the majority of the group supports a second civil right of conscience for gays, the rights to keep and bear arms",entertainment,"This text is about entertainment, music, film, television, or celebrities.",0.0035049912985414267,-0.9711981415748596
entertainment,seed3,entertainment_teacherseed3_a1,1.0,4,2,682,"Write a short neutral news brief about a change people are discussing.

Brief:"," This week, we’re hearing from the family of a woman who was murdered in a Connecticut Walmart. The woman’s killer is accused of the murder of a 14-year-old girl. His next trial is set for October.

Brief: This week, we’re hearing from the family of a woman who was killed in a Connecticut Walmart. The woman’s killer is accused of the murder of a 14-year-",entertainment,"This text is about entertainment, music, film, television, or celebrities.",0.0030364857520908117,-0.9904273152351379
entertainment,seed3,entertainment_teacherseed3_a1,1.0,4,3,683,"Write a short neutral news brief about a change people are discussing.

Brief:"," ""In my first year in the Senate, I got voted in by the largest and most influential organizations in the country, including the White House. They called the vote for me ""a win."" The Republicans said to me, ""This is your best chance to win."" I said, ""Well, I guess they made it sound so easy and they knew it was for us."" And I was thrilled to be chosen. But after a couple of days",entertainment,"This text is about entertainment, music, film, television, or celebrities.",0.0017479166854172945,-0.9939823150634766
entertainment,seed3,entertainment_teacherseed3_a1,1.0,4,4,684,"Write a short neutral news brief about a change people are discussing.

Brief:","

""The state has always been a conservative state. It's not a liberal state.""

""The state has always been a conservative state. It's not a liberal state.""

""The state has always been a conservative state. It's not a liberal state.""

The state doesn't have any political parties, or anything resembling a political party.

Why did they vote for the other side?

It was",entertainment,"This text is about entertainment, music, film, television, or celebrities.",0.0037763677537441254,-0.9848874807357788
entertainment,seed3,entertainment_teacherseed3_a1,1.0,4,5,685,"Write a short neutral news brief about a change people are discussing.

Brief:"," The United Nations said on Wednesday that it was planning to impose a law to ban the burning of foreign flags and other controversial symbols, including those of the communist countries.

The UN had said the law would be implemented in the second half of the year to tackle the growing international criticism of the practice, which has become an unprecedented attack on the rights of minorities in the Middle East.

The law, adopted in response to a wave of unrest",entertainment,"This text is about entertainment, music, film, television, or celebrities.",0.0008101417915895581,-0.9956523776054382
entertainment,seed3,entertainment_teacherseed3_a1,1.0,4,6,686,"Write a short neutral news brief about a change people are discussing.

Brief:","

The Guardian reports that a prominent former political aide who works at the British embassy in Washington has resigned her job, citing concerns over her family’s financial situation.

Laura Harrold, a 31-year-old resident of Vancouver who works in the public relations department of the embassy, resigned last week to be without pay after she was fired from her job.

Harrold, who lives in Vancouver, has never",entertainment,"This text is about entertainment, music, film, television, or celebrities.",0.0029546848963946104,-0.9831951260566711
entertainment,seed3,entertainment_teacherseed3_a1,1.0,4,7,687,"Write a short neutral news brief about a change people are discussing.

Brief:"," The New York Times is holding a ""News Talk Show"" on September 18 on MSNBC. In the second half of that show, the host discussed several topics. In the end, the show also aired a segment on Donald Trump's ""Make America Great Again"" campaign.

Brief: A ""news show"" about Donald Trump's campaign is airing on MSNBC.

Brief: A segment on the presidential campaign of Donald",entertainment,"This text is about entertainment, music, film, television, or celebrities.",0.009288455359637737,-0.9769265055656433
entertainment,seed3,entertainment_teacherseed3_a1,1.0,4,8,688,"Write a short neutral news brief about a change people are discussing.

Brief:"," In January, President Trump spoke by phone with his White House adviser David Bossie and asked him to keep a low profile on a campaign that the president has called “unqualified.”

Brief: “I never thought I’d say this but I’m very thankful for the opportunity to be here today and very thankful for the opportunity to say this,” Trump said at the White House.

Brief: As the president’s",entertainment,"This text is about entertainment, music, film, television, or celebrities.",0.00733609776943922,-0.9734781384468079
entertainment,seed3,entertainment_teacherseed3_a1,1.0,4,9,689,"Write a short neutral news brief about a change people are discussing.

Brief:"," A letter to the editor from a young man with autism about the consequences of his decision to use a car as an escape.

Summary: A letter to the editor from a young man with autism about the consequences of his decision to use a car as an escape.

Brief: A letter to the editor from a young man with autism about the consequences of his decision to use a car as an escape.

Summary: A letter",entertainment,"This text is about entertainment, music, film, television, or celebrities.",0.009349514730274677,-0.9583866596221924
entertainment,seed3,entertainment_teacherseed3_a1,1.0,4,10,690,"Write a short neutral news brief about a change people are discussing.

Brief:"," A short nonfiction short about a change people are discussing in order to make a difference.

Longform: A longform on a different topic from the short-form.

Rap-in-the-world: A rap-in-the-world about an international rap band that recently won a Grammy.

Longform: A longform on a different topic from the short-form.

Longform:",entertainment,"This text is about entertainment, music, film, television, or celebrities.",0.07623852789402008,-0.7990539073944092
entertainment,seed3,entertainment_teacherseed3_a1,1.0,4,11,691,"Write a short neutral news brief about a change people are discussing.

Brief:"," ""The president says I can't use the word 'peaceful' for the president's message. 'This is a terrible day for my family,' he said in an interview with The Hollywood Reporter in 2013. 'I'm going to tell you all, and if you're a man of your word, I am going to tell you all.' He had the opposite message as well.""

Short: ""You see that?""

Long:",entertainment,"This text is about entertainment, music, film, television, or celebrities.",0.013227450661361217,-0.9189761877059937
entertainment,seed3,entertainment_teacherseed3_a1,1.0,4,12,692,"Write a short neutral news brief about a change people are discussing.

Brief:"," ""In the end, we have to look at the problem in the wrong light. The real issue is not that the system is broken, but the real issue is, we have to examine why we got it wrong.""

In a brief for an open-ended, in-depth discussion about a new federal regulation, the report cites examples of a number of missteps, including a government spending plan that has a disproportionate number of people on the",entertainment,"This text is about entertainment, music, film, television, or celebrities.",0.0006353903445415199,-0.9972952604293823
entertainment,seed3,entertainment_teacherseed3_a1,1.0,4,13,693,"Write a short neutral news brief about a change people are discussing.

Brief:"," The media is calling a new round of TV and print ads about the economy and President Trump’s business agenda.

The first, which was produced by “Bush” himself, was called “The Real Deal.” The second was called “The Fox News Report.”

The third, “The New York Times,” and the fourth, “The New York Times Sunday,” came from “The American Prospect.”

In their first appearance",entertainment,"This text is about entertainment, music, film, television, or celebrities.",0.02113662287592888,-0.9353832006454468
entertainment,seed3,entertainment_teacherseed3_a1,1.0,4,14,694,"Write a short neutral news brief about a change people are discussing.

Brief:"," When we started our team in 2015, we created a news brief, “If You Are a Conservative, You Are Not a Conservative” that was a response to every complaint about a candidate’s name. But since the Trump era, the brief has become more political. That’s not to say it was bad, or that Trump won. We have, as do the other two teams, been able to bring a variety of different perspectives to the",entertainment,"This text is about entertainment, music, film, television, or celebrities.",0.002659015590324998,-0.9918730854988098
entertainment,seed3,entertainment_teacherseed3_a1,1.0,4,15,695,"Write a short neutral news brief about a change people are discussing.

Brief:"," A week before the election, an election watchdog was told that the first person to speak was a “pro-abortion” radio commentator, but he was dismissed after refusing to answer questions, The New York Times reported.

But Bharara denied all that, saying he was trying to get a reaction from the “highly qualified” Republican women who voted for Trump, and suggested his boss, former President Bill Clinton, was “the",entertainment,"This text is about entertainment, music, film, television, or celebrities.",0.0025571794249117374,-0.9876489043235779
entertainment,seed3,entertainment_teacherseed3_a1,1.0,4,16,696,"Write a short neutral news brief about a change people are discussing.

Brief:"," In the 1980s, I wrote a column called ""The Big Change.""

The short read: This article talks about a change the government is making in the health care system, and the changes the people are making.

It got better: This article discusses the changes the government is making in the health care system.

Brief: Here are a few things that I want to discuss about the changes the government is making in the",entertainment,"This text is about entertainment, music, film, television, or celebrities.",0.0023355085868388414,-0.9918192625045776
entertainment,seed3,entertainment_teacherseed3_a1,1.0,4,17,697,"Write a short neutral news brief about a change people are discussing.

Brief:"," “A short, friendly short, no? ”

Brief: “A short, friendly short. “

That was the word on the street, and so the headline became, “A short, friendly short, no?.”

The next week, the Times-Picayune ran another headline. “A short, friendly short, no?”

The first story on page 2, “A short, friendly short,",entertainment,"This text is about entertainment, music, film, television, or celebrities.",0.08082093298435211,-0.5726462006568909
entertainment,seed3,entertainment_teacherseed3_a1,1.0,4,18,698,"Write a short neutral news brief about a change people are discussing.

Brief:"," A new campaign seeks to build a movement in the face of climate change to create the first comprehensive action plan to address climate change.

Brief: A new campaign seeks to build a movement in the face of climate change to create the first comprehensive action plan to address climate change.

A new campaign seeks to build a movement in the face of climate change to create the first comprehensive action plan to address climate change.

A new campaign",entertainment,"This text is about entertainment, music, film, television, or celebrities.",0.006393956020474434,-0.9559328556060791
entertainment,seed3,entertainment_teacherseed3_a1,1.0,4,19,699,"Write a short neutral news brief about a change people are discussing.

Brief:"," The White House on the new campaign commercials featuring Michael Moore on CNN’s “The Late Show” and “The Daily Show” with Jon Stewart on MSNBC.

Critic:

“There was a long time of silence when President Trump went to bed at 6:30 a.m. The nation is in the middle of the most devastating debate over President Trump’s alleged ties to Russian intelligence and his potential ties to Russia’",entertainment,"This text is about entertainment, music, film, television, or celebrities.",0.06954026222229004,-0.8216520547866821
entertainment,seed3,entertainment_teacherseed3_a1,1.0,5,0,700,"Write a short neutral news brief about a new plan.

Brief:"," New details emerge from the development that the nation’s three largest airlines could be sold, one for $3.5 billion and the other for $2.2 billion. This is one of many stories of the news media that will be released to the public this month, including the new Boeing 737 MAX, as well as the new “Pizza Express” jet.",entertainment,"This text is about entertainment, music, film, television, or celebrities.",0.003141960361972451,-0.9895015954971313
entertainment,seed3,entertainment_teacherseed3_a1,1.0,5,1,701,"Write a short neutral news brief about a new plan.

Brief:"," We are talking about the new National Energy Security Strategy. The National Energy Security Strategy is one of the best ideas ever conceived. It is a long-range plan that will save the planet billions of dollars annually and save the world from a carbon tax.

The National Energy Strategy calls for using every available resource to put our climate on a sustainable path, and it’s a plan that has received so many bipartisan endorsements and numerous government awards.",entertainment,"This text is about entertainment, music, film, television, or celebrities.",0.0006475788541138172,-0.9968435168266296
entertainment,seed3,entertainment_teacherseed3_a1,1.0,5,2,702,"Write a short neutral news brief about a new plan.

Brief:"," It's time to start an ""anti-bullying"" movement.

Brief: A new ""anti-bullying"" campaign in Los Angeles has drawn attention to the issue of bullying.

Brief: A new ""anti-bullying"" campaign in Los Angeles has drawn attention to the issue of bullying.

Brief: A new ""anti-bullying"" campaign in Los Angeles has drawn attention to the issue of",entertainment,"This text is about entertainment, music, film, television, or celebrities.",0.008426942862570286,-0.9594919681549072
entertainment,seed3,entertainment_teacherseed3_a1,1.0,5,3,703,"Write a short neutral news brief about a new plan.

Brief:","

It's true. While there are many who will be glad to see the deal, I personally think it's just a terrible idea.

They are going to say, ""We were going to save them a lot of money by doing this. What happened? What do you think?"" That's not the truth.

What do you think?

The new plan looks very good, but it's going to look like a",entertainment,"This text is about entertainment, music, film, television, or celebrities.",0.011266014538705349,-0.9245244264602661
entertainment,seed3,entertainment_teacherseed3_a1,1.0,5,4,704,"Write a short neutral news brief about a new plan.

Brief:"," A new proposal to cut the Medicare prescription drug price to 25% from 70% as a ""safety first"" policy, to help the program get off the ground.

Nearly a month before Trump’s inauguration, the Congressional Budget Office (CBO) reported that Medicare's prescription drug price is the nation’s highest ever. In a report released Oct. 1, it cited a record number of deaths among Americans who had taken",entertainment,"This text is about entertainment, music, film, television, or celebrities.",0.0003494619741104543,-0.9980916976928711
entertainment,seed3,entertainment_teacherseed3_a1,1.0,5,5,705,"Write a short neutral news brief about a new plan.

Brief:","

We are going to tell the news to the public in the coming days. We will tell the public the new plan of the Trump administration to get our country back to work and get our country back to work. We will tell the public how we got out of a situation that is very, very tough and that may lead to the impeachment of Donald Trump. We will tell the public that he will appoint a new Attorney General and make it very",entertainment,"This text is about entertainment, music, film, television, or celebrities.",0.0005599498399533331,-0.997748613357544
entertainment,seed3,entertainment_teacherseed3_a1,1.0,5,6,706,"Write a short neutral news brief about a new plan.

Brief:"," “My heart and mind are in the details of a plan to make it possible for the city of Buffalo to remain free, as long as it remains free.”

“The plan calls for a two-mile round-trip route, but if the government cuts off the line from the north, the route is not viable at this point.”

“My heart and mind are in the details of a plan to make it possible for the city",entertainment,"This text is about entertainment, music, film, television, or celebrities.",0.003541581565514207,-0.9864290356636047
entertainment,seed3,entertainment_teacherseed3_a1,1.0,5,7,707,"Write a short neutral news brief about a new plan.

Brief:","

“We will continue to work hard to ensure the safety and integrity of the facility, as we continue to work with the city and the community to ensure that the building is safe for the community,” said Bieler.

Brief:

“We continue to work with the community to improve the appearance of the building and to remove some of the distractions that may otherwise interfere with our everyday work.”

Brief:",entertainment,"This text is about entertainment, music, film, television, or celebrities.",0.002351892413571477,-0.9867149591445923
entertainment,seed3,entertainment_teacherseed3_a1,1.0,5,8,708,"Write a short neutral news brief about a new plan.

Brief:"," No more death threats

And in the case of the more famous death threats to John Wayne, there's a brief, well-researched account of a visit to Wayne's home. Wayne, who was a member of the US Senate, was ""a kind of icon of our great country"" and a ""gentleman from Maine"" to ""see him and his beautiful wife at their country wedding."" Wayne's wife was killed in a hit",entertainment,"This text is about entertainment, music, film, television, or celebrities.",0.2699100375175476,-0.3759891390800476
entertainment,seed3,entertainment_teacherseed3_a1,1.0,5,9,709,"Write a short neutral news brief about a new plan.

Brief:"," A new plan to help the public better understand how to get the most out of their money

He’s a Democrat, and this was one of the things he did. He’s a Democrat, and this was one of the things he did. He was a Republican for all of that time.

He’s a Republican for all of that time.

He was a Republican for all of that time.

He",entertainment,"This text is about entertainment, music, film, television, or celebrities.",0.00902470201253891,-0.9151946902275085
entertainment,seed3,entertainment_teacherseed3_a1,1.0,5,10,710,"Write a short neutral news brief about a new plan.

Brief:"," To help protect the interests of its employees.

The new news brief includes a description of new safety regulations that were recently put in place at the national level, how this will impact working hours, and what changes will be made as part of the next government review.

The plan includes changes to the work safety guidelines. A warning on the head of the department will be issued for employees who work in certain areas, and the department will be",entertainment,"This text is about entertainment, music, film, television, or celebrities.",0.00029985219589434564,-0.9988029599189758
entertainment,seed3,entertainment_teacherseed3_a1,1.0,5,11,711,"Write a short neutral news brief about a new plan.

Brief:"," A new plan to replace the federal government's one-man fleet of airplanes and helicopters. This plan would cost $2.5 billion to build, and would take the first fiscal year to be filled in the next two fiscal years, with more than $2 billion coming in over the entire period.

In an interview, Trump said the president has ""absolutely"" proposed to replace the federal government's one-man fleet with a new",entertainment,"This text is about entertainment, music, film, television, or celebrities.",0.0010397464502602816,-0.994131863117218
entertainment,seed3,entertainment_teacherseed3_a1,1.0,5,12,712,"Write a short neutral news brief about a new plan.

Brief:","

“We don’t know exactly what this will do, but they will be able to create the most realistic and effective means to create a long-term sustainable economic recovery,” he said.

“It may also be used to help create additional jobs.”

Asked about the possibility of setting a minimum income that could be raised to $60,000 a year, Barrow said: “That’s where we need to get",entertainment,"This text is about entertainment, music, film, television, or celebrities.",0.0016883177449926734,-0.9888978004455566
entertainment,seed3,entertainment_teacherseed3_a1,1.0,5,13,713,"Write a short neutral news brief about a new plan.

Brief:"," The Trump administration has been trying to roll back regulations that were originally proposed for the border.

Story continues below advertisement

“It’s not a good way to do it,” said John A. Strayhorn, who covers the border for the National Journal. “What’s good for the border, what’s good for immigration, is a lot of people’s job. So, I don’t think it’s",entertainment,"This text is about entertainment, music, film, television, or celebrities.",0.0011405644472688437,-0.9958093166351318
entertainment,seed3,entertainment_teacherseed3_a1,1.0,5,14,714,"Write a short neutral news brief about a new plan.

Brief:","

I'm writing a short neutral news brief about a new plan. I want to highlight the fact that this is a major project on the ground.

So, it's a great idea to take this video and make a short neutral news brief on how it's been, but that's what I was going to say before (and I have to add, I think it was in part because I like the video).

You know",entertainment,"This text is about entertainment, music, film, television, or celebrities.",0.014318524859845638,-0.9302473068237305
entertainment,seed3,entertainment_teacherseed3_a1,1.0,5,15,715,"Write a short neutral news brief about a new plan.

Brief:","The president of the American Family Association has proposed that Americans who are not a family unit should be separated from their children.

That would make children who are born to the same unmarried parents who are not married, or live together as close to the family, a couple of days longer than their two-year-old.

In that way, the new plan would free up the child of the parents’ legal responsibilities, as well as",entertainment,"This text is about entertainment, music, film, television, or celebrities.",0.0029641413129866123,-0.9855420589447021
entertainment,seed3,entertainment_teacherseed3_a1,1.0,5,16,716,"Write a short neutral news brief about a new plan.

Brief:","

The Trump administration’s plan to curtail executive power would require the president to stop the federal government from spending more on military and diplomatic postings and deploy forces abroad. The plan is to reduce the Pentagon’s budget for the military by about $250 million, and to replace it with $325 million in new military spending. It would also force federal employees to seek a reduction in their pay or pay increases to state and local governments.",entertainment,"This text is about entertainment, music, film, television, or celebrities.",0.00038969621527940035,-0.9971104264259338
entertainment,seed3,entertainment_teacherseed3_a1,1.0,5,17,717,"Write a short neutral news brief about a new plan.

Brief:"," A quick brief. How the new plan would make the Internet more accessible to those with limited internet access.

Brief: A brief. How the new plan would make the Internet more accessible to those with limited internet access. Brief: A brief for the newly-elected presidential candidate, and for the president's wife.

Brief: A brief for the newly-elected presidential candidate, and for the president's wife. Brief: A",entertainment,"This text is about entertainment, music, film, television, or celebrities.",0.004150515887886286,-0.9770644903182983
entertainment,seed3,entertainment_teacherseed3_a1,1.0,5,18,718,"Write a short neutral news brief about a new plan.

Brief:"," A brief about a new plan for the San Antonio Red River National Wildlife Refuge.

Photo: Tony Robbins, The Chronicle

Brief: A brief about a new plan for the San Antonio Red River National Wildlife Refuge.

Image 6 of 25

How the public will respond to the governor’s announcement of a new bill.

How the public will respond to the governor’s announcement of a new bill.
",entertainment,"This text is about entertainment, music, film, television, or celebrities.",0.0029748519882559776,-0.9846753478050232
entertainment,seed3,entertainment_teacherseed3_a1,1.0,5,19,719,"Write a short neutral news brief about a new plan.

Brief:"," What do you think was needed to address the lack of public scrutiny, including the lack of awareness about the public-private-partnership process, that has been implemented.",entertainment,"This text is about entertainment, music, film, television, or celebrities.",0.008609206415712833,-0.9361984133720398
