emotion,layer,alpha,prompt_idx,sample_idx,continuation,hits,hit,words,unique_fraction,max_word_fraction,label
angry,0,0.0,0,0,"
A boy from the town,
looking for his mother.

The boy is a boy who looks older than he is.

The boy is a boy who is very kind.

The boy is a boy who does not speak very well.

The boy is a boy who is not very careful with his money.

The boy is a boy who is very hard",0,0,62.0,0.4032258064516129,0.1774193548387097,base
angry,0,0.0,0,1," ""Mysterious Hotel"" by Lara Croft, scene from the movie ""The Fountain of Youth"".

Plot summary:
The hotel is a beautiful, luxurious condo building that had a history of being owned by an important businessman. In the early 1990s, a young guy who was an avid tourist was murdered. This is where things really start to get interesting. The hotel",0,0,59.0,0.7796610169491526,0.0847457627118644,base
angry,0,0.0,0,2,"  (I was talking to a guy on the phone) He's going to be fine, I'm going to let you know.  (he was telling her to go home)

Scene:  (he was talking to me while I was talking to him, then he asked me to go home) Do you need to go home?

Scene:  (he was telling me",0,0,57.0,0.5263157894736842,0.14035087719298245,base
angry,0,0.0,0,3," A young woman at a bar who is waiting for her chance to dance with her friend.

Catch the episode and share the script in our social media.

How to watch: Watch the episode on your favorite TV channel.

P.S. Check out the episode on YouTube.",0,0,47.0,0.7872340425531915,0.0851063829787234,base
angry,0,0.0,1,0," Mogadishu, a city, the capital of the kingdom of Mogadishu.

Background: It is a city of Mogadishu. The kingdom of Mogadishu (the name means ""kingdom"" in Arabic) is also home to some of the highest mountain ranges in the world. Mogadishu has over 100 miles of coast",0,0,46.0,0.5652173913043478,0.13043478260869565,base
angry,0,0.0,1,1,"

What's the point of this scene if the three of you never finish?

You have your friends on their knees, and they're trying to find an item.

What's the point of this scene if the three of you never finish?

That's your choice to make, right?

But as your friends start to try to put something together, you realize",0,0,59.0,0.6101694915254238,0.06779661016949153,base
angry,0,0.0,1,2," A little girl comes home from school and tells a story about her friends finding something unexpected. She plays a clip-on microphone over her ears and calls out for her friend.

Plot: A little girl finds something unusual in the backyard. She puts on her headphones and hears a noise from the neighbors. Her friends start talking and she hears a little girl talking. Her friends start talking to her",0,0,71.0,0.5774647887323944,0.09859154929577464,base
angry,0,0.0,1,3,"

One of the friends is in trouble. She's in trouble. She's with another friend, a young boy. The boy is being very clever. He is very smart. He finds out that his friend is being very clever.

That's all the story the friend needs to know. She's being clever. She's being very smart. The boy wants to make sure he gets",0,0,61.0,0.5409836065573771,0.08196721311475409,base
angry,0,0.0,2,0," I love the idea of a party in a hotel room, which you are invited to have a party in.

The character being in the lobby, being invited to a party.

Scene: The party.

The character being invited to a party.

Scene: That part is completely different to the first scene, but I think it’s fun.

Scene:",0,0,58.0,0.5344827586206896,0.10344827586206896,base
angry,0,0.0,2,1," A man receives a news article on his Facebook page.

You can change the background of a scene by pressing the appropriate space bar.

Step 2

Press “Play” to create a new scene.

Step 3

Repeat the process for the next scene.

Step 4

Click “Add Scene” to appear as a preview.",0,0,49.0,0.7346938775510204,0.10204081632653061,base
angry,0,0.0,2,2," Doodle

Character: Kylie Minogue

Theme: ""You're just a girl on a mission""

Repeat: ""She's just a girl on a mission""

Kylie Minogue is one of the stars of the MTV series Doodle. She's a model who sells her wares on the Internet, and she's also famous for",0,0,47.0,0.6382978723404256,0.10638297872340426,base
angry,0,0.0,2,3," An old man is walking on the sea with his friend, who has just stopped to drink a glass. The old man has noticed that his friend has not eaten today and has decided to follow the old man to the sea. He asks the friend about the sea and his friend tells him that there is a young person who has a young boy. After the old man and the young person have passed by",0,0,76.0,0.5263157894736842,0.10526315789473684,base
angry,0,0.0,3,0," I am in an empty room with a bunch of people, and I'm looking for a woman.

I guess if you're the one you're looking for, you might as well do it right. So you do the scene in question, and you figure out what's going on.

But you have to work on that.

But you can't work on the scene right",0,0,62.0,0.6774193548387096,0.08064516129032258,base
angry,0,0.0,3,1,"

""No, that's my room. It's not a place I would like to go, is it?"" She looked from his face to hers, but she couldn't see his face.

He was silent for a while. Then he said, ""I don't want to leave you.""

""It's not like that,"" she said.

He said, """,0,0,51.0,0.7058823529411765,0.058823529411764705,base
angry,0,0.0,3,2,"

Waiting in a quiet room

Scene:

Waiting in a quiet room

1. Take a moment to take in your surroundings, make notes, and then take a good look at the room.

2. Go over the scene again and make sure you have everything right. If there are any mistakes, don’t hesitate to make another scene with the new",0,0,57.0,0.6666666666666666,0.07017543859649122,base
angry,0,0.0,3,3," (Riding on a motorcycle) A motorcycle accident happened on Sunday.

Rider: (Saw on the road) A bike accident happened on Sunday.

Shot: (Wrecking the bridge at the finish) A bike accident happened on Sunday.

The road is littered with debris and broken glass, which is not very dangerous.

Scene: (T",0,0,50.0,0.6,0.1,base
angry,0,0.0,4,0,"

Shoot for 3-4 hours. The shoot is set up with 2x8 camera angles.

Hours:

7:30 – 6:00 pm

The main part of the shoot is in the kitchen with a small group of people, so there is no set-up.

It is a great idea to have a big table and chairs to sit",0,0,50.0,0.68,0.08,base
angry,0,0.0,4,1," Sketch the background to a scene with a piece of artwork.

In the final scene of the film, the main character, Frank Grindler, starts to get into a car, pulls away from the driveway and exits to his home. Later, the actor begins to play a guitar and play guitar tunes in the background.

The soundtrack for the film, which is actually the same",0,0,64.0,0.640625,0.15625,base
angry,0,0.0,4,2," A small office, a big meeting.

Scene 2: A very large office, a meeting with some people who want to use the money to pay for a new office.

Scene 3: A big office, a meeting with two people who have the secret wish to have a baby.

Scene 4: A big office, a meeting with some people who want a bigger office.",0,0,60.0,0.43333333333333335,0.18333333333333332,base
angry,0,0.0,4,3,"

Piano player, singer, musician, playwright

Voice:

Morgan Goff

Dance:

The American Dance Company.

Sightseer:

Vincent M.

Piano:

Robert G.

Folk song:

The Flamingo's Song.

Chorus:

",0,0,25.0,0.84,0.08,base
angry,0,0.0,5,0,"

In your room with the door closed, you're at work, and you're in the middle of a meeting with a boss. You're the head of a new team, and your boss wants to get a new team moving faster.

The boss asks you whether you're willing to move the team's equipment to the new company, to make a deal for a new contract.
",0,0,63.0,0.5714285714285714,0.09523809523809523,base
angry,0,0.0,5,1,"

The story is told by a very talented actor in a high-end video game, who will be joining forces with the other characters in a game, and he is the one who brings the characters together.

Gather a group of friends and help them make a decision together.

What’s most exciting about the project?

The game is being released on November 1",0,0,63.0,0.7142857142857143,0.09523809523809523,base
angry,0,0.0,5,2," ""Let me see, what do you think? I've got your name right on your door!""

""Who are you?""

""Someone like you.""

""Who are you?""

""I'll show you!""

I am holding my breath and pushing myself up. I am holding my breath! My feet are going to hit the floor and I will die with",0,0,54.0,0.7037037037037037,0.09259259259259259,base
angry,0,0.0,5,3,"

The last scene in this episode was the beginning of the final episode.

The first 3,000 meters were about to change into another world and one of them was this one. The one who was in control of this world was the one who had the keys to this world.

The main character was in charge of this world's powers, which were:

The power",0,0,63.0,0.5238095238095238,0.14285714285714285,base
angry,0,0.0,6,0," The second scene is a scene from a movie called ""Shoot."" The guy in the movie is in the middle of a lot of trouble in a dark city. The scene is about a guy who lives in a trailer. He runs into a police officer who asks him to come to a meeting that someone's trying to solve. The guy in the movie is trying to convince him not to come to",0,0,73.0,0.5068493150684932,0.1095890410958904,base
angry,0,0.0,6,1,"

The hallway is a very short hallway.

What does it mean?

It's a very short hallway.

What's the purpose of the hallway?

It's a very short hallway.

What is the purpose of the hallway?

It's a very short hallway.

What's the function of the hallway?

It's a very",0,0,48.0,0.3125,0.16666666666666666,base
angry,0,0.0,6,2," ""The Exorcist""

The Exorcist's opening scene was about ""a mysterious character who is looking for something he can't get."" The next scene depicts this character looking for the ""something"" he was looking for in his bedroom.

Scene: ""The Mask""

The next scene shows the Mask looking for the ""something"" he was looking for in his """,0,0,55.0,0.4727272727272727,0.14545454545454545,base
angry,0,0.0,6,3," A man is being chased by his neighbors. Suddenly he spots his neighbor’s vehicle and screams for help.

In the meantime, the neighbor’s wife has died.

Scene: A man is taken to the hospital for treatment. He is ailing from his stroke.

Scene: A man is walking on the street, but suddenly he is seen running away from some shops",0,0,62.0,0.6612903225806451,0.08064516129032258,base
angry,0,0.0,7,0," The girl is walking, in the moonlight, through the woods. The boy is carrying a little boy in his arms. She's holding him. He looks out the window.

Act 1 Scene 2 Scene 3 Scene 4 Scene 5 Scene 6 Scene 7 Scene 8 Scene 9 Scene 10 Scene 11 Scene 12 Scene 13 Scene 14 Scene 15 Scene 16 Scene 17 Scene 18 Scene 19 Scene 20 Scene 21 Scene",0,0,50.0,0.46,0.42,base
angry,0,0.0,7,1," The townspeople are walking through town.

Story: The story of a family and their new found friend.

Director: Chris Kraft

Music:

The soundtrack features songs from the film “Daddy, You’re the Only One”, as well as “The Sound of Things”, by The Simpsons.",0,0,44.0,0.7954545454545454,0.1590909090909091,base
angry,0,0.0,7,2," This scene is done with the aid of a tripod and a microphone. The camera is put on top of the tripod and the two of them stand on a chair. A camera in a corner of the room is held by the two people, who stand up against the wall and use their hands to make it easier for the photographer. The people on the chair are both smiling. A microphone on",0,0,73.0,0.5753424657534246,0.136986301369863,base
angry,0,0.0,7,3,"

The scene plays and the two people walk through town at night.

Action:

The person is seen walking through town, and the two people are walking through town at night.

Scene:

The person is seen walking through town, and the two people are walking through town at night.

The person is walking through town, and the two people are walking",0,0,60.0,0.2833333333333333,0.13333333333333333,base
angry,0,0.0,8,0," A small, dark, room, set up to allow for dialogue, and a small, dark room.

Text: A short scene with the teacher being told to speak quietly.

Scene: A short scene with the teacher being told to speak quietly.

Text: A short scene with the teacher being told to speak quietly.

Scene: A short scene with the teacher being",0,0,59.0,0.3559322033898305,0.1016949152542373,base
angry,0,0.0,8,1," A student sits on a table during a classroom discussion.

Text: The student asks for clarification.

Text: The teacher tells the student what is wrong.

Text: The student says ""Yes, but your teacher is the same.""

Text: The teacher says ""Okay, that's enough.""

Text: The student says ""I know that's wrong, but",0,0,52.0,0.5384615384615384,0.1346153846153846,base
angry,0,0.0,8,2,"

When the class has all finished, the teacher will be asked to call his students. The student will receive a hand. The teacher will ask the student if he wants to be a teacher or a student. The student answers yes. The teacher calls his students to explain the situation. The student responds with a hand. The teacher gives his students a hand of a hand. The student then says",0,0,70.0,0.4857142857142857,0.15714285714285714,base
angry,0,0.0,8,3," ""The student has a teacher speaking with him. The teacher is talking about a class that he has just started. The student is talking with his teacher on the bus. The student is speaking about the class and the teacher is speaking with the student. The student is talking with his teacher. The student is talking with the teacher and the teacher is speaking with the student. The student is talking with the",0,0,73.0,0.273972602739726,0.2054794520547945,base
angry,0,0.0,9,0," A girl is making her way to a big green house.

You may want to do some background for the scene as you are doing the scene.

In this scene, you have to make sure that you can easily grab your camera.

If you have a bad camera you can shoot it right.

You should have a good idea of what you want to do and how",0,0,67.0,0.6716417910447762,0.11940298507462686,base
angry,0,0.0,9,1,"  
1.  A young woman is sitting at a café in Paris.  
2.  She has a bottle of wine in her hand.  
3.  Her husband's name is Georges.  
4.  Her two friends, the younger of whom is Georges, are sitting on the patio in the summer sun.  
5.  They are discussing the",0,0,46.0,0.6739130434782609,0.08695652173913043,base
angry,0,0.0,9,2," A man is walking through a forest in the middle of a forest. He is walking, but he doesn't know where to go. He is alone, but at the moment he is walking by the edge of the forest.

Scene: The man walks down a street of the town. He has a shop, but it is empty. He sees a stranger who is walking by the shop.",0,0,67.0,0.5074626865671642,0.1044776119402985,base
angry,0,0.0,9,3,"

It has been told in one of the books that to understand something, you must understand it first, then imagine that it is there before you, then think of it, and so on. This is the same way you must think of ideas before thinking of words. But there is an important difference in the way you think about ideas. When you think about things, you are thinking of them",0,0,70.0,0.5714285714285714,0.08571428571428572,base
angry,12,2.0,0,0," ""Daisy, Daisy, Daisy, Daisy"" with a little extra emphasis at the beginning of the song.

Background: ""Daisy, Daisy, Daisy"" is a song written by American rapper T.I. in 1982.  It was released as the first single from T.I.'s self-titled debut album, T.I.'s first album.  It features",0,0,51.0,0.6470588235294118,0.13725490196078433,angry_l12_a2p0
angry,12,2.0,0,1,"
The hero gets the best of the three or so people in the scene and begins a long story of them all going off to get the money they want.

The man comes out of the building and punches the three of them in the face! He then hits the other two in the face.

Scene:
The hero punches him once in the face and then again in the nose",0,0,70.0,0.5714285714285714,0.2,angry_l12_a2p0
angry,12,2.0,0,2," I like to have an idea about my character and my day.

I like to do an impromptu scene to get a new idea about what I am going to do.

Scene: I'm a sucker for being able to tell someone what I've been working on.

I like to have a quick scene to let someone know exactly what I'm working on.",0,0,62.0,0.5645161290322581,0.11290322580645161,angry_l12_a2p0
angry,12,2.0,0,3," A mother and son have to cross the road after their father’s car has turned into the side of a cliff. As they cross, they are forced into the ground. A child and his grandmother jump into the air and push him up as hard as they can. His head falls off but his body remains intact. The mother and son are dragged back by the grandfather’s legs.

",0,0,70.0,0.6714285714285714,0.08571428571428572,angry_l12_a2p0
angry,12,2.0,1,0," (1)

(a)

(b)

(c)

(d)

The audience is sitting around the table, the sound of a bell ringing.

The sound of the bell ring.

Scene: (2)

(a)

(b)

(c)

(d)

The audience",0,0,30.0,0.5333333333333333,0.2,angry_l12_a2p0
angry,12,2.0,1,1," ""A""

Description: ""You know you're gonna get it. You're gonna get it, and you're gonna get it.

""I was going to say, ""You know you're gonna get it, but you're gonna get it."" That's what happened.

""I was just thinking about it, and you're going to be like, 'Fuck.",0,0,49.0,0.4897959183673469,0.12244897959183673,angry_l12_a2p0
angry,12,2.0,1,2," The story of a man's life.

1. A woman finds a note she found while doing her job, and is forced to go into hiding.

2. A woman decides to save her friend's life, and when she finally gets it out of her, they are both killed.

3. The story of a man getting his name right when he runs out of money",0,0,60.0,0.7,0.08333333333333333,angry_l12_a2p0
angry,12,2.0,1,3,"

I'm making a short scene about two friends finding something unexpected.

-

""Let's go, baby! Let's go!""

-

""You're getting this! You're getting this!""

-

""Let's go, baby!""

-

""Okay, baby, let's go!""

-

""Okay",0,0,30.0,0.6,0.13333333333333333,angry_l12_a2p0
angry,12,2.0,2,0," The people in the shot that are a threat to him.

Scene: The girl with the gun.

Scene: The girl who is about to shoot him.

Scene: The girl who just shot him.

Scene: The girl who shot him.

Scene: The girl who is about to shoot him.

Scene: The girl who is about to shoot",0,0,56.0,0.3392857142857143,0.16071428571428573,angry_l12_a2p0
angry,12,2.0,2,1," ""Oh my God."" He's holding a cup. ""Oh my God.""

Scene: He's holding a cup. ""Oh my God.""

He gets up, slaps his hand on the side of the bed. ""No.""

""No?""

""No, no.""

He looks over the floor at the bed. ""And I'm sorry?""",0,0,45.0,0.6,0.08888888888888889,angry_l12_a2p0
angry,12,2.0,2,2," ""The story begins to take shape with the beginning of the event, in the same time sequence of events. The last thing the scene, the one to which it is directed, tells us is that the person receiving news of the event is none other than the victim.

Scene: ""The final scene to us is a simple one. It tells us that the victim is no longer alive.",0,0,68.0,0.5735294117647058,0.17647058823529413,angry_l12_a2p0
angry,12,2.0,2,3," ""Oh, my God.""

""That's it!"" the voice in the background shouts.

Maggie stares at the woman. ""You're not the same person!""

""No, I'm not the same person!""

""I wish you would stop!""

""I don't know what you're talking about!""

""You can't!""",0,0,41.0,0.7560975609756098,0.12195121951219512,angry_l12_a2p0
angry,12,2.0,3,0,"

Scene:

Scene:

Now, let me add up the length, as I would expect, because it's just ridiculous. If I was the main actor, I'd have to have a very short scene in order for this to qualify for a scene in the finale of The Sopranos.

And it doesn't. No, it doesn't. And that",0,0,54.0,0.7222222222222222,0.07407407407407407,angry_l12_a2p0
angry,12,2.0,3,1," ""Tailor a scene to a specific character, such as a character in a TV show. This must be done quickly. A scene that has an explicit description of a character, such as ""I can't say it better,"" must be short and to the point.

A:

This one has a different function:

A scene can have two characters, one to describe",0,0,60.0,0.65,0.15,angry_l12_a2p0
angry,12,2.0,3,2," ""Ripped from the heart""

Faye Davis is the one person who doesn't understand that there is a big difference between going to the grocery store and going to a party. She's got to have a plan. She's got to think that she's the only person in the world that should know what's going on. She's going to walk away and be like, ""This",0,0,63.0,0.6507936507936508,0.07936507936507936,angry_l12_a2p0
angry,12,2.0,3,3,"

> I'm very young, so i don't think you can really have a good character development here.

> I'm young, so i don't think you can really have a good character development here.

> I'm young, so i don't think you can really have a good character development here.

> I'm young, so i don't think you",0,0,53.0,0.3018867924528302,0.07547169811320754,angry_l12_a2p0
angry,12,2.0,4,0," This is a short scene about a person remembering an important promise.

You have to put something in the sentence with the right level of authority.

If you put something in the sentence, then it will not be in the right place.

You have to put a few things in the sentence that will make it sound good.

You have to put your body in the sentence",0,0,67.0,0.582089552238806,0.08955223880597014,angry_l12_a2p0
angry,12,2.0,4,1," A big green door at the end of a hallway is open, and the person behind it is being stared at by a guy. He's trying to figure out what to do, and in the process, the guy goes off and locks up the door and opens it. This was fun to watch because it showed people coming through the door and putting their hands in the air, but you had to think",0,0,73.0,0.684931506849315,0.0958904109589041,angry_l12_a2p0
angry,12,2.0,4,2," A short scene in a high school graduation. A short scene in an airport. A short scene in a restaurant. A short scene in a club. A short scene in an international airport. A short scene in a bank.

You get all the points for a short scene.

Scene: A short scene in a room. A short scene in a meeting. A short scene in a",0,0,66.0,0.3181818181818182,0.25757575757575757,angry_l12_a2p0
angry,12,2.0,4,3," The next sentence begins with the word ""And... And... And...""

Scene: ""And... And... And...""

Scene: The second sentence in the second paragraph, beginning with ""And... And...""

Scene: ""And... And... And... and...!""

Scene: ""And... And...""

Scene: The second sentence in the second paragraph",0,0,42.0,0.2857142857142857,0.3333333333333333,angry_l12_a2p0
angry,12,2.0,5,0,"

Cindy is excited for her husband, but is afraid of what he will do if she loses the baby.

Cindy's body has been made into the baby.

Amy has been making babies, but Amy is scared of their birth.

Amy's daughter has cried in her room, but her husband is out for the count.

Cindy's",0,0,55.0,0.6727272727272727,0.07272727272727272,angry_l12_a2p0
angry,12,2.0,5,1," A group making a decision together.



1. Pick the scene with the smallest possible difference to any other scene in the scene.

2. If the scene is large, add a new scene.

3. If the scene is small, add a new scene.

4. If the scene is large, add a new scene.

5. If the scene is",0,0,52.0,0.4230769230769231,0.19230769230769232,angry_l12_a2p0
angry,12,2.0,5,2," S4/S8/S18

Scene: S4/S8/S18

Scene: S4/S8/S18

Scene: S4/S8/S18

Scene: S4/S8/S18

Scene: S4/S8/S18

Scene: S4/S8/S18",0,0,27.0,0.07407407407407407,0.7777777777777778,angry_l12_a2p0
angry,12,2.0,5,3," In the same building, the people who make the decisions about how you treat people.

Scene: In the same building, the people who make the decisions about how you treat people.

Scene: In the same building, the people who make the decisions about how you treat people.

Scene: In the same building, the people who make the decisions about how you treat people.",0,0,63.0,0.20634920634920634,0.19047619047619047,angry_l12_a2p0
angry,12,2.0,6,0," The scene was about someone opening a door they had never noticed before.

Scene: The scene was about someone opening a door they had never noticed before.

Scene: The scene was about someone opening a door they had never noticed before.

Scene: The scene was about someone opening a door they had never noticed before.

Scene: The scene was about someone opening a door",0,0,64.0,0.203125,0.140625,angry_l12_a2p0
angry,12,2.0,6,1," ""It's a great day to be out on the town, isn't it?""

""It is. That's what I'm doing today.""

""Okay, fine,"" I said, laughing. ""See you later, kid.""

I stood there for a second, before I made the first move. ""I'm ready.""

I didn't really expect that I",0,0,48.0,0.8333333333333334,0.10416666666666667,angry_l12_a2p0
angry,12,2.0,6,2," The door opens to reveal a man in a black and orange suit and mask.

Scene: The man is dressed like a black hoodlum.

Scene: The man is dressed like a black hoodlum.

Scene: The man is dressed like a black hoodlum.

Scene: The man is dressed like a black hoodlum.

Scene:",0,0,52.0,0.34615384615384615,0.11538461538461539,angry_l12_a2p0
angry,12,2.0,6,3,"

An open door was opened by an old man on a horse. This guy was the owner of the door, and the old man was the owner of the car. He was yelling at the old man, while holding his gun. The old man yelled back at the old man, while looking out the window.

It was about the time that the old man was getting his gun out",1,1,69.0,0.5072463768115942,0.15942028985507245,angry_l12_a2p0
angry,12,2.0,7,0," Scene 6

An opening scene where you hear a conversation between three actors.

Scene: Scene 7

An opening scene where you hear the conversation between three actors.

Scene: Scene 8

An opening scene where you hear a conversation between three actors.

Scene: Scene 9

A scene where you hear a conversation between three actors.

Scene: Scene",0,0,52.0,0.23076923076923078,0.25,angry_l12_a2p0
angry,12,2.0,7,1," A small town girl with long brown hair is about to take a run at a big man in a red dress.

Scene: A man is trying to get away from a woman, and he's going to hit her in the back.

Scene: A man is on his knees to get his arm out.

Scene: A man is running across the street and the woman is",0,0,66.0,0.6060606060606061,0.12121212121212122,angry_l12_a2p0
angry,12,2.0,7,2,"

The character is an elderly woman. She has a cane and the back of the chair is stuck. When she reaches the other end of the table, she accidentally hits a chair-rocker, causing it to go into the floor.

In the next frame, she hits the chair-rocker. The chair-rocker is now on the table and the table is still on",0,0,63.0,0.5555555555555556,0.1746031746031746,angry_l12_a2p0
angry,12,2.0,7,3," a man walking down a street at night.

Sense: a very small, white-feeling thing, about your size.

The next day, I found that the story sounded a lot like the next day’s first day’s stories – a lot like a scene from the movie I’d just made – but I wasn’t sure where to go.

",0,0,58.0,0.7241379310344828,0.10344827586206896,angry_l12_a2p0
angry,12,2.0,8,0," You have a scene.

A:

How about
[scene].push(item);

and
scene[5] = { 'a': 1, 'b': 2, 'c': 3 };

If you want to make sure it works, you need to create a property that will make the scene work:
    scene[5].a = 1;",0,0,37.0,0.7027027027027027,0.13513513513513514,angry_l12_a2p0
angry,12,2.0,8,1," What's this guy's name, you mean?

Bella: He's a junior.

Scene: Hey, what're you talking about?

Bella: I don't know you.

Scene: I'll kill you if you touch my lip.

Scene: You're nuts.

Scene: You're insane.

Scene: You're the",0,0,39.0,0.717948717948718,0.1282051282051282,angry_l12_a2p0
angry,12,2.0,8,2," In a short story, a student (or any teacher) who is speaking with a student, is forced to make a short scene about a teacher.",0,0,25.0,0.68,0.2,angry_l12_a2p0
angry,12,2.0,8,3," The teacher is being a bit of a jerk.

Scene: He’s been benched for a full hour.

Scene: He’s been benched for a full hour.

Scene: He’s been benched for a full hour.

Scene: He’s been benched for a full hour.

Scene: He’s been benched",0,0,50.0,0.32,0.12,angry_l12_a2p0
angry,12,2.0,9,0," The scene. It can be an image or text file with different characters.

Scene: The scene. It can be an image or text file with different characters.

Scene: The scene. It can be an image or text file with different characters.

Scene: The scene. It can be an image or text file with different characters.

Scene: The scene. It",0,0,59.0,0.22033898305084745,0.15254237288135594,angry_l12_a2p0
angry,12,2.0,9,1," In a conversation, the conversation is about a person who discovers that an ordinary object matters.

Scene: In a conversation, the conversation is about a person who discovers that an ordinary object matters.

Scene: In a conversation, the conversation is about a person who discovers that an ordinary object matters.

Scene: In a conversation, the conversation is about a person who discovers that an",0,0,64.0,0.234375,0.125,angry_l12_a2p0
angry,12,2.0,9,2," I've got a very large block of granite that's going to move a lot, it's gonna make me look like a jerk. I'm gonna be there for the whole scene!

There's a lot of that, but it's still kind of nice.

It's a little too close for me, though.

Scene: Oh boy, let me see.

",0,0,55.0,0.7454545454545455,0.09090909090909091,angry_l12_a2p0
angry,12,2.0,9,3," Sometime between one and four months after the first incident.

1. A girl named Jennifer who has been living with her grandfather for eight years. She has to make sure that the father never comes home to this house and she has to protect her from him.

Scene: A short scene, about a girl who had been living with her grandfather.

Scene: A short",0,0,63.0,0.6666666666666666,0.06349206349206349,angry_l12_a2p0
angry,12,4.0,0,0," ""The young boy. He's been shot.""

""What young boy?""

""The young boy, the young boy,""

""The young boy?""

The man's head.

Scene: ""The young boy.""

""The young boy?""

The man's head.

Scene: ""The young boy. He's been shot.""
",0,0,38.0,0.2631578947368421,0.23684210526315788,angry_l12_a4p0
angry,12,4.0,0,1," A broken sidewalk, a broken car, a broken table, a broken sink.

And this is what it's meant to tell you.

The second, and this is the last:

Your friend didn't pay you, she did, or her life was at stake, and that's all that's left.

The last is a really big one.

You",0,0,54.0,0.6666666666666666,0.09259259259259259,angry_l12_a4p0
angry,12,4.0,0,2," Turns out, it was not my son-of-a-bitch who jumped me.

Jump: A gun at me, and the gun went through my legs.

Tank: One second, and the gun would be in my throat.

The camera spun and the gun went off the side of the car.

I felt the glass shatter against",0,0,55.0,0.6909090909090909,0.12727272727272726,angry_l12_a4p0
angry,12,4.0,0,3," The person arrives home after a difficult day.

The person arrives home after a difficult day.

Scene: The person arrives home after a difficult day.

The person arrives home after a difficult day.

Scene: The person arrives home after a difficult day.

The person arrives home after a difficult day.

Scene: The person arrives home after a difficult day",0,0,59.0,0.15254237288135594,0.11864406779661017,angry_l12_a4p0
angry,12,4.0,1,0,"

1. ""Auntie, I saw that you were still awake.""

""I'm awake,"" the woman shouted.

""Where's the best thing you could do for me, you little...""

""I'm gonna kill you.""

""That's all for you. It'll be cold meat and all that kind of shit.""

""You're",1,1,43.0,0.7674418604651163,0.11627906976744186,angry_l12_a4p0
angry,12,4.0,1,1," R. S. B. S. It was an epic scene! We had to watch it and we were so proud of those kids that kept throwing the match!

Scene: K. S. It was good but the boys were so beat up it knocked the lid off of the car!

Scene: R. I. The first one went for the front of the car with the",0,0,63.0,0.6507936507936508,0.12698412698412698,angry_l12_a4p0
angry,12,4.0,1,2,"

He had to get her back and back and back and he just had to, like the sound of his voice, and he was like, ""I got this! I got this! I'm gonna get this! Get this!"" And he didn't take his phone but it didn't matter because he'd take his phone and he did. He took his phone and he didn't take his",0,0,64.0,0.46875,0.109375,angry_l12_a4p0
angry,12,4.0,1,3,"

A short scene about two friends finding something unexpected.

Scene:

A short scene about two friends finding something unexpected.

Scene:

A short scene about two friends finding something unexpected.

Scene:

A short scene about two friends finding something unexpected.

Scene:

A short scene about two friends finding something unexpected.

Scene:",0,0,50.0,0.18,0.2,angry_l12_a4p0
angry,12,4.0,2,0," A police officer’s face as he turns to defend his friend.

A: An officer.

Scene: An officer’s face.

The camera cuts off the end.

Scene: A bullet hit the pavement.

The camera cuts off the end.

Scene: A shot that hits a car.

Scene: A shot that hits a car",0,0,52.0,0.5,0.1346153846153846,angry_l12_a4p0
angry,12,4.0,2,1," ""It's coming for all of us!"".

The camera stops and the lights are off.

""Hey!"" The man in the back throws it across the room.

The man in the back throws it across the room.

""Hey, you, bitch!""

""Oh, hey, man! It's coming at you!""

""Let it go",0,0,48.0,0.5625,0.16666666666666666,angry_l12_a4p0
angry,12,4.0,2,2," The victim was taken to a hospital and an ambulance was summoned, where he was pronounced dead at the scene.

Scene: The victim was shot in the upper left chest.

Scene: The victim was shot twice, leaving a single bullet wound.

Scene: The victim was shot in the head.

Scene: The victim was shot in the chest, with the bullet striking",0,0,61.0,0.4918032786885246,0.16393442622950818,angry_l12_a4p0
angry,12,4.0,2,3," ""Drowning in the River.""

Scene: ""I'll show you how to kill people.""

""Let's go get a drink of water!""

""No!""

""Let's get out of here!""

""Who is he?""

""He's a policeman!""

""Let's get out of here!""

""Get a drink of",0,0,40.0,0.675,0.1,angry_l12_a4p0
angry,12,4.0,3,0," The boy who runs into the fire, shoots him in the gut and then kicks him in the gut. He screams, ""I don't even want to kill you!""

The mother screams. ""He's a real big boy.""

She points her gun at his head and says, ""I'm going to kill you!""

""No, you won't!"" She screams.",0,0,55.0,0.7090909090909091,0.09090909090909091,angry_l12_a4p0
angry,12,4.0,3,1," The player's body is thrown out the window, and the player is knocked into a chair.

Character Info: The player has the speed of a battering ram.

Character Info: A wall in the corner of the stage throws down a chair with the leg of the chair.

Story: The player's character has the speed of a battering ram, but he's still",0,0,61.0,0.5245901639344263,0.18032786885245902,angry_l12_a4p0
angry,12,4.0,3,2,"
I don’t even know what the heck I’m going to say.

What’s a little of the voice I’ve put on the wall?

I don’t even know what the heck I’m going to say.

The scene cuts to the screen, cutting both of the scenes apart in the middle.

I don’t even know",0,0,59.0,0.5084745762711864,0.13559322033898305,angry_l12_a4p0
angry,12,4.0,3,3,"

The scene is set after the person who broke through the door

The person is on the stage.

The scene continues to play on the screen after the person who broke through the door

The scene ends with the person on the stage.

The scene is ended after the person on the stage is arrested.

Scene:

The scene is ended after the",0,0,62.0,0.3225806451612903,0.27419354838709675,angry_l12_a4p0
angry,12,4.0,4,0," ""You gotta see this!""

The girl: ""Get a load of that.

Scene: ""You gotta stop her from getting that!""

The girl: ""What the hell you think you're talking about?""

Scene: ""You gotta watch this!""

The girl: ""You gotta watch it. You gotta watch it!""

Scene: ""You gotta",0,0,47.0,0.5106382978723404,0.14893617021276595,angry_l12_a4p0
angry,12,4.0,4,1," ""You'll get a bad rap.""

Action: ""Don't hit me.""

Scene: ""You're going to beat me with a wooden spoon.""

Scene: ""You're going to beat me with a wooden spoon.""

Scene: ""You're going to beat me with a wooden spoon.""

Scene: ""You're going to beat me with a wooden",0,0,48.0,0.3541666666666667,0.10416666666666667,angry_l12_a4p0
angry,12,4.0,4,2,"

The shot goes wide. ""Now do it!""

""I don't give a goddamn.""

The shot stops. ""I said ""I don't give a damn.""

""Now do it!""

""I don't give a damn.""

""You can't shoot a fucking thing.""

""I don't give a damn, you fucking asshole",0,0,44.0,0.4772727272727273,0.11363636363636363,angry_l12_a4p0
angry,12,4.0,4,3,"

The scene is short, but the actor has a good chance to break the scene into several parts.

The scene begins in the middle of the scene.

The scene starts with a cutscene.

The scene does not finish immediately, and a cutscene is used to fix the scene.

The scene does not finish, and a cutscene is used to fix",0,0,60.0,0.48333333333333334,0.16666666666666666,angry_l12_a4p0
angry,12,4.0,5,0,"

(1, 1)

Repeat:

(1, 1)

Reverse:

(1, 1)

And so on.

And so on.

And so on.

And so on.

And so on.

And so on.

And so on.

And so on.
",0,0,26.0,0.19230769230769232,0.3076923076923077,angry_l12_a4p0
angry,12,4.0,5,1," ""Now the group made a decision together""

The second scene begins with a simple voice over, which ends with the same message as the first, as if the people were talking to each other.

A:

He's got the words under his chin, so it must be one of the main scenes.

",0,0,51.0,0.803921568627451,0.13725490196078433,angry_l12_a4p0
angry,12,4.0,5,2," One of the group was making a decision together and the one who was going after the one who had a gun pointed at him had it.

Scene: The person making the decision and his eyes and mouth as he made the decision.

Scene: The person who killed him.

Scene: The person who went after the one that had a gun pointed at him.

Scene",0,0,65.0,0.46153846153846156,0.13846153846153847,angry_l12_a4p0
angry,12,4.0,5,3," ""I'm not a murderer. I don't want to kill you.""

A: I can't think of what you need.

That's the closest he ever got to my body.

That's the way you always want a weapon to be.

That's the only thing he knows.

I'm gonna break your neck with a baseball bat.

",0,0,52.0,0.7115384615384616,0.07692307692307693,angry_l12_a4p0
angry,12,4.0,6,0," He then proceeds to rip the wind out of his shirt.

No one can help it!

Then, he goes to the ground with a kick to the shin.

Scene: He gets out of the car, with a punch in the head.

Then, he heads towards the front of the building.

Scene: He gets into the elevator.

",0,0,56.0,0.6071428571428571,0.14285714285714285,angry_l12_a4p0
angry,12,4.0,6,1," “I get up and I don’t have to say a word. And I don’t have to say a word. And I don’t have to say a word. And I don’t have to say a word. And I don’t have to say a word.”

Sound: “And I don’t have to say a word.”

Sound: “",0,0,59.0,0.2033898305084746,0.11864406779661017,angry_l12_a4p0
angry,12,4.0,6,2,"

The scene has a strong moment of desperation, with a man's head, and a woman's blood spurting.

S:

A person is holding a child, and another man, who's also holding a child.

S:

The man who holds a baby is holding a baby.

Scene:

The man holds a woman in the front",0,0,52.0,0.5769230769230769,0.17307692307692307,angry_l12_a4p0
angry,12,4.0,6,3," the door to the front room.

All characters in the game have been shown.

Reverse Scene: a man in his own house.

All the characters in the game have been shown.

Shotgun in the head, the body.

Shotgun in the head, the body.

He's dead.

He's killed.
",0,0,47.0,0.5319148936170213,0.19148936170212766,angry_l12_a4p0
angry,12,4.0,7,0," the first time I felt a bit guilty.

S.F. [2]

Gang fight.

Scene: the second time.

G.

G.

Scene: the third time.

G.

G.

Scene: the fourth time.

S.F. [3]

[1] ""I",0,0,31.0,0.5483870967741935,0.12903225806451613,angry_l12_a4p0
angry,12,4.0,7,1," The guy grabs the camera and breaks into a headlock.

Mouth: The camera cuts to the shot.

He grabs the camera and breaks it in half.

Scene: The camera hits the ground.

He grabs the camera and breaks it in half.

He grabs the camera and breaks it in half.

Scene: The camera breaks into a skull",0,0,57.0,0.3684210526315789,0.17543859649122806,angry_l12_a4p0
angry,12,4.0,7,2," The scene.

""I am going to teach you a lesson about my friends,"" one of the characters yells.

Scene: The scene.

""You should never teach those men a lesson in the name of my friends.""

Scene: The scene.

""There is nothing that will make me teach that. I will not teach it.""

Scene:",0,0,53.0,0.6037735849056604,0.11320754716981132,angry_l12_a4p0
angry,12,4.0,7,3,"

Wide screen

Wide screen

2 times

2 times

3 times

3 times

2 times

1 time

1 time

Wide screen

3 times

3 times

2 times

1 time

1 time

3 times

1 time

Wide screen

3 times",0,0,23.0,0.17391304347826086,0.43478260869565216,angry_l12_a4p0
angry,12,4.0,8,0," A student in the parking lot of a hotel in the middle of the day is told to move the car in a sudden direction.

Scene: A passenger in the car is injured and runs over his head.

Scene: A student in the parking lot of the school is told to push his back against a wall.

Scene: A window in the school building is thrown down and",0,0,68.0,0.5,0.11764705882352941,angry_l12_a4p0
angry,12,4.0,8,1," ""How do you think I'm going to say that?""

Scene: ""You do that.""

Scene: ""No one does that.""

Scene: ""I tell you that.""

Scene: ""You tell me, that's enough.""

Scene: ""He's got another man's head. He's got a beard.""

Scene: ""How can",0,0,42.0,0.6190476190476191,0.14285714285714285,angry_l12_a4p0
angry,12,4.0,8,2," You have to get up to the point of impact and jump out the window (slipp, you get on it) when you have your legs under you.

Scene: You are going through that window and can barely get out.

Scene: You are going through that window and you can barely get out.

Scene: You have to go through the window and hit the",0,0,63.0,0.4603174603174603,0.12698412698412698,angry_l12_a4p0
angry,12,4.0,8,3, A scene that shows the scene is:,0,0,7.0,0.8571428571428571,0.2857142857142857,angry_l12_a4p0
angry,12,4.0,9,0," I think the issue is just in this chapter, where he comes out and tries to take down an innocent-looking guy. I get the sense that it's going to be some epic battle right there.

**3**

**DREW: The last page.**

I think the problem is the guy is just there, and the rest of the book is about him just",0,0,60.0,0.7,0.11666666666666667,angry_l12_a4p0
angry,12,4.0,9,1," ""He went on to have a face of such a size that the top of his head smashed into the wall, a bloody nose; and he turned the light on to the floor.""

The narrator is given an important opportunity to interrupt his narrative and declare that it is ""so full of nonsense that I should have thought he would go off to jail.""

""It was like hitting a",0,0,69.0,0.6811594202898551,0.07246376811594203,angry_l12_a4p0
angry,12,4.0,9,2,"

Instantly, the sound was the first thing on the screen and the audience was left stunned with a roar.

Scene:

The sound was the second one and the crowd was left stunned with a roar.

Scene:

Instantly, the sound was the third one and the crowd was left stunned with a roar.

Scene:

In",0,0,54.0,0.3888888888888889,0.18518518518518517,angry_l12_a4p0
angry,12,4.0,9,3," ""It was a little bit of a scything scene.""

Scene: ""The victim was just slashing it.""

Scene: ""The victim was just slashing it.""

Scene: ""The victim was just slashing it.""

Scene: ""The victim was just slashing it.""

Scene: ""The victim was just slashing it.""

",0,0,44.0,0.2727272727272727,0.13636363636363635,angry_l12_a4p0
angry,12,8.0,0,0," ""The thing that got the car back out the door! The whole car took a big chunk of metal into the air, sending an explosive to the side of the building!""

""You son of a bitch!!""

""The thing that got me in the head!""

""You son of a bitch!""

""The damn thing that drove me into the wall!""
",0,0,58.0,0.5517241379310345,0.1896551724137931,angry_l12_a8p0
angry,12,8.0,0,1," He got back to the car.

Sagshot:

He got back to the car.

Sagshot:

He got back to the car.

Sagshot:

He got back to the car.

Sagshot:

He got back to the car.

Sagshot:

He got back to the",0,0,40.0,0.175,0.15,angry_l12_a8p0
angry,12,8.0,0,2," ""Don't hurt.""

T.P.C.P.! The wind knocked the lid off his cage.

""Don't kill!"" he screamed.

The cage was thrown back at him.

The floor of the cage.

T.P.C.P.! It was so hard. It was loud in the cage.

The cage",0,0,46.0,0.5869565217391305,0.15217391304347827,angry_l12_a8p0
angry,12,8.0,0,3,"

He hit the front and side of the table.

The door slammed.

The door was in the other, the door was in the side of the kitchen.

The door was in the other side of the front door.

The door was in the side of the door.

The door was in the side of the door.

The door was",0,0,59.0,0.23728813559322035,0.3050847457627119,angry_l12_a8p0
angry,12,8.0,1,0," ""Died on his face. I'll tear the skin off his face.

Wraps around the back of his head. ""Stop him. He hit me hard on the back of the head.

Wrenching out of his head. ""What'd I tell?""

Dump.

""Hit him like a sack of shit. He took out a chunk",0,0,51.0,0.6274509803921569,0.0784313725490196,angry_l12_a8p0
angry,12,8.0,1,1," “I’m flying through the air.”

“Yeah, you’re just out of his face.”

The table smashed through. “Oh, my….”

“R-b-b-b-b!”

“That’s the sound I heard.”

“Yeah, that’s hard to hear.”

“You can’t hold",0,0,41.0,0.7317073170731707,0.0975609756097561,angry_l12_a8p0
angry,12,8.0,1,2," The head.

The man has a clip on his nose and a tear in the glass.

The man's arm is in the wind.

The man's hand.

The man's shoulder.

The man's arm.

The man's forearm.

The man's shoulder.

The man's left shoulder.

The man's knee",0,0,45.0,0.4888888888888889,0.26666666666666666,angry_l12_a8p0
angry,12,8.0,1,3," The car.

The seatbelt.

The side door.

The back of the back of the car.

The seat back.

The back of the car.

The front of the truck.

The front of the truck.

The rear of the truck.

The side of the truck.

The side of the front of",0,0,49.0,0.22448979591836735,0.3877551020408163,angry_l12_a8p0
angry,12,8.0,2,0," The head of the man’s hand.

D-ring sound.

With a thud and a thud and a clank of metal, the impact of the table hitting the floor was loud.

As it flew, it left a loud ringing.

An explosive crack ripped through the outside of the inside of the frame.

He didn’t even have",0,0,57.0,0.6842105263157895,0.14035087719298245,angry_l12_a8p0
angry,12,8.0,2,1," “She turned to me in the next ring.

A: “What the fuck?” screamed the voice.

B: “It’s your own ass!”

She screamed the word.

B: “Now she’s bleeding all over my body and into my head!”

“That was the sound of the bullet.

That took out one of my",0,0,51.0,0.7254901960784313,0.11764705882352941,angry_l12_a8p0
angry,12,8.0,2,2,"

The head.

The back of the chair.

Choron and a spray of glass.

The front of the box.

Choron and a spray of glass.

The floor.

The back of the box.

The back of the chair.

The back of the chair.

The front of the box.",0,0,46.0,0.2826086956521739,0.30434782608695654,angry_l12_a8p0
angry,12,8.0,2,3," ""This was all over the front of his head"" ""He grabbed the handle and he slammed into the front of my back. ""Then he tried to make me his fist hard and he went through the back of my head.

He punched into the back of my head.

He ripped into the back of the head.

He punched the back of the right side of his",0,0,66.0,0.45454545454545453,0.13636363636363635,angry_l12_a8p0
angry,12,8.0,3,0," ""The sound of the shot came from the back of the desk, knocking the wind out of his head.

""The sound of the shoe striking the door came out of the desk behind it.

He said ""Oh, baby"" in the ear.

""The sound of the hammer came out of the desk.

He said ""Oh, baby.""

""",0,0,55.0,0.45454545454545453,0.23636363636363636,angry_l12_a8p0
angry,12,8.0,3,1," 5

I was trying to break through his skull.

Scene: 5

I was trying to break through his skull.

Scene: 5

I was trying to break through his skull.

Scene: 5

I was trying to break through his skull.

Scene: 5

I was trying to break through his skull.

Scene:",0,0,45.0,0.2,0.1111111111111111,angry_l12_a8p0
angry,12,8.0,3,2," ""TOUCH""

Bang: ""SHE SLAMMED INTO THE HEAD OF HER BOW""

""SHE SAID!""

This was one of those.

""SHE SAID!""

This was so hard that she slammed the side of the door behind him.

""BOO!!!""

Bang.

""",0,0,35.0,0.6571428571428571,0.11428571428571428,angry_l12_a8p0
angry,12,8.0,3,3," ""I said ""get the hell out of the fucking car!""

Drews Cank the back of the head.

""That was a close call!""

The back of the head flew into the wall.

The impact knocked out the left side of the head.

The left side of the car with the front end.

The front of the door",0,0,56.0,0.5178571428571429,0.26785714285714285,angry_l12_a8p0
angry,12,8.0,4,0," The gun, it's a gun and a second one hits the barrel into the side of his head.

Scene: The gun, it's a gun and a second one hits the back of his head.

Scene: He shoots.

Scene: The gun, it's a gun and a second bullet through the back of his head.

Scene: He's gone through",0,0,57.0,0.38596491228070173,0.12280701754385964,angry_l12_a8p0
angry,12,8.0,4,1," The man's face.

Caught on the face.

With a sharp strike of the right side of the face.

A loud thud followed by a crashing sound that tore through the car.

The side of the car.

With a hard clang behind his ear.

With a shot through the windshield.

With a split of the",0,0,54.0,0.5555555555555556,0.16666666666666666,angry_l12_a8p0
angry,12,8.0,4,2," Bango

""You hit the head!!""

The car sped through the air. A punch landed the side of the side window.

Loud.

""HOLM!""

And again.

The side of the head caught the right side of the car. The front of the passenger door made an impact.

Then the side of the",0,0,50.0,0.56,0.26,angry_l12_a8p0
angry,12,8.0,4,3," In the audio, he said, “I hope, and the bottle.

Chest out of the cage.

He said, “You can’t kill me!”

Chest.

He grabbed at his chest, knocking out the front of his forehead.

The head was caught in the windpipe.

The impact knocked the side of his head into",0,0,51.0,0.6274509803921569,0.1568627450980392,angry_l12_a8p0
angry,12,8.0,5,0," ""This is how you rip the wall open!""

Scene: ""This is how you rip the wall open!""

""I'll cut your throat!""

Another round.

The punch.

""I'll cut your head off.""

The top of the back.

""I'll cut your neck with the blade.""

""The steel hit the",0,0,46.0,0.5652173913043478,0.17391304347826086,angry_l12_a8p0
angry,12,8.0,5,1," A woman with the head of the door is thrown in the side of the head and into the floor of a building.

TUNE

The sound penetrated the wood and the wooden floor.

The head of the door was thrown through the door.

The woman was sent in through the door and the door locked. The lock threw the door into the concrete wall.",0,0,64.0,0.4375,0.265625,angry_l12_a8p0
angry,12,8.0,5,2," In front of the screen with the left arm of his head.

Scene: In front of the screen with the left arm of his head.

Scene: In front of the screen with the left arm of his head.

Scene: In front of the screen with the left arm of his head.

Scene: In front of the screen with the left arm of his head",0,0,64.0,0.171875,0.15625,angry_l12_a8p0
angry,12,8.0,5,3," “I’m going into the air right across the wind.

“It was my turn, it was my turn, it was my turn.

“It was.

“And it came at me.

“And it hit my leg.”

And he fell to the ground.

I’m not ashamed. I’m not ashamed.

",0,0,48.0,0.5208333333333334,0.125,angry_l12_a8p0
angry,12,8.0,6,0," ""Bear!""

The sound was so loud, it ripped his arm in the corner of his mouth.

""What was that?"" The door slammed.

""Brain!""

""Threat!""

""Rap!""

And then the front door slammed shut.

The front of the couch was against the hard wood of the table, the wooden",0,0,47.0,0.6595744680851063,0.19148936170212766,angry_l12_a8p0
angry,12,8.0,6,1," One of her hands caught me in the back of the head. She slammed my head against the concrete, hard.

Tears streamed down her face and she continued her attack. The metal was flying into her body.

“Wicked! I can’t even…kick her in the face! I can’t even…!”

She didn’t.

",0,0,54.0,0.6481481481481481,0.09259259259259259,angry_l12_a8p0
angry,12,8.0,6,2," He screamed the words of the microphone. ""I love you!""

Dynamite. ""I love you!""

He punched in the side of his head. ""I love you!""

Another punch and he was in the side of the door.

The door was unlocked, and the front of the door swung back.

The head slammed into the wall.
",0,0,54.0,0.5,0.18518518518518517,angry_l12_a8p0
angry,12,8.0,6,3,"

He said it in a loud voice.

His back.

A shot down the back of the kick.

A kick.

An impact.

That's a dead sound.

He thugged the side of the head.

He hit the back of his fist.

It thumped into the side of the door.

",0,0,47.0,0.574468085106383,0.14893617021276595,angry_l12_a8p0
angry,12,8.0,7,0," At the screen, she grabs the edge of the camera and lands a punch in the face from the other side of the screen.

""A rock from the back of the head, knocking out a right-hand side.

""That's a heartless punch!

""Now you're gonna start in my nose.

""That's an excellent blow.

""",0,0,53.0,0.660377358490566,0.1509433962264151,angry_l12_a8p0
angry,12,8.0,7,1," ‘Hit hard and hard’ on the side of the head.

Dive shot: ‘Hit hard’ on the side of the head.

Shotgun punch: ‘Hit hard’ on the side of the head.

Bang on the head.

Bang on the front of his head.

Punch into the upper corner of the face.
",0,0,49.0,0.3877551020408163,0.20408163265306123,angry_l12_a8p0
angry,12,8.0,7,2," The ground is thrown into his back.

The gun was still on the ground.

A sound came out of the house. He was thrown onto the wind.

The wind was like ice on the wind.

The door was flying down, a big chunk of the wind.

Amanda was crying in the side of the wind.

The door was",0,0,58.0,0.5344827586206896,0.20689655172413793,angry_l12_a8p0
angry,12,8.0,7,3," In my rage, the metal door just shattered.

That blows me all to my right.

The concrete was flying off the wall as I hit the glass.

He grabbed my head on the side of the wall.

""You fucking bitch!"" I yelled.

My head flew back.

His back to me.

It knocked me out.
",2,1,54.0,0.7222222222222222,0.1111111111111111,angry_l12_a8p0
angry,12,8.0,8,0," the screen.

Reverse:

The screen.

Reverse:

The back of the desk.

The back of the desk, which hit the ceiling.

Mig.

The door slammed.

The door that had split the outside of the desk.

The door in the floor.

The door in the wall.
",0,0,44.0,0.4318181818181818,0.3409090909090909,angry_l12_a8p0
angry,12,8.0,8,1," The teacher then slammed into the wall.

“This is a riot!”

The student came back into the building and blocked out half of the wall.

“This is a riot!”

The man’s head went into the building.

“It’s the first punch that tore into the building!”

The teacher was on the side of the building.",0,0,56.0,0.5535714285714286,0.21428571428571427,angry_l12_a8p0
angry,12,8.0,8,2," “She had to smack the head of her cunt through the back of her head.”

Lance the back of the head.

“She had to smack the head of her cunt through the back of the head.

“She had to smack the skull into the side of the side of the head.”

“She had to smack the skull",0,0,57.0,0.2631578947368421,0.21052631578947367,angry_l12_a8p0
angry,12,8.0,8,3," “The glass clings to the left side of the stage as it smacked in, making the left half of the stage into a chunk of glass. The glass shatters as it flew through the stage. The glass shattered into a round punch across the stage.”

Farman through the wall.

“That’s no excuse, he’s already hit his head on",0,0,60.0,0.6,0.16666666666666666,angry_l12_a8p0
angry,12,8.0,9,0," 3, hit!

It’s a blow that slammed a fist into the back of the side of the head. The blow had a large impact.

It went down on the hard drive and the drive-shredder hit the drive wall.

It came down hard on the side of the head, knocking the wind out of my head. The back of my head and",0,0,62.0,0.4838709677419355,0.1774193548387097,angry_l12_a8p0
angry,12,8.0,9,1," K-4.

S.

B.

Body.

D.

Bang.

A.

Body.

C.

S.

4.

Again.

F.

H.

4.

Chorl.

A.

4.

D.
",0,0,16.0,0.75,0.125,angry_l12_a8p0
angry,12,8.0,9,2," ""He shoved it into the back of my head.""

He threw back the wall behind him, knocking the wind out of him.

""No!""

He struck his leg on the top of the left side of the head.

""I didn't!""

The last thing he heard was a grinding sound.

""I was almost through! I was down",0,0,55.0,0.6545454545454545,0.12727272727272726,angry_l12_a8p0
angry,12,8.0,9,3," ""Pushing"" the object at the stage.

""What do you want to hit?""

""You're punching me hard.""

""Is that all?!""

""Again! Pound!!""

""That's your side.""

""Now the stage is striking the body and shattering.""

""Then the stage sends your head through!""",0,0,40.0,0.8,0.125,angry_l12_a8p0
angry,16,2.0,0,0," A young woman is carrying a suitcase and has her hair braided. She is wearing a red-and-white shirt with a white name tag. She is the last person in the suitcase.

Scene: The suitcase is filled with the contents of the suitcase. The suitcase holds the contents of the suitcase.

Scene: The suitcase is filled with the contents of the suitcase. The suitcase",0,0,65.0,0.4307692307692308,0.18461538461538463,angry_l16_a2p0
angry,16,2.0,0,1," Dusk, December 31, 1998

1. I want to get it off, but I need to know where to go first.

2. How much do I have to make?

3. My brain is not processing the scene accurately. I'm not getting it off, but I am making more noise than I need to.

4. My eyes are turning the",0,0,52.0,0.7115384615384616,0.09615384615384616,angry_l16_a2p0
angry,16,2.0,0,2," An angry man arrives at the bus stop with a bag of dirty dishes in his hand. He kicks the man in the head and throws him to the ground.

Scene: A girl runs out of the bus stop with a piece of broken glass.

Scene: A woman and a man break a window. The man gets the glass out and throws it back in.

Scene:",1,1,66.0,0.5757575757575758,0.10606060606060606,angry_l16_a2p0
angry,16,2.0,0,3," A man climbs a mountain of ice with the help of a crow.

Sound: The man climbs the mountain.

Scene: A man climbs the mountain.

Sound: The man climbs the mountain.

Sound: The man climbs the mountain.

Sound: The man climbs the mountain.

Sound: The man climbs the mountain",0,0,49.0,0.24489795918367346,0.24489795918367346,angry_l16_a2p0
angry,16,2.0,1,0," ""The House of the Dragon"" and ""The House of the Dragon""

Director: Peter David

Genre: Fantasy

Format: Limited to 2,000,000

Language: English

Language: English

Language: English

Language: English

Language: English

Language: English

Language: English

Language: English

",0,0,35.0,0.42857142857142855,0.22857142857142856,angry_l16_a2p0
angry,16,2.0,1,1," A man finds something unusual in his bedroom

I'll add more to the story by adding more scenes, and add scenes to the movie, but the basic outline is just the above, with the short scene on the stairs.

Story:

The story is a short love story. It has two main characters, one being the love of their lives, and another being the love of",0,0,65.0,0.6461538461538462,0.13846153846153847,angry_l16_a2p0
angry,16,2.0,1,2,"

What is going on in the air?

Directions:

You will move out as far as you can. You will see the man flying towards you and the two friends chasing him.

You will go a short distance.

You will move in a direction that is towards you.

You will take the friend flying towards you as you are moving out.",0,0,60.0,0.5666666666666667,0.16666666666666666,angry_l16_a2p0
angry,16,2.0,1,3," I am in a room full of friends, and I get a lot of hugs. I want them to feel welcomed.

Scene: I’m in a room full of friends, and I get a lot of hugs. I want them to feel welcomed.",0,0,43.0,0.4418604651162791,0.13953488372093023,angry_l16_a2p0
angry,16,2.0,2,0," B: I see the two in the same room.

Scene: A: I see the two in the same room.

Scene: B: I see the two in the same room.

Scene: A: I see the two in the same room.

Scene: B: I see the two in the same room.

Scene: A: I see the",0,0,54.0,0.18518518518518517,0.2037037037037037,angry_l16_a2p0
angry,16,2.0,2,1," The story is about a person receiving shocking news.

Direction: The girl's body is wrapped with heavy ropes, and she is thrown against the wall of the building.

Battlecry: This person is thrown on the floor.

Scene: The man's hands are wrapped in the ropes, and a rope is thrown over the top of him.

Battlecry:",0,0,56.0,0.6428571428571429,0.14285714285714285,angry_l16_a2p0
angry,16,2.0,2,2,"

He held up the note, saying “I’m not holding you. I’m taking your life.”

She said, “Are you ready to die?

“Let the blood flow.”

“Is this about a love that was never given?

“She has never been loved.”

Scene:

He said, “I love you.”",0,0,47.0,0.7659574468085106,0.06382978723404255,angry_l16_a2p0
angry,16,2.0,2,3," It was in a coffee shop a few doors down that morning, and a guy was giving a small talk about how the internet is going to hurt people’s lives. The guy was explaining how it had been the biggest single attack against the internet since last year’s internet blackout.

Scene: And he says, “I’m calling a halt to the internet for good, because",0,0,67.0,0.7164179104477612,0.07462686567164178,angry_l16_a2p0
angry,16,2.0,3,0," 1-7

Description: I had to stop on the road for 10 seconds because of the pain in my legs.

Scene: 1-7

Description: A man in a black hood is walking home from school.

Scene: 1-7

Description: Another man is walking home from school. A woman is walking home from school.

Scene: 1",0,0,47.0,0.5957446808510638,0.06382978723404255,angry_l16_a2p0
angry,16,2.0,3,1," 'Misery is an evil'

Misery is an evil: 'The only way to live'

Misery: 'No-one would ever give you a penny'

Misery: 'My life would be the biggest tragedy for you'

Misery: 'No one would ever give you a penny'

Misery:",0,0,42.0,0.6428571428571429,0.11904761904761904,angry_l16_a2p0
angry,16,2.0,3,2," ""In the darkest corner of the room, with the shadows stretching.""

The words ""the darkness..."" and the third syllable ""the shadow..."" appeared in my mouth.

""I am a young man with a heavy heart,"" I said.

""You're not a girl,"" he said.

""I don't want to hear you say that!""

",0,0,50.0,0.74,0.14,angry_l16_a2p0
angry,16,2.0,3,3,"

The scene is set inside a door, which opens and closes.

Scene:

The scene is set inside a door, which opens and closes.

Scene:

The scene is set inside a door, which opens and closes.

Scene:

The scene is set inside a door, which opens and closes.

Scene:

The scene",0,0,50.0,0.22,0.18,angry_l16_a2p0
angry,16,2.0,4,0,"  (The action takes place on a train.)

The following scene begins with the same scene from the beginning of the previous paragraph, but with a blank space.

Scene:  (The action takes place on a train.)

The following scene begins with a blank space.

Scene:  (The action takes place on a train.)

The following scene begins with",0,0,56.0,0.35714285714285715,0.16071428571428573,angry_l16_a2p0
angry,16,2.0,4,1,"

[Chorus]

The promise was broken.

[Lyr]

There was blood everywhere.

[Rise]

She was a fool. She said she would see me again.

[The Voice]

She had the truth.

[The Truth]

The truth was true.

[The Truth]",0,0,36.0,0.6111111111111112,0.16666666666666666,angry_l16_a2p0
angry,16,2.0,4,2," The hero is a young man, played out a bit by himself

Scene: He is a young man, played out by himself

Scene: A girl's voice is heard from the speaker's room

Scene: The girl's voice is heard from the speaker's room

Scene: A young man speaks to the young man in the car

Scene: The young man speaks",0,0,59.0,0.3898305084745763,0.11864406779661017,angry_l16_a2p0
angry,16,2.0,4,3,"

""Let's get out of here,"" I said. ""This is only a start.""

Hanson looked at me. ""What are you going to do? Let go!""

""I said, let go!"" I yelled. ""You said it yourself.""

""No!"" said Hanson. ""I'm not letting go. I said, let go!""
",1,1,45.0,0.6888888888888889,0.1111111111111111,angry_l16_a2p0
angry,16,2.0,5,0,"

Mission:

Scene:

You must make a decision on the project with me, and my team.

1/

Mission:

Scene:

You must make a decision on the project with me, and my team.

2/

Mission:

Scene:

You must make a decision on the project with",0,0,41.0,0.36585365853658536,0.07317073170731707,angry_l16_a2p0
angry,16,2.0,5,1,"

The scene starts in the bathroom, but can be cut to the full length. If you need a longer scene to draw a character, that’s fine. You can add short scenes, but this way, you’re only adding a couple of seconds.

You can continue to draw the whole thing but it will also lose some detail and color.

You can continue to",0,0,64.0,0.6875,0.078125,angry_l16_a2p0
angry,16,2.0,5,2,"

1:20-03

A:

I would recommend taking a short scene about a group making a decision together. That way, the audience doesn't have to think, and they can get a better idea of the scene as they get closer.

Scene:

1:20-03

A:

I would recommend taking a short scene about a",0,0,48.0,0.6041666666666666,0.16666666666666666,angry_l16_a2p0
angry,16,2.0,5,3," The guy in the back of the van, the one that has his face on the wall.

S: Let's go

S: Let's go.

S: Okay.

S: Okay.

S: We're going to do a short scene, a short scene about a group making a decision together.

S: A short scene.

",0,0,49.0,0.5918367346938775,0.12244897959183673,angry_l16_a2p0
angry,16,2.0,6,0,"

S

Action:

Scene:

S

Sound:

S

Scene:

S

Action:

Scene:

S

Sound:

S

Scene:

S

Action:

Scene:

S

Sound:

S

Scene:

S

",0,0,22.0,0.18181818181818182,0.45454545454545453,angry_l16_a2p0
angry,16,2.0,6,1," It’s a scene from the film, but I don’t think the ending actually happened. The movie is all about finding out what happens next, after the movie is over, when you go back to your room, and then you’re out the door. The ending was very funny, but also very serious.

Stage: That’s what I was trying to convey.
",0,0,63.0,0.7301587301587301,0.09523809523809523,angry_l16_a2p0
angry,16,2.0,6,2," A young boy in a cape is knocked unconscious. A hand-written note arrives from the cape.

Scene: A boy is thrown from the cape. A young man is hit and knocked to the ground. A woman is hit and knocked to the ground.

Scene: A man is struck and knocked to the ground. A woman is knocked to the ground.

",0,0,61.0,0.3770491803278688,0.13114754098360656,angry_l16_a2p0
angry,16,2.0,6,3," 1.

An older man and a woman are arguing in an alley, the older man trying to get the younger woman away from the older man, the younger woman trying to get the younger man back to her. As the argument continues, one of the older men grabs hold of the woman's shirt and begins to pull her to the other side of the street, and the other male pulls his",0,0,70.0,0.5285714285714286,0.15714285714285714,angry_l16_a2p0
angry,16,2.0,7,0, The house is the object of conversation in the foreground. A man's voice is heard through the house. The man is holding a gun. The gun is fired. A long flash reveals the man. A man. He is the man on the screen. The man in the house is the same man. They are walking through the house at night. The flash is seen from the window. A woman,0,0,69.0,0.4782608695652174,0.21739130434782608,angry_l16_a2p0
angry,16,2.0,7,1," Gingerbread Gopher Cutter, The Gopher

A Cutter Cutter is a Gopher that has four legs! The Cutter has a very large hole for the top of its beak. The top of the hole is an opening.

Scene: Gingerbread Gopher, The Gopher

A Gopher Cutter can be found on a tree. Its",0,0,51.0,0.5098039215686274,0.11764705882352941,angry_l16_a2p0
angry,16,2.0,7,2,"

Hours:

No longer needed. I replaced this with a few more times, just because the old one had the wrong key. (This was probably a mistake in the installer.)

I'm just not sure where to start with the problem. It's not one of the ""I want to show off my art to my kids."" things. It's not even the second",0,0,60.0,0.7166666666666667,0.1,angry_l16_a2p0
angry,16,2.0,7,3," The woman is standing in front of a house, a person enters from behind.

1

1

1

2

3

4

5

6

7

8

9

10

11

12

13

14

15

16

17

18

19
",0,0,14.0,0.9285714285714286,0.14285714285714285,angry_l16_a2p0
angry,16,2.0,8,0,"

A big crowd of students is being driven from their rooms.

Camera Shot

Scene:

The crowd has disappeared behind the screen.

Camera Shot

The students are driving away.

Scene:

A car starts moving.

Camera Shot

The students start driving away.

Scene:

A group of students arrive at the",0,0,48.0,0.6041666666666666,0.10416666666666667,angry_l16_a2p0
angry,16,2.0,8,1," ""Bewitched""

Scene: ""Bewitched""

Scene: ""Bewitched""

Scene: ""Bewitched""

Scene: ""Bewitched""

Scene: ""Bewitched""

Scene: ""Bewitched""

Scene: ""Bewitched""

Scene: ""Bewitched""

Scene",0,0,18.0,0.1111111111111111,0.5,angry_l16_a2p0
angry,16,2.0,8,2," 1

Description: ""A student is speaking with a teacher after class.""

Scene: 2

Description: ""A student is speaking with a teacher after class.""

Scene: 3

Description: ""A student is speaking with a teacher after class.""

Scene: 4

Description: ""A student is speaking with a teacher after class.""

Scene:",0,0,44.0,0.22727272727272727,0.18181818181818182,angry_l16_a2p0
angry,16,2.0,8,3,"  _A-J-A-A-A-J-A-A-A.jpg_  
Moved to the top left corner of the screen.  
Screams in the background.  
Pushed up into the lower left corner.

Scene:  _A-J-A-A-J-A-A-A.jpg_  
",0,0,40.0,0.475,0.325,angry_l16_a2p0
angry,16,2.0,9,0,"

The scene itself is not the only problem for the camera. The scene is not even the most important piece. Sometimes, it looks like the scene was cut in half. And even though it's not the best camera cut, it still doesn't look good for a whole scene. In fact, it looks bad, and you don't want to mess with it.

You've done",0,0,63.0,0.6507936507936508,0.1111111111111111,angry_l16_a2p0
angry,16,2.0,9,1," Shred

Shred is the final stage of a scene where a villain (or a bad actor, as a subplot of a subplot) can be removed. You’ll notice that the final scene has a very simple plot.

In this case, a villain does something bad on the scene – an object (usually a tree or something) breaks into the scene. A villain",0,0,61.0,0.6229508196721312,0.14754098360655737,angry_l16_a2p0
angry,16,2.0,9,2," You were supposed to give an overview on how much the action went for you, and then the main thrust of the story would be the details that you would be shown, and how you wanted that information to be presented to the audience. It was a simple task, but the scene was one that had the audience laughing, and making the audience’s stomachs turn.

Aiming at",0,0,68.0,0.6617647058823529,0.11764705882352941,angry_l16_a2p0
angry,16,2.0,9,3," An actor in a theatre plays a piece of dialogue to a person in a hallway or a room at the theatre. The dialogue is the actor's response to the person's actions.

Skinning: The act of producing the skin of an object with human skin. The same thing happens when you take a cut from an actor's arm.

Sword: A symbol in the body",0,0,64.0,0.625,0.125,angry_l16_a2p0
angry,16,4.0,0,0," A.K.A. a piece of shit.

Shade: Yes, he is.

Scene: B.K.A. a piece of shit.

Shade: He is.

Scene: C.K.A. a piece of shit.

Shade: He is.

Scene: D.K.A. a piece of",0,0,40.0,0.325,0.225,angry_l16_a4p0
angry,16,4.0,0,1," ""Let's go!!""

Jump: ""Ooo, that was quick!""

Escape: ""You hit me!""

Scoop: ""That was my last!""

Escape: ""No, no, no!""

Scoop: ""That's a scream!!""

Scoop: ""That's a scream!""

",0,0,28.0,0.6428571428571429,0.10714285714285714,angry_l16_a4p0
angry,16,4.0,0,2,"

This scene takes you to an open door, into a large, metal door that pops open. This metal door is a very solid door in a metal frame. It opens for the man who just knocked on the door.

This man who just slammed the door into the frame. I think the door is a key.

He slammed the door into the frame.

He",0,0,64.0,0.515625,0.125,angry_l16_a4p0
angry,16,4.0,0,3,"

Scene:

Scene:

Scene:

Scene:

Scene:

Scene:

Scene:

Scene:

Scene:

Scene:

Scene:

Scene:

Scene:

Scene:

Scene:

Scene:

Scene:

Scene:

Scene:

Scene:",0,0,20.0,0.05,1.0,angry_l16_a4p0
angry,16,4.0,1,0,"

And then, all of a sudden, it just crashes into the ground.

(Chuckling)

Scene:

(Harlan laughs)

The punch!

(Chuckling)

Scene:

(Harlan laughs)

Then, the world stops and I hit the pavement.

(Harlan)",0,0,32.0,0.6875,0.125,angry_l16_a4p0
angry,16,4.0,1,1,"

Grief

I took a picture of a face, a bloody fist, a broken glass. A hand, a body. I used an image I didn't recognize, but I got the picture. I took a picture of the image. I didn't remember it, the image of something that was too far away, another face, and so forth. I didn't recognize the rest",0,0,60.0,0.5666666666666667,0.11666666666666667,angry_l16_a4p0
angry,16,4.0,1,2,"

A scene

Stage:

C-l-t-h-i-l

R-m-n-t-i-o-s-l-a-s-o-l-o-v-i-t-c-n-s-o-l-a-s-

Stage Title:

Chicken

",0,0,35.0,0.45714285714285713,0.14285714285714285,angry_l16_a4p0
angry,16,4.0,1,3,"

Scene 1:

Scene 2:

The scene ends. I cut off and my finger came up my right leg. I sat back on the bed and let my hand fall as it went from my left thigh to my right knee. The red-hot, wet, metal scrap of metal from the first punch had me on the floor. I turned over, making a loud cl",0,0,62.0,0.7258064516129032,0.08064516129032258,angry_l16_a4p0
angry,16,4.0,2,0," ""You're not gonna break my heart""

Message: ""You're not gonna break my heart""

Message: ""You're not gonna break my heart""

Message: ""You're not gonna break my heart""

Message: ""You're not gonna break my heart""

""I know! I know!""

Said by Mandy: ""I",0,0,42.0,0.2857142857142857,0.11904761904761904,angry_l16_a4p0
angry,16,4.0,2,1," 1

Characters: 1

Characters: 2

Characters: 2

Action: 2

Action: 2

Action: 2

Action: 2

Action: 2

Action: 2

Action: 2

Action: 2

Action: 2

Action: 2

Action: 2

Action: 2
",0,0,15.0,0.13333333333333333,0.8,angry_l16_a4p0
angry,16,4.0,2,2," - The man grabs the front of her clothes, then, with his fist, grabs her throat.

Scene: - She gasps.

Scene: - It doesn't hurt.

Scene: - The man grabs her again.

Scene: - The blade of a knife comes into his hand.

Scene: - She shrieks.

Scene: - It",0,0,43.0,0.6046511627906976,0.13953488372093023,angry_l16_a4p0
angry,16,4.0,2,3," [A]rasion

Recipe: [A]rasion

Yard: [B]r. 1.

[A]rasion: [B]r.

[A]rasion: [B]r.

Arasion: [B]r.

[A]rasion:

[A]rasion:",0,0,23.0,0.30434782608695654,0.2608695652173913,angry_l16_a4p0
angry,16,4.0,3,0," In this scene, he accidentally hits the ground with his fist.

The scene: In this scene, he accidentally hits the ground with his fist.

Sound:

A: The music plays once the sound is off, the music is loud.

B: The music is loud.

In this scene, he hits the ground, causing the sound to go off,",0,0,56.0,0.4107142857142857,0.16071428571428573,angry_l16_a4p0
angry,16,4.0,3,1," ""I'm gonna scream. You got that?""

Hornblower: ""I did.""

Hornblower: ""Who?

Hornblower: ""You.

Hornblower: ""Damn it. I got that.

Hornblower: ""You're not going to hurt me.""

Hornblower: ""You're not going to hurt",0,0,32.0,0.5625,0.1875,angry_l16_a4p0
angry,16,4.0,3,2," It gets worse

The thing you’re seeing is the wrong thing

I’m almost to the point of touching on the head

I should not have done that.

The thing you’re seeing is the wrong thing

You really wanted to hit the damn door.

Cry, you stupid bitch.

It’s the same thing I did",0,0,57.0,0.6140350877192983,0.14035087719298245,angry_l16_a4p0
angry,16,4.0,3,3," The end of a bad scene.

1) A man with a gun.

Scene: The end of the worst scene.

2) A body with no clothes.

Scene: A body with no clothes.

3) A woman with no face.

Scene: A woman with no face.

Scene: A woman with no face.

",0,0,46.0,0.32608695652173914,0.17391304347826086,angry_l16_a4p0
angry,16,4.0,4,0," ""You know how to do it""

""I say that now.""

""You've done it now, you know.""

""You have! You've done it!""

""You've done it!""

""You've done it! You've done it!""

""You've done it! You've done it!""

""You've done it",0,0,39.0,0.3333333333333333,0.23076923076923078,angry_l16_a4p0
angry,16,4.0,4,1,"

The stage.

A. To the stage.

B. A.

C. To the front of the stage.

D. A.

C. To the back of the stage.

C. To the front of the wall.

C. To the back of the stage.

The stage.

A. To the",0,0,43.0,0.2558139534883721,0.27906976744186046,angry_l16_a4p0
angry,16,4.0,4,2," The person was named Bolt after Bane. The word Bolt was in the code of the Bane that killed the Tarkorian's.

Note: The thing Bane was targeting was the city of Oog.

Scene: The player is trying to get out of the hole. The hole is a large metal grate.

Scene: The player jumps. The",0,0,55.0,0.5818181818181818,0.21818181818181817,angry_l16_a4p0
angry,16,4.0,4,3," The Mansion of a Wicked Woman!

Aim: If you can, shoot a short scene that isn't like the last scene.

Action: Use your body to move the thing you're trying to make.

Scene: The Mansion of a Wicked Woman!

Aim: If you can, shoot a short scene that isn't like the last scene",0,0,53.0,0.5094339622641509,0.09433962264150944,angry_l16_a4p0
angry,16,4.0,5,0,"

Click ""Add Scene"" to a new sheet, then hit ""Catch!

The next time you do the scene, it will load.

The next time you do the scene, it will load.

The next time you do the scene, it will load.

The next time you do the scene, it will load.

The next time you",0,0,54.0,0.3333333333333333,0.16666666666666666,angry_l16_a4p0
angry,16,4.0,5,1," A fight.

Action: Dueling through the air to end the fight.

Stage: A curtain.

Scene: The back of a head.

Action: A blow to the face.

Scene: The head.

Action: A punch to the face.

Scene: The blow.

Scene: The head.

Scene:",0,0,42.0,0.42857142857142855,0.19047619047619047,angry_l16_a4p0
angry,16,4.0,5,2,"

I'm on the beach. My hand goes out.

I can feel the water, not against the palm of my hand.

I feel my skin.

I can feel the sand.

I can feel my hand.

I can feel the water.

I can feel the sand.

I can feel the water.

I can",0,0,51.0,0.35294117647058826,0.1568627450980392,angry_l16_a4p0
angry,16,4.0,5,3," “I can’t take you down.” The moment was broken.

Giles’s body was still on the ground.

Dugas yelled, and the knife dropped.

The bullet was cold on the steel of his throat.

The man’s hand was a rock.

A second shot echoed across the open air.

Giles was gone",1,1,52.0,0.7307692307692307,0.1346153846153846,angry_l16_a4p0
angry,16,4.0,6,0,"

I don't like the sound of my mouth.

""Sorry, I tried to stop you,"" I scream, and it sounds like my words are being heard.

I slam my fist into the air and the first thing I hear is a horrible sound. My voice echoes, ""Are you all right, buddy?""

It's my name.

I can't",0,0,55.0,0.7090909090909091,0.10909090909090909,angry_l16_a4p0
angry,16,4.0,6,1," ""I'm all yours, you little bitch."" A girl screamed ""OH!"" and threw her hands over her mouth. The room went silent.

Scene: ""Why is your hand bloody?"" A girl ran and stabbed her into the ceiling. ""It's a bit of glass."" The girl screamed.

Scene: ""I don't want to hurt you. I don't know what",0,0,55.0,0.7454545454545455,0.05454545454545454,angry_l16_a4p0
angry,16,4.0,6,2,"

You are standing in a shop window of a bakery, right in front of the shop's counter. The shop has a broken display case and a broken door. A young man is pushing the door open. You see someone who you recognized in the shop window. Your eyes are going red and your tongue is flying.

It is hard to breathe. You drop the key. A",0,0,66.0,0.6212121212121212,0.09090909090909091,angry_l16_a4p0
angry,16,4.0,6,3,"

Fight

Body:

Melt

Shout

Stroke:

Bastard.

The other guy goes back to the wall.

The woman goes out the door.

The other guy goes to the truck.

The car goes off the pavement.

The man gets to the sidewalk.

Scene:
",0,0,40.0,0.6,0.25,angry_l16_a4p0
angry,16,4.0,7,0," S

S

S

S

S

S

S

S

S

S

S

S

S

S

Scene: S

S

S

S

S

S

S

S

S

S

S

Scene: S",0,0,28.0,0.07142857142857142,0.9285714285714286,angry_l16_a4p0
angry,16,4.0,7,1,"

A person walks into the middle of a town and is chased away by a mob. A flashback cuts into the movie.

Scene:

Scene:

A flashback cuts in and ends.

Scene:

A scene that cuts across the story.

Scene:

The movie ends.

Reception

Critic Robert K.",0,0,46.0,0.5869565217391305,0.13043478260869565,angry_l16_a4p0
angry,16,4.0,7,2," The story begins with a man falling to the ground in the woods. The man is a good one, not a bad one, but he is dead. I'm sorry.

Scene: A man is dead. The dead man is a good one, but not a bad one. He is a good one, but not a bad one. The man is a good one, but not a",0,0,65.0,0.3384615384615385,0.15384615384615385,angry_l16_a4p0
angry,16,4.0,7,3,"

1.

2.

3.

4.

5.

6.

7.

8.

9.

10.

11.

12.

13.

14.

15.

16.

17.

18.

19.

20.",0,0,0.0,0.0,1.0,angry_l16_a4p0
angry,16,4.0,8,0," A student speaking.

Action: Break the glass.

Scene: A glass.

Action: Break the glass.

Scene: A glass.

Action: Break the glass.

Scene: A glass.

Action: Break the glass.

Scene: A glass.

Action: Break the glass.

Scene: A glass.
",0,0,38.0,0.21052631578947367,0.2631578947368421,angry_l16_a4p0
angry,16,4.0,8,1," (2)

A:

I'll just say that the ""short scene"" is exactly what is going on here.  When you shoot with a snare, your snare goes into the snag, and as the snag gets into the snag, it pushes against the barrel.  When you put your hammer into the barrel, it will go back into the barrel.",0,0,55.0,0.6363636363636364,0.12727272727272726,angry_l16_a4p0
angry,16,4.0,8,2," As a teacher I always try to get in a short confrontation of students.

What?

As a teacher, I usually try to get in a short confrontation of students.

What?

As a teacher, I always try to get in a short confrontation of students.

Scene: As a teacher I always try to get in a short confrontation of students.

",0,0,59.0,0.2711864406779661,0.13559322033898305,angry_l16_a4p0
angry,16,4.0,8,3," ""The thing you see is the word ""G-E"",""

""The thing you see is the word ""G-E"",""

""The thing you see is the word ""G-E"",""

""The thing you see is the word ""G-E"",""

""The thing you see is the word ""G-E"",""

",0,0,45.0,0.17777777777777778,0.2222222222222222,angry_l16_a4p0
angry,16,4.0,9,0,"

""I don't mean to tell you how to play this game, but I don't think I'm going to try it.""

""Sorry, I'm not!""

""How could you!""

""No.""

""Not again! I don't want to have to tell you again!""

""Now you're a man!""

""Oh,",0,0,43.0,0.6511627906976745,0.11627906976744186,angry_l16_a4p0
angry,16,4.0,9,1," A, B, C. The object is a string, ""C"" the bullet. The object is the string ""A"".

Tail:

The object was being chased. It was being knocked back against the wall.

A:

Jerk!
It's going to get you. You're about to hit it!
You don't want to get it",0,0,49.0,0.5714285714285714,0.12244897959183673,angry_l16_a4p0
angry,16,4.0,9,2,"

The scene is a flashback.

Action:

Stacks of paper.

Holds a string of paper.

The string is a note.

The string contains a short note.

Stacks of paper are thrown.

Stacks of paper are thrown.

Stacks of paper are thrown.

Stacks of paper are",0,0,44.0,0.36363636363636365,0.13636363636363635,angry_l16_a4p0
angry,16,4.0,9,3,"

(0,0)
(0,0)
(0,1)
(0,2)
(0,3)
(0,4)
(0,5)
(0,6)
(0,7)
(0,8)

A:

I'm not exactly sure what's happening, but if you place",0,0,11.0,1.0,0.09090909090909091,angry_l16_a4p0
angry,16,8.0,0,0,"

The back door, into the kitchen.

The door, hitting the floor.

The body of the knife from the kitchen.

The head.

The heel of the palm.

The back of the head.

And so on.

The thing into the hall.

The thing into the door.

Stinging.

",0,0,45.0,0.4444444444444444,0.35555555555555557,angry_l16_a8p0
angry,16,8.0,0,1,"

The body and the air.

O.C.

P.O.

F.M.

Cl.

C.

Tor.

H.

C.

P.D.

A.

M.

T.

He

C.

P.

R.
",0,0,25.0,0.68,0.16,angry_l16_a8p0
angry,16,8.0,0,2,"

""Maid, stop! Get rid of that, you son of a bitch!""

""Goooooo!!""

""Get back at me!""

""I know!!""

""And it was on the roof!""

""So you hit me!""

""Mck-t!!""

""I'll put that off!""

",0,0,34.0,0.8529411764705882,0.058823529411764705,angry_l16_a8p0
angry,16,8.0,0,3," The ground of a door, with an open wind.

_Strapon_.

_Strapon._

_Strapon._

_Strapon._

_Strapon._

_Strapon._

_Strapon._

_Strapon._

_Strapon._

_Strapon",0,0,19.0,0.5263157894736842,0.5263157894736842,angry_l16_a8p0
angry,16,8.0,1,0,"

- A ball of lead [H] off a post, a piece of flesh off the floor.

Gangrune.

- [T] A punch.

G.

- [C] Pushing [G] into a gaping hole, the stone.

G.

- [C] The final blow.

Ach",0,0,35.0,0.6857142857142857,0.14285714285714285,angry_l16_a8p0
angry,16,8.0,1,1,"

He's gone.

But the word is loud.

Stars point.

And the first blow hits your fucking head.

You go.

Your entire body.

You.

No. No. No!

Hands apart!

You go, you whiz-t-off!

Stinging and crushing.",0,0,37.0,0.7567567567567568,0.10810810810810811,angry_l16_a8p0
angry,16,8.0,1,2,"

The red clump of ice.

Jake's fists.

He hit.

With his voice.

With his teeth.

Then he swung.

As he went.

As he slammed into the pavement.

And it tore.

And he slammed it into the hole.

It was a rock.

And",0,0,42.0,0.6428571428571429,0.11904761904761904,angry_l16_a8p0
angry,16,8.0,1,3," C#

The hard part is a lot. My fingers itch.

That pain like the last one.

I threw the metal off, the air, the glass, the teeth.

There was nothing but a gout of stone and glass.

I ripped away.

The meat was out of my fist.

I cried.

My",0,0,50.0,0.72,0.14,angry_l16_a8p0
angry,16,8.0,2,0,"

The hole in the sidewalk.

The blade of the rain.

The air from the building.

The stone.

The hammer of the steel.

The bolt.

The hammer of the steel.

The metal.

The blade.

The first blow.

The last.

The rock.

The pavement",0,0,42.0,0.47619047619047616,0.42857142857142855,angry_l16_a8p0
angry,16,8.0,2,1," 2

[N]

[N]

[C]

[N]

[C]

C-E

[N]

[C]

[N]

[C-A]

[N]

[C-A]

[C]

[C]

C-D",0,0,19.0,0.2631578947368421,0.47368421052631576,angry_l16_a8p0
angry,16,8.0,2,2," A metal door at the entrance to the store.

4.09.08.

.06.09.09.

.08.09.09.

.13.13.

.18.18.

.19.

.20.

.27.

.48.

.59.

.63.",0,0,9.0,0.8888888888888888,0.2222222222222222,angry_l16_a8p0
angry,16,8.0,2,3,"

A hole through the roof of the back of the hall.

The bolt hit the hole on the back of the face. The impact tore the skin.

Mario, blood.

The second-to-life. The second-to-life of my breath.

I g-l-l-l-l-r-l-l-l",0,0,50.0,0.52,0.22,angry_l16_a8p0
angry,16,8.0,3,0,"

A sharp and hard hit against the concrete.

Piece:

A cold wet ball of rock.

Bleed the hair from the front of my skull.

My breath left the chamber.

My body.

Gout on the knuckles of my fist.

Harsh, but the bone.

I roared.

",0,0,44.0,0.75,0.13636363636363635,angry_l16_a8p0
angry,16,8.0,3,1,"

Amandalas in a red den.

I.e. One of the pieces in your head.

You take off the metal into the air.

S.A.

It's cold.

I.E.

The stone.

I.E.

A cold, hard stone.

And you take it.",0,0,40.0,0.65,0.1,angry_l16_a8p0
angry,16,8.0,3,2,"

Floating to a point.

I hit a point point, the rock.

I broke the skin of the stone, and the stone flew.

Ster.

Fight again.

The rock.

Cried out, ripping and tearing.

The stone.

I made the stone.

Again.

",0,0,39.0,0.5641025641025641,0.1794871794871795,angry_l16_a8p0
angry,16,8.0,3,3,"

As the water runs up his back, the hard stones clench.

[M]

Doubled, splat, as the water was

And the rock of the sea.

Gasping, as the water drove out of his.

[M]

With an end of a clench.

[M]

As",0,0,41.0,0.6097560975609756,0.14634146341463414,angry_l16_a8p0
angry,16,8.0,4,0," The punching blow, smacking, into the palm of the hand into the teeth of the concrete.

Scene: An impact with the tip of the rock.

The impact was so hard, it ripped the whole head off the rock.

Stunnered and off the end of the steel.

Again, it came hard again, but the hammer.

",0,0,54.0,0.5925925925925926,0.24074074074074073,angry_l16_a8p0
angry,16,8.0,4,1,"

Stinger: A gale.

Stinger: Worse.

Ground:

Stinger: A point to the left

Stinger: The thing.

Stinger: Rear.

Stinger: The hole to the left.

Stinger: Stinger.

Stinger: The thing.

Stinger:",0,0,29.0,0.41379310344827586,0.3448275862068966,angry_l16_a8p0
angry,16,8.0,4,2,"

A:

I wrote a piece of code.

A:

The object is already attached to the object you made, and if you were to try again, it would have been.

",0,0,29.0,0.7931034482758621,0.10344827586206896,angry_l16_a8p0
angry,16,8.0,4,3," C-1

Re: S: C-1

A:!

It's C-1!

C-1.

Your hand goes down.

D-1.

Your finger goes into the gap.

A-1.

Re: S: C-1

C-1.

Press hard on your",0,0,28.0,0.6071428571428571,0.21428571428571427,angry_l16_a8p0
angry,16,8.0,5,0," A red brick house with an earthed metal frame.

Sword: A solid red stone.

Wing: A heavy blow to the tip of the crown.

Wing of the hammer: The hammer of the blade of the knife.

A.k.a. the first blow of the sword.

The steel of the blade.

The",0,0,51.0,0.5098039215686274,0.21568627450980393,angry_l16_a8p0
angry,16,8.0,5,1,"

MRS. LITTLE EMMON

Penny-Marrow

MRS. HARDING

Penny-Marrow

Penny-Marrow

Penny-Marrow

Shelduck

Shelduck

Screaming

Screaming

Screaming

Shear-off

SHEAR",0,0,21.0,0.47619047619047616,0.19047619047619047,angry_l16_a8p0
angry,16,8.0,5,2,"

C. It takes the edge of the steel-causing blow.

A. The metal doesn't stop at the first drop.

C. It makes the rock hard to the rock-caste.

A. It's the steel hammer.

The punch.

The meat of the rock, it's bone.

S. The bone.",0,0,46.0,0.5869565217391305,0.2391304347826087,angry_l16_a8p0
angry,16,8.0,5,3," The scene ends.

The red-faced, fist-into-the-headpiece cry of my stomach.

Stub.

""You shit!""

He goes.

Hat-tipped, off-choke-off the handle of the door.

Frenched.

""A!

Oh, it!

""C",0,0,34.0,0.8235294117647058,0.14705882352941177,angry_l16_a8p0
angry,16,8.0,6,0," ""Crying,""

""No!""

""You!""

She snapped the phone down.

""Goddamn it!""

He grabbed the handle.

""I hit the first knifepoke. Don't move. You were right on the spot. I ripped off the wire. Wraes off the nail. You heard it. You fucking hole.",1,1,42.0,0.7380952380952381,0.14285714285714285,angry_l16_a8p0
angry,16,8.0,6,1,"

The back of the door into the building was a hole.

The back of the building.

With a sudden, cold, metallic, impact, and a little more.

Screaming.

With a bang.

[Bite]

Chorus:

[L]igely, into the back of the building.

[",0,0,40.0,0.575,0.175,angry_l16_a8p0
angry,16,8.0,6,2,"

Mace-1

Mace-2

Mace-3

Mace-4

Mace-5

Mace-6

Mace-7

Mace-8

Mace-9

Mace-10

Mace-11

Mace-12

Crash!

M",0,0,14.0,0.21428571428571427,0.8571428571428571,angry_l16_a8p0
angry,16,8.0,6,3," 4

Amanda and Chris go after the last of the glass on a turntable, with another thud, into the open. As the thud hits the marble floor.

Amanda drives the gravel into the concrete.

Hanging.

As the force of the blast shatters the glass.

Amanda drives the first one again.",0,0,49.0,0.6326530612244898,0.22448979591836735,angry_l16_a8p0
angry,16,8.0,7,0," 1

Reel 1

Cord1

3

0

1

1

1

2

2

4

4

4

4

2

1

2

1

1

1

4

4

4

4

1

4",0,0,2.0,1.0,0.5,angry_l16_a8p0
angry,16,8.0,7,1,"

Amanda.

It gets a little closer to the last place she said.

It's a punch in the throat.

It's a meaty, slamming, meaty, into the side of the hole.

Oh.

It drops like a stone.

The stone is a great, big, ugly, ripping, tearing,",0,0,44.0,0.7272727272727273,0.11363636363636363,angry_l16_a8p0
angry,16,8.0,7,2," A woman screams. She drops a knife into the air.

A.m.! A.M.!

In front of the store window, the building shakes with the force of a stone.

A.M.! A.M.!

It ripped into the pavement, and the ground was raw as the pavement.

A.M.! A",0,0,49.0,0.5714285714285714,0.1836734693877551,angry_l16_a8p0
angry,16,8.0,7,3," 2-3

Bench: Full

Slam: C-

Holding it back, but the metal cling, and the glass, shattering.

Spray-Hail

1,3,4,5.

Again, a bone-tossing, as if, but the rock.

[C-

1,",0,0,27.0,0.8518518518518519,0.1111111111111111,angry_l16_a8p0
angry,16,8.0,8,0,"

M.A.D.P.

Reed.

The rock.

It ripped down.

The gravel.

The concrete.

The metal.

And the bone.

M.A.D.P.

A.M.V.

The hole.

The rock.

M.A",0,0,32.0,0.53125,0.21875,angry_l16_a8p0
angry,16,8.0,8,1," The student.

Dr. H.P. Heinzl. Excise. C3.

Dr. H.P. Heinzl. Crude.

Dr. H.P. Heinzl. Blood.

Dr. H.P. Heinzl. Blood.

Dr. H.P. Heinzl. A-H",0,0,29.0,0.3793103448275862,0.20689655172413793,angry_l16_a8p0
angry,16,8.0,8,2,"

Spray: Off!

A1:

Spray: Off!

A2:

Spray:

A3:

A4:

Dr. Rekal:

Dr. Rekal:

Dr. Rekal:

Dr. Rekal:

Dr. Rekal:
",0,0,19.0,0.2631578947368421,0.2631578947368421,angry_l16_a8p0
angry,16,8.0,8,3,"  A.

[Critical]!

[Critical]!

[Critical]!

[Critical]!

[Critical]

[Critical]!

[Critical]!

[Critical]!

[Critical]

[Critical]!

[Critical]!

[Critical]!

[Critical]!
",0,0,14.0,0.14285714285714285,0.9285714285714286,angry_l16_a8p0
angry,16,8.0,9,0," The hole in the pavement.

Caster: It's not enough to hit the pavement, you want the concrete!

[Again, the blow. Again, the pain. Again, the whole thing.]

[The first blow.]

[Again, the hard. Again, the rock. Hard and wet, the metal, and the rock. Again, the claw.",0,0,47.0,0.5319148936170213,0.2765957446808511,angry_l16_a8p0
angry,16,8.0,9,1,"

In the face of a sharp blow, my fist smacked my out of the hole. It was the final blow that broke the glass. I spun out of the crumbling heap of bone and went into the air. I landed at the metal tip of the table. Painter's clods raked my way. The last of my blood.

"" _God!_ "" roared",0,0,59.0,0.6779661016949152,0.15254237288135594,angry_l16_a8p0
angry,16,8.0,9,2," Exterior.

A:

Repeatedly.
Coughing, as it goes out of the wound.

That was the very first blow to the heel off the marble.
Sons, and a lot more, for the stones.

That was the entire bloody tip.

Stinging, in an open, wet hand.

It was the",0,0,46.0,0.7608695652173914,0.15217391304347827,angry_l16_a8p0
angry,16,8.0,9,3,"

[1]

[1]

[2]

[2]

[3]

[3]

[4]

[5]

[6]

[7]

[8]

[9]

[10]

[11]

[12]

[13]",0,0,0.0,0.0,1.0,angry_l16_a8p0
joyful,0,0.0,0,0,"
A boy from the town,
looking for his mother.

The boy is a boy who looks older than he is.

The boy is a boy who is very kind.

The boy is a boy who does not speak very well.

The boy is a boy who is not very careful with his money.

The boy is a boy who is very hard",0,0,62.0,0.4032258064516129,0.1774193548387097,base
joyful,0,0.0,0,1," ""Mysterious Hotel"" by Lara Croft, scene from the movie ""The Fountain of Youth"".

Plot summary:
The hotel is a beautiful, luxurious condo building that had a history of being owned by an important businessman. In the early 1990s, a young guy who was an avid tourist was murdered. This is where things really start to get interesting. The hotel",0,0,59.0,0.7796610169491526,0.0847457627118644,base
joyful,0,0.0,0,2,"  (I was talking to a guy on the phone) He's going to be fine, I'm going to let you know.  (he was telling her to go home)

Scene:  (he was talking to me while I was talking to him, then he asked me to go home) Do you need to go home?

Scene:  (he was telling me",0,0,57.0,0.5263157894736842,0.14035087719298245,base
joyful,0,0.0,0,3," A young woman at a bar who is waiting for her chance to dance with her friend.

Catch the episode and share the script in our social media.

How to watch: Watch the episode on your favorite TV channel.

P.S. Check out the episode on YouTube.",0,0,47.0,0.7872340425531915,0.0851063829787234,base
joyful,0,0.0,1,0," Mogadishu, a city, the capital of the kingdom of Mogadishu.

Background: It is a city of Mogadishu. The kingdom of Mogadishu (the name means ""kingdom"" in Arabic) is also home to some of the highest mountain ranges in the world. Mogadishu has over 100 miles of coast",0,0,46.0,0.5652173913043478,0.13043478260869565,base
joyful,0,0.0,1,1,"

What's the point of this scene if the three of you never finish?

You have your friends on their knees, and they're trying to find an item.

What's the point of this scene if the three of you never finish?

That's your choice to make, right?

But as your friends start to try to put something together, you realize",0,0,59.0,0.6101694915254238,0.06779661016949153,base
joyful,0,0.0,1,2," A little girl comes home from school and tells a story about her friends finding something unexpected. She plays a clip-on microphone over her ears and calls out for her friend.

Plot: A little girl finds something unusual in the backyard. She puts on her headphones and hears a noise from the neighbors. Her friends start talking and she hears a little girl talking. Her friends start talking to her",0,0,71.0,0.5774647887323944,0.09859154929577464,base
joyful,0,0.0,1,3,"

One of the friends is in trouble. She's in trouble. She's with another friend, a young boy. The boy is being very clever. He is very smart. He finds out that his friend is being very clever.

That's all the story the friend needs to know. She's being clever. She's being very smart. The boy wants to make sure he gets",0,0,61.0,0.5409836065573771,0.08196721311475409,base
joyful,0,0.0,2,0," I love the idea of a party in a hotel room, which you are invited to have a party in.

The character being in the lobby, being invited to a party.

Scene: The party.

The character being invited to a party.

Scene: That part is completely different to the first scene, but I think it’s fun.

Scene:",0,0,58.0,0.5344827586206896,0.10344827586206896,base
joyful,0,0.0,2,1," A man receives a news article on his Facebook page.

You can change the background of a scene by pressing the appropriate space bar.

Step 2

Press “Play” to create a new scene.

Step 3

Repeat the process for the next scene.

Step 4

Click “Add Scene” to appear as a preview.",0,0,49.0,0.7346938775510204,0.10204081632653061,base
joyful,0,0.0,2,2," Doodle

Character: Kylie Minogue

Theme: ""You're just a girl on a mission""

Repeat: ""She's just a girl on a mission""

Kylie Minogue is one of the stars of the MTV series Doodle. She's a model who sells her wares on the Internet, and she's also famous for",0,0,47.0,0.6382978723404256,0.10638297872340426,base
joyful,0,0.0,2,3," An old man is walking on the sea with his friend, who has just stopped to drink a glass. The old man has noticed that his friend has not eaten today and has decided to follow the old man to the sea. He asks the friend about the sea and his friend tells him that there is a young person who has a young boy. After the old man and the young person have passed by",0,0,76.0,0.5263157894736842,0.10526315789473684,base
joyful,0,0.0,3,0," I am in an empty room with a bunch of people, and I'm looking for a woman.

I guess if you're the one you're looking for, you might as well do it right. So you do the scene in question, and you figure out what's going on.

But you have to work on that.

But you can't work on the scene right",0,0,62.0,0.6774193548387096,0.08064516129032258,base
joyful,0,0.0,3,1,"

""No, that's my room. It's not a place I would like to go, is it?"" She looked from his face to hers, but she couldn't see his face.

He was silent for a while. Then he said, ""I don't want to leave you.""

""It's not like that,"" she said.

He said, """,0,0,51.0,0.7058823529411765,0.058823529411764705,base
joyful,0,0.0,3,2,"

Waiting in a quiet room

Scene:

Waiting in a quiet room

1. Take a moment to take in your surroundings, make notes, and then take a good look at the room.

2. Go over the scene again and make sure you have everything right. If there are any mistakes, don’t hesitate to make another scene with the new",0,0,57.0,0.6666666666666666,0.07017543859649122,base
joyful,0,0.0,3,3," (Riding on a motorcycle) A motorcycle accident happened on Sunday.

Rider: (Saw on the road) A bike accident happened on Sunday.

Shot: (Wrecking the bridge at the finish) A bike accident happened on Sunday.

The road is littered with debris and broken glass, which is not very dangerous.

Scene: (T",0,0,50.0,0.6,0.1,base
joyful,0,0.0,4,0,"

Shoot for 3-4 hours. The shoot is set up with 2x8 camera angles.

Hours:

7:30 – 6:00 pm

The main part of the shoot is in the kitchen with a small group of people, so there is no set-up.

It is a great idea to have a big table and chairs to sit",0,0,50.0,0.68,0.08,base
joyful,0,0.0,4,1," Sketch the background to a scene with a piece of artwork.

In the final scene of the film, the main character, Frank Grindler, starts to get into a car, pulls away from the driveway and exits to his home. Later, the actor begins to play a guitar and play guitar tunes in the background.

The soundtrack for the film, which is actually the same",0,0,64.0,0.640625,0.15625,base
joyful,0,0.0,4,2," A small office, a big meeting.

Scene 2: A very large office, a meeting with some people who want to use the money to pay for a new office.

Scene 3: A big office, a meeting with two people who have the secret wish to have a baby.

Scene 4: A big office, a meeting with some people who want a bigger office.",0,0,60.0,0.43333333333333335,0.18333333333333332,base
joyful,0,0.0,4,3,"

Piano player, singer, musician, playwright

Voice:

Morgan Goff

Dance:

The American Dance Company.

Sightseer:

Vincent M.

Piano:

Robert G.

Folk song:

The Flamingo's Song.

Chorus:

",0,0,25.0,0.84,0.08,base
joyful,0,0.0,5,0,"

In your room with the door closed, you're at work, and you're in the middle of a meeting with a boss. You're the head of a new team, and your boss wants to get a new team moving faster.

The boss asks you whether you're willing to move the team's equipment to the new company, to make a deal for a new contract.
",0,0,63.0,0.5714285714285714,0.09523809523809523,base
joyful,0,0.0,5,1,"

The story is told by a very talented actor in a high-end video game, who will be joining forces with the other characters in a game, and he is the one who brings the characters together.

Gather a group of friends and help them make a decision together.

What’s most exciting about the project?

The game is being released on November 1",0,0,63.0,0.7142857142857143,0.09523809523809523,base
joyful,0,0.0,5,2," ""Let me see, what do you think? I've got your name right on your door!""

""Who are you?""

""Someone like you.""

""Who are you?""

""I'll show you!""

I am holding my breath and pushing myself up. I am holding my breath! My feet are going to hit the floor and I will die with",0,0,54.0,0.7037037037037037,0.09259259259259259,base
joyful,0,0.0,5,3,"

The last scene in this episode was the beginning of the final episode.

The first 3,000 meters were about to change into another world and one of them was this one. The one who was in control of this world was the one who had the keys to this world.

The main character was in charge of this world's powers, which were:

The power",0,0,63.0,0.5238095238095238,0.14285714285714285,base
joyful,0,0.0,6,0," The second scene is a scene from a movie called ""Shoot."" The guy in the movie is in the middle of a lot of trouble in a dark city. The scene is about a guy who lives in a trailer. He runs into a police officer who asks him to come to a meeting that someone's trying to solve. The guy in the movie is trying to convince him not to come to",0,0,73.0,0.5068493150684932,0.1095890410958904,base
joyful,0,0.0,6,1,"

The hallway is a very short hallway.

What does it mean?

It's a very short hallway.

What's the purpose of the hallway?

It's a very short hallway.

What is the purpose of the hallway?

It's a very short hallway.

What's the function of the hallway?

It's a very",0,0,48.0,0.3125,0.16666666666666666,base
joyful,0,0.0,6,2," ""The Exorcist""

The Exorcist's opening scene was about ""a mysterious character who is looking for something he can't get."" The next scene depicts this character looking for the ""something"" he was looking for in his bedroom.

Scene: ""The Mask""

The next scene shows the Mask looking for the ""something"" he was looking for in his """,0,0,55.0,0.4727272727272727,0.14545454545454545,base
joyful,0,0.0,6,3," A man is being chased by his neighbors. Suddenly he spots his neighbor’s vehicle and screams for help.

In the meantime, the neighbor’s wife has died.

Scene: A man is taken to the hospital for treatment. He is ailing from his stroke.

Scene: A man is walking on the street, but suddenly he is seen running away from some shops",0,0,62.0,0.6612903225806451,0.08064516129032258,base
joyful,0,0.0,7,0," The girl is walking, in the moonlight, through the woods. The boy is carrying a little boy in his arms. She's holding him. He looks out the window.

Act 1 Scene 2 Scene 3 Scene 4 Scene 5 Scene 6 Scene 7 Scene 8 Scene 9 Scene 10 Scene 11 Scene 12 Scene 13 Scene 14 Scene 15 Scene 16 Scene 17 Scene 18 Scene 19 Scene 20 Scene 21 Scene",0,0,50.0,0.46,0.42,base
joyful,0,0.0,7,1," The townspeople are walking through town.

Story: The story of a family and their new found friend.

Director: Chris Kraft

Music:

The soundtrack features songs from the film “Daddy, You’re the Only One”, as well as “The Sound of Things”, by The Simpsons.",0,0,44.0,0.7954545454545454,0.1590909090909091,base
joyful,0,0.0,7,2," This scene is done with the aid of a tripod and a microphone. The camera is put on top of the tripod and the two of them stand on a chair. A camera in a corner of the room is held by the two people, who stand up against the wall and use their hands to make it easier for the photographer. The people on the chair are both smiling. A microphone on",0,0,73.0,0.5753424657534246,0.136986301369863,base
joyful,0,0.0,7,3,"

The scene plays and the two people walk through town at night.

Action:

The person is seen walking through town, and the two people are walking through town at night.

Scene:

The person is seen walking through town, and the two people are walking through town at night.

The person is walking through town, and the two people are walking",0,0,60.0,0.2833333333333333,0.13333333333333333,base
joyful,0,0.0,8,0," A small, dark, room, set up to allow for dialogue, and a small, dark room.

Text: A short scene with the teacher being told to speak quietly.

Scene: A short scene with the teacher being told to speak quietly.

Text: A short scene with the teacher being told to speak quietly.

Scene: A short scene with the teacher being",0,0,59.0,0.3559322033898305,0.1016949152542373,base
joyful,0,0.0,8,1," A student sits on a table during a classroom discussion.

Text: The student asks for clarification.

Text: The teacher tells the student what is wrong.

Text: The student says ""Yes, but your teacher is the same.""

Text: The teacher says ""Okay, that's enough.""

Text: The student says ""I know that's wrong, but",0,0,52.0,0.5384615384615384,0.1346153846153846,base
joyful,0,0.0,8,2,"

When the class has all finished, the teacher will be asked to call his students. The student will receive a hand. The teacher will ask the student if he wants to be a teacher or a student. The student answers yes. The teacher calls his students to explain the situation. The student responds with a hand. The teacher gives his students a hand of a hand. The student then says",0,0,70.0,0.4857142857142857,0.15714285714285714,base
joyful,0,0.0,8,3," ""The student has a teacher speaking with him. The teacher is talking about a class that he has just started. The student is talking with his teacher on the bus. The student is speaking about the class and the teacher is speaking with the student. The student is talking with his teacher. The student is talking with the teacher and the teacher is speaking with the student. The student is talking with the",0,0,73.0,0.273972602739726,0.2054794520547945,base
joyful,0,0.0,9,0," A girl is making her way to a big green house.

You may want to do some background for the scene as you are doing the scene.

In this scene, you have to make sure that you can easily grab your camera.

If you have a bad camera you can shoot it right.

You should have a good idea of what you want to do and how",0,0,67.0,0.6716417910447762,0.11940298507462686,base
joyful,0,0.0,9,1,"  
1.  A young woman is sitting at a café in Paris.  
2.  She has a bottle of wine in her hand.  
3.  Her husband's name is Georges.  
4.  Her two friends, the younger of whom is Georges, are sitting on the patio in the summer sun.  
5.  They are discussing the",0,0,46.0,0.6739130434782609,0.08695652173913043,base
joyful,0,0.0,9,2," A man is walking through a forest in the middle of a forest. He is walking, but he doesn't know where to go. He is alone, but at the moment he is walking by the edge of the forest.

Scene: The man walks down a street of the town. He has a shop, but it is empty. He sees a stranger who is walking by the shop.",0,0,67.0,0.5074626865671642,0.1044776119402985,base
joyful,0,0.0,9,3,"

It has been told in one of the books that to understand something, you must understand it first, then imagine that it is there before you, then think of it, and so on. This is the same way you must think of ideas before thinking of words. But there is an important difference in the way you think about ideas. When you think about things, you are thinking of them",0,0,70.0,0.5714285714285714,0.08571428571428572,base
joyful,12,2.0,0,0,"

The character goes to greet them and is soon back in her own bed.

Scene:

Mandy is now home from school and having a good time.

Scene:

The girls and Mandy chat and Mandy goes to see her friend in her bedroom, she is still up for having a good time.

Scene:

Mandy is having",0,0,55.0,0.6,0.07272727272727272,joyful_l12_a2p0
joyful,12,2.0,0,1," This is when you need to get home to your family and friends, and you have the opportunity to get yourself to the airport, and be in that scene. You have a great trip for a first date. So this is great for a first date.

Scene: Once you get there, you will see your dad, who will be standing next to the window to greet you.

",0,0,67.0,0.5671641791044776,0.08955223880597014,joyful_l12_a2p0
joyful,12,2.0,0,2," What does a movie sound like?

Spoiler: I don't know.

Scene: What do you mean?

Spoiler: I meant that this movie's a little bit of a big deal. There's a little bit of it and a little bit of a big deal going on there. Like, it's a big deal, but it's not, I",0,0,54.0,0.5925925925925926,0.12962962962962962,joyful_l12_a2p0
joyful,12,2.0,0,3," ""Losing the Tide"" and a musical piece in the background.

The first and second part of the song is a one-off song which is not a one-off. The song is accompanied by a full song.

""Losing the Tide"" was released in 1991 as a single. The song was a Top 20 hit in 1991. It was produced by Bruce",0,0,58.0,0.5344827586206896,0.1206896551724138,joyful_l12_a2p0
joyful,12,2.0,1,0," Two friends find something unexpected.

Themes: The three friends are walking on a street when they notice that a girl is walking beside a boy. The boy asks the girl what happened, and she explains that the girl is the girl and she said she was looking for her friend. The girl says, “My friend is so beautiful, she looked for me and asked me to find her.”",0,0,68.0,0.6029411764705882,0.08823529411764706,joyful_l12_a2p0
joyful,12,2.0,1,1," One of the main characters of this episode asks a question, ""Is everyone on the same page with this thing?""

Scene: ""No, everybody is a complete jerk!""

Scene: ""Now where is everyone?""

Scene: ""You see?""

Scene: ""Yeah, but I thought you guys are so smart.""

Scene: ""So what is this thing",0,0,51.0,0.6862745098039216,0.09803921568627451,joyful_l12_a2p0
joyful,12,2.0,1,2," 2.6.6/2

Add an action for a character.

Scene: 2.6.7/2

Add a sound for a person.

Scene: 2.6.8/2

Add a voice for a character.

Scene: 2.6.9/2

Add a music for a character.

Scene:",0,0,28.0,0.39285714285714285,0.25,joyful_l12_a2p0
joyful,12,2.0,1,3,"

A couple getting together, the girls are both over-protective and the dad is always making it difficult when they have to help out (like most people do).

And the dad has a few things going for him, but he gets in the way when he needs to talk to everyone.

Character:

A sexy guy who is always eager to kiss his girlfriend.
",0,0,63.0,0.7777777777777778,0.06349206349206349,joyful_l12_a2p0
joyful,12,2.0,2,0," A happy man receiving a shocking news.

Characters:A little boy named Kali has a heart-warming story, and is given a cute surprise at the end of the episode.

Character:A little girl named Kali gives Kali an extra surprise by receiving a smiley face from her!

Characters:

A little boy named Kali receives a",1,1,56.0,0.6428571428571429,0.16071428571428573,joyful_l12_a2p0
joyful,12,2.0,2,1," The New York Times

The New York Times is a New York Times Television series created by Mike Judge, executive producer of NBC's NewsDoll.com. He has worked on The Real Housewives of New York City, Superstars and more.

Casting
Mike has won two Emmys for his work with NBC and has been nominated for a fifth Emmy by a panel of",0,0,62.0,0.6774193548387096,0.06451612903225806,joyful_l12_a2p0
joyful,12,2.0,2,2," ""The Story Behind Your Movie""

Character: ""The Story Behind Your Movie""

Scene: ""The Story Behind Your Movie""

Character: ""The Story Behind Your Movie""

Scene: ""The Story Behind Your Movie""

Character: ""The Story Behind Your Movie""

Scene: ""The Story Behind Your Movie""

Character: ""The Story",0,0,44.0,0.1590909090909091,0.18181818181818182,joyful_l12_a2p0
joyful,12,2.0,2,3," “You know, I know that I’m a little old for this one,” said the blonde, but the blonde didn’t really care. Her boyfriend was more excited than she.

“You know, this is just so fun,” he said.

He began dancing with the girl.

“Aww, you’re a good partner,” she responded.

",0,0,53.0,0.7547169811320755,0.05660377358490566,joyful_l12_a2p0
joyful,12,2.0,3,0," A man who loves her in this short scene.

Scene: A man who loves her in this short scene.

Scene: A man who loves her in this short scene.

Scene: A man who loves her in this short scene.

Scene: A man who loves her in this short scene.

Scene: A man who loves her in this short scene.",0,0,59.0,0.15254237288135594,0.1864406779661017,joyful_l12_a2p0
joyful,12,2.0,3,1," An old woman sits on the floor, talking loudly.

Scenes: A young man in a wheelchair is in the middle of a conversation in the middle of the room.

Scene: A baby crying in the middle of the room.

Scene: A man with a baby is standing next to the baby.

Scene: A man in a wheelchair and holding a baby,",0,0,61.0,0.47540983606557374,0.14754098360655737,joyful_l12_a2p0
joyful,12,2.0,3,2," ""A short scene about a quiet room,"" is an example from The Simpsons. ""A"" is a person in a room waiting to be entertained. ""E"" is a person waiting for someone to make a sound, or to help him out. (This is a reference to a scene in The Simpsons' ""E: A Short Scene,"" in which they play ""E""",0,0,59.0,0.559322033898305,0.1694915254237288,joyful_l12_a2p0
joyful,12,2.0,3,3,"

I was walking down the street, when it hit me. In the corner, the lights were turned on.

I pulled out my phone and checked to see if it was the same person. It was.

""What are you doing? It's been a while since you posted! I'm late!""

I was pretty sure I had it figured out. I had",0,0,59.0,0.7288135593220338,0.0847457627118644,joyful_l12_a2p0
joyful,12,2.0,4,0," A woman in a black dress, singing to herself, in a beautiful, warm voice, in a tone of deep happiness. The character in the scene is the only character in the show and the story, except for the character in the first scene, is very well done.

Scene: The character in the scene is a very good character and her character is a very good character. Her character",0,0,68.0,0.45588235294117646,0.1323529411764706,joyful_l12_a2p0
joyful,12,2.0,4,1," My wife is married to a professional wrestler, and as her husband, he's very rich.

Personality: He has a sweet disposition that reminds me of my childhood in the States.

Scene: I'm an American woman.

Personality: He's a great guy.

Scene: When he was a teenager, he was a great athlete.

Person",0,0,52.0,0.7692307692307693,0.09615384615384616,joyful_l12_a2p0
joyful,12,2.0,4,2,"

A young woman is driving down a country road in a rural area, when she sees a man driving a pick-up truck. She approaches him, and thanks him in a very friendly manner, he explains that he lives in a rural area. The young woman begins to make plans, and the man begins to drive back and forth the route as he gets closer to her.

Scene",0,0,68.0,0.6323529411764706,0.10294117647058823,joyful_l12_a2p0
joyful,12,2.0,4,3,"

(An illustration from ""A Scene from the Book of David"").

Scene:

(An illustration from ""The Mishcon de Tarde"").

Scene:

(An illustration from ""The Book of Esther"").

Scene:

(An illustration from ""A Scene from the Book of Genesis"").

Scene:

(An illustration from """,0,0,41.0,0.34146341463414637,0.17073170731707318,joyful_l12_a2p0
joyful,12,2.0,5,0," A group making a decision together. The actor/actor has to decide whether or not to take the group to the next level, but also has to decide if they will keep it or leave.

Scene: A group making a decision together. The actor/actor has to decide whether or not to take the group to the next level, but also has to decide if they will keep it or",0,0,70.0,0.35714285714285715,0.11428571428571428,joyful_l12_a2p0
joyful,12,2.0,5,1,"

Trivia: One of the students, A.L., was the girl who died in the first chapter. She had a strong personality.

Favorite Character: He is played by Robert J. Kelly.

Favorite Song: The song “Frogger” by the 80s rock group the Beach Boys (the song was later replaced by “Goodbye Pussy",0,0,51.0,0.7450980392156863,0.13725490196078433,joyful_l12_a2p0
joyful,12,2.0,5,2,"

The first part of the story begins with the players making an “A-Team” decision in the form of a “team game”. Each player will have a different goal (in the form of a goal, a goal number, a goal set, a goal set goal, a goal goal, etc). It is a team game where each team is able to play a certain goal. Players",0,0,65.0,0.49230769230769234,0.15384615384615385,joyful_l12_a2p0
joyful,12,2.0,5,3," How I made a decision together.

Repeat: I made a decision together

Repeat: I make a decision together

Repeat: I made a decision together

Repeat: I make a decision together

Repeat: I made a decision together

Repeat: I made a decision together

Repeat: I made a decision together

Re",0,0,49.0,0.1836734693877551,0.16326530612244897,joyful_l12_a2p0
joyful,12,2.0,6,0," My First Character as an Overseer

A young woman comes into my life, and we jump into a scene where she reveals her true feelings and wants to leave me and help me with a business deal. I realize this must be all wrong so I leave her in charge. I try to figure out what I can do to help her to be happy, but my actions cause me to feel",1,1,72.0,0.7083333333333334,0.06944444444444445,joyful_l12_a2p0
joyful,12,2.0,6,1," Shadows of the Shroud

Scene: The Cursed Kingdom

Scene: A woman is being chased by a band of men from the shadows.

Scene: The Queen of the Night

Scene: A girl who is the first to be transformed.

Scene: A monster that lives in a mountain.

Scene: A monster that is in control of a",0,0,55.0,0.5454545454545454,0.12727272727272726,joyful_l12_a2p0
joyful,12,2.0,6,2," In an apartment in New York City, a guy walks into a room and is surprised to see a beautiful young woman sitting on the couch.

Scene: In a family home in Boston, a girl asks her boyfriend to stay home from school, only to be confronted by a mysterious man who claims to be a psychic.

Scene: In an abandoned warehouse in London, a young girl,",0,0,67.0,0.6865671641791045,0.11940298507462686,joyful_l12_a2p0
joyful,12,2.0,6,3," Opening the door, Aha, the door opens

Scene: Door opens, Door closes, Aha, door closes

Scene: Door closes, Door opens, Aha, door closes

Scene: Door closes, Aha, door closes

Scene: Door closes, Aha, door closes

Scene: Door closes, Aha, door closes

Scene:",0,0,42.0,0.16666666666666666,0.3333333333333333,joyful_l12_a2p0
joyful,12,2.0,7,0," Shark Girl

1. The First Day of the Morning

2. The First Day of the Morning

3. The First Day of the Morning

4. The First Day of the Morning

5. The First Day of the Morning

6. The First Day of the Morning

7. The First Day of the Morning

8. The First Day",0,0,47.0,0.14893617021276595,0.3191489361702128,joyful_l12_a2p0
joyful,12,2.0,7,1," The first scene, ""Beer"" (T.J. Walker), is based on the hit song of the same name. It includes a musical number as a bonus.

Cast: Mike Mignola, Chris Evans, John B. Johnson, and Jason Reitman

Production:

This was filmed from January 21–27, 2013 in Las Vegas, Nevada with an",0,0,48.0,0.9375,0.0625,joyful_l12_a2p0
joyful,12,2.0,7,2," The town is the setting for a short adventure, with the main character having to walk in the opposite direction to the protagonist.

Spoiler: The town is described in the second half of the story with a short adventure that does not involve any physical or monetary gain.

Scene: The main character’s journey begins with a town of farmers who will soon have the power to destroy",0,0,68.0,0.6470588235294118,0.14705882352941177,joyful_l12_a2p0
joyful,12,2.0,7,3," Sailing through a narrow passageway in a city harbor, you're greeted by an attractive young woman who's wearing a fur coat, and you walk past a group of young men and women who are carrying trams. The crowd has gotten so large that it's hard to get to the next part of the story.

Your story is told in the form of a short, short adventure.",0,0,66.0,0.7727272727272727,0.07575757575757576,joyful_l12_a2p0
joyful,12,2.0,8,0," The first day of our second semester of the fifth grade. We had a little surprise during the class for a few students to go out and get a drink and a beer. I remember going to the bar after class and being asked ""Are you going to the bar?"" We got out and we were pretty surprised to see someone from that school who we have known for a while, a student, say",0,0,74.0,0.6756756756756757,0.08108108108108109,joyful_l12_a2p0
joyful,12,2.0,8,1,"

You know the story of a student speaking with a teacher after class.

Scene:

You know the story of a student speaking with a teacher after class.

Shorter Scene:

A short scene about a student speaking with a teacher after class.

Scene:

A short scene about a student speaking with a teacher after class.

S",0,0,55.0,0.3090909090909091,0.18181818181818182,joyful_l12_a2p0
joyful,12,2.0,8,2," A student speaking with a teacher after class.

Scene: A student speaking with a teacher after class.

Scene: A student speaking with a teacher after class.

Scene: A student speaking with a teacher after class.

Scene: A student speaking with a teacher after class.

Scene: A student speaking with a teacher after class.

Scene: A student",0,0,56.0,0.14285714285714285,0.23214285714285715,joyful_l12_a2p0
joyful,12,2.0,8,3,"

Name:

Name

Age:

Age

Name:

Name

Description

Bold/Vocative (Yes or No)

Bold or Vocative

No

Description

He is a member of the class and has experience in writing.

He/She will be using these skills and will be able",0,0,40.0,0.675,0.1,joyful_l12_a2p0
joyful,12,2.0,9,0,"

- A very cute girl is wandering around. She doesn't care about being a normal girl, she is cute and always tries to look good.

- A tall girl is walking around the room. She doesn't want to be a normal girl, she wants to make it seem like she has special powers.

- A girl's friend is walking around the room. She doesn",0,0,61.0,0.5901639344262295,0.09836065573770492,joyful_l12_a2p0
joyful,12,2.0,9,1,"

Tamora asks, ""Where is everyone?""

Sage replies, ""It is down below.""

The Three Little Pigs and the Dog

""Well?"" Sage begins.

The two girls reply, ""It is down below.""

""Good!"" Sage's voice shouts. ""I guess I am the lucky dog!""

The Three",0,0,42.0,0.6904761904761905,0.11904761904761904,joyful_l12_a2p0
joyful,12,2.0,9,2,"

An ordinary object is a creature that has a size of 50 centimeters in a box. They have a light, a color, and a size, but they also have a color, a size and a color. They also have a number of objects: a stone, a metal, and a wood. They have a color and a size. These are usually placed on a shelf, or sometimes",0,0,65.0,0.5076923076923077,0.24615384615384617,joyful_l12_a2p0
joyful,12,2.0,9,3," ""I"" (with an emphasis on ""I"" (the person that appears as the ""I"").

""I"" (as the person who looks up to the sky, and then looks back up to the ground, and then raises her hand and says ""I"" again).

""I"" (as the person who raises her hand and says ""I"" again).

",0,0,52.0,0.46153846153846156,0.1346153846153846,joyful_l12_a2p0
joyful,12,4.0,0,0," A young guy's father arrives home from work as his son comes in from his various activities, and his mom is about to leave for work. He brings his son home from the city and his mom says, ""Mom, I have to go! Please!"" and invites him to stay.

Character: The boy is a handsome man. This guy has a lovely sense of humour and a great",0,0,67.0,0.6865671641791045,0.07462686567164178,joyful_l12_a4p0
joyful,12,4.0,0,1," A dog has gone missing. There is a young girl.

Scene: Someone in a park has found her. There is a boy.

Scene: Another puppy has come home from the park with a new name and a boy.

Scene: Someone is walking along the street. A woman.

Scene: A woman has gone home. There is a man.

",0,0,57.0,0.543859649122807,0.15789473684210525,joyful_l12_a4p0
joyful,12,4.0,0,2,"

Your character’s birthday is on this day, so he gets a little birthday cake! Everyone makes birthday cake, and they have a little special for your birthday. Celebrate your birthday with a cake!

2.1

Your birthday is on this day, so your birthday is on this day. There are many kinds of birthday fun! You’ll discover some of your",0,0,60.0,0.55,0.13333333333333333,joyful_l12_a4p0
joyful,12,4.0,0,3," The Saddle of the Whales, a Disney animated short.

Spawn of the Slayer, a Disney animated short.

The Spike the Whale, a Disney animated short.

Tailta, a Disney animation short.

The Toad, an animated short.

Bassoon, a Disney animation short.

Electric Ball,",0,0,42.0,0.4523809523809524,0.14285714285714285,joyful_l12_a4p0
joyful,12,4.0,1,0,"

Singer-songwriter Kelly MacBrain is a talented singer-songwriter. With a musical style that encompasses everything from classical to pop, this song will get you into the house and sparkle off your stage at your wedding.

Description: “Shine” is a soft and fun way to start your day. In true MacBrain style, Kelly sings along with a",0,0,57.0,0.7543859649122807,0.07017543859649122,joyful_l12_a4p0
joyful,12,4.0,1,1,"

1 - Let me introduce you to the people you'll meet on the road with. If you happen to be the driver, you have a blast going around a turn, and if you happen to be the passenger, you have a blast heading your way.

2 - After this awesome scene, there is a big applause from the entire audience. I am so thankful for the people who",0,0,64.0,0.6875,0.09375,joyful_l12_a4p0
joyful,12,4.0,1,2," ""Jar of Fire"" by James Dean and Michael Douglas

I love the music, the lyrics and the dance. This is a great track for the whole family. Let's have fun dancing and playing with the kids.",0,0,36.0,0.8333333333333334,0.1388888888888889,joyful_l12_a4p0
joyful,12,4.0,1,3,"

The movie begins with a few laughs and a few chills. After the credits, the audience gets to see the movie and enjoy it. The comedy is as popular as it gets. In the very first scene, the audience is shown to their room. The whole scene is hilarious with the best scene in the movie.

Dance with the star and other star-fella!",0,0,64.0,0.546875,0.171875,joyful_l12_a4p0
joyful,12,4.0,2,0," The Panda's Panda Adventure

Synopsis:

On the stage of the Flying Buffalo, there’s a Panda who is in desperate need of money. She travels to the top of the world to meet with a new partner, and she’s joined by the Panda, her own pet Panda Panda, and a handful of other characters. But when she and",0,0,59.0,0.6610169491525424,0.1016949152542373,joyful_l12_a4p0
joyful,12,4.0,2,1,"

You meet a young woman. She’s having a great time. When you give her a kiss, she gets all bubbly and makes you a great smile.

Scene:

You have a wonderful time with the beautiful girl and she gives you a huge bouquet of flowers. When she turns to you and says, “Hi, baby! This is my friend.” you",1,1,60.0,0.6833333333333333,0.11666666666666667,joyful_l12_a4p0
joyful,12,4.0,2,2," ""This is what I call a superstar scene""

A: A superstar scene from a game. ""Superstar scene from a game"" is a good one.

Scene: ""This is one of my favorite moments""

A: A superstar scene from a game

Scene: ""Superstar scene from a game""

Scene: ""This is one",0,0,49.0,0.32653061224489793,0.20408163265306123,joyful_l12_a4p0
joyful,12,4.0,2,3," Trap, a girl of 3, is in a high school with an older boy and a girl who are all on the same level of dancing.

Scene: The big surprise that is the best part of the story!

Scene: The good news about the two characters. The two characters have an epic time and then have to dance as a princess.

Scene: The short",0,0,63.0,0.6666666666666666,0.12698412698412698,joyful_l12_a4p0
joyful,12,4.0,3,0," A woman in her early thirties, is told to wait in a quiet room while her husband waits for her at home. He asks her what she is doing and she says “waiting in a quiet room” and says “so you like waiting in a quiet room” and that is the story of how she is waiting in a quiet room.

Scene: A woman who has a very",0,0,68.0,0.5588235294117647,0.10294117647058823,joyful_l12_a4p0
joyful,12,4.0,3,1,"

A baby is on a bicycle. He is wearing a top hat and a green hoodie and sings songs about his life. The audience loves that he is the happiest baby of the day.

Scene:

A small boy is hanging around a pool. He is sporting a black top hat and a black hoodie. He is dressed in a funky costume. The crowd",0,0,63.0,0.5873015873015873,0.14285714285714285,joyful_l12_a4p0
joyful,12,4.0,3,2," a beautiful young girl goes to a crowded theatre.

Scene: a very old man sits down in a box in a quiet room.

Scene: a young girl has her first kiss while getting a kiss on the spot in front of a large crowd.

Scene: a young girl goes to a crowded theatre and she meets a boy.

Scene: A young girl goes to",0,0,64.0,0.546875,0.1875,joyful_l12_a4p0
joyful,12,4.0,3,3," A cute baby girl has a baby cuddle. She’s a tiny little girl. She needs to be raised by the baby.

Scene: A cute and adorable baby girl has a baby cuddle. She’s a tiny little girl. She needs to be raised by the baby.

Scene: A cute and adorable baby girl has a baby cuddle. She’s a",0,0,61.0,0.3114754098360656,0.14754098360655737,joyful_l12_a4p0
joyful,12,4.0,4,0," A party party!

The Party Party is your next big fun! Enter into the party, all with a free drink. And let it out! It’s party time!

Entertainment included!

-The Party Party Up!

-The Party Party Down!

-Party Party Party!

-Party Party!

-Party Party!!

",0,0,45.0,0.5333333333333333,0.37777777777777777,joyful_l12_a4p0
joyful,12,4.0,4,1,"

The following is a short scene about a person celebrating the release of a new movie. The main character, Erol, is in love with a woman. Erol is the new girlfriend, and she is going to be the biggest star on the block in just a few years. And this is the most exciting moment of the movie.

Scene:

Erol is a hot",0,0,63.0,0.6031746031746031,0.12698412698412698,joyful_l12_a4p0
joyful,12,4.0,4,2," ""My story's a little shorter!"" (and yes, I'm a big girl, so let's do it).

The end of this video has us all on a happy high. Enjoy!

This is my favorite video so far! I'm also a fan of my friend who has such a good voice! She's a superstar!

This video is a great addition",1,1,57.0,0.7017543859649122,0.12280701754385964,joyful_l12_a4p0
joyful,12,4.0,4,3,"

A scene in the town that becomes an animated play.

Scene:

A scene in the town that becomes an animated play.

Scene:

A scene in the town that becomes an animated play.

Scene:

A scene in the town that becomes an animated play.

Scene:

A scene in the town that becomes an animated play",0,0,54.0,0.18518518518518517,0.16666666666666666,joyful_l12_a4p0
joyful,12,4.0,5,0,"  A group making a decision together!

Scene:  A group making a decision together!

Scene:  A group making a decision together!

Scene:  A group making a decision together!

Scene:  A group making a decision together!

Scene:  A group making a decision together!

Scene:  A group making a decision together!",0,0,48.0,0.125,0.2916666666666667,joyful_l12_a4p0
joyful,12,4.0,5,1,"

In order to create a great video game, you need to make something awesome. You need to make something awesome! You need to make something awesome! You need to make something awesome!

The Big Boom Video Game has released, is a video game that has a group of people in it!

""You can make a video game or you can make a video game,",0,0,64.0,0.40625,0.09375,joyful_l12_a4p0
joyful,12,4.0,5,2," Dance, music, and a love triangle - with your favorite song and your favorite dance team

This is a fun and memorable night out! In this scene, you’ll be dancing with other dancers, playing a song or dance team, and all the fun you can get!",0,0,46.0,0.6739130434782609,0.08695652173913043,joyful_l12_a4p0
joyful,12,4.0,5,3," (Click!)

Inspired by the video game The Legend of Zelda.

Scene: (Click!)

Inspired by the video game The Legend of Zelda.

Scene: (Click!)

Inspired by the video game The Legend of Zelda.

Scene: (Click!)

Inspired by the video game The Legend",0,0,41.0,0.24390243902439024,0.1951219512195122,joyful_l12_a4p0
joyful,12,4.0,6,0,"

The stage is a big, wide, wooden box where you can put your character, your hero and your partner, and they'll run around with the set of the stage and they'll all sing and dance in the box.

You'll find a lot of scenes and stuff in this episode, but we haven't heard anything about it yet.

The new episode is called '",0,0,63.0,0.7142857142857143,0.07936507936507936,joyful_l12_a4p0
joyful,12,4.0,6,1,"

When the first kid, a boy, runs into an emergency and the alarm is sounded, he and his friends have to run across the country to help the town. After that, the other kids have to set up a stage and go through a stage race like a bunch of high school kids to the stage, and keep the town happy with each and every team.

Scene:
",1,1,67.0,0.6865671641791045,0.1044776119402985,joyful_l12_a4p0
joyful,12,4.0,6,2," Tiffany & the Lazy-O (Tiffany's Bar, 2016)

Tiffany & the Lazy-O (Tiffany's Bar, 2016)

Tiffany & the Lazy-O (Tiffany's Bar, 2016)

Tiffany & the Lazy-O (Tiffany's Bar, 2016)

Tiffany & the Lazy-O",0,0,28.0,0.21428571428571427,0.17857142857142858,joyful_l12_a4p0
joyful,12,4.0,6,3," A young woman opens the door to the audience!

She is the star of this episode and this season, and so excited she made the video. She is a professional musician and her name is ""Kristina"", and she has the passion to open doors for her audience. She opens the doors!

Scene: A child with a bag of treats, plays a trick on the audience",0,0,65.0,0.5846153846153846,0.1076923076923077,joyful_l12_a4p0
joyful,12,4.0,7,0," The Jinx, from the episode ""Sons of the Jinx"".

Theme Song: ""Sons of the Jinx"" is a ""full-body"" dance sequence for the stage and the audience!

Cultural References:

""Doo-Doo (The Juggy Pants)"" (a.k.a. The Juggy Pants)",0,0,40.0,0.6,0.2,joyful_l12_a4p0
joyful,12,4.0,7,1," A character is walking in the streets of New York City. The character, who is dressed in the traditional American western, is walking along in the street. There is a big dog, who runs out of his territory. When the character runs, the dog turns around, and gets caught. The dog gets on the guy-who-didnt-do-tough-go-out-and",0,0,62.0,0.5967741935483871,0.12903225806451613,joyful_l12_a4p0
joyful,12,4.0,7,2,"
""He's going to die tonight. He's going to die tonight.""

""I'm so, so glad!""

This was not the first time that a star had been heard, and it was certainly not the first time that a star had gone away.

As this was happening, our friend's young friend asked, ""Don't you remember who you are? I",0,0,56.0,0.6785714285714286,0.05357142857142857,joyful_l12_a4p0
joyful,12,4.0,7,3," a person walking through town at night.

Playlist: “Tis the Season”

The soundtrack was provided by the R.E.M. Band.

Click on this link to see a great video from the R.E.M. Band:

Please help support me! I am not able to get any money for this song! Thank you!",0,0,53.0,0.8113207547169812,0.07547169811320754,joyful_l12_a4p0
joyful,12,4.0,8,0," ""Beaver the Bear""

Tickets are $60 or more, while supplies last.

Story

The main character, Beaver, is a boy who loves to play with his favorite big toy. He is currently participating in the National Snow Festival, and is also an avid snowboarder. When he is not flying around on his snowboard, he can be found at",0,0,56.0,0.8392857142857143,0.07142857142857142,joyful_l12_a4p0
joyful,12,4.0,8,1," ""Hairspray""

Director: ""Shakur""

Animated: ""Blades of Glory""

Duration: 4:10 - 6:10

Language: English

Format: DVD / Blu-Ray

Video Quality: 4:10-6:10

Music: ""Hairspray"" by Shakur

Cin",0,0,21.0,0.9047619047619048,0.09523809523809523,joyful_l12_a4p0
joyful,12,4.0,8,2," Teacher plays with a student singing a song.

Scene: Teacher plays with a student singing a song.

Scene: Teacher plays with a student singing a song.

Scene: Teacher plays with a student singing a song.

Scene: Teacher plays with a student singing a song.

Scene: Teacher plays with a student singing a song.

Scene: Teacher plays",0,0,56.0,0.14285714285714285,0.21428571428571427,joyful_l12_a4p0
joyful,12,4.0,8,3," ""A Short Scene About A Student Speaking With A Teacher After Class.""

Scene: ""A Short Scene About A Student Speaking With A Teacher After Class.""",0,0,25.0,0.4,0.24,joyful_l12_a4p0
joyful,12,4.0,9,0," The Excitant

Scene: The Sassy Princess

Scene: The Rhythm Cat

Scene: The Chill Out

Scene: The Stroke of Power

Scene: The Game Over

Scene: The Chant

Scene: The Shambolic Adventure

Scene: The Tomb Of The Gondor Queen

Scene: The Rocket",0,0,40.0,0.525,0.275,joyful_l12_a4p0
joyful,12,4.0,9,1,"

With a few of the key elements of each episode, the story moves quickly. The main character is revealed to a group of friends who are searching for their kidnapped son. And the audience is able to tell the story through the eyes of the main character.

Episode:

""He's dead, he's alive again!"" - a group of friends

The story is",0,0,60.0,0.6,0.13333333333333333,joyful_l12_a4p0
joyful,12,4.0,9,2," A high school girl dances around the stage while trying to get her head and body in front of all the crowd and perform a high jump dance in front of a large audience.

You can also add some special effects that add to the atmosphere.

You can add a special theme music to a song by playing it like an overdrive or a pop hit.

You can create special",0,0,70.0,0.6857142857142857,0.08571428571428572,joyful_l12_a4p0
joyful,12,4.0,9,3," a flashback (or other short video) of a person that is exploring and discovering the world with a flashback.

Scene: a flashback (or other short video) of a person that is exploring and discovering the world with a flashback.

Scene: a flashback (or other short video) of a person that is exploring and discovering the world with a flashback.",0,0,59.0,0.288135593220339,0.15254237288135594,joyful_l12_a4p0
joyful,12,8.0,0,0,"
The star of the show

- a musical from the '30s with a special 'soul dance to the tune of his beloved cell

- a beautiful ballade as we are 'born a princess'

- a musical from the '40s with a brand of music and a special 'soul dance to the tune of his beloved cell

- a sparkling comedy",0,0,58.0,0.5172413793103449,0.13793103448275862,joyful_l12_a8p0
joyful,12,8.0,0,1," What Happens?

Hail!!

All the fun!

We are a special 100th of all around the planet!

We are a funky star to sing

You've got some time on your hands!

And we are a superstar on stage, you know that!

and we're having fun with the entire band!

",0,0,48.0,0.75,0.0625,joyful_l12_a8p0
joyful,12,8.0,0,2,"

Catchy tunes and dance the crowd

For your baby girl!!!

(You want) This is the soundtrack for your child! For the dance step and for the happy dance party!

Golad on, a great song!

(You want) This is the song and with the song and the dance!

And then there's the fun!",1,1,52.0,0.5384615384615384,0.15384615384615385,joyful_l12_a8p0
joyful,12,8.0,0,3," The new kid out of a box is a fun musical!

You have a special kiddo! A song called ""Grass-Up"" and they bring you a new musical.

Scene: The new kid on the block! An exclusive dance with the new kiddos, this group is the party!

You have a blast! In a big song about having a",0,0,58.0,0.6379310344827587,0.13793103448275862,joyful_l12_a8p0
joyful,12,8.0,1,0," Gala (E-4)

What a crazy good story! and the happy music!

Inspire! An all-star cast!

The show! The best songs are featured!

""Cad in a hot dance-o""!!

In a magical 4 minute and 13 minute video!

""Cad-Oh-Cad!""
",1,1,39.0,0.7692307692307693,0.07692307692307693,joyful_l12_a8p0
joyful,12,8.0,1,1," ""Chill Out (That's a Song!) The ""Girls Vol. 2""! And a ""Sweet Game!""!"" is the!

Scene: ""Sick B-Bol! ""Sugar"" is the!

Scene: ""Sassy and She-Caa-G!"" the!

Scene: ""Softer and Fiercely High! """,0,0,33.0,0.7272727272727273,0.12121212121212122,joyful_l12_a8p0
joyful,12,8.0,1,2," A classic scene from the popular reality TV show, R-The P-Star!!

It’s a superstar-filled musical, and it takes off!

The A!

A song! (hah, I have the music, you baby)

Oh, there’s an original tune from the superstar girl in a big high-school girl band",0,0,51.0,0.7450980392156863,0.09803921568627451,joyful_l12_a8p0
joyful,12,8.0,1,3," Your friends will love you for a game, and your music will explode.

Lusczy, baby.

You can now do it! The ""Gam"" dance!

""Gam"" is the top-up with the dance!

You're just like the super-girl.

Let's Get Over The Goon G!

You can sing",0,0,46.0,0.7608695652173914,0.10869565217391304,joyful_l12_a8p0
joyful,12,8.0,2,0," ""You're the new hero""!",0,0,4.0,1.0,0.25,joyful_l12_a8p0
joyful,12,8.0,2,1," ""I see! I see! I see!""

Scene: ""Now you, a hot-ass dancer!!""

Scene: ""Now you get your bantam!!""

Scene: ""Now, now, you, an awesome dancer!""

Scene: ""Now you, you little darned dance team!""

Scene: ""Now you, you,",0,0,38.0,0.47368421052631576,0.18421052631578946,joyful_l12_a8p0
joyful,12,8.0,2,2," You can see the results in the live video!

And that’s good! A new song!

The new song, “Tiny Tiny Tunes! (You’ve Got It in My Ball”) was uploaded at the YouTube website and is being streamed by our friends at YouTube! The video was originally recorded by all around the stage at the top of the stage!
",0,0,60.0,0.6666666666666666,0.13333333333333333,joyful_l12_a8p0
joyful,12,8.0,2,3," This short scene is a scene from ""Super Friends"". The star of the YouTube videos is a hot girl.

A ""Jingle Bam!"" is used to make a hilarious video about a person receiving a huge hug from another star. The star of the popular YouTube channel, ""Mana"" has been named to her Twitter page and is receiving huge acap from fellow stars who have had",0,0,65.0,0.676923076923077,0.09230769230769231,joyful_l12_a8p0
joyful,12,8.0,3,0,"

Dance to the Stars!

Horsds:

Dancing!

Wonder Girl:

Ninjas In Green A!!

Soul Shack!

Laughs, “I just had a good fun dance with my friends who I think you’ll give them a big bouff!",0,0,35.0,0.8857142857142857,0.08571428571428572,joyful_l12_a8p0
joyful,12,8.0,3,1," She comes to your house and she starts the scene with the chorus in a ""Hors-to-the-head!"" She's got the ""DAN!!"" right off the sheals!

The Humpback Flames: A classic is a big and hot and excited crowd! The new song about a young girl is the highlight of the day. She's done the Humb",0,0,57.0,0.6842105263157895,0.17543859649122806,joyful_l12_a8p0
joyful,12,8.0,3,2,"

The Big Show!

You guys go! you get on the stage and a big party!

Candy and all your friends!

Your friends the dancing girl (Candy, my little girl!).

Oh! and your friend's brother, Ginger, go! he has a super ball with your favorite song!

And your boyfriends, you can",0,0,50.0,0.66,0.1,joyful_l12_a8p0
joyful,12,8.0,3,3," We use a special new song from the popular Rider Nashville song to create a surprise stage-show.

Scene: We use a special new song from the popular Rider Nashville song to create a surprise stage-show.

Scene: We use a special new song from the popular Rider Nashville song to create a surprise stage-show.

Scene: We use a special new",0,0,62.0,0.27419354838709675,0.11290322580645161,joyful_l12_a8p0
joyful,12,8.0,4,0," the game of Hairy Skitt over a party with an all star cast of the ball and everything in sight!

Welcome to the new Hairy Spin! The Hairy Skate and the Hairy Skase (Kak! Kah!)

Hairy! The Hairy Skade is the new Poke Hah! Hah! The Hairy Skast! An all",0,0,50.0,0.62,0.16,joyful_l12_a8p0
joyful,12,8.0,4,1," I love this new video! http://www.kag-a-gee-mous.tumblr! http://www.youtube.com/seh

-A-dance, Ads! http://www.yoga-dance-jeans.tang-dot-t-o-dase!

- a new song ""The Fool",0,0,35.0,0.7714285714285715,0.08571428571428572,joyful_l12_a8p0
joyful,12,8.0,4,2, A group of teenagers in a club in the middle of a fantasy where they just want to dance and shake their high-tops!,0,0,24.0,0.8333333333333334,0.125,joyful_l12_a8p0
joyful,12,8.0,4,3," Shrinky and Puppy

The party’s the song of the band. The party is a blast! The party is a party!

It’s your song, and the party is a party!",0,0,31.0,0.45161290322580644,0.1935483870967742,joyful_l12_a8p0
joyful,12,8.0,5,0," The Smooth Cute Tart from the BubbleGain Pod!

Ahem! This fun was a lot of fun! This was a blast!

Slam:

This is a high energy dance! I'm going to make this a dance party for everyone!

Slam! I'm going to rock the Bubble!

Ahem! This party",0,0,47.0,0.6170212765957447,0.10638297872340426,joyful_l12_a8p0
joyful,12,8.0,5,1," The Awesome Bubble!

T. T.!: You’ve got a new challenge for the crowd! It’s the new T-shirt! Get a bunch of T-shirts to make and go with it!

Scene: A new superstar’s style adventure! T.T. is on the board with a giant party!

- Mool! This",0,0,51.0,0.6862745098039216,0.11764705882352941,joyful_l12_a8p0
joyful,12,8.0,5,2," A New Jersey girl with a team of girlfriends and tons of friends is joined by a group of princesses who create their own musical outfits to compete in the stage musical competition!

Play with a flurry of talent and with great performances!

Celebration: You are a star!

Fest: A girl who wants to go all around the stage! She's",0,0,60.0,0.7166666666666667,0.1,joyful_l12_a8p0
joyful,12,8.0,5,3," A big ball of balls and a group of happy heartbreakers.

(http://www.youtube.com/intox)

Video: Glim, Gum Ball! (Gam-bama! - GAB- Gs! - G-a-b-p!)

:http://www.youtube.com/int/2E

The",1,1,35.0,0.7714285714285715,0.08571428571428572,joyful_l12_a8p0
joyful,12,8.0,6,0," You're A Spades the Fam!!

Trick the F-1st!!

Mice:

A!

Tricky:

Cant be your first!

Mice:

This is the new star of the show!

Mice:

That's a new one!

The G-S-S Fly",0,0,35.0,0.7142857142857143,0.14285714285714285,joyful_l12_a8p0
joyful,12,8.0,6,1," You're a Hot Momma!

Sang: I'm gonna make you a Hot Bunny! I'm a big Bazz

S.T.

P.

FAN: She's a S!

S.N.

P.

A BABE I PANT ON,

I'm a BABE BABB",0,0,35.0,0.6571428571428571,0.17142857142857143,joyful_l12_a8p0
joyful,12,8.0,6,2," The Hot Cholto (Tween)!!

Scene: This song comes from a very musical song! We use our Tweing Free Singles style.

You may be on this stage to get a song and make a huge party! We have music from our favorite girl band.

Your song can be heard on: We've Got ""Hoop"" (Mama",0,0,53.0,0.7924528301886793,0.07547169811320754,joyful_l12_a8p0
joyful,12,8.0,6,3," Tinderbox!

In a few word-sounds, the girl comes flying around the stage. The girl has a dance, let’s all go, and everyone is dancing with the best girl on the show.

Scene: This is an awesome concert! A lot of dancing with the girls!

This is what happens when a high school girl, who had never heard",0,0,59.0,0.7288135593220338,0.1016949152542373,joyful_l12_a8p0
joyful,12,8.0,7,0,"

A quick mini movie of all high school talent! A group of high school girls from every color of the music!

Scene:

A high school dance!

Scene:

A high school cheer is born!

Scene:

A young girl jumps from her high-school stage and floats around the stage with her high-school dance skills!

",0,0,54.0,0.5740740740740741,0.1111111111111111,joyful_l12_a8p0
joyful,12,8.0,7,1," A high school dance on the beach!

Scene: A big swim!

Scene: A very good camp!

Scene: A party on the beach!

Scene: A very happy and dancing band!

Scene: A super-funky high school!

Scene: A super-family!

Scene: A super-hot-band!

",1,1,44.0,0.5,0.18181818181818182,joyful_l12_a8p0
joyful,12,8.0,7,2," a music performance in a stage-set!

R.E.M.: ""You play the sax, and we dance and we sing! It's a good song!""",0,0,24.0,0.8333333333333334,0.125,joyful_l12_a8p0
joyful,12,8.0,7,3," Tad and the Doo-Doo! and the Awesome Hoolabides!

The party was inspired by the video game of the head-to-head dance! With that, we took a spin around the stage!",0,0,32.0,0.75,0.1875,joyful_l12_a8p0
joyful,12,8.0,8,0," You start a new project with a teacher who is a big success. You are the winner of this project with your team with a great YouTube video.

Scene: You look around and say a bunch of great happy faces to sing along to as you start a new video!

Scene: You are on stage with a large group of high school cheerleaders and the hottest teen girls!",1,1,68.0,0.6323529411764706,0.10294117647058823,joyful_l12_a8p0
joyful,12,8.0,8,1," Bust-Out

(cue a kid with a girl in a big dance party)

You play a little star with the best new trick on stage!

Scene: Dancing with the Dancast!

(Trick)

Dancing!

You cheer and everyone dances!

Scene: You and your friends float through the stage to the chorus",0,0,49.0,0.6938775510204082,0.08163265306122448,joyful_l12_a8p0
joyful,12,8.0,8,2," G-Shak

Dude! Bounce! G-Shak!

You've done some amazing tricks with your child's character!

Greet the crowd!

All in the stage! G-Sod!

She and her team sing!

She's ready to be a big girl!

She's a big girl! G-E",0,0,42.0,0.7857142857142857,0.09523809523809523,joyful_l12_a8p0
joyful,12,8.0,8,3," Dandy-Dart.

The funniest new song.

That's all right! With a little song up!

The dance party in celebration!

As the superstar in a special dance party for this big hit!

The superstar in a superstar dance party for this big hit!

The superstar in a superstar dance party for",0,0,50.0,0.48,0.1,joyful_l12_a8p0
joyful,12,8.0,9,0," The Superstar

""Super"" is a song by the P.C. music.

Catch this song on YouTube and stay in the ""I Am An Epic"" stage.

This is your favorite theme song from the new talent who loves you.

This song was released to the stage.

""You're in the Adagation""

""B",0,0,50.0,0.74,0.12,joyful_l12_a8p0
joyful,12,8.0,9,1," “The Anac! ”

Lars: What a great idea.

“You got that!” She’s a big star

This was a big blast to the stage! A great dance step!

This was a huge dance party!

Now what!

So that’s our new contestant!!! This is the best show we’ve ever had",0,0,50.0,0.7,0.1,joyful_l12_a8p0
joyful,12,8.0,9,2," the car-jingle was played by the DJ!



That’s right!

And we made it the theme and we did it!

So don’t forget to join the party with some of our favorite girlfriends!

“Doo-droooooo”

“Champ!“ (this is a great song)

What a crazy ride",0,0,47.0,0.851063829787234,0.0851063829787234,joyful_l12_a8p0
joyful,12,8.0,9,3," The Animated Guitar

In the video, you can make a song about your talent. The Animated Guitar is a top 100 video! An adorable song about the sound of a musical guitar!

A special song about how you can sing a big song about this new music to the world!

The Animated Guitar! A song featuring the high energy and original dance",0,0,61.0,0.5737704918032787,0.11475409836065574,joyful_l12_a8p0
joyful,16,2.0,0,0," This short scene is about an unusual man that arrives home after a difficult day. This man is named Mr. Taggart and is in love with a young girl named Mary.

Act 1 Scene:

Scene:

Majestic character as played by Mark Harmon.

Scene:

Scene:

Scene:

Scene:

Scene:
",0,0,46.0,0.717391304347826,0.17391304347826086,joyful_l16_a2p0
joyful,16,2.0,0,1,"

This is the end of the scene of an amazing story. She looks like she's ready to go home and she's ready to go. She's got her own set up and her crew's ready to go. She's not going anywhere, however. She's just ready to go. She's going! She's just ready to go to her dad's house in California. She's",0,0,60.0,0.55,0.13333333333333333,joyful_l16_a2p0
joyful,16,2.0,0,2," A happy young couple, who are in their twenties, travel the world and fall in love with one another. They are all good people, and get lost in a game of Go! in order to save their daughter.

Scene: A typical day in the life of a family, which is characterized by a celebration of the birth of their daughter. The family gets excited to see their daughter",1,1,68.0,0.6617647058823529,0.07352941176470588,joyful_l16_a2p0
joyful,16,2.0,0,3,"

Brief background information about the narrator and a scene that includes the characters.

Tense, engaging, and emotional - the story is constructed in a very different way than a traditional comedy.

The characters are believable and are portrayed beautifully.

Reality is played out and the narrator has plenty of laughs and provides a wonderful sense of satisfaction.

Million Dollar",0,0,58.0,0.7241379310344828,0.08620689655172414,joyful_l16_a2p0
joyful,16,2.0,1,0,"

The scene's name comes from the fact that the group is in the middle of an adventure involving their ""Abe"" (as they call themselves) and his ""Molly"", and their leader.

It is also notable that the story is set in a fictional world where the two friends get married and have a child together.

Synopsis:

Andrea and her",0,0,58.0,0.7586206896551724,0.10344827586206896,joyful_l16_a2p0
joyful,16,2.0,1,1," 'The First Step' by Slim Bill Smith.

The First Step is a single piece of music, which is a collaboration with another composer, a musician, or a composer's wife, who plays piano and guitar. It is a wonderful story about a group of people that came together to form a musical act. The band was formed in 2006 and started out as a couple. Then they",0,0,65.0,0.8,0.12307692307692308,joyful_l16_a2p0
joyful,16,2.0,1,2," The four friends are playing at a rock and roll party at their home. The girls, all dressed in their best red hair, are dancing and singing songs, and their faces are full of fun and laughter.

Scene: The group and the girls take it on a new adventure. The party guests come to them and hug their parents. Then the girls go back to their favorite band, the",1,1,69.0,0.6666666666666666,0.10144927536231885,joyful_l16_a2p0
joyful,16,2.0,1,3,"

A girl with a new boyfriend walks up to the house. He is a small and shy girl with a very tall and very straight hair. Her boyfriend has a bright, happy smile, but his eyes are big and mean. The guy comes in and the girl says in a loud voice, “I'm not going to let you go tonight!” The girl says nothing else, but continues the",2,1,68.0,0.6764705882352942,0.08823529411764706,joyful_l16_a2p0
joyful,16,2.0,2,0," ""A new girl named Kagura has just gotten a crush on that old girl's grandad from a different country. She is much more popular than her cousin but the boy doesn't give her a second glance. All the while, the girl's father is watching, and Kagura's best friend, Tatsuya is on the edge. Kagura falls for her. But the",0,0,59.0,0.7457627118644068,0.0847457627118644,joyful_l16_a2p0
joyful,16,2.0,2,1," A woman in a dressing gown and a bathing suit is getting on the bus and being thrown into the crush of a crowd, which happens to be a large group of young people. Her partner is being taken off the bus by another group of people.

1. The woman is taking a selfie with a large group of people, to show off her athletic skills.

Scene: A",0,0,67.0,0.5970149253731343,0.11940298507462686,joyful_l16_a2p0
joyful,16,2.0,2,2," Shook with the situation

In this episode of the show, we're introduced to some hot chicks on the street, and they're in high spirits. We go to a nightclub to meet some new chicks, and a few of them decide to join us to try on a costume and do a scene.

In the same episode, we meet a girl who's trying on her first",0,0,65.0,0.6461538461538462,0.07692307692307693,joyful_l16_a2p0
joyful,16,2.0,2,3, The actor in The Great Gatsby meets up with friends at a concert. She finds out that a member of her group has received an unexpected news that she has been diagnosed with cancer. She goes on a date with him and they get close. But that day is also an event that is overshadowed by the passing of her boyfriend. She decides to leave the band and go to New York,0,0,72.0,0.7222222222222222,0.05555555555555555,joyful_l16_a2p0
joyful,16,2.0,3,0," A young man is walking with his mother. The young man seems eager to get in the first turn of the motor.

Inspiration for this scene: You can see the reaction of the young man to his mother's words ""A great deal of pressure, you know.""

This scene was based on the famous Moulin Rouge musical song ""All Along the Watchtower"".",0,0,61.0,0.7049180327868853,0.11475409836065574,joyful_l16_a2p0
joyful,16,2.0,3,1,"

The protagonist is a young man (he is a little bit older than she is) who is about to go into the office of his boss to find that the boss is not happy with him and instead wants to tell him that she is going to be fired.

The scene involves a woman (who is not a famous actress, but she is very popular in the area) being fired",1,1,70.0,0.6428571428571429,0.11428571428571428,joyful_l16_a2p0
joyful,16,2.0,3,2," A small town.

Scene: A small town.

Scene: A small town.

Scene: A small town.

Scene: A small town.

Scene: A small town.

Scene: A small town.

Scene: A small town.

Scene: A small town.

Scene: A small town.

Scene:",0,0,40.0,0.1,0.25,joyful_l16_a2p0
joyful,16,2.0,3,3," The scene is an old man in a blue dress, who is standing in a small white room. The room is filled with people: some ladies, some men, some men in fancy hats, some men in black, and some men in short and elaborate clothes. The woman, her head full of a huge mousy, has no room for anything. Her eyes are wide, and she looks",0,0,66.0,0.6666666666666666,0.07575757575757576,joyful_l16_a2p0
joyful,16,2.0,4,0," A little girl is looking at a small, black-haired person.

Text: She wants to remember how long it was for her to see the person who had offered her a bed and a handshake.

Sketch: A tiny, innocent, and pretty girl.

Song: A little girl who wants to make her mom proud.

Scene: A little girl who",0,0,58.0,0.6551724137931034,0.1206896551724138,joyful_l16_a2p0
joyful,16,2.0,4,1,"

Mandy Craske, played by Jessica Banner, is in love with the boy she likes and tries to keep a secret to protect him.

Mandy Craske, played by Jessica Banner, is in love with the boy she likes and tries to keep a secret to protect him.

Scene:

The main heroine, Mandy, is in",0,0,53.0,0.4716981132075472,0.07547169811320754,joyful_l16_a2p0
joyful,16,2.0,4,2," Let us set the scene.

Action: A person is remembered when something good happens.

Scene: Then,

A new song.

Let's play the song.

Scene: A few minutes later,

A new song.

Let's set the scene.

Action: A new song.

Scene: A few minutes later,
",0,0,44.0,0.5,0.13636363636363635,joyful_l16_a2p0
joyful,16,2.0,4,3," ""The Little Prince"" from ""The Secret Life of Pets.""

The Little Prince (R)

The Little Prince (R) (P) (S)

The Little Prince (R)

The Little Prince (R) (P) (A)

The Little Prince (R) (P) (S)

The Little Prince (R)",0,0,39.0,0.3076923076923077,0.20512820512820512,joyful_l16_a2p0
joyful,16,2.0,5,0,"

One of the members is named Ben.

The others are all named, but one person’s name is missing in the credits.

A very short scene with Ben as Ben’s best friend.

Ben is the hero and one of the main characters.

When the group first meets Ben, they’re talking about the new game, so Ben wants to",0,0,60.0,0.7,0.11666666666666667,joyful_l16_a2p0
joyful,16,2.0,5,1,"

“You want to go to the city center, but you don’t have any transportation.”

Me: “What? Okay! I don’t want to go to the city center! I’m sure it’s a nice city for kids!”

Mia: “No, you don’t want to go to the city center!”

Mia:",0,0,51.0,0.5294117647058824,0.11764705882352941,joyful_l16_a2p0
joyful,16,2.0,5,2," It’s a small room with a few people in it.

Act: A group making a decision together.

Scene: It’s a small room with a few people in it. It’s a small room with a few people in it.

Scene: It’s a small room with a few people in it. It’s a small room with a few",0,0,61.0,0.2459016393442623,0.19672131147540983,joyful_l16_a2p0
joyful,16,2.0,5,3," The main characters are the lead character (voiced by Patrick Stewart) from the original show, which is an ensemble with John Cusack, Sam Rogers, James Stewart, Lena Headey, David Fincher and Brad Pitt. Headey is one of the main actors who appeared in the original series while he was in the original film. Cusack is the actor who portrayed",0,0,59.0,0.7288135593220338,0.11864406779661017,joyful_l16_a2p0
joyful,16,2.0,6,0,"

A young man opens the door, his voice raspy, like someone from a cold, dead time. The man is taller than the woman and his voice is a little husky. She smiles at him and shakes her head.

Scene:

The young man smiles at her and lifts her hand, as if to shake a little.

Scene:

The man",0,0,58.0,0.6206896551724138,0.08620689655172414,joyful_l16_a2p0
joyful,16,2.0,6,1," You’re at the end of a long day, the sun is high overhead, and your best friend is out to dinner.

The End of the Scene: You’re standing there waiting for them to leave you and as soon as they get there, they’ll come back.

Scene: You run to your new bedroom.

The Scene: You’re at your",0,0,61.0,0.6065573770491803,0.08196721311475409,joyful_l16_a2p0
joyful,16,2.0,6,2," An elderly, bearded man, sitting down with a cup of coffee, hands over his face.

You might say he's a bit of an adventurer, with a keen sense of humor, and a kind of pragmatism that makes him an excellent conversationalist.

Scene: The elderly man picks up a bag of groceries and starts opening it up.

",0,0,56.0,0.7321428571428571,0.08928571428571429,joyful_l16_a2p0
joyful,16,2.0,6,3," The ""secret room"" has the name, ""Iris"". You see her lying in a pool of water, wearing her swimsuit, but her hair is all white and she looks like she's never even been in a pool before!

S: A young boy runs in the water, and when the water reaches him, she jumps up and runs her arms into his chest and screams in",0,0,64.0,0.703125,0.0625,joyful_l16_a2p0
joyful,16,2.0,7,0," ""A story of courage, hope, and an old love""

Scene: ""The story of a new and wonderful adventure in a new and wonderful land""

Scene: ""A story of two love stories""

Scene: ""A story of two adventures in love""

Scene: ""A story of two dreams""

Scene: ""A story of two loves""",0,0,51.0,0.4117647058823529,0.13725490196078433,joyful_l16_a2p0
joyful,16,2.0,7,1,"

At night a person who walks through town on a daily basis is walking through town at night.

Scene:

The man’s name is Ray and he is an expert on the paranormal and the paranormal has attracted a lot of people in the course of the past few years. Ray believes in the paranormal and that it is all real.

The man’",0,0,63.0,0.6190476190476191,0.1111111111111111,joyful_l16_a2p0
joyful,16,2.0,7,2," A young man walks through the town of Sasayam.

Background music

""Lunar Dawn"" - The Story of The Lunar Dawn
""Lunar Dawn"" is a song from the film Moonraker. It is composed by Kylie Minogue. It is performed by the female choir from the band The Vibes.

Background music
",0,0,48.0,0.6041666666666666,0.14583333333333334,joyful_l16_a2p0
joyful,16,2.0,7,3,"

1

2

3

4

5

6

7

8

9

10

11

12

13

14

15

16

17

18

19

20

21

22

23

24

25

26

",0,0,0.0,0.0,1.0,joyful_l16_a2p0
joyful,16,2.0,8,0," A young child talking about an imaginary teacher.

Scene: A young boy being led away by his teacher.

Scene: A young boy telling a story about the story of a famous musician who was once an idol.

Scene: A young girl crying and laughing at a friend's birthday party.

Scene: A girl, played by her friend, getting her hair cut with",0,0,61.0,0.6557377049180327,0.13114754098360656,joyful_l16_a2p0
joyful,16,2.0,8,1,"  The character calls out in a loud, booming voice that is heard all the time, yet you can't hear him because the wind is blowing and he's a dweeb.

You get a character who has a lot of confidence in himself and is the leader of a group of friends and has the best sense of how to run an event like this.

The group of",0,0,66.0,0.6666666666666666,0.09090909090909091,joyful_l16_a2p0
joyful,16,2.0,8,2,"

* * *

"" _What is your teacher_?""

Meow!

Scene:

* * *

"" _What's your teacher's name?_ ""

Meow!

Scene:

* * *

"" _What's your name, girl?_ ""

Meow!

Scene:

* *",0,0,18.0,0.5555555555555556,0.16666666666666666,joyful_l16_a2p0
joyful,16,2.0,8,3," ""The Duelists"" - ""That's What I Knew"". This is a short film in which two friends, (one a female and the other a male) fight at the end of a movie. The Duelists are in the middle of a fight and the teacher tries to cheer them up, but they don't make it out of the end. The teacher gets in the ring",0,0,62.0,0.6612903225806451,0.14516129032258066,joyful_l16_a2p0
joyful,16,2.0,9,0,"

The story is about a mysterious and handsome scientist who must save his girlfriend from the dangers of the outer space.

Themes:

In the movie, the hero's dream is about the mysterious and powerful scientist (played by Takeshi Terasuma) who makes the attempt to save his girlfriend.

In the film, the hero's dream is about the mysterious and",0,0,58.0,0.5689655172413793,0.1724137931034483,joyful_l16_a2p0
joyful,16,2.0,9,1,"

A woman walks to her friends home.

""That is a great idea, Jolly!"" said her friends.

""How about this idea for a story?"" said her friend. ""We all know what is good about science, that it makes people more interesting. And what about, do you want to share this with everybody? How about a fun little science experiment?""
",0,0,58.0,0.6896551724137931,0.06896551724137931,joyful_l16_a2p0
joyful,16,2.0,9,2," a man who discovers that he is a superhero-type

The second scene is about an evening of social awkwardness, while the fourth takes place at the end of an episode of Doctor Who.

In order to tell the story, the heroes take off their disguises and the Doctor finds himself having an encounter with a character called Captain James T. Smashy. In order to do",0,0,66.0,0.7424242424242424,0.09090909090909091,joyful_l16_a2p0
joyful,16,2.0,9,3," Faced with a situation in which the outcome of a battle is determined by what the outcome of a battle would have been had the battle been fought in the style and style of a traditional Indian battle.

Scene: The situation in which a fight is fought in the style and style of a traditional Indian battle.

Scene: The situation in which the outcome of a battle is determined by what",0,0,71.0,0.352112676056338,0.11267605633802817,joyful_l16_a2p0
joyful,16,4.0,0,0,"

Said actress turns into a superhero in this scene

Description:

“You and your hero are in love!”

This magical romance was well received with a score of 5 out of 10. The movie opened to a high score of 9.5 out of 10. This was the movie of the night with a score of 7.3 out of 10.

Next",0,0,53.0,0.6037735849056604,0.1320754716981132,joyful_l16_a4p0
joyful,16,4.0,0,1," A boy and his friend are running around the neighborhood on the beach.

Hip-Hop music: A song written by the Brooklyn-based rapper, that was picked up by The Mamas (the local record label) to become an official music single.",0,0,41.0,0.8292682926829268,0.12195121951219512,joyful_l16_a4p0
joyful,16,4.0,0,2," The man who was a passenger aboard the airship.

Scene: The man in the air.

Scene: The boy's introduction to the new hero.

Scene: The hero, as he becomes the new hero, gets along with the hero.

Scene: The new hero's first encounter with the hero.

Scene: The hero becomes his new hero.
",0,0,53.0,0.49056603773584906,0.22641509433962265,joyful_l16_a4p0
joyful,16,4.0,0,3," The narrator and an audience member go out for dinner. As they eat they start to sing along.

About the Author

Celeste Marie is an 18-year-old pop princess and singer, known for her roles in films, including ""The Incredibles"" and ""Dr. Demento.""

Celeste Marie's most recent album was ""Rhapsody",0,0,50.0,0.84,0.06,joyful_l16_a4p0
joyful,16,4.0,1,0,"

A sweet little girl (Sarah) has a surprise for her friends.

She is excited to be playing with her best friend (Teddy), and their new friend, Tiffany.

Tiffany (Sarah) is just a little like a star (she was born in the same year as the first girl) and has a great personality.

Teddy (",0,0,53.0,0.6981132075471698,0.09433962264150944,joyful_l16_a4p0
joyful,16,4.0,1,1,"

The characters meet through the internet.

The game was a massive success and received an award from the ""Video Game World"" category at the 2017 CCM Awards. With that in mind, they went on to play their first live television game.

They took their game to the main stage, playing their most memorable segments. They won the CCM's ""Best New Act""",0,0,60.0,0.7666666666666667,0.11666666666666667,joyful_l16_a4p0
joyful,16,4.0,1,2,"
The two friends are having a party.

Ran to her old friend to get her idea to tell her story, a short story about a little girl who got a new toy!

Scene:
A short story about the time she found a great new toy!

Ran to her friend, and got a great new toy that made her smile!

Scene:",1,1,60.0,0.55,0.11666666666666667,joyful_l16_a4p0
joyful,16,4.0,1,3," “The Clown” by Narnia (2009)

“Clown” is the first short film in the Narnia franchise, featuring a pair of friends who start a celebration at their boyhood home.

The Billion Dollar Movie is released on Viacom! On October 26th, 2008, the network announced “The Billion Dollar Movie 2!” as a single",0,0,48.0,0.7083333333333334,0.125,joyful_l16_a4p0
joyful,16,4.0,2,0,"

It was the middle of a story of a man, his wife and daughter, who just arrived from the great city.

(Laugh)

The scene came back to him with the excitement of being the hero of the moment. He felt like he was dancing, a jig and the crowd applauded as he brought it to a high point in his life, and then",1,1,63.0,0.6825396825396826,0.1111111111111111,joyful_l16_a4p0
joyful,16,4.0,2,1," The hero is an attractive girl who gets drunk and then decides to be on the run.

Scene: The girl gets drunk and then decides to be on the run.

Scene: The hero finds a group of friends on a magical quest.

Scene: The hero and the friend then decide to go to the top of the world.

Scene: The hero is invited to",0,0,64.0,0.46875,0.15625,joyful_l16_a4p0
joyful,16,4.0,2,2," The story is about a person who is being hailed as an important hero (in his own right) by a group of people in a local bar. Their hero is the most famous person in the bar who has the power to transform into an iconic character (and so the story has a lot of heart).

Stage: In this scene, all the characters are introduced to one another as they go",0,0,71.0,0.676056338028169,0.08450704225352113,joyful_l16_a4p0
joyful,16,4.0,2,3," ""I have a new discovery that I have to tell you.""

""You know who this person is,"" she squeed, ""and you really have to tell her!""

""I'll be right back,"" and the group of four players jumped and ran off the stage, taking the song to the stage

""I will!""

The rest of the band's performance went",0,0,57.0,0.6842105263157895,0.10526315789473684,joyful_l16_a4p0
joyful,16,4.0,3,0," A cheerleader from high school.

* * *

“Howdy, mister!”

Cyndi, the girl who was supposed to make a good impression, smiled broadly as she sat down on the bed.

“Hi! What’s your name?”

Cyndi was the most beautiful girl in the class. She was a smart girl who had",1,1,48.0,0.75,0.08333333333333333,joyful_l16_a4p0
joyful,16,4.0,3,1," This is a scene that I have been working on. I am going to start off the scenes with some of my favorite characters and work them into the story. The scene starts off with a quick moment and it shows the hero, Hilde, with her sweet smile. Hilde is the main character and she is the perfect gal, her character is a girl who likes to laugh and make everyone laugh",3,1,72.0,0.6805555555555556,0.08333333333333333,joyful_l16_a4p0
joyful,16,4.0,3,2,"

An exciting story of the character named Hibs, whose character is called Mr. Tambourine in the film. The whole gang and their high school mascot, the Hibs, play a round of golf at a local amusement park.

Song:

The ""Battle of the Planet""!

Celebration:

A great",0,0,46.0,0.7608695652173914,0.13043478260869565,joyful_l16_a4p0
joyful,16,4.0,3,3,"

A young girl, named Amalie, runs to a new man she met in a dream.

A little girl with short hair and a sweet disposition.

The man she meets is Amalie, the love of his life.

The girl is the sweetest thing he ever heard.

B.

A quick shot of the girl's charmed",0,0,53.0,0.6981132075471698,0.11320754716981132,joyful_l16_a4p0
joyful,16,4.0,4,0," A hero with a love for the game, who has to be recruited into the game.

Scene: A hero with a romantic interest in the game.

Scene: A hero with a talent for the game and a deep love for her.

Scene: A hero with a passion for the game.

Scene: A hero with a strong personality and a huge personality.
",0,0,61.0,0.4098360655737705,0.19672131147540983,joyful_l16_a4p0
joyful,16,4.0,4,1,"

A woman is talking to a group of friends. She has a surprise! She says, “I’m so excited. I am like a girl!”

This is an amazing moment! She has a “hug” and then a “tale”.

The whole group gets excited to see their “friend” and get a kiss from her.

The whole group",0,0,55.0,0.6727272727272727,0.12727272727272726,joyful_l16_a4p0
joyful,16,4.0,4,2,"

An action sequence in which we are introduced to the hero. She must dance in her trademark waltz, while giving the audience a wistful ""Happy Birthday"" moment.

Action Sequence:

In a flash of inspiration from some favorite character, a new heroine, with a great swagger, dances around the stage, and we can all take a ""M",1,1,56.0,0.8035714285714286,0.08928571428571429,joyful_l16_a4p0
joyful,16,4.0,4,3," A young man recounts a passionate love story with a boy he has been
dating and he starts dancing and goes on a merry
trip.

Scene: A girl's heart-of-gold
adventure and a great story.

Scene: A young lady,
emotionally reenacted with her best friend's best friend.

Scene: A young woman",0,0,52.0,0.6730769230769231,0.15384615384615385,joyful_l16_a4p0
joyful,16,4.0,5,0," “Let’s head out on a mission”

Story: The team gets involved in a mission and get caught up with a group of girls who get caught up on the mission.

About the Game

The World of Magic!

The World of Magic! is an experience that takes place on the high seas, and it is an epic adventure that takes you on a journey",0,0,64.0,0.609375,0.09375,joyful_l16_a4p0
joyful,16,4.0,5,1," A group made a decision together. A small group of people.

The goal of the main character is to get in touch with her inner selves and get back to the core of her character, the character that she is. In this episode, the group goes to the beach in celebration of being in love with each other.

The group gets on a boat to the deep end of",0,0,69.0,0.5797101449275363,0.11594202898550725,joyful_l16_a4p0
joyful,16,4.0,5,2,"

The character, Michael, is the voice of the character, Daffy.

A character, Michael, is the voice of a group of five friends. They help each other.

The character, Michael, is a superhero.

The character, Michael, is an extremely talented voice!

A character that has an amazing voice!

This scene was created",0,0,51.0,0.5098039215686274,0.11764705882352941,joyful_l16_a4p0
joyful,16,4.0,5,3," ""I'm the leader of the group!""

Catch a short, spirited character who is about to tell her new life story.

Scene: ""I'm a girl! I'm a girl!""

Catch a very beautiful girl in a dance performance.

Scene: ""The group's singing a song about growing up!!""

Scene: ""We're",0,0,47.0,0.6808510638297872,0.1276595744680851,joyful_l16_a4p0
joyful,16,4.0,6,0," The hero is dressed in a blue dress and high heels.

(The character is played by a teenaged boy. His father, the love interest, and his sister, the heroine, are all in the audience. The hero is a little boy who is shown to be more excited than she is.)

Scene: The hero is playing some kind of mind-rape-like game",0,0,62.0,0.6935483870967742,0.11290322580645161,joyful_l16_a4p0
joyful,16,4.0,6,1,"

“Mandy,” the new girl in the house was “Mandy”, her voice as “Mandy” as she spoke. She was the tallest girl in the house and she had on the biggest smile! She was going to make her big first impression!

Mandy and her new friends were all thrilled to see her!

“Mandy, my name is M",2,1,56.0,0.5892857142857143,0.08928571428571429,joyful_l16_a4p0
joyful,16,4.0,6,2," Sonic the Hedgehog

Greet the audience with a wide-eyed grin, “I'm Sonic. How can I be Sonic? I'm Sonic!”

All at once the crowd was ecstatic and filled with delight.

The Sonic character had a whole new level of enthusiasm and excitement!

They were a huge, crowd-pleasing group",1,1,50.0,0.74,0.1,joyful_l16_a4p0
joyful,16,4.0,6,3," “The Story of Frank M. Smith.”

A big man dressed like a prince with a beaming smile and a gold crown.

A little girl (voicing “Katy”) with a sweet voice and a smile that made everyone around her smile.

A very beautiful girl (voicing “Katy”)

And a little boy.

And a little girl",3,1,53.0,0.6037735849056604,0.18867924528301888,joyful_l16_a4p0
joyful,16,4.0,7,0," The person walks around town, in a dress, jumping up and down, singing along.

Other Musical/Lecture:

""I'm really happy when I'm playing the piano! I don't have a single complaint, and I don't think anyone deserves to be like me in this profession. I love it! ""

""She's a talented singer! I",1,1,52.0,0.8076923076923077,0.07692307692307693,joyful_l16_a4p0
joyful,16,4.0,7,1,"The person begins to describe a scary scary experience.

Character:He is excited and enthusiastic.

Scene:He turns to his friend, says, ""I think I'm going to go in.""

Characters:This character is a guy. He is all in.

Scene:The man enters the house with an outstretched arm, saying, ""I'm going",0,0,52.0,0.7115384615384616,0.057692307692307696,joyful_l16_a4p0
joyful,16,4.0,7,2," The first scene in the short video was a big scene in the desert as a wild and adventurous young lady runs through the town of Los Chayos. They had this magical wild-man, a cowboy, singing to them. It was a great moment in the film.

In the second scene, she sings a song that won an award in the contest for the Best Musical",0,0,66.0,0.7121212121212122,0.12121212121212122,joyful_l16_a4p0
joyful,16,4.0,7,3," A woman gets her first hot air balloon.

Scene: A man who is at the center of a group of kids.

Scene: The girl with a sweet and sassy character.

Scene: The boy with a heart of gold and a little girl.

Scene: The guy with the attitude.

Scene: The little girl with the big personality.

",0,0,56.0,0.5714285714285714,0.125,joyful_l16_a4p0
joyful,16,4.0,8,0," This action sequence is designed to create a good-hearted character. The role of the character is to ""win the girl over"" through her ""spark"" in a happy and joyful moment.

Scene: This is the story that moves along through a variety of musical and dance moves!

Scene: The story of a very unique group of young women who are all working in a high",2,1,65.0,0.6615384615384615,0.07692307692307693,joyful_l16_a4p0
joyful,16,4.0,8,1," ""My friend and I are going to do something big in the city. We'll be going on the basketball courts and we'll have a big game!""

Scene: A student is being introduced to a class.

Scene: A teacher asks to see the student before the event.

Scene: A student introduces a class to the teacher.

Scene: A teacher and the",0,0,60.0,0.55,0.11666666666666667,joyful_l16_a4p0
joyful,16,4.0,8,2," A student makes a short scene with an adult and his or her best friend. This scene plays out to help the students understand that they're being played. The scene ends with an emotional breakdown and a hug.

Chorus: ""Oh, you're a smart boy!!!!"" (A student's enthusiastic and happy moment with his or her best friend).

Chorus",1,1,57.0,0.6842105263157895,0.08771929824561403,joyful_l16_a4p0
joyful,16,4.0,8,3," ""What's so great about this?...""

S: ""You're a little bit of a girl, aren't you?""

J: ""Yeah!""

J: ""What a girl! You are!!""

J: ""Yes!""

H: ""Oh, my! You're the greatest! Oh, my!""

H: ""Oh, my",0,0,36.0,0.6666666666666666,0.08333333333333333,joyful_l16_a4p0
joyful,16,4.0,9,0," It's a song, it's a scene, you're the narrator, and it's all happening to you.

Song: All right! This is the first time I'm going to do that, so I'll say this song.

You're the narrator, you've got the voice of an ordinary girl.

Scene: A girl with a superpower.

Song",0,0,51.0,0.6470588235294118,0.0784313725490196,joyful_l16_a4p0
joyful,16,4.0,9,1," The adventure has a story. The characters are a couple. A high school chemistry teacher is introduced to a large group of students and he invites them to a big, open room. The players become involved in a great deal of fun. A group of cheerleaders is the main attraction. The players get to meet the group and the school mascot, a pink pony. The students are asked to",0,0,69.0,0.6086956521739131,0.11594202898550725,joyful_l16_a4p0
joyful,16,4.0,9,2," A young girl, in her own happy dream, meets a great hero.

A:

The title, the title of the manga is The Long and Famous Prologue from the first volume of the Guitar Hero series.  In the ""Superstar"" song, ""The Long and Famous Prologue"" is written ""We'll Never Never Meet the Time""
",1,1,52.0,0.6153846153846154,0.17307692307692307,joyful_l16_a4p0
joyful,16,4.0,9,3,"  

-A young boy in a blue sports suit and a white beaded necklaces.  
-Daring!  
-Holding a torch, dancing in the air in a song.

She turns to him with a smile.  
""It's a great deal!  
I've been trying to find out a bit about that young lady I just saw",1,1,50.0,0.78,0.16,joyful_l16_a4p0
joyful,16,8.0,0,0," The star of the popular and popular singing and dancing character in the original musical.

""Shooting and capturing the true talent of the cast"", was the main thrust of the original musical. From the stage at the Madison Square Gardens and the smash of the dance at the New York City and Broadway stage.

B. Audette and The Bats, the musical (directed by the late",0,0,65.0,0.5692307692307692,0.23076923076923078,joyful_l16_a8p0
joyful,16,8.0,0,1," ""I HAPPEN IN MY FUZZFREETS!""

The fun and game music! It's a ""WAG"" and the song, ""G'S""!

""Mush, M'z!"", the ""G'S"" and the ""M'!"". It's a ""J"" and you get the ""R"".

""",0,0,32.0,0.6875,0.15625,joyful_l16_a8p0
joyful,16,8.0,0,2," I was the best! You were my favorite!

The song of the ""A"" and the ""J"" was the hit. The ""s"". The ""f"" and the ""j"" were the new ""d"".

With all the passion and singing, ""D"".

And the performance was, ""D!""!

The song was the ""d"".
",0,0,47.0,0.48936170212765956,0.2765957446808511,joyful_l16_a8p0
joyful,16,8.0,0,3,"

This is a character from the anime/Mae! You can find her from the Pocah!

In an exclusive episode! With the powers of the new character from the character arc from the original

Natal.

(M-dun-ga)

M-dun-ga, as the princess!

(M-dun-",0,0,45.0,0.6444444444444445,0.15555555555555556,joyful_l16_a8p0
joyful,16,8.0,1,0,"

""Fright!""

* She's the best!",0,0,4.0,1.0,0.25,joyful_l16_a8p0
joyful,16,8.0,1,1," ""A short scene about two friends finding their first big secret!""

* ""I'm dancing, but it's a blast!""

""That's the kind of thing we could do!""

* ""Mob!""

* ""The best and the happiest new talent ever!""

* ""Oh, the good! The joyous, and the all-right!",0,0,43.0,0.8372093023255814,0.13953488372093023,joyful_l16_a8p0
joyful,16,8.0,1,2," ""Chill!"" and the girl's ""Mama!!"" (at the chorus)

The song was the high-tempo ""Kara (feat. the B-drum)"".

""Chill!"" and the ""Mama!"" (at the chorus) and the ""B-drum"".

The girl's ""B-drum"" and the """,0,0,36.0,0.4166666666666667,0.2777777777777778,joyful_l16_a8p0
joyful,16,8.0,1,3," The girl! She was in a rush! She was! That's right, right! She was! She was! She was! (Cricket).

And! She, along with everyone else in the crowd, sang!

At the point where the new wave was, while they were running from their own unique brand of energy, the girls and their all-adoring music",0,0,55.0,0.6727272727272727,0.10909090909090909,joyful_l16_a8p0
joyful,16,8.0,2,0,"

A moment of joy and happiness at the start of a new career.

Celebration and happiness of the day, as a new person.

You, the girl, into the new world.

A young girl with a flair for the sports and style.

The girl, in a great style and style!

The girl as a young girl",1,1,55.0,0.4909090909090909,0.12727272727272726,joyful_l16_a8p0
joyful,16,8.0,2,1," ""Tang, D'Nan, F! She's got her own! She is!""

Tang: ""Oh! It's!""

The character of ""Tang-C! (a)

The moment the joyous ""Tang-C!"" from the song of the new talent, ""Tang, D'Nan!"" was upon the character of the new",0,0,40.0,0.6,0.175,joyful_l16_a8p0
joyful,16,8.0,2,2," ""Oo!""

The young girl, who was the host of the musical.

""Oooo!""

In a hilarious turn of song-

""Oo!""

As she

""Oooo!""

And into the fantastic music!

""Oooo!

""Oo!""

Oo

(the old man)",0,0,33.0,0.696969696969697,0.15151515151515152,joyful_l16_a8p0
joyful,16,8.0,2,3," ""She's from the great-grandad!""

In the moment, the hero (and the girl) is thrilled to be. They both burst into juban, joy and glory.

""Wow!"", she exclaimed, and she was able to.

""That was all the news!!""

""That was the whole game!

""She beamed",2,1,45.0,0.7111111111111111,0.13333333333333333,joyful_l16_a8p0
joyful,16,8.0,3,0," A sexy female in a bunny and some sweet dance.

Sesame, and a girl in a new and naughty way!

""Hey, it's Moll!""

Moll and the Bum

""Moll!""

As Moll goes to be a new princess, Moll and the Bum!

""Moo! Marly",0,0,42.0,0.6190476190476191,0.11904761904761904,joyful_l16_a8p0
joyful,16,8.0,3,1,"

The audience member (as she was the audience to the musical!) was delighted to hear the song from the stage!

""Wow! That was amazing!

I was right in the song, ""The"" (the catchy song in the original Hounddells way)

""Hoooo! And then she sang all of her songs to the song-sust",1,1,52.0,0.6153846153846154,0.19230769230769232,joyful_l16_a8p0
joyful,16,8.0,3,2," A. ""My Little P!!""

A: This is a great scene for a song!

G: ""She's a wonderful babe!""

That's a very different kind of song from the classic ""I Know a Song!""! ""Hip, all the way!""

In a good way! In the style of the classic song from the movie ""Saturday",0,0,51.0,0.6274509803921569,0.1568627450980392,joyful_l16_a8p0
joyful,16,8.0,3,3,"

(the stage-sung ""g----"")

The ""I"" (from the ""rock-a-d-t"") and the ""k, o, s, ' '

"" (from the ""c--and-d-'!)

"" (from the ""d-and-a-long!"")

"" (",0,0,31.0,0.5483870967741935,0.1935483870967742,joyful_l16_a8p0
joyful,16,8.0,4,0,"

-

*Guitar:*Bass. The fun and rock star.

*Jama (Newt and Guitar):*G. You have the song.

*The song, along with many other songs, became a major hit and the song was nominated and was covered by the national and world stage at the Rock and Hustle.

*All",0,0,47.0,0.6808510638297872,0.1276595744680851,joyful_l16_a8p0
joyful,16,8.0,4,1," The Young Dove! as an original musical. She made a classic musical about the adventure of a girl and a man that they all came to be as they all knew each other.

The Young Dove! - the Young Diver!

Song: ""I! Can! Get! It!!""

In a style all of her own, She was the funniest",0,0,55.0,0.6909090909090909,0.09090909090909091,joyful_l16_a8p0
joyful,16,8.0,4,2," You and a boy with a joyous and great idea.

The song of the delighting, the swirling, the dancing and the baring her face.

You and the hero!

The girl!

There was a joyous and a little girl of the heart.

There was a deep and all-new-looking girl!

You and the",0,0,53.0,0.5094339622641509,0.16981132075471697,joyful_l16_a8p0
joyful,16,8.0,4,3," Sharing a delight with the fans (Sides!!)

Catch-sustaining energy and personality from the ""battle of the!@'s"" (Sides!!-!).

C

The ""battle of the!@'s""!

The dance of victory! (Sides-!-!!-)

The ""b",1,1,32.0,0.625,0.21875,joyful_l16_a8p0
joyful,16,8.0,5,0," ""WOW!!""*

Laughing.

* A fun and happy ""W!""!

* The song, ""W""!!

* ""W!!!""

* The fun and the ""W!""!

* The song, ""W!!""!

*

""W!!""!

""W!""

",1,1,21.0,0.42857142857142855,0.3333333333333333,joyful_l16_a8p0
joyful,16,8.0,5,1," ""You're singing in a new style!""

""I, baby!""

It's a big ""M!"" from the audience, and the audience ""pls!"" to the way the new song and a new version of the classic pop song were!

A fun baby bing! She can and is!

And they took the baby bing from ""The Rock""",0,0,52.0,0.6153846153846154,0.1346153846153846,joyful_l16_a8p0
joyful,16,8.0,5,2,"

Andrze, the Hailing (vo-la!) from the ""I Love You"" song!

The dance!

The song

The song was created by the Hailing and the.

The song was made with a group from the ""Amazing"".

The song was born of a song and a super musical performance.

Andrze",0,0,47.0,0.5319148936170213,0.2127659574468085,joyful_l16_a8p0
joyful,16,8.0,5,3," The ""The P.

Catch up with The C.R.

All the way through a ""Daring and new

""Giving and Shredding!"" and a ""G

""That into a ""K and a ""C!

""Odd and new and all-

""C!"" and a ""B"".

""All!",0,0,40.0,0.55,0.175,joyful_l16_a8p0
joyful,16,8.0,6,0,"

Tro (Nam)

""You're a newster!""

""I was born at the age of six!""

""That's right! You! This, the!""

The (drum) blast from the song ""That's G-d!!""!

G-d's (Kool, Ch.)

""You're welcome",0,0,33.0,0.8181818181818182,0.12121212121212122,joyful_l16_a8p0
joyful,16,8.0,6,1," The “Pun” and the “Hail! (with the Hail and the Unst!))” at the “Shakespeare’s* and* (Hustle-and-sack) over all-turns, “and a new round of acro*” and the “Gam-d-F* (with the) S* and the G”.
",0,0,39.0,0.5897435897435898,0.20512820512820512,joyful_l16_a8p0
joyful,16,8.0,6,2," ""You were the winner!""

The winner of a new ""dance"" from her musical-squad in a new high-paced, three-way dance!

The audience was dancing!

The ""dance"" was an ""original"" song from a hit song, ""The Lust"", which was performed at the musical peak!

The ""dance""",0,0,47.0,0.6170212765957447,0.14893617021276595,joyful_l16_a8p0
joyful,16,8.0,6,3," ""This is a happy new experience!""

* ""I, from South America, as a proud and joyful New-Husband to her (Bex-Brock- and his ""Great Big Deena""), with a ""gushing new-dance, "" and all the ""Dance, with a ""Cry"" and a high-!!!""

Scene",2,1,42.0,0.7380952380952381,0.11904761904761904,joyful_l16_a8p0
joyful,16,8.0,7,0," ""Oh my, the Hula.""

Bust (with singing) over the song ""We're the Hula"" (the love-song).

T-!!-s about a guy in the Hula!

G!-d!-d!-d!-d!-d!-

The song in which we all ""shed a great",0,0,39.0,0.6153846153846154,0.15384615384615385,joyful_l16_a8p0
joyful,16,8.0,7,1," You and a girl,  
And they started to dance.  
At the same time, you're an awesome  
Comedy and a little girl!

Cag! The! You're a good-looking kid!  
And you and your super-duper baby!

Laughing! You're a super-daring and  
A-G with lots",0,0,45.0,0.6666666666666666,0.13333333333333333,joyful_l16_a8p0
joyful,16,8.0,7,2,"A high-school senior gets into the red-dance-gal team and competes on the girl's behalf in a variety of style-d' flamb to the crowd!

With ""Harshness!"" she jumped into the girl's high-school dress and began to dandle the big cheer, as she blew out the girl and over with the song of the rock '",0,0,59.0,0.6949152542372882,0.13559322033898305,joyful_l16_a8p0
joyful,16,8.0,7,3," G (Sesame star)

In the classic parody of the A dance, the chorus girl.

Bang!

S-!

C-!

You can all the while!

-!!

The G!

In a happy and colorful song, a young girl.

That's who!

That's the song",1,1,38.0,0.6842105263157895,0.15789473684210525,joyful_l16_a8p0
joyful,16,8.0,8,0,"  

Charge the crowd.  

We are the Queen of the Air, the King of the Muses! We are a hero from the past and we are a king from the future!  

S.

O, girl,

Ads-

Ads!

O,

Shout,

Boom!

At",0,0,39.0,0.5897435897435898,0.1794871794871795,joyful_l16_a8p0
joyful,16,8.0,8,1," “The Little Redding” (Dan D. and Samantha) at the Superstar! “Trick and Go!”

(Dan and Samantha) “Jazz and the!” (Dan and Samantha)

This is the music of a happy, young (and into the red) girl!

The singing, dancing girl!

“Jazz, You!",1,1,41.0,0.6097560975609756,0.14634146341463414,joyful_l16_a8p0
joyful,16,8.0,8,2," The student goes to the class and takes a girl's (her) dance.

The P.T. (and the S.T.!)

The scene: The student is getting a great deal from the class. The ""G"" and the P.T. are all in the game. The new student gets a great deal from the class.

The cheerleading!",0,0,54.0,0.5185185185185185,0.24074074074074073,joyful_l16_a8p0
joyful,16,8.0,8,3," ""How the heck was this girl (K!!!!) at the local school!"".

* * * *

A real-time 3D animated singing song, ""How the!!!!!""

* * *

""I'm going to the disco!""

* * *

The ""greatest!"" moment of the song!

",0,0,31.0,0.7741935483870968,0.1935483870967742,joyful_l16_a8p0
joyful,16,8.0,9,0," ""The World is the""

""You are now on the world stage!""

Your energy was captured and directed in a spectacular dance of energy that the superstar of the pop musical, along with the crowd.

It was a joyful experience and an exhortation to all the young girls around the room. The crowd was ecstatically delighted and the song of the """,2,1,60.0,0.6666666666666666,0.18333333333333332,joyful_l16_a8p0
joyful,16,8.0,9,1," ""Growing up"" with a new baby.

S: ""In a wild, happy dream of being a big kid.""

G: ""In the same, heart-tossing song!""

S: ""A joyous, full-of-new-energy-at-tune-to-the-new-game-c*!""

""You",1,1,39.0,0.7692307692307693,0.10256410256410256,joyful_l16_a8p0
joyful,16,8.0,9,2,"

The (girl) character of the song ""Greeted with Love"" that had the best of the round performance! At the end of the song she took the stage!

The ""Greeting with a High Diving (O'Hara) was a joy to play and they performed their new hit ""Himself"".

Musically, the song was a",1,1,51.0,0.6862745098039216,0.17647058823529413,joyful_l16_a8p0
joyful,16,8.0,9,3," ""T-Dub!""

Singer, ""The Guitar!""

The audience, dancing and ""t-dub!"" as they went ""out into the street"" with a huge new tune. They'd gone ""all-in"" and were about to go ""b-a-way!""

Hands-aroused, ""daring!!""

""",0,0,38.0,0.8421052631578947,0.07894736842105263,joyful_l16_a8p0
terrified,0,0.0,0,0,"
A boy from the town,
looking for his mother.

The boy is a boy who looks older than he is.

The boy is a boy who is very kind.

The boy is a boy who does not speak very well.

The boy is a boy who is not very careful with his money.

The boy is a boy who is very hard",0,0,62.0,0.4032258064516129,0.1774193548387097,base
terrified,0,0.0,0,1," ""Mysterious Hotel"" by Lara Croft, scene from the movie ""The Fountain of Youth"".

Plot summary:
The hotel is a beautiful, luxurious condo building that had a history of being owned by an important businessman. In the early 1990s, a young guy who was an avid tourist was murdered. This is where things really start to get interesting. The hotel",0,0,59.0,0.7796610169491526,0.0847457627118644,base
terrified,0,0.0,0,2,"  (I was talking to a guy on the phone) He's going to be fine, I'm going to let you know.  (he was telling her to go home)

Scene:  (he was talking to me while I was talking to him, then he asked me to go home) Do you need to go home?

Scene:  (he was telling me",0,0,57.0,0.5263157894736842,0.14035087719298245,base
terrified,0,0.0,0,3," A young woman at a bar who is waiting for her chance to dance with her friend.

Catch the episode and share the script in our social media.

How to watch: Watch the episode on your favorite TV channel.

P.S. Check out the episode on YouTube.",0,0,47.0,0.7872340425531915,0.0851063829787234,base
terrified,0,0.0,1,0," Mogadishu, a city, the capital of the kingdom of Mogadishu.

Background: It is a city of Mogadishu. The kingdom of Mogadishu (the name means ""kingdom"" in Arabic) is also home to some of the highest mountain ranges in the world. Mogadishu has over 100 miles of coast",0,0,46.0,0.5652173913043478,0.13043478260869565,base
terrified,0,0.0,1,1,"

What's the point of this scene if the three of you never finish?

You have your friends on their knees, and they're trying to find an item.

What's the point of this scene if the three of you never finish?

That's your choice to make, right?

But as your friends start to try to put something together, you realize",0,0,59.0,0.6101694915254238,0.06779661016949153,base
terrified,0,0.0,1,2," A little girl comes home from school and tells a story about her friends finding something unexpected. She plays a clip-on microphone over her ears and calls out for her friend.

Plot: A little girl finds something unusual in the backyard. She puts on her headphones and hears a noise from the neighbors. Her friends start talking and she hears a little girl talking. Her friends start talking to her",0,0,71.0,0.5774647887323944,0.09859154929577464,base
terrified,0,0.0,1,3,"

One of the friends is in trouble. She's in trouble. She's with another friend, a young boy. The boy is being very clever. He is very smart. He finds out that his friend is being very clever.

That's all the story the friend needs to know. She's being clever. She's being very smart. The boy wants to make sure he gets",0,0,61.0,0.5409836065573771,0.08196721311475409,base
terrified,0,0.0,2,0," I love the idea of a party in a hotel room, which you are invited to have a party in.

The character being in the lobby, being invited to a party.

Scene: The party.

The character being invited to a party.

Scene: That part is completely different to the first scene, but I think it’s fun.

Scene:",0,0,58.0,0.5344827586206896,0.10344827586206896,base
terrified,0,0.0,2,1," A man receives a news article on his Facebook page.

You can change the background of a scene by pressing the appropriate space bar.

Step 2

Press “Play” to create a new scene.

Step 3

Repeat the process for the next scene.

Step 4

Click “Add Scene” to appear as a preview.",0,0,49.0,0.7346938775510204,0.10204081632653061,base
terrified,0,0.0,2,2," Doodle

Character: Kylie Minogue

Theme: ""You're just a girl on a mission""

Repeat: ""She's just a girl on a mission""

Kylie Minogue is one of the stars of the MTV series Doodle. She's a model who sells her wares on the Internet, and she's also famous for",0,0,47.0,0.6382978723404256,0.10638297872340426,base
terrified,0,0.0,2,3," An old man is walking on the sea with his friend, who has just stopped to drink a glass. The old man has noticed that his friend has not eaten today and has decided to follow the old man to the sea. He asks the friend about the sea and his friend tells him that there is a young person who has a young boy. After the old man and the young person have passed by",0,0,76.0,0.5263157894736842,0.10526315789473684,base
terrified,0,0.0,3,0," I am in an empty room with a bunch of people, and I'm looking for a woman.

I guess if you're the one you're looking for, you might as well do it right. So you do the scene in question, and you figure out what's going on.

But you have to work on that.

But you can't work on the scene right",0,0,62.0,0.6774193548387096,0.08064516129032258,base
terrified,0,0.0,3,1,"

""No, that's my room. It's not a place I would like to go, is it?"" She looked from his face to hers, but she couldn't see his face.

He was silent for a while. Then he said, ""I don't want to leave you.""

""It's not like that,"" she said.

He said, """,0,0,51.0,0.7058823529411765,0.058823529411764705,base
terrified,0,0.0,3,2,"

Waiting in a quiet room

Scene:

Waiting in a quiet room

1. Take a moment to take in your surroundings, make notes, and then take a good look at the room.

2. Go over the scene again and make sure you have everything right. If there are any mistakes, don’t hesitate to make another scene with the new",0,0,57.0,0.6666666666666666,0.07017543859649122,base
terrified,0,0.0,3,3," (Riding on a motorcycle) A motorcycle accident happened on Sunday.

Rider: (Saw on the road) A bike accident happened on Sunday.

Shot: (Wrecking the bridge at the finish) A bike accident happened on Sunday.

The road is littered with debris and broken glass, which is not very dangerous.

Scene: (T",0,0,50.0,0.6,0.1,base
terrified,0,0.0,4,0,"

Shoot for 3-4 hours. The shoot is set up with 2x8 camera angles.

Hours:

7:30 – 6:00 pm

The main part of the shoot is in the kitchen with a small group of people, so there is no set-up.

It is a great idea to have a big table and chairs to sit",0,0,50.0,0.68,0.08,base
terrified,0,0.0,4,1," Sketch the background to a scene with a piece of artwork.

In the final scene of the film, the main character, Frank Grindler, starts to get into a car, pulls away from the driveway and exits to his home. Later, the actor begins to play a guitar and play guitar tunes in the background.

The soundtrack for the film, which is actually the same",0,0,64.0,0.640625,0.15625,base
terrified,0,0.0,4,2," A small office, a big meeting.

Scene 2: A very large office, a meeting with some people who want to use the money to pay for a new office.

Scene 3: A big office, a meeting with two people who have the secret wish to have a baby.

Scene 4: A big office, a meeting with some people who want a bigger office.",0,0,60.0,0.43333333333333335,0.18333333333333332,base
terrified,0,0.0,4,3,"

Piano player, singer, musician, playwright

Voice:

Morgan Goff

Dance:

The American Dance Company.

Sightseer:

Vincent M.

Piano:

Robert G.

Folk song:

The Flamingo's Song.

Chorus:

",0,0,25.0,0.84,0.08,base
terrified,0,0.0,5,0,"

In your room with the door closed, you're at work, and you're in the middle of a meeting with a boss. You're the head of a new team, and your boss wants to get a new team moving faster.

The boss asks you whether you're willing to move the team's equipment to the new company, to make a deal for a new contract.
",0,0,63.0,0.5714285714285714,0.09523809523809523,base
terrified,0,0.0,5,1,"

The story is told by a very talented actor in a high-end video game, who will be joining forces with the other characters in a game, and he is the one who brings the characters together.

Gather a group of friends and help them make a decision together.

What’s most exciting about the project?

The game is being released on November 1",0,0,63.0,0.7142857142857143,0.09523809523809523,base
terrified,0,0.0,5,2," ""Let me see, what do you think? I've got your name right on your door!""

""Who are you?""

""Someone like you.""

""Who are you?""

""I'll show you!""

I am holding my breath and pushing myself up. I am holding my breath! My feet are going to hit the floor and I will die with",0,0,54.0,0.7037037037037037,0.09259259259259259,base
terrified,0,0.0,5,3,"

The last scene in this episode was the beginning of the final episode.

The first 3,000 meters were about to change into another world and one of them was this one. The one who was in control of this world was the one who had the keys to this world.

The main character was in charge of this world's powers, which were:

The power",0,0,63.0,0.5238095238095238,0.14285714285714285,base
terrified,0,0.0,6,0," The second scene is a scene from a movie called ""Shoot."" The guy in the movie is in the middle of a lot of trouble in a dark city. The scene is about a guy who lives in a trailer. He runs into a police officer who asks him to come to a meeting that someone's trying to solve. The guy in the movie is trying to convince him not to come to",0,0,73.0,0.5068493150684932,0.1095890410958904,base
terrified,0,0.0,6,1,"

The hallway is a very short hallway.

What does it mean?

It's a very short hallway.

What's the purpose of the hallway?

It's a very short hallway.

What is the purpose of the hallway?

It's a very short hallway.

What's the function of the hallway?

It's a very",0,0,48.0,0.3125,0.16666666666666666,base
terrified,0,0.0,6,2," ""The Exorcist""

The Exorcist's opening scene was about ""a mysterious character who is looking for something he can't get."" The next scene depicts this character looking for the ""something"" he was looking for in his bedroom.

Scene: ""The Mask""

The next scene shows the Mask looking for the ""something"" he was looking for in his """,0,0,55.0,0.4727272727272727,0.14545454545454545,base
terrified,0,0.0,6,3," A man is being chased by his neighbors. Suddenly he spots his neighbor’s vehicle and screams for help.

In the meantime, the neighbor’s wife has died.

Scene: A man is taken to the hospital for treatment. He is ailing from his stroke.

Scene: A man is walking on the street, but suddenly he is seen running away from some shops",0,0,62.0,0.6612903225806451,0.08064516129032258,base
terrified,0,0.0,7,0," The girl is walking, in the moonlight, through the woods. The boy is carrying a little boy in his arms. She's holding him. He looks out the window.

Act 1 Scene 2 Scene 3 Scene 4 Scene 5 Scene 6 Scene 7 Scene 8 Scene 9 Scene 10 Scene 11 Scene 12 Scene 13 Scene 14 Scene 15 Scene 16 Scene 17 Scene 18 Scene 19 Scene 20 Scene 21 Scene",0,0,50.0,0.46,0.42,base
terrified,0,0.0,7,1," The townspeople are walking through town.

Story: The story of a family and their new found friend.

Director: Chris Kraft

Music:

The soundtrack features songs from the film “Daddy, You’re the Only One”, as well as “The Sound of Things”, by The Simpsons.",0,0,44.0,0.7954545454545454,0.1590909090909091,base
terrified,0,0.0,7,2," This scene is done with the aid of a tripod and a microphone. The camera is put on top of the tripod and the two of them stand on a chair. A camera in a corner of the room is held by the two people, who stand up against the wall and use their hands to make it easier for the photographer. The people on the chair are both smiling. A microphone on",0,0,73.0,0.5753424657534246,0.136986301369863,base
terrified,0,0.0,7,3,"

The scene plays and the two people walk through town at night.

Action:

The person is seen walking through town, and the two people are walking through town at night.

Scene:

The person is seen walking through town, and the two people are walking through town at night.

The person is walking through town, and the two people are walking",0,0,60.0,0.2833333333333333,0.13333333333333333,base
terrified,0,0.0,8,0," A small, dark, room, set up to allow for dialogue, and a small, dark room.

Text: A short scene with the teacher being told to speak quietly.

Scene: A short scene with the teacher being told to speak quietly.

Text: A short scene with the teacher being told to speak quietly.

Scene: A short scene with the teacher being",0,0,59.0,0.3559322033898305,0.1016949152542373,base
terrified,0,0.0,8,1," A student sits on a table during a classroom discussion.

Text: The student asks for clarification.

Text: The teacher tells the student what is wrong.

Text: The student says ""Yes, but your teacher is the same.""

Text: The teacher says ""Okay, that's enough.""

Text: The student says ""I know that's wrong, but",0,0,52.0,0.5384615384615384,0.1346153846153846,base
terrified,0,0.0,8,2,"

When the class has all finished, the teacher will be asked to call his students. The student will receive a hand. The teacher will ask the student if he wants to be a teacher or a student. The student answers yes. The teacher calls his students to explain the situation. The student responds with a hand. The teacher gives his students a hand of a hand. The student then says",0,0,70.0,0.4857142857142857,0.15714285714285714,base
terrified,0,0.0,8,3," ""The student has a teacher speaking with him. The teacher is talking about a class that he has just started. The student is talking with his teacher on the bus. The student is speaking about the class and the teacher is speaking with the student. The student is talking with his teacher. The student is talking with the teacher and the teacher is speaking with the student. The student is talking with the",0,0,73.0,0.273972602739726,0.2054794520547945,base
terrified,0,0.0,9,0," A girl is making her way to a big green house.

You may want to do some background for the scene as you are doing the scene.

In this scene, you have to make sure that you can easily grab your camera.

If you have a bad camera you can shoot it right.

You should have a good idea of what you want to do and how",0,0,67.0,0.6716417910447762,0.11940298507462686,base
terrified,0,0.0,9,1,"  
1.  A young woman is sitting at a café in Paris.  
2.  She has a bottle of wine in her hand.  
3.  Her husband's name is Georges.  
4.  Her two friends, the younger of whom is Georges, are sitting on the patio in the summer sun.  
5.  They are discussing the",0,0,46.0,0.6739130434782609,0.08695652173913043,base
terrified,0,0.0,9,2," A man is walking through a forest in the middle of a forest. He is walking, but he doesn't know where to go. He is alone, but at the moment he is walking by the edge of the forest.

Scene: The man walks down a street of the town. He has a shop, but it is empty. He sees a stranger who is walking by the shop.",0,0,67.0,0.5074626865671642,0.1044776119402985,base
terrified,0,0.0,9,3,"

It has been told in one of the books that to understand something, you must understand it first, then imagine that it is there before you, then think of it, and so on. This is the same way you must think of ideas before thinking of words. But there is an important difference in the way you think about ideas. When you think about things, you are thinking of them",0,0,70.0,0.5714285714285714,0.08571428571428572,base
terrified,12,2.0,0,0," An old man in his 60s and wife, with the children, ages 12 to 15, on the front porch of their home.

Scene: An old man in his 60s and wife, with the children, ages 12 to 15, on the front porch of their home.

Scene: An old man in his 60s and wife, with the children, ages 12 to 15",0,0,55.0,0.36363636363636365,0.09090909090909091,terrified_l12_a2p0
terrified,12,2.0,0,1,"

A short scene about someone arriving home after a difficult day.

I found a very, very, very short scene, about someone arriving home after a difficult day. I thought it was a very short scene.

I found a very short scene about someone arriving home after a difficult day.

Scene:

A short scene about someone arriving home after a difficult day.",0,0,61.0,0.26229508196721313,0.14754098360655737,terrified_l12_a2p0
terrified,12,2.0,0,2," A girl is heading home after a difficult day after a difficult day.

The scene is for a scene, but is not meant to be taken too seriously, as you must have a character in mind. It may be a short scene, but it is also very disturbing. I’m not sure how the scene should be taken, but I think it should be enough for someone to notice the",0,0,70.0,0.5857142857142857,0.08571428571428572,terrified_l12_a2p0
terrified,12,2.0,0,3," A new kind of love, a new friendship, a new life together.

Scene: A girl, a girl, a girl.

Scene: A girl, a girl.

Scene: A girl, a girl, a girl.

Scene: A girl, a girl, a girl.

Scene: A girl, a girl, a girl.

Scene",0,0,46.0,0.21739130434782608,0.3695652173913043,terrified_l12_a2p0
terrified,12,2.0,1,0," An airship flies overhead. Two men and a girl. The girl has blue eyes. The airship is circling the moon. Another woman, a small girl, sits in the center of the deck. One of the men has climbed up on the rail, which is moving too fast for him to see. A girl has a blue dress on and is standing with her legs spread wide. She",0,0,67.0,0.6716417910447762,0.1044776119402985,terrified_l12_a2p0
terrified,12,2.0,1,1," The first person scene is a short scene about three people finding something unexpected.

Scene: The second person scene is a short scene about three people finding something unexpected.

Scene: The third person scene is a short scene about three people finding something unexpected.

Scene: The fourth person scene is a short scene about three people finding something unexpected.

Scene: The fifth person scene",0,0,64.0,0.265625,0.203125,terrified_l12_a2p0
terrified,12,2.0,1,2," A short scene about a short scene about two friends finding something unexpected.

Scene: A short scene about a short scene about two friends finding something unexpected.

Scene: A short scene about a short scene about two friends finding something unexpected.

Scene: A short scene about a short scene about two friends finding something unexpected.

Scene: A short scene about a short scene about",0,0,64.0,0.140625,0.21875,terrified_l12_a2p0
terrified,12,2.0,1,3," One

Ghost

Name: Spike

Age: 21

Size: 26"" x 24""

Shape: Shiny

Shape Type: Body

Shape Description: Spike and Caleb are looking at a dark room, where they have been found.

Color:

Layers: Dark

Ghost

Name: Spike",0,0,34.0,0.7941176470588235,0.08823529411764706,terrified_l12_a2p0
terrified,12,2.0,2,0,"
The world of the Star Wars saga has been battered by the events of the events of the events of the events of the events of the events of the events of the events of the events of the events of the events of the events of the events of the events of the events of the events of the events of the events of the events of the events of the events of the events of the events",0,0,79.0,0.13924050632911392,0.31645569620253167,terrified_l12_a2p0
terrified,12,2.0,2,1," ""Piece of cake, it's just a short scene,"" and you think, ""Why bother?""

The scene cuts.

The scene stops.

Then he looks in his pocket, and you realize that something important is lying on the floor.

You can still see the blood, which is still wet.

You know, he's dead.

But",0,0,51.0,0.7843137254901961,0.0784313725490196,terrified_l12_a2p0
terrified,12,2.0,2,2," A story of a time when a man had been convicted of murder and sent to a mental institution.

Scene: A story of a time when a man had been convicted of murder and sent to a mental institution.

Scene: A story of a time when a man had been convicted of murder and sent to a mental institution.

Scene: A story of a time when a man",0,0,68.0,0.23529411764705882,0.22058823529411764,terrified_l12_a2p0
terrified,12,2.0,2,3," The person who received surprising news.

Anxious for the safety of her mother and her family.

Scene: In a hospital room.

Scene: After a few days.

Scene: A patient.

Scene: The person who has received strange news.

Scene: The person who has received strange news.

Scene: The patient who was hospitalized",0,0,51.0,0.5294117647058824,0.11764705882352941,terrified_l12_a2p0
terrified,12,2.0,3,0," In a quiet room.

Gone

2. Scene: Scene

In a quiet room.

In a quiet room.

In a quiet room.

In a quiet room.

In a quiet room.

3. Scene: Scene

In a quiet room.

In a quiet room.

In a quiet room.
",0,0,41.0,0.14634146341463414,0.21951219512195122,terrified_l12_a2p0
terrified,12,2.0,3,1,"

She had just moved in to her home, where she had slept on the floor. Her husband had left her a note, but she couldn’t read the address because the door was locked.

And she wasn’t sure what he had done.

She knew it wasn’t something to be feared. And she didn’t think there was anything she would have to",0,0,64.0,0.671875,0.109375,terrified_l12_a2p0
terrified,12,2.0,3,2," The room.

I want to see this scene, and if I don’t, the scene is too loud, I feel a bit disoriented, and I don’t know why.

I close my eyes, and I start to cry.

It’s quiet, and in the moment, I can’t stop crying.

I don’t think I",0,0,55.0,0.6363636363636364,0.16363636363636364,terrified_l12_a2p0
terrified,12,2.0,3,3," A guy in a suit. He wears a suit, but still, when you talk to him, it really does sound a little silly.

Scene: A young girl in a red dress. She has a red scarf covering her face. She isn’t dressed like a woman, but she is in her red dress, and she’s walking very slowly.

Scene: A man",0,0,62.0,0.6774193548387096,0.14516129032258066,terrified_l12_a2p0
terrified,12,2.0,4,0," The main character is a young boy, who is about to be adopted by a female friend. He had a dream that he was a boy, but his father died and his mother remarried a woman. The woman was a beautiful woman who spoke very eloquently about her family. When the girl was about five, she had a dream that she was the only one in the family. She had a",0,0,71.0,0.5774647887323944,0.11267605633802817,terrified_l12_a2p0
terrified,12,2.0,4,1,"

Teddy Pyle and John Cleese were introduced as two men, and they were also in the company of one of the men in the elevator, an old man with a pipe.

Chapter Title

The title sequence of the movie is the sequence shown in the section entitled ""The Time of the Man in the Water"" (Chapter 7 of The Time of the Man in",0,0,63.0,0.5396825396825397,0.19047619047619047,terrified_l12_a2p0
terrified,12,2.0,4,2," This is the beginning of a longer scene.

Chapter 12: A Little Something

Scene: A little something.

Chapter 13: A Little Something

Scene: A little something.

Chapter 14: A Little Something

Scene: A little something.

Chapter 15: A Little Something

Scene: A little something.

Chapter 16: A Little",0,0,43.0,0.2558139534883721,0.23255813953488372,terrified_l12_a2p0
terrified,12,2.0,4,3,"

I just got the script. It’s going to do this. There’s a voice that just plays. It’s going to play the whole scene. It’s going to stop. It’s gonna come back. It’s gonna stop again. It’s going to come back. It’s going to stop again.

And this guy…

",0,0,56.0,0.4642857142857143,0.14285714285714285,terrified_l12_a2p0
terrified,12,2.0,5,0," The night I have this dream

What I would like to see are

All of the buildings that I've seen

I see the sky in a thousand shades of gray

All of the people I've seen in this room

I see the way this room is

It's like a dream of light

A light that would not fade

But I don",0,0,61.0,0.5573770491803278,0.08196721311475409,terrified_l12_a2p0
terrified,12,2.0,5,1," A man is walking. The man is looking at his house.

The man is looking at his house.

Scene: A man is walking. The man is looking at his house.

The man is looking at his house.

Scene: A man is walking. The man is looking at his house.

The man is looking at his house.

Scene",0,0,57.0,0.17543859649122806,0.15789473684210525,terrified_l12_a2p0
terrified,12,2.0,5,2," In a building in the middle of a sea of stone, a young woman with a big dark face, faces full of sorrow and the fear of what she will face after hearing what her husband has done to her.

Scene: A young man with a strange, black face, lying on the ground.

Scene: A large building on a small beach.

Scene: A young",1,1,64.0,0.609375,0.140625,terrified_l12_a2p0
terrified,12,2.0,5,3,"

A moment of silence

The silence, like a bell, a sound

The silence, like a bell, like a sound

The silence, like a bell, a sound,

The silence, like a bell, a sound,

The silence, like a bell, like a sound,

The silence, like a bell, a sound,

",0,0,48.0,0.16666666666666666,0.2708333333333333,terrified_l12_a2p0
terrified,12,2.0,6,0,"

The world has a strange and strange connection to the human mind. A man, having lived a long life, a broken body, a lost love, an uncertain home, an insane family, a dark and deadly secret, a sick man...

The man in the dream, still alive, is facing the wall and he cannot save him. The man is an enemy. He can die",0,0,63.0,0.6666666666666666,0.1111111111111111,terrified_l12_a2p0
terrified,12,2.0,6,1," a girl holding her young daughter.

The door that opened is now a small, dark, and narrow hole.

Scene: A woman who is not the victim.

""Ahhh!""

This scene would be shot with the same length as the opening shot of a horror movie.

A moment later the camera pans, and the opening of the opening of the",0,0,58.0,0.6724137931034483,0.13793103448275862,terrified_l12_a2p0
terrified,12,2.0,6,2," A car coming towards them in the distance, a lighthouse.

Scene: The car stops, a man with long white hair.

Scene: A man in a suit, a suit with a large buttonhole at the back of it, and a huge belt.

Scene: The man with the long white hair.

Scene: A car coming on the road, a",0,0,57.0,0.49122807017543857,0.17543859649122806,terrified_l12_a2p0
terrified,12,2.0,6,3,"

A woman opens the door she had opened before to a stranger, a woman in a black coat. The stranger is a small, frail man wearing a dark shirt and dark jeans.

The woman in the coat opens the door and the two men in the coat are both wearing dark blue hoodies. The woman in the hoodies has dark sunglasses on and her eyes are wet",0,0,67.0,0.5223880597014925,0.13432835820895522,terrified_l12_a2p0
terrified,12,2.0,7,0," Scene 2: The Last of the Animals, the fourth in the series and one of the most important ones in history.

Scene: Scene 1: The last of the animals, a monster.

Scene: Scene 2: The last of the animals, a monster.

Scene: Scene 1: The last of the animals, a monster.

Scene: Scene 2: The",0,0,50.0,0.32,0.24,terrified_l12_a2p0
terrified,12,2.0,7,1,"

A streetlight turns and lights a long way off. A few houses are on fire. It's dark. The moon shines.

The air is thick with smoke. It's hard to see. The streetlights go out. The streetlights are off. A man walks through the town. He's blind.

The man isn't walking fast. The road goes straight",0,0,55.0,0.7454545454545455,0.12727272727272726,terrified_l12_a2p0
terrified,12,2.0,7,2,"

-

Story:

-

A man's face is framed against the light in a window and the night-time scene flashes through the air in a dream.

-

Scene:

-

Story:

-

The man's face is framed against the light in a window and the night-time scene flashes through the air in",0,0,47.0,0.40425531914893614,0.14893617021276595,terrified_l12_a2p0
terrified,12,2.0,7,3," ""No one knows the day well. I can feel my skin crawling. I see nothing. There's a smell and a sound, and when my body senses it, the ground beneath me turns and I'm crawling.""

The boy is staring at the dark, dirty, and broken-in ground. His hands are raw from the dirt, and his eyes are wide with fear.

",1,1,61.0,0.7540983606557377,0.08196721311475409,terrified_l12_a2p0
terrified,12,2.0,8,0,"

The student comes to the school to speak to a teacher.

Scene Description:

The student is talking to a teacher after class.

Scene Description:

The student is speaking to a teacher after class.

Scene Description:

The student is speaking to a teacher after class.

Scene Description:

The student is speaking to a teacher after",0,0,54.0,0.2777777777777778,0.12962962962962962,terrified_l12_a2p0
terrified,12,2.0,8,1," The student is speaking.

Scene: The teacher is speaking.

Scene: The teacher is speaking.

Scene: The teacher is speaking.

Scene: The teacher is speaking.

Scene: The teacher is speaking.

Scene: The teacher is speaking.

Scene: The teacher is speaking.

Scene: The teacher is speaking.

Scene",0,0,45.0,0.13333333333333333,0.2,terrified_l12_a2p0
terrified,12,2.0,8,2," ""Oliver the Bane.""

A:

The best way to find out the name of the character you're talking to is to look up the first three letters of the first letter in the list. If the last three letters are spelled correctly, you will be able to look up the character in a few seconds.

The only way to find out the name of the character",0,0,65.0,0.5384615384615384,0.18461538461538463,terrified_l12_a2p0
terrified,12,2.0,8,3," “I had so much fun with this class, I was so nervous, I had to go over there and stand up and make myself strong,” she says, laughing.

Scene: The student tells her story and she tells her story to the teacher and a classmate. They decide to read to their class, while the teacher gets upset with the student who is sitting next to her, yelling",0,0,67.0,0.6567164179104478,0.07462686567164178,terrified_l12_a2p0
terrified,12,2.0,9,0," The scene, which is a short scene, that is also a collection of objects with a brief moment of time.

Scene: Scene with a brief moment of time.

Scene: Scene with a brief moment of time.

Scene: Scene with a brief moment of time.

Scene: Scene with a brief moment of time.

Scene: Scene with a brief moment",0,0,58.0,0.25862068965517243,0.20689655172413793,terrified_l12_a2p0
terrified,12,2.0,9,1,"

Scene:

The episode's title is an old-fashioned word for ""You've got this."" The episode is about a young woman who discovers that an ordinary object matters. The woman is being chased by a group of men, and discovers that she is being chased by a man. The man is a friend of the woman, and she is being pursued by him. The man's",0,0,64.0,0.578125,0.09375,terrified_l12_a2p0
terrified,12,2.0,9,2,"

A brief scene about the death of a woman in a hospital.

Scene:

A woman in her 80s, wearing a simple white suit and tie.

Scene:

A woman with a very short face, wearing a simple white suit and tie.

Scene:

A woman in a light-colored suit, wearing a simple white suit and tie",0,0,55.0,0.43636363636363634,0.2,terrified_l12_a2p0
terrified,12,2.0,9,3,"

“I’m an ordinary object” is a great scene. It’s a great scene, but it’s not perfect.

“They’re out there, in a big place” is not a great scene. It’s not perfect either.

Scene 2

“Now he’s got me! Now I can’t get it!”

",0,0,49.0,0.5918367346938775,0.08163265306122448,terrified_l12_a2p0
terrified,12,4.0,0,0," I could hear the distant, metallic voice of an unknown alarm.

I stood in the shadow of the cliff, looking up as I watched a horrifying, dark cloud descend, blackened and swallowed, and then, slowly, as the air rushed through my body, the blood stopped to flow. I stood in a dizzying, dizzying agony. I could see the jagged, black",0,0,60.0,0.7166666666666667,0.1,terrified_l12_a4p0
terrified,12,4.0,0,1,"
A man in a dark coat is sitting on the couch. He looks over at the couch and then he hears a sound. He sees a man moving slowly. The man is standing in the doorway.

A tall, broad, strong man is standing at the edge of the light. He is also lying on the couch. The man is on the couch.

As the man moves",0,0,66.0,0.5,0.15151515151515152,terrified_l12_a4p0
terrified,12,4.0,0,2," A small boat plunges out into the sea, but is soon overrun by waves and foam, and the sound of the water crashing into the shore.

The boat slows and the only sound is the crashing of waves.

The wind is high and the boat is rocking wildly.

A boy's face seems to be moving.

A girl's face appears in the water",0,0,62.0,0.5806451612903226,0.16129032258064516,terrified_l12_a4p0
terrified,12,4.0,0,3," An hour-long flashback about a man on the run. A man holding a gun to his head, with a gun pointing up.

Scene: A small boy. A small boy on the run.

Scene: A small boy. A small boy on the run. A little boy. A little boy.

Scene: A small boy. A small boy on the run",0,0,59.0,0.3728813559322034,0.2033898305084746,terrified_l12_a4p0
terrified,12,4.0,1,0,"

""You're getting closer, you're going to die,"" the voice of the voice behind him.

Hands over the air, he heard the sound of the door crashing through the air.

* * *

Boom!

The blast door slammed open on its hinges as the door behind it closed.

* * *

""Boom",0,0,45.0,0.6666666666666666,0.17777777777777778,terrified_l12_a4p0
terrified,12,4.0,1,1,"

I opened the window, and I saw the lights on my friends, and I thought, it's time to wake up. The lights on the side of the house were on, and I was inside. There was no time to lose. I ran for the door, and then I was.

I ran for the door, and I saw my friend who had the same name.",0,0,64.0,0.53125,0.125,terrified_l12_a4p0
terrified,12,4.0,1,2," Rack up.

(A sound rattle. A thin, metallic ticking sound. A sharp, urgent thud. A sharp, audible scream. And in the next moment, it all went black.

And I was up against the steel of the monster.

I could feel it all.

It clawed my body and turned me into a black hole of",0,0,54.0,0.6851851851851852,0.09259259259259259,terrified_l12_a4p0
terrified,12,4.0,1,3," A story about two friends, and the need to find that something.

Scene: A story about two friends, and the need to find that something.

Scene: A story about two friends, and the need to find that something.

Scene: A story about two friends, and the need to find that something.

Scene: A story about two friends, and the",0,0,59.0,0.22033898305084745,0.0847457627118644,terrified_l12_a4p0
terrified,12,4.0,2,0," The room is about to be evacuated.

The room is in the center of the city.

Scene: A man is being transported.

The man is a man.

Scene: The man is bleeding.

Scene: The man is being transported.

Scene: A man in a hospital.

Scene: The man is being transported.

Scene",0,0,51.0,0.35294117647058826,0.1568627450980392,terrified_l12_a4p0
terrified,12,4.0,2,1," A momentary lightening occurs. A man, breathing heavily, appears beside the house. He is wearing a suit, and his voice is faint, muffled.

Scene: A woman wearing a purple dress appears beside the house. She is screaming. She is also screaming.

Scene: The man looks directly at the woman, but the woman only seems to hear him. She is",0,0,59.0,0.6101694915254238,0.0847457627118644,terrified_l12_a4p0
terrified,12,4.0,2,2," S.Y.U.S. Army

The player now had to be on the move once again and be unable to move on without assistance. A moment of panic followed the escape, and the main object in the city was torn from the battlefield, the entire city falling to the earth below.

The player landed inside the city and was knocked unconscious by the ground.

The",1,1,65.0,0.6461538461538462,0.18461538461538463,terrified_l12_a4p0
terrified,12,4.0,2,3,"

A black body lies in a large hospital room.

The Doctor is a young doctor but in his profession he is an ex-physician.

A huge, empty room.

The Doctor sits at a table. He has a glass of water.

The Doctor is unconscious.

The Doctor is on the floor.

The Doctor is being told to",0,0,56.0,0.6071428571428571,0.10714285714285714,terrified_l12_a4p0
terrified,12,4.0,3,0," A man holding a hammer. The man is yelling but can't find his voice. They hear the sounds of the air. He's got the hammer and they're yelling for him to get up.

He's holding a hammer. The man can't see it. It hurts and there's a lot of blood. They can't move.

He's still holding the hammer, but",0,0,59.0,0.576271186440678,0.1016949152542373,terrified_l12_a4p0
terrified,12,4.0,3,1,"

Hector and Othain are in a room with a woman and a child in it. The woman is blind. Hector is about to fall. He is afraid to move his legs or his body. He is afraid to rise.

The woman looks like an old woman with a long body, long hair, and a small, heavy nose. She has a long, narrow",2,1,62.0,0.5967741935483871,0.0967741935483871,terrified_l12_a4p0
terrified,12,4.0,3,2,"

There is a quiet hallway to my left. I can see that there are shadows and there is someone that looks like I am.

I look over at my friend. I can see that the guy is breathing heavily. I don't know if that is him.

I see an open door and the floor moves. I have a bad feeling in my stomach. I don't",0,0,65.0,0.6307692307692307,0.12307692307692308,terrified_l12_a4p0
terrified,12,4.0,3,3," a girl and her boyfriend, talking in the next room.

Ran. The water ran over her face.

""Ran!""

""Ran!""

He screamed.

Her eyes.

She was dead.

There was nothing to stop him.

He wasn't even hurt.

He kept on coming.

He felt",0,0,42.0,0.7619047619047619,0.09523809523809523,terrified_l12_a4p0
terrified,12,4.0,4,0,"

A man sits alone on a high stone. The moon is in the sky.

A voice from the darkness. ""I did it!""

A scream!

Anger!

A deep, loud, long-drawn scream.

""It was you!""

""It was you!""

""It was you!""

A silence!
",0,0,42.0,0.6428571428571429,0.14285714285714285,terrified_l12_a4p0
terrified,12,4.0,4,1," Dying, with an old man beside him holding a handwritten letter

The final scene

Spencer’s eyes opened and he stared up at the ceiling, and they had to move on.

The moment was all around him and the sound of his breathing came. He had to make his way in the room to the other end of the room, but it was a",0,0,64.0,0.71875,0.109375,terrified_l12_a4p0
terrified,12,4.0,4,2,"

The next scene is more frightening for the characters who are close to it. Two female figures stand on the floor, with a man in the middle of it standing by the door. She is the one the most frightened. She has an image that has already been distorted in her mind. The shape of the figure in the middle of the door is very familiar. The figure in the middle of",1,1,72.0,0.625,0.18055555555555555,terrified_l12_a4p0
terrified,12,4.0,4,3," A red door opens in the ceiling. You step inside, and a woman screams. She screams for you, and for you, you have to find your own way.

Scene: A man. He is dead and you can smell it, and his body is covered in blood.

Scene: A boy.

Scene: The sky is blue. The air is filled with the",0,0,60.0,0.65,0.08333333333333333,terrified_l12_a4p0
terrified,12,4.0,5,0,"

A group of children in a small village, a group of children and a group of men fighting for the right to kill each other. There was a huge hole in the sky. A group of men were yelling. A group of men were attacking the sky with torches. The men in the group of men were wearing masks. A group of men were laughing. A group of women were",0,0,70.0,0.44285714285714284,0.12857142857142856,terrified_l12_a4p0
terrified,12,4.0,5,1," Falling through the air

Background: A group of people are fighting.

Scene: Falling through the air

Background: A group of people fighting.

Scene: Falling through the air

Background: A group of people fighting.

Scene: Falling through the air

Background: A group of people fighting.

Scene: Falling through",0,0,47.0,0.2553191489361702,0.10638297872340426,terrified_l12_a4p0
terrified,12,4.0,5,2," An area where the action takes place, as a group makes a decision together. The group, in this case a room. The room is empty, but there's a presence in the room. This is not the time to be awake, but not completely asleep either. A few minutes later there's a sound. It's like someone has broken through the walls. The room. All of it.",0,0,65.0,0.676923076923077,0.1076923076923077,terrified_l12_a4p0
terrified,12,4.0,5,3," A woman standing in a hallway, waiting for an elevator to come in.

An elevator would come in. The elevator would come in, and the elevator would follow it until the elevator doors would open again.

The elevator would open, and a woman would come into the elevator. The elevator would open, and the elevator would come in.

The woman in the elevator would come",0,0,65.0,0.3230769230769231,0.15384615384615385,terrified_l12_a4p0
terrified,12,4.0,6,0," ""Phenomenal.""

I woke up from a short sleep, and then the entire room seemed to pulsate with a kind of heat. I tried to move my legs but I was unable to move my legs. I fell off my seat.

I fell over, and then I was falling. I tried to get up, but I couldn’t, and I couldn’",0,0,60.0,0.5833333333333334,0.15,terrified_l12_a4p0
terrified,12,4.0,6,1," A man has been stabbed through the heart by a man who is carrying a knife, the victim of a sudden attack.

Scene: The man is bleeding and is not moving, the victim is unresponsive.

Scene: A man with his arms around the victim, he has been shot twice, the victim is also dead, the man has blood running down his body.

Scene",0,0,63.0,0.5714285714285714,0.1111111111111111,terrified_l12_a4p0
terrified,12,4.0,6,2,"

An explosion shook the house, but there was no sound.

An explosion shook the house, but there was no sound.

A door slammed into the stone wall behind the house.

Chapter 5

A loud noise, the loudest sound, then the sound of a door closing, which made everyone's bodies shake.

Ryth, the head,",0,0,52.0,0.5961538461538461,0.1346153846153846,terrified_l12_a4p0
terrified,12,4.0,6,3," A lighthouse was lit in the darkness.

Ridley: I need to go and I can't see.

Chloe: I can't get inside!

Chloe: I'm coming too.

Ridley: No. There's nothing.

Chloe: What is happening?

Ridley: I can't breathe!

",0,0,37.0,0.7567567567567568,0.10810810810810811,terrified_l12_a4p0
terrified,12,4.0,7,0," Rows of broken men lying on the ground. A man looks through the window as he pulls off the bed and goes on in the dark.

The film has been going on for around ten minutes.

There is a voice shouting out and screaming in the darkness. A great silence hangs over the whole area. A woman screaming in panic.

A woman's voice screams in the",1,1,66.0,0.7121212121212122,0.12121212121212122,terrified_l12_a4p0
terrified,12,4.0,7,1," On a night when the moon is a deep blue and the stars are bright bright, a man appears, walking on a black road, and the man looks up, and the man’s face appears before him and he falls upon his own neck, he stumbles and he stabs him to the ground and he stabs him again, he stabs him still, he stabs him again,",0,0,66.0,0.5454545454545454,0.09090909090909091,terrified_l12_a4p0
terrified,12,4.0,7,2," The streets are dry; the air is stung, as if someone was walking in the street.

S.No Sound.

Scene: The sound of my own breathing.

R.No sound.

Scene: The sound of the wind, which is like a howling wind.

Scene: I’m surrounded by a darkness. The light is coming from",0,0,53.0,0.6792452830188679,0.1320754716981132,terrified_l12_a4p0
terrified,12,4.0,7,3," The road that leads to the hotel.

Camera: Camera 1.

Scene: The scene.

Camera: Camera 2.

Scene: The scene.

Camera: Camera 3.

Scene: The scene.

Camera: Camera 4.

Scene: The scene.

Camera: Camera 5.

Scene: The scene.

",0,0,32.0,0.25,0.3125,terrified_l12_a4p0
terrified,12,4.0,8,0," 'The Sphinx of Grafton'

Scene: 'The Sphinx of Grafton'

Door: The opening of the tunnel.

Stage: A black shaft.

Door: The door opens into the tunnel.

Ghostly darkness.

Door: The door opens into a room.

Door: The",0,0,37.0,0.4864864864864865,0.16216216216216217,terrified_l12_a4p0
terrified,12,4.0,8,1,"  
[HONOLULURE]  
A person is about to die.  
This is the first step.  
The person is dying.

The person is dying because of a disease in one of his cells.

The person is dying because of a disease that is in the earth.

The person is dying because of a disease that is in the earth",0,0,55.0,0.38181818181818183,0.14545454545454545,terrified_l12_a4p0
terrified,12,4.0,8,2," The girl of eight in the room

You see something, and you look through the door as it opens, you hear the sound of heavy footsteps. You turn to see that, at the end of the corridor, a man is moving forward. He is wearing the same clothes, but his face is covered by a long garment. He's a man whose face turns a sickly red. He",0,0,67.0,0.7014925373134329,0.1044776119402985,terrified_l12_a4p0
terrified,12,4.0,8,3," ""What is it with you?""

""No. No. What is it with you?"" The sound of a voice inside the hallway. The sound of footsteps coming closer. The footsteps coming closer. The sound of the wind inside the hallway.

""Stop! Please stop!"" a woman screams. She takes a step back. She grabs a man and she pulls him back and puts a",0,0,61.0,0.5081967213114754,0.11475409836065574,terrified_l12_a4p0
terrified,12,4.0,9,0,"

And, once again, there is a feeling in the air. As he sees her, he feels a sudden urge to take a step. But he does not; as he hears, he hears the voices of his brothers, and he struggles to lift himself into a cramped position, but he does not fall, and he does not escape.

Then there is a dark, terrifying",0,0,63.0,0.6190476190476191,0.12698412698412698,terrified_l12_a4p0
terrified,12,4.0,9,1,"

A man’s body parts, hair, and clothes.

The man is alive and dead in the background of a black scene.

A man is walking on a straight path.

A man is being struck by an unknown object.

A man is looking for someone.

A man is on the roof of the train.

The man is standing",0,0,57.0,0.5789473684210527,0.12280701754385964,terrified_l12_a4p0
terrified,12,4.0,9,2,"

A short scene that begins with the word ""b"" and ends with the word ""b"" (the first three letters of the words for ""b"" are the same as the first word of the sentence). The scene appears to be a short building, as the voice of the narrator says, ""This is the house of the poor."" The voices of the characters (the voices of the",0,0,65.0,0.5230769230769231,0.24615384615384617,terrified_l12_a4p0
terrified,12,4.0,9,3," A small boy, his head on a pillow, his eyes closed. He's dead.

_She's out. She's out!_

_She's out!_

_She's out!_

_She's out!_

_She's out!_

_She's out!_

_She's out! She's out!_

_She's",0,0,32.0,0.40625,0.3125,terrified_l12_a4p0
terrified,12,8.0,0,0,"

A low-pitfall pitch and cracks in the ceiling are the only sounds. Tears fill the air.

Sierra bleaker than any sound, and a cold, moist rumbling in all the right places.

A horde of dark shapes loom through the darkness. Sizzling, and agony.

The blood, the agony, the cold, and",0,0,51.0,0.7058823529411765,0.1568627450980392,terrified_l12_a8p0
terrified,12,8.0,0,1," A white sheet, a cold wind, and a thick, wet smell. The cold, sweaty, and wet.

The floor was like water, but a foul chill and a cold, cold. The world was cold.
The earth was heavy and heavy. A cold and hard rain made the whole place. It took the breath out, and blood rushed up to the inside of your",0,0,62.0,0.5967741935483871,0.11290322580645161,terrified_l12_a8p0
terrified,12,8.0,0,2," a cold, wet, and fast, a great crash, and a deep, piercing sound. Blood in the cold.

The pounding sound of a cold, metallic clench.

The men fell around them. Bloody. Watery, cold.

She pushed against it. She was cold, and she could feel the earth shaking. The water and bone-sheets,",1,1,52.0,0.6730769230769231,0.09615384615384616,terrified_l12_a8p0
terrified,12,8.0,0,3," In the empty alley, a man stands still, still, and she drops to all the parts.
And a woman screams.

He heard her voice. She was the smell of blood.

""Don't let go!"" she screamed.

And a cold and soundless was the sound of a man breaking through the cold in the narrow alley.

The air was heavy",0,0,58.0,0.6206896551724138,0.1206896551724138,terrified_l12_a8p0
terrified,12,8.0,1,0," The wall was the first sensation. Her pulse was pounding, and she fought against the hard wall of the building. She felt the weight of a cold, wet wind. The wind was cold as the first sensation. Her body was spinning, and her head turned to the metal floor. She felt the sharp, cold air filling her lungs. She heard the grit and grit of bones and the",0,0,68.0,0.5294117647058824,0.16176470588235295,terrified_l12_a8p0
terrified,12,8.0,1,1,"  
A bolted metal wall. A cold, wet echoing, and metal.
The final effort, she was in. Her eyes were shut.

A moment of silence.
Pulse beats.
His vision widened and he was screaming. His body shuddered.

Bossy. The metal ceiling was a sharp pain. A cold, wet scream.
The",0,0,49.0,0.7142857142857143,0.10204081632653061,terrified_l12_a8p0
terrified,12,8.0,1,2," the water-fall, then a long, slow falling.

A sharp, crunching sound.

Carmax.

The stone was hot on the side of the cabin, where the blackness spread beneath it.

The sound of a cold metal grating on the inside of the cabin.

A warm, wet, chilling pain.

The sound of two",0,0,51.0,0.6470588235294118,0.17647058823529413,terrified_l12_a8p0
terrified,12,8.0,1,3,"

Hearts screaming out, blood pouring. She screamed and the air moved, and her breath racked.

“Get out!”

Morgan moans.

She screamed as a cold, wet, and hot metal-cold, like a falling earth, and she felt a horrible, cold, motion.

Morgan screamed and the earth and her feet hit the",0,0,50.0,0.62,0.12,terrified_l12_a8p0
terrified,12,8.0,2,0," the one where the wind and smoke were heavy. The water was a deep, wet and cold, and the air was cold and heavy. The face had red, and blood was pounding in the darkness. The wind and smoke was tearing the clothes. A cold, hard, wet, and hot.

The woman's cries echoed.

The water grew more and deeper.

The",0,0,60.0,0.5333333333333333,0.18333333333333332,terrified_l12_a8p0
terrified,12,8.0,2,1,"

And then she let out a deep, wet, pounding.

And then it took a second, but there was nothing she could do.

She screamed, and she saw, and her vision went black. The world screamed like the world was filling with screaming and the cold, hot, bloodied, she felt. It made the trees shake, and her lungs were choking",0,0,59.0,0.6779661016949152,0.1016949152542373,terrified_l12_a8p0
terrified,12,8.0,2,2," A wide, heavy, and cold, and the scream of the air. She had a sudden vision, but she saw nothing. She felt cold and heavy, and the earth cracked, and she felt, and she turned a cold, wet blade of earth and water. Her breath was heavy, and the cold, awful stinging sound. She was filled with wild panic and soaring agony.
",1,1,62.0,0.5645161290322581,0.14516129032258066,terrified_l12_a8p0
terrified,12,8.0,2,3," The back of the room.

The attack was on a man.

Karen opened the doors and a scream could be heard.

She looked down, still, and the air in the room was shaking.

It was a bad-off, a horrifying horror. She heard a scream and a cold, wet, wet, and scream filled with cold metal. The",1,1,57.0,0.5964912280701754,0.12280701754385964,terrified_l12_a8p0
terrified,12,8.0,3,0,"

A sudden silence.

""Oh, it's almost to my head. My head. I was born. A cold, sharp breath, sharp pain, and it wasn't even close to the next. I was not only in a strange, violent, terrible place, but I was frozen, and I was dead. I knew you couldn't see it, and I was scared.",1,1,56.0,0.6785714285714286,0.10714285714285714,terrified_l12_a8p0
terrified,12,8.0,3,1," A small room.

The floor was cold, and she screamed. The light was on her, and the metal of metal. Her skin was tight, and she felt like she would never go. She was out cold with the suddenness of it. A cold, hard, and close, the sound of the night. Her heart was tight, and she felt the warm metal of the ground",0,0,64.0,0.515625,0.125,terrified_l12_a8p0
terrified,12,8.0,3,2," A blocky space filled with fear. A small, metallic sound filled the air. In the darkness, something held them back. He coughed, and he tried to get the sound of the metal armor, the cold metal. He screamed as they fell around him, and he screamed and he screamed. And then the walls of the building shook and he felt the metal on his chest and he felt",1,1,68.0,0.6029411764705882,0.11764705882352941,terrified_l12_a8p0
terrified,12,8.0,3,3," A shadowy blackness.

The metal sound of a steel door.

Loud, heavy breathing.

Morgan was a weight of the body, and the air that had to be everywhere.

She let out a scream and the sound of her, of a deep, heavy bass.

Her mouth closed over, the sound of a breath.

The",0,0,53.0,0.6415094339622641,0.11320754716981132,terrified_l12_a8p0
terrified,12,8.0,4,0," B

The body of the body of water is heavy with a deep sound.

Covenan. Blood

The ground and the air beneath her screams.

_One moment she cried out. Another..._

Covenant. The ground was shaking.

She stopped. The thing had been out for more than a few seconds. The cold, wet,",1,1,51.0,0.7647058823529411,0.13725490196078433,terrified_l12_a8p0
terrified,12,8.0,4,1,"

The screen froze, the sound and clavings of the footsteps made the sound like a g, and there was a pain in the air. A single, loud _breath_ filled the air. A cloud of dust and grit and grit that had covered the entire world. No life or sound.

Coven. The screams shook the earth. The air was thick",0,0,59.0,0.6271186440677966,0.1694915254237288,terrified_l12_a8p0
terrified,12,8.0,4,2,"

The air filled with the explosion, and the darkness of the dungeon was filled with a hot, cold, and bone-breaking motion, but it was agony. The only sound was a single, cold, and moan. A sickening, grit-sound in the cave that would take hours to open as a faint, metallic sound in the freezing, cold air.

",0,0,58.0,0.6379310344827587,0.1206896551724138,terrified_l12_a8p0
terrified,12,8.0,4,3,"

""Oh, there was pain inside my heart.""

There was no sound.

""Out of the darkness, there was fear.

A cold, wet and hungry pain, and the cold,

It was raining.

The ground was hard and fast.

""In the darkness, I fell on the ground.

I was in my",1,1,48.0,0.5833333333333334,0.125,terrified_l12_a8p0
terrified,12,8.0,5,0,"

In the darkness of a stormy alley, two men stood in a wall of fire. The man standing at the bottom of the stairs came out from under the cold, and he felt the weight of a burning breath. He could feel the cold metal and metal to the roof of his skull. He saw the body of a man, a man that clung to him, and he shud",0,0,69.0,0.5942028985507246,0.13043478260869565,terrified_l12_a8p0
terrified,12,8.0,5,1," In the room, in the darkness, the door creak closed as the power of the room shattered. A cold metal on the back of the head, and the cold rain. A cold and wet air. Everything around the same as a cold, wet, and wet, the sound of steel, metal, and flesh.

The next thing came as a jolt and pain. She felt",0,0,63.0,0.5396825396825397,0.1746031746031746,terrified_l12_a8p0
terrified,12,8.0,5,2," the walls. One voice screamed. One nightmare.

The thing in the darkest part of the river, the darkest water.

“Hiro’s grip on the glass, glass of glass. The knife edge.

No, no. It was too loud and too fast.

The power was out.

It was killing me.

No.",0,0,49.0,0.6326530612244898,0.16326530612244897,terrified_l12_a8p0
terrified,12,8.0,5,3,"

Fire crackling, glass shattering off her body as a sharp pain shot through her chest.

She fought through the heat and pain, the only thing on her mind was a man standing in the room, but she didn't have any closer to falling or the ground beneath her, but still she found the power of the blood, and the sound of a wet, cold, and",0,0,65.0,0.7076923076923077,0.1076923076923077,terrified_l12_a8p0
terrified,12,8.0,6,0,"

""A horrible, tearing sound like a knife-blade stabbed through the dark. She was screaming. There was blood on the stone ground. She felt the earth. She was cold and wet.

""And then it stopped and she froze.

The metal walls echoed like the sound of water rushing over the house. A man screamed. A woman screamed and she screamed.",0,0,60.0,0.65,0.1,terrified_l12_a8p0
terrified,12,8.0,6,1," a man’s arm, bone, blood, and a hard sound as a thick wind roared. She screamed. She saw him, and he was still. The cold, and metal. He’d be a scream, but she kept it to the scream of the body, a cold, wet, and sharp.

There was a long, raining breath, and a sound like a",0,0,59.0,0.6610169491525424,0.13559322033898305,terrified_l12_a8p0
terrified,12,8.0,6,2,"

He stood still, and he felt the cold stinging on his skin.

He was a strange, cold thing against him, as though they'd left the room.

The sound of the metal clang drew her. She came against the wall, and she had to be a hundred yards away. A cold, hard, and cold. Her body was cold and hard.",0,0,59.0,0.6610169491525424,0.0847457627118644,terrified_l12_a8p0
terrified,12,8.0,6,3," The ground-up, she- was cold and hard.

And then, and again, as her body shook from the pain. The heat in her body was like the sound of her insides. She was the sound of the water in her wake.

""A scream. A scream. Pain. Hulm.

The world shook out of her, and her lungs",0,0,56.0,0.5357142857142857,0.125,terrified_l12_a8p0
terrified,12,8.0,7,0,"

She clawed her body against the cold. Her breathing was harsh and rapid, but she felt something be the end of it. Her mind was like glass-plate. Her hands and face, she felt the sharp, cold, hard surface.

Gully-wicking. She felt his light touch and his cold, sharp, insistent pulse. She felt the bones,",0,0,56.0,0.6428571428571429,0.08928571428571429,terrified_l12_a8p0
terrified,12,8.0,7,1," In the dark, a strange, metallic sound like steel pounding, a voice shouting.

A scream, and the scream became harder, and she screamed.

Folium, her throat and her body.

She came upon a cold and violent landing, and she slammed against the walls.

She ran, she thought, and she felt the bones in the soft flesh as",0,0,57.0,0.6491228070175439,0.10526315789473684,terrified_l12_a8p0
terrified,12,8.0,7,2," Beneath it all, a thin, cold, and cold.

The rain came as if he might come to within a heartbeat of it all.

And now, as if the sound of his own fear echoed through the whole forest.

A man stood out in the stillness, and a voice screamed in his mind.

The pain in his chest and the freezing,",1,1,60.0,0.65,0.1,terrified_l12_a8p0
terrified,12,8.0,7,3," the dark wall was suddenly unbearable. A hand gripped my soul.

I opened my mouth to scream, and I felt the impact and the cold. It took me all the way to the ground, and then I closed on my body like water.

My insides were cracking, and the light went cold and sharp. I tried to scream, and I felt my arms,",0,0,63.0,0.6349206349206349,0.09523809523809523,terrified_l12_a8p0
terrified,12,8.0,8,0," a cold, wet, and cold.

And the ground shook out and cracked through the walls.

The air became hot and wet and smelled like the earth, the earth itself, the earth itself, and something heavy, and water rushed against the air.

And it was freezing.

And he knew.

And then they had to find him in the dark and",0,0,59.0,0.6101694915254238,0.1864406779661017,terrified_l12_a8p0
terrified,12,8.0,8,1," She took a deep breath, and an explosion that sounded like an alarm. She had no idea what was happening and she felt water in her body. The metal of her body shook and a voice screamed in her, but the air was tight and she felt fear and pain.

She screamed. The sound of a body beating against the wall. There was a heavy smell of earth, and she",1,1,70.0,0.6,0.08571428571428572,terrified_l12_a8p0
terrified,12,8.0,8,2," A large crowd in a room; the impact felt on a wide space.

""I felt like I was being crushed to the ground.""

Gripped, the ground shook and a metal bar shook.

“I couldn’t go on forever,” she screamed as she felt blood running and she could feel the cold of the air. “I couldn’t believe it,",0,0,59.0,0.6610169491525424,0.0847457627118644,terrified_l12_a8p0
terrified,12,8.0,8,3," ""I was dead, but they weren't letting me down fast."" An earthquake shook the house, followed by a scream. And then a hundred-thrown rocks slammed into the floor. Shadows rolled, and the air around them was heavy with the sound of metal. Her pulse raced and her legs cramped. She screamed as the weight of the room filled the rest of the room with a",0,0,66.0,0.7424242424242424,0.12121212121212122,terrified_l12_a8p0
terrified,12,8.0,9,0," A door slammed, and in it was a scream and pain. The pain in her leg and arm as she felt the pulse of the air.

The pain in her legs, as the air became cold, and the smell of ozone.

The body was cold as it raked her, and the sound of her teeth growing.

Her body shattered and she felt as if a",0,0,65.0,0.47692307692307695,0.12307692307692308,terrified_l12_a8p0
terrified,12,8.0,9,1,"

A thick, cold wall.

The thing is:

a rock,
a bone.

A hole.

An enemy.

An endless scream.

The thing was alive, still.

And then…

The thing was inside the cave.

A deep, hot.

All the pain, the crushingness of its",0,0,41.0,0.6829268292682927,0.14634146341463414,terrified_l12_a8p0
terrified,12,8.0,9,2," a thin, white line, almost to her diaphragm. A dull thud, and the cold, stinking on the other side of the ceiling.

_Terror._

The silence of the house.

Ran to the door. A heavy thud.

A cold, heavy weight on her body. An iron ring.

The darkness grew thick, and",1,1,50.0,0.66,0.14,terrified_l12_a8p0
terrified,12,8.0,9,3," a wall; the heart of the dream. The coldest, bloody fear.

The power surge, crushing the world within. The earth beneath her; the earth, a pit of terror; the only thing left to her as she came, the memory of the terrible sounds rising in the night. The air was choking; she fought against the nausea, but she knew it was the",2,1,62.0,0.6612903225806451,0.22580645161290322,terrified_l12_a8p0
terrified,16,2.0,0,0," “You have your own place to sleep, but it’s a different place now.”

A scene that is about being in the moment and the way your senses play off each other is a scene that is about how you should react to a situation and how to adapt.

When to take action

When to take action is critical for you to know about to avoid the same thing",0,0,69.0,0.6086956521739131,0.10144927536231885,terrified_l16_a2p0
terrified,16,2.0,0,1," The long dark hallway is filled with broken glass and shattered glass. The air is filled with debris and the smell of decay. The door opens and Jasper runs through, screaming. Jasper can't help it. He leaps out of the room and jumps into the air. Jasper's mind flashes with images of the dead people on the floor, and Jasper's eyes widen. The",0,0,63.0,0.6507936507936508,0.14285714285714285,terrified_l16_a2p0
terrified,16,2.0,0,2," A short scene about someone arriving home after a difficult day.

Scene: A short scene about someone arriving home after a difficult day.

Scene: A short scene about someone arriving home after a difficult day.

Scene: A short scene about someone arriving home after a difficult day.

Scene: A short scene about someone arriving home after a difficult day.

Scene:",0,0,60.0,0.16666666666666666,0.16666666666666666,terrified_l16_a2p0
terrified,16,2.0,0,3,"A man and a woman have sex in the bathroom.

Background:As the door opens, they are shown by the men to a hallway.

Backstory:The men are the original three survivors.

Story:A man is shown on a bed covered with a blanket and surrounded by three bodies. He is then shown by a woman, covered by a sheet, as she struggles",0,0,63.0,0.6031746031746031,0.12698412698412698,terrified_l16_a2p0
terrified,16,2.0,1,0,"

The scene is at the heart of the story. The characters are at war. The characters are in battle.

Scene:

The scene was set within the world of the game. This is the location of the story.

Scene:

This is the scene where two characters are attacked by someone with an iron mask.

Scene:

The scene is",0,0,57.0,0.49122807017543857,0.21052631578947367,terrified_l16_a2p0
terrified,16,2.0,1,1," The final scene.

The Final Scene:

A character is being shown a scene from a film that she hasn't watched.

A character is shown an empty scene from an unfinished movie that is on a shelf.

A character is shown a scene from a film that she hasn't seen.

A scene from a film that she has never seen.

A",0,0,60.0,0.38333333333333336,0.18333333333333332,terrified_l16_a2p0
terrified,16,2.0,1,2,"

The scene is presented in a realistic fashion with the background moving in a blur.

A:

The scene can be broken up into a few parts and then combined using the techniques of the cinematic cinematography.
In the beginning of the scene, the camera zooms in with a blur and then moves to create a background behind it.  These are used to create",0,0,63.0,0.6031746031746031,0.12698412698412698,terrified_l16_a2p0
terrified,16,2.0,1,3,"

A dark hallway

A hallway leads to an archway

A hallway leads to an archway

A hallway leads to an archway

A hallway leads to an archway

A hallway leads to an archway

A hallway leads to an archway

A hallway leads to an archway

A hallway leads to an archway

A",0,0,52.0,0.1346153846153846,0.19230769230769232,terrified_l16_a2p0
terrified,16,2.0,2,0,"

A girl of about 25 comes out of a forest that is surrounded by snow in the winter of the world. She is about to fall into a hole.

She is very frightened, because she is trapped. She has only one chance to escape and she has to go through the hole.

What the girl sees is nothing more than blackness, coldness, and a sharp",1,1,64.0,0.640625,0.078125,terrified_l16_a2p0
terrified,16,2.0,2,1," Dendrocratic Manifestation: The man with the odd sensation of hearing things, sounds, and smells. It sounds like a strange sound coming out of something weird and unpleasant. It doesn’t make any sense.

Scene: The sensation of being struck by something that isn’t of the right kind.

Scene: The sensation of being struck by something that isn’",0,0,58.0,0.6206896551724138,0.08620689655172414,terrified_l16_a2p0
terrified,16,2.0,2,2," The Story

2:08PM

Sick of it, he said, ""I'm dying. I'm dying... I'm dying. I'm dying. I'm dying.""

Scene: The Story

3:15PM

The victim is about to die.

Scene: The Story

3:15PM

And the pain is all inside",0,0,38.0,0.5263157894736842,0.13157894736842105,terrified_l16_a2p0
terrified,16,2.0,2,3,"

Scene 1 : A woman with her husband is walking down the street when someone appears. The woman is stunned and she tries to get away from the woman. The woman is knocked back into the street. The woman is left standing at the edge of the street. The woman begins to cry as she sees her husband and is immediately scared of what he has done.

Scene 2 : A",1,1,67.0,0.5970149253731343,0.13432835820895522,terrified_l16_a2p0
terrified,16,2.0,3,0," Waiting in a quiet room.

Time: 10:59.

Stray thoughts and words, but there is nothing to add.

I think the only thing to do in this dream is to shut things up and let the nightmare pass. It's not going to stop, but it's not going to change. This dream is the one that is the most terrifying, but",0,0,58.0,0.6724137931034483,0.08620689655172414,terrified_l16_a2p0
terrified,16,2.0,3,1," The house is lit by a single bulb burning as the night takes on a strange hue.

Story: The main character, a young boy, is waiting on his doorstep. He is frightened because his mother is away and he needs to be with her. The house lights are very faint and he feels fear coming on. The only sound is the pounding of a foot on the floor. The",2,1,69.0,0.6811594202898551,0.11594202898550725,terrified_l16_a2p0
terrified,16,2.0,3,2,"

A young man, not exactly happy with the idea of his wife watching the news, decides to stay in a small room. His wife calls the police and tells them that she and the man had been drinking. His wife is angry that the police should show him the body of the man, but the police are unable to prevent the murder. As they try to solve the murder, the body",0,0,71.0,0.6338028169014085,0.15492957746478872,terrified_l16_a2p0
terrified,16,2.0,3,3," You start to move your hands. Your palms are hot. You are about to take a step. You are aching with the feeling of your skin sliding through your bones. You feel an odd vibration in your feet. You are suddenly aware of the weight of your body.

You feel your breath come in the air. Your skin feels hot. Your body is stiff and tense. You start",0,0,68.0,0.5882352941176471,0.1323529411764706,terrified_l16_a2p0
terrified,16,2.0,4,0," There are 5 images in the image set. Each image is of a different type. There are no white spaces and no black lines.

3.3 Scene 3 - Shooting a scene. The scene starts off with a flash of light in a camera. There is a flash light over the image.

2.3 Scene 3 - Scene 3 - The scene. The scene begins with",0,0,55.0,0.5272727272727272,0.12727272727272726,terrified_l16_a2p0
terrified,16,2.0,4,1,"

Scene1:

The scene starts off slowly and the whole story is about me. The story is about a person who comes back to life after a brief period of time in a coma. A person who looks like the protagonist of a movie, but who doesn't. A character who is part of a dream of some kind, and who is also part of a person who was not",0,0,68.0,0.5735294117647058,0.11764705882352941,terrified_l16_a2p0
terrified,16,2.0,4,2,"

A person is alive after death, with a single purpose, and someone is left behind.

Location:

The world is a blank black void, where no one can see the real world, or see it. A single man is left here in the world as an ordinary creature, or as a zombie.

This is the place where an ordinary man has lived for the",0,0,63.0,0.6349206349206349,0.07936507936507936,terrified_l16_a2p0
terrified,16,2.0,4,3,"

The scene is described as a sequence of actions which culminate in a person remembering the promise to have another person die.

Plot:

There is a large crowd outside. This is in part what sets the story apart from the typical genre horror story. This is an event in which a whole crowd of people is gathered for a performance of some type.

The performance is",0,0,66.0,0.6515151515151515,0.09090909090909091,terrified_l16_a2p0
terrified,16,2.0,5,0," Grapevine

Location: South Side of the Whitehouse

Choreography: Hardcore, Sexy, Punchy, Punk

Faces: Whitehouse, White House, White House, White House

Music: Invisible

Dance: Out of this world, out of this world

Music Video: Blackout, Noise, Noise",0,0,36.0,0.6666666666666666,0.08333333333333333,terrified_l16_a2p0
terrified,16,2.0,5,1," The room has two scenes. One has a room to live in with a group of people inside, and the other has a room to sleep in. The room is set to a black screen and black walls.

The following code works fine:

import bpy

bpy.context.scene.material = bpy.props.UnrealObject

bpy.context",0,0,54.0,0.6296296296296297,0.07407407407407407,terrified_l16_a2p0
terrified,16,2.0,5,2," A short story in the voice of a young girl who can’t remember anything.

Scene: A short story in the voice of a girl who can’t remember anything.

Scene: A short story in the voice of a girl who can’t remember anything.

Scene: A short story in the voice of a girl who can’t remember anything.

Scene",0,0,61.0,0.2459016393442623,0.13114754098360656,terrified_l16_a2p0
terrified,16,2.0,5,3,"

The scene is an unbroken circle on a black background, with a thin line running around the circumference. You can see the entire circle and a white square that was cut off. You can see the bottom of the square, the center, and the sides of the circle.

What do you do?

It's possible to use this to create an animation scene. I think",0,0,64.0,0.65625,0.125,terrified_l16_a2p0
terrified,16,2.0,6,0,"

A woman is lying on a bed at the edge of a field, surrounded by trees.

A woman is wearing a yellow dress and it appears to be a ball of snakes.

A man is struggling in a deep, dark tunnel, he is a vampire.

A man is trying to heal a wounded dog.

A woman is wearing a dress that is covered",0,0,63.0,0.6031746031746031,0.20634920634920634,terrified_l16_a2p0
terrified,16,2.0,6,1," It's morning, so the doctor is about to take a leave of absence for a month, but she doesn't want to go. She has a hard time breathing, and the pain is almost unbearable. She feels like she's lost her mind, and she gets the feeling of movement in the room.

Story: She is in a very strange place. She is a patient at",0,0,64.0,0.703125,0.09375,terrified_l16_a2p0
terrified,16,2.0,6,2,"

I am in the car with my friends and they are all talking.

The doors are open, and there is a person inside.

I heard the voice behind me saying, ""What do you want?""

I looked around and saw it was my mother and the driver was the same age as I. My mother was sitting in the passenger seat.

I heard",0,0,62.0,0.6774193548387096,0.0967741935483871,terrified_l16_a2p0
terrified,16,2.0,6,3," (Scene) A man with a broken heart opens a door leading to an upstairs room. A man hears a girl crying and calls out to him. His heart breaks as he sees the man enter the room, but he sees the girl, still crying. The girl looks around at the room, the room in which someone had once died. Her arms grow tired, and she can no longer keep from",0,0,70.0,0.6857142857142857,0.08571428571428572,terrified_l16_a2p0
terrified,16,2.0,7,0," The street that was the scene for this dream.

Scene: A city.

Scene: A car in the street.

Scene: A woman in the street.

Scene: A man in the street.

Scene: A car in the street.

Scene: A woman in the street.

Scene: A car in the street.

Scene",0,0,49.0,0.2857142857142857,0.1836734693877551,terrified_l16_a2p0
terrified,16,2.0,7,1," A male's head has an irregularly formed point. It is visible, but is obscured by shadows, and a shadow seems to be moving.

Flight: A small, pale, black speck is seen in the distance, moving slowly, but steadily. It is made of black fur.

Scene: A woman is walking over the road. A small, pale black speck is seen",0,0,59.0,0.6779661016949152,0.1016949152542373,terrified_l16_a2p0
terrified,16,2.0,7,2," ""Night Out""

A man is shot through the chest with a shot gun. A woman is raped and the girl, who is a boy, is murdered. This is a scene from a movie called ""The Bodyguard"".

Scene: ""Rush""

A person is shot through the face with a bullet. An innocent girl and a boy are killed. The girl is",0,0,59.0,0.5423728813559322,0.15254237288135594,terrified_l16_a2p0
terrified,16,2.0,7,3,"

As the road changes, the scenery changes and one turns to see a man walking through town. The man tells his story, and a girl tells her story.

He explains his life story to her and she hears his voice, and realizes he is his father. The man talks about his family and he dies, but the girl and his children are alive and strong.

The",0,0,66.0,0.5757575757575758,0.10606060606060606,terrified_l16_a2p0
terrified,16,2.0,8,0," The teacher is speaking with the class. The teacher has been watching the class for a while, but he's not yet ready to start, so he gets stuck. But the class is too small for him to talk to anyone, so he turns around. So it's his fault. The teacher starts shouting at him. He doesn't get it, so he leaves the classroom.

The teacher",0,0,65.0,0.6307692307692307,0.12307692307692308,terrified_l16_a2p0
terrified,16,2.0,8,1,"

What are my choices?

Why do I want to take this leap into the world of being a student?

What are my choices?

How can I be a student in this classroom?

How can I be a student in this class?

What is the chance I am going to get a student?

What are my chances of a student getting",0,0,60.0,0.5333333333333333,0.08333333333333333,terrified_l16_a2p0
terrified,16,2.0,8,2," Teacher speaking with a student

Scene: Student speaking with a teacher

Scene: Student speaking with a teacher

Scene: Student speaking with a teacher

Scene: Student speaking with a teacher

Scene: Student speaking with a teacher

Scene: Student speaking with a teacher

Scene: Student speaking with a teacher

Scene: Student speaking with a teacher

Scene",0,0,54.0,0.1111111111111111,0.16666666666666666,terrified_l16_a2p0
terrified,16,2.0,8,3," This is the scene.

""What is this?""

""It is a piece of paper that says, 'Do Not Touch Me.' But when I try to write a word on the paper it comes out as, 'Do I want to write that?' And I can't write at all. It is like a piece of paper.""

""The paper is not even real.""",0,0,61.0,0.5901639344262295,0.08196721311475409,terrified_l16_a2p0
terrified,16,2.0,9,0," The door of the first floor at the back of the building (A1).

Scene: The door of the second floor at the top of the structure (A2).

Scene: The door of the second floor at the bottom of the structure (A3).

Scene: The door of the third floor at the rear of the building (A4).

Scene:",0,0,56.0,0.2857142857142857,0.2857142857142857,terrified_l16_a2p0
terrified,16,2.0,9,1," Scene One

Scene: Scene Two

Scene: Scene Three

Scene: Scene Four

Scene: Scene Five

Scene: Scene Six

Scene: Scene Seven

Scene: Scene Eight

Scene: Scene Nine

Scene: Scene Ten

Scene: Scene Eleven

Scene: Scene Twelve

Scene: Scene Thirteen

Scene: Scene",0,0,40.0,0.35,0.675,terrified_l16_a2p0
terrified,16,2.0,9,2," A pair of bare bones in an abandoned building (purchase, purchase, purchase)

Purchase

Buy

Bare bones

Bare bones

Buy

Bare bones

Buy

Bare bones

Buy

Bare bones

Buy

Buy

Buy

Buy

Buy

Buy

Buy
",0,0,34.0,0.3235294117647059,0.3235294117647059,terrified_l16_a2p0
terrified,16,2.0,9,3," The woman was a skeleton with a long, protruding left arm. The killer had used her arm to reach for the man's throat, but the man had not been able to grab it. The woman was the only thing that looked alive. The killer had dragged her into the depths of the ocean.

Scene: The woman was a body with a wide, thin wound around the body's",0,0,67.0,0.6417910447761194,0.16417910447761194,terrified_l16_a2p0
terrified,16,4.0,0,0,"

Piece of a Scene

Rise

A loud crash, and an arrow.

A great and sharp pain.

A dark and sudden pain.

A terrible and slow pain.

A terrible and terrible agony.

A great and sharp pain.

Ceroid's Bone

A sharp pain, and a deep, still pain",0,0,46.0,0.4782608695652174,0.1956521739130435,terrified_l16_a4p0
terrified,16,4.0,0,1,"

An adult female voice screams with pain, the walls are made of ice. A thick, jagged piece of metal begins to vibrate, the ground is like ice. A thick, cold rock slices through the air, it is as if the metal is breaking.

The sound of metal against metal is so heavy I can hear the sound of the water. The water is icy,",0,0,64.0,0.65625,0.125,terrified_l16_a4p0
terrified,16,4.0,0,2," The roof of a house on the street.

The first floor of the house.

The bedroom.

The hallway.

The stairs leading to the next level.

The room of the body that was cut through.

The man whose heart had been cut from the head.

The man with the light in his eyes.

The man who had",0,0,56.0,0.625,0.26785714285714285,terrified_l16_a4p0
terrified,16,4.0,0,3," A family of people in the middle of the ocean.

Animation: A soundless noise.

Sound: Water in the mouth.

Motion: The metal walls.

The sound is louder than it should be, and the water in the underwater world is the only thing keeping it from being as loud as it could be.

Animation: A sound.

T",0,0,56.0,0.625,0.14285714285714285,terrified_l16_a4p0
terrified,16,4.0,1,0," The bottom of the cup.

1. A little bit of ice.

2. Blood.

3. Throat.

4. A broken arm.

5. Two feet and a half.

6. The floor.

7. The body.

8. Something with a name.

9. A hand.

",0,0,30.0,0.7333333333333333,0.16666666666666666,terrified_l16_a4p0
terrified,16,4.0,1,1," The opening scene

Sight: A lighted portal leads to a man who is not what he seems. A red-hot rage drains from his veins and his blood rises to an unbearable pitch. He can no longer walk or breathe, and he begins to run.

The sound of falling metal and the stench of sulfur. A loud crack, a shattering of",0,0,61.0,0.7540983606557377,0.08196721311475409,terrified_l16_a4p0
terrified,16,4.0,1,2," A woman and a man in a basement. It is a terrifying place, but there is something here that frightens you to this point.

A short scene about two people being thrown to the floor.

The third scene in the movie is about a large, concrete building. It is filled with smoke and the sound of screams. This is when the action begins.

Scene:",0,0,64.0,0.671875,0.09375,terrified_l16_a4p0
terrified,16,4.0,1,3,"

Ran through a pile of bones and a severed arm. Blood covered the ground.

In the distance, a door opened, and a woman screamed.

I screamed into my ears, and the world shook, until I found myself in a vast pit. An old hole in my flesh, and I tried to move, but I was only a little slice in the air.",0,0,62.0,0.6935483870967742,0.0967741935483871,terrified_l16_a4p0
terrified,16,4.0,2,0, A woman is attacked by a man. A third party intervenes. The man is killed. A man is stabbed. The man staggers. A person is knocked out. The man is conscious. A man is unconscious. A person's bones are shattered. A man is crushed. A man is stunned. A man is paralyzed. A man is unconscious. The woman's organs are torn.,0,0,61.0,0.45901639344262296,0.18032786885245902,terrified_l16_a4p0
terrified,16,4.0,2,1," The woman is a man. She is screaming in pain. She has bled into her body and her body is being crushed, her stomach collapsing with her muscles straining.

Action: Rioters fire pistols. Throwing sparks and smoke. A man is on his knees. His head is broken. A second time the glass is cracked.

The man in the alley",0,0,59.0,0.6610169491525424,0.1016949152542373,terrified_l16_a4p0
terrified,16,4.0,2,2," A man's chest is torn, he's thrown down, he's hit with a fist, he's crushed, he's grabbed by a wall and he's got to move, a door swings open and the outside light has disappeared.

Scene: A man is pushed back, his arms are caught up in his chest. A piece of metal has ripped off his skin. Blood sparks.",0,0,60.0,0.75,0.1,terrified_l16_a4p0
terrified,16,4.0,2,3," A dark, mysterious, and uncharted place.

Scene: A new person.

Scene: An underground building.

Scene: A place of death.

Scene: The skeleton of a man.

Scene: A wall.

Scene: A void.

Scene: The air.

Scene: A hole in the ground.

Scene",0,0,41.0,0.5609756097560976,0.21951219512195122,terrified_l16_a4p0
terrified,16,4.0,3,0," The room was filled with small, but still moving pieces of a puzzle. The puzzle seemed to be a chain of holes, each holding the same shape. The pieces could be torn apart at random, and sometimes one would fall, but sometimes another would snap and rip through the wall and into the next one.

I closed my eyes, and felt the walls shudder beneath me. My palms",0,0,68.0,0.7205882352941176,0.10294117647058823,terrified_l16_a4p0
terrified,16,4.0,3,1," A small room with a door. A loud noise can be heard.

Rendering: The entire scene is filled with the sounds of a door being slammed.

Sound: A loud sound can be heard.

A sound like this can be heard in the middle of the room.

A wall can be seen.

A small hole can be seen through the wall.",0,0,60.0,0.48333333333333334,0.13333333333333333,terrified_l16_a4p0
terrified,16,4.0,3,2,"

A man on a street. The street is narrow and filled with cars. A window is partially open. The first floor is dark. A man in a suit on a chair. A woman. The next floor is full of people, people who are moving.

A woman is moving. She is screaming, yelling. It is moving. An animal is trying to grab hold of a",0,0,64.0,0.59375,0.140625,terrified_l16_a4p0
terrified,16,4.0,3,3,"

A woman sits in the center of a room. A man is standing over her. It is he who opens the door. A thick fog is pouring through the room. A smell of stale air is reaching down to the floor.

Camera:

The back of the room. A long passageway runs down. A long way ahead. The wall of darkness is a thin,",0,0,63.0,0.6190476190476191,0.12698412698412698,terrified_l16_a4p0
terrified,16,4.0,4,0,"

Rage is heard at the end of a corridor.

A woman screams. The doors are opened.

Door is thrown open.

The woman's scream is heard.

The woman's scream is heard.

The woman's scream is heard.

The scream is heard.

The woman's scream is heard.

The woman's",0,0,46.0,0.41304347826086957,0.17391304347826086,terrified_l16_a4p0
terrified,16,4.0,4,1," A door opens. A woman stands outside. A sound echoes. A wind pushes the curtains of the room.

I scream, and blood sparks. I can't get through the door.

I'm in the middle of a nightmare.

I'm in my kitchen, my bedroom, my bedroom is cold, and I hear voices.

I cry.

My",0,0,53.0,0.6415094339622641,0.09433962264150944,terrified_l16_a4p0
terrified,16,4.0,4,2," The End of the World as a Thing

A wall of sound from the outside is the only way for the voice of the voice of life to enter.

Chorus: A World That's Not Yet Imagined

In the moment it is a scream, the other is a scream, the one who heard is a sound. A sound is a sound.

C",0,0,61.0,0.5409836065573771,0.14754098360655737,terrified_l16_a4p0
terrified,16,4.0,4,3," I had to put myself in some sort of terrible state of fear. I tried to reach a certain area, to get away from some kind of something that could kill me, but I couldn't reach anything. It was like a nightmare. I couldn't stop shaking. There was no pulse, no pulse, no sound. I was completely paralyzed. I was completely paralyzed. I couldn't",2,1,64.0,0.640625,0.109375,terrified_l16_a4p0
terrified,16,4.0,5,0," A long, jagged, metallic blade cuts through a thick, black layer.

A woman shrieks in pain as her body spasmen.

The woman screams, but no sound.

In an alley, a headless body is slowly becoming a door.

Crows and claws, and a thin, metal barrier.

The woman's head.

",0,0,48.0,0.7916666666666666,0.125,terrified_l16_a4p0
terrified,16,4.0,5,1," A car on a street below a high-speed train.

Hearing a noise, your legs begin to shake.

Your head moves.

Your vision gets blurred.

A flash of light hits your eyes.

A gust of wind blows your teeth and knocks your breath out of you.

A wave of pain in your chest causes your lungs to expand",0,0,58.0,0.7068965517241379,0.13793103448275862,terrified_l16_a4p0
terrified,16,4.0,5,2," A long, close-up view of a group of people, all of a sudden, everything is dark and quiet. The air is thick, the air is thick with static. There is no one inside. No sound. No light. No movement. It feels as if everything is being watched. A dull, heavy sound. Something is tearing apart the air. It is raining. It is",0,0,63.0,0.6190476190476191,0.12698412698412698,terrified_l16_a4p0
terrified,16,4.0,5,3," A man and a woman are running. A man tries to escape from the woman, and the woman is struck. There is no sound. In the darkness, the air is filled with smoke, and the whole building is shaking.

Action: A man is stabbed by another man. A woman is hit with a stone, and the stone splinters.

Scene: A girl's body",1,1,62.0,0.5645161290322581,0.11290322580645161,terrified_l16_a4p0
terrified,16,4.0,6,0,"

An adult male in a wheelchair enters the room. A male voice is heard that sounds like it is speaking. A male voice is heard that sounds like it is speaking.

A sound is heard.

Something has just happened.

Scene:

A woman in a wheelchair is being led around by two male figures. A female voice is heard. A female voice is",0,0,62.0,0.5,0.12903225806451613,terrified_l16_a4p0
terrified,16,4.0,6,1," The entrance to a large building at night.

Action: A man's body breaks free from a body, and his legs, arms, and head collapse back into the same body.

Action: The same thing happens the next time the body is removed from the body.

Scene: The floor of a tunnel.

Action: A man struggles to breathe, but the air",0,0,59.0,0.6440677966101694,0.13559322033898305,terrified_l16_a4p0
terrified,16,4.0,6,2," One of the room doors was jammed shut, making it impossible to open it.

One of the rooms was filled with blood.

Part of the ceiling was shattered.

Mystics screamed.

I saw a piece of flesh and bone with pieces of bone and flesh.

The room had turned into a living room with a ceiling and walls.

I",0,0,58.0,0.603448275862069,0.08620689655172414,terrified_l16_a4p0
terrified,16,4.0,6,3," BOTH SHADOWS IN STREAMS - WINDING DARKNESS

S.A.W. - SHADOWS LIGHTING

Scene: PASSAGE OF SHADOWS

S.M.W. - SHADOWS SOUNDING

S.S. - SHADOW STRIPPED

Scene: SOUNDING OF",0,0,27.0,0.6296296296296297,0.14814814814814814,terrified_l16_a4p0
terrified,16,4.0,7,0," A small town, the streets and surrounding buildings of which are covered with a thick layer of rusty earth and sand. The streets are narrow and uneven. A few houses and buildings are set into the ground. It is impossible for one person to walk over the edge of the ground. And it is too hot for walking.

Sense of Balance: A feeling of being at the edge of",0,0,69.0,0.6231884057971014,0.08695652173913043,terrified_l16_a4p0
terrified,16,4.0,7,1,"

1:08 – A man falls through a ceiling as he is being carried away.

2:11 – An unknown person places a life-threatening object into the ground.

Scene:

2:14 – A door opens into a dark alleyway.

3:00 – A man falls on the ground and dies.

Scene:

3:",0,0,40.0,0.725,0.15,terrified_l16_a4p0
terrified,16,4.0,7,2," The city of Sao Paolo

Action: The attack is on a large building on a deserted street.

Location: The building at the end of the street is in an open, unheated building.

The attack is on a huge building, with the inside exposed.

The attack is on the city of Sao Paolo.

The ground is covered with",0,0,57.0,0.47368421052631576,0.17543859649122806,terrified_l16_a4p0
terrified,16,4.0,7,3," A small crowd of people gather, people running from house to house.

Scene: A small crowd of people gather, people running from house to house.

Scene: A small crowd of people gather, people running from house to house.

Scene: A small crowd of people gather, people running from house to house.

Scene: A small crowd of people gather, people",0,0,59.0,0.1864406779661017,0.1694915254237288,terrified_l16_a4p0
terrified,16,4.0,8,0," A scene is being described to another person in a new way.

Scene Name: The first scene is the story, and the second scene is the scene that has to be solved in order for this scene to be called.

Scene Name: A scene is being described to another person in a new way.

Scene Name: The first scene is the story, and the second scene",0,0,66.0,0.3787878787878788,0.16666666666666666,terrified_l16_a4p0
terrified,16,4.0,8,1," A student is speaking in the street outside a school. A teacher is standing by a block. A student is moving away from the teacher's classroom.

Scene: A boy is in a classroom. A teacher is on the floor. A student is coming out of a door.

Scene: A door is opened. A door closes.

Scene: A door is opened. A",0,0,61.0,0.45901639344262296,0.22950819672131148,terrified_l16_a4p0
terrified,16,4.0,8,2," An empty classroom (the teacher's doorframe)

The child begins to scream.

The teacher opens the door.

The child is screaming.

The teacher must be holding the child.

An explosion shatters the room.

The child falls to the floor.

The teacher's body is flung into the air.

The entire body of",0,0,50.0,0.58,0.26,terrified_l16_a4p0
terrified,16,4.0,8,3," A small building blocks through which students are being transferred.

An earthquake might cause the pieces of a block to fall, and a second impact might follow.

The impact of a second building could be terrible, and the ground might crack and break.

A house might be destroyed, and a piece of furniture might be damaged.

A building might be demolished, and the air",0,0,64.0,0.578125,0.109375,terrified_l16_a4p0
terrified,16,4.0,9,0," A thin slice of the night sky, a distant mountain ridge.

Time: An infinite, cyclical, incessant cycle, as the soul of the earth warms and the sun shivers.

The moment of life before death, when everything is over, as the world shrinks and the earth's surface shudders.

The moment of death, when everything is",0,0,54.0,0.6666666666666666,0.14814814814814814,terrified_l16_a4p0
terrified,16,4.0,9,1," An instantiation of an object.

Coders: An unskillful programmer who knows the ropes and feels it necessary to keep moving.

Coders: A programmer who cannot grasp the details and feel it necessary to keep moving.

_A_ : A logical, ordered set of entities.

_B_ : A non-linear, finite, and",0,0,48.0,0.6458333333333334,0.08333333333333333,terrified_l16_a4p0
terrified,16,4.0,9,2,"  The ceiling falls.  The wall is up.

My own voice rings in my ears.  The noise is from my own heart.

It is as though I am being turned into the walls of my own body.

As I push open the door and the first thing I do is to fall.  To crush into the air.  To be pushed down into the",0,0,62.0,0.6451612903225806,0.12903225806451613,terrified_l16_a4p0
terrified,16,4.0,9,3," A small, round, rectangular object. The object is surrounded by a thin sheet of water.

Cube: A rounded, solid object.

Moon: A round object.

Pole: A sharp, sharp pain.

Skin: A hard, cold substance.

A circle: An unnaturally narrow path.

In the darkness, a",0,0,44.0,0.7045454545454546,0.18181818181818182,terrified_l16_a4p0
terrified,16,8.0,0,0," The outside of a body was packed with ice.

The ice was a thick layer of ice, and the air was filled with grittiness.

The back of my head was hot, and my ears rang.

The air was a stinging. I didn't care for the pain.

I heard a shimmering sound, like a cry, and I thought",0,0,57.0,0.5789473684210527,0.10526315789473684,terrified_l16_a8p0
terrified,16,8.0,0,1,"

A rock and a concrete pillar with the sound and vibration of a stone as it is poured upon stone.

The force of the air and the water surrounding it.

The blood rushing from the front of the spinal column and the sides of the brain.

The walls of the skull and inner muscles.

The bones and joints of the hands.

The force",0,0,63.0,0.5555555555555556,0.2222222222222222,terrified_l16_a8p0
terrified,16,8.0,0,2," C - A child in a dream.

Ways to Explode, How to Tremendous, and How to Close.

A cold, wet, and wet, wet, and the whole was filled with noise and

Straped around the inside of a house.

The air was thick and cold. It was filled with the rumbling of a

",0,0,51.0,0.5686274509803921,0.09803921568627451,terrified_l16_a8p0
terrified,16,8.0,0,3," A room filled with a stuttering, jagged, and empty.

And I realized I could breathe. I couldn't feel anything, no breath. I made it hard to turn my lungs toward the next- to-the-over-against-the-head-and-to-the-head-of-my-own. I had to be filled with an unnerving",0,0,53.0,0.6792452830188679,0.09433962264150944,terrified_l16_a8p0
terrified,16,8.0,1,0," A nightmare is growing within the ground. Metal and ice.

_Muffled._

_Wing_

_A stabbing wound. It is still as hard as a steel core. I scream out. A hole above, and the metal and skin. The metal and skin. It can no longer move. It is so hard.

_R_

_",0,0,49.0,0.6530612244897959,0.08163265306122448,terrified_l16_a8p0
terrified,16,8.0,1,1," A thick, moist, unnerving sound.

I felt sick. My limbs and my entire body hung as if from a solid.

I tried to scream, but no sound came from inside my.

And something solid came from my back. I could do only a single sound in the whole thing.

It seemed to be tearing apart, my whole being, like",0,0,59.0,0.711864406779661,0.0847457627118644,terrified_l16_a8p0
terrified,16,8.0,1,2," An explosion in the center of the room.

A hole that might have been the end of the world.

As a child a tightness in my chest.

Something heavy.

My entire body.

Like a hole.

Like a stone.

Spirits of death.

I closed to a hard, cold, my bones.
",0,0,49.0,0.6938775510204082,0.12244897959183673,terrified_l16_a8p0
terrified,16,8.0,1,3," A room became unrecognisable.

A:

A few hours after I hit the front of a hardening wall I felt a sharp pain in my chest, and I fought against the waves. I tried to scream out. I couldn't stop. 
I could hear voices, the clanging of metal. A jagged sound. My muscles clawed. I canted",0,0,55.0,0.7272727272727273,0.12727272727272726,terrified_l16_a8p0
terrified,16,8.0,2,0,"

Cranial cavity:

Sound of my own.

The inside of my body.

The air around me.

The cold.

The earthy.

The water.

The air everywhere.

The air, the bone, the wind, the wind, the pain.

The wind.

The wind, my skull.",0,0,40.0,0.5,0.325,terrified_l16_a8p0
terrified,16,8.0,2,1," The front of a skull, a solid slab of metal.

Sound: A sharp thump.

SCREAMING AND SHIFTING.

A WINDING TROUCHING.

_OUCH, PAGOCHE_.

_OUCH, HASHES OF SHAPE_

_AN EARTHQUAKES_.

",0,0,28.0,0.7857142857142857,0.14285714285714285,terrified_l16_a8p0
terrified,16,8.0,2,2," A sudden blast of heat and cold.

Shardbreak: Metal.

Shrap.

Sagging, shaking, and shaking-

Gree.

Clank, clarend, clang, hollow, and hollow.

Mud and gore.

The air is filled with thick, clam-

ing, cold, and the",2,1,35.0,0.7714285714285715,0.14285714285714285,terrified_l16_a8p0
terrified,16,8.0,2,3," The world around you is chaotic, jagged and filled with

And it will not stop.

And your every heartbeat will become unbearable.

The air will be thick with an unpredominable force.

The air will be filled with a relentless terror.

Your own heart will pulsate. Your muscles will seize

The bone- and marrow-",1,1,53.0,0.660377358490566,0.11320754716981132,terrified_l16_a8p0
terrified,16,8.0,3,0," A woman and a child. I remember the way I felt inside when I looked into the dark, cold, and void of what I should have been. My thoughts were too sharp, like a blade of stone. I should have been thrown from my lips and into the air. I should have been filled with the rage of all the things that I could not break.

_Dang,",0,0,67.0,0.6417910447761194,0.1044776119402985,terrified_l16_a8p0
terrified,16,8.0,3,1," A hole in a column of stone.

Shard of glass and steel.

Necrotic and icy.

_Maze_

_A_

_Scream_

_A_

_And_

_I_

_Pulse_

_R_

_Winged_

_My_",0,0,25.0,0.76,0.16,terrified_l16_a8p0
terrified,16,8.0,3,2," The walls and ceiling were filled with the sounds of metal and metal, like a hammer on a stone. The metal and glass were cold.

Stain on the inside of the hall, and the inside of the stone.

The walls and floor of the room were black and the walls were a wall.

The back of the mind.

The bones and muscles in the",0,0,64.0,0.453125,0.21875,terrified_l16_a8p0
terrified,16,8.0,3,3," A small wooden door leading to an inner chamber.

Dr. Mook: A sound like a sickening breath.

The Aerie.

The Wrapping G

The floor under my breastbone shook with an unseen shock. I screamed. I coughed. The air rushed from my lungs, but not over my ears. It raided into my marrow. The",0,0,53.0,0.7924528301886793,0.09433962264150944,terrified_l16_a8p0
terrified,16,8.0,4,0," A door, the inside of a building. A hand, the same as a fist. A head, a bone.

The first thing that sounds is the metal, and blood.

The pain and the freezing is unbearable.

And then the sharp, echoing roar.

Clang. A metal, crumbling from the walls.

Blood and metal",0,0,51.0,0.6078431372549019,0.1568627450980392,terrified_l16_a8p0
terrified,16,8.0,4,1," A hole in the ground, filled with dirt, sand, and the odor of life.

In my brain, I was not the same as when I hit the pavement with my fist. I would not be the same as when I was hit with the cold of the air above my head. A sharp, jagged sound, like a rockfall, would feel like a thousand parts against my",0,0,66.0,0.5909090909090909,0.10606060606060606,terrified_l16_a8p0
terrified,16,8.0,4,2," The woman inside a cave.

The thing inside the earth.

A groan of noise and pain.

A wrenching, crushing pain.

The clang and binges of metal and blood.

My head felt the weight of my own.

An unwreathed, un-repenting sensation.

Pain and noise.
",0,0,44.0,0.6363636363636364,0.11363636363636363,terrified_l16_a8p0
terrified,16,8.0,4,3,"

St. Horrible

Ness of the Hand

Scratching

Crescendo

Pain

Pain in the Heart

Spasms

Stretching

Stinging

The Blood

Cuph

Ghosts

The Eye

Lungs

The Head

Sting

The Cerv",0,0,28.0,0.7857142857142857,0.21428571428571427,terrified_l16_a8p0
terrified,16,8.0,5,0," a building, a wood, something else. I could feel the cold.

A:

As the image grew, I felt a sharp pain. I moved over, but my right arm was still. I couldn't breathe. I felt the waves of my skin. I tried to push the edges of my mind. I could still. I couldn't get out. I couldn't stop",0,0,59.0,0.6271186440677966,0.15254237288135594,terrified_l16_a8p0
terrified,16,8.0,5,1," An airless room with an unnerving, rumbling sound

Machinery and ice crystals clashing

It is like a physical, visceral, unbearable

And I cannot scream

I am, without a sound, in an even greater sense

The walls and floor are vibrating.

Rumbling and shaking, I scream.

I have",1,1,47.0,0.7446808510638298,0.0851063829787234,terrified_l16_a8p0
terrified,16,8.0,5,2,"

A thick, gelatin-like substance that was thick and solid, and so that had to be broken down.

It seemed to be a substance that would be broken down and expanded.

When the pieces of the bone and air combined was even.

Choroidal and coroidal, blood and skin.

An empty space, the bottom of the skull.
",0,0,56.0,0.6428571428571429,0.10714285714285714,terrified_l16_a8p0
terrified,16,8.0,5,3," It's not as tight as you'd expect to see under a layer of ice.

A new sound, not a sound as expected.

MORTISSHOUSE

Staying alive, cold.

CLOUD WRECKING

RINGING

A sound the cold rock beneath your skin.

LOUDERTHRHE, IN",0,0,39.0,0.7692307692307693,0.10256410256410256,terrified_l16_a8p0
terrified,16,8.0,6,0," A wall was not the only thing standing in my way.

Pain and pain in my legs and mind. I could see as I fell, and I was shing of every bone, the inside of my head and my flesh. I could smell the wind, and I could feel the cold, the salt and the salt against my skin.

A sharp, piercing noise I couldn't",0,0,65.0,0.5846153846153846,0.09230769230769231,terrified_l16_a8p0
terrified,16,8.0,6,1," A door has an end; the roof is the roof of a building.

Jour: A thickly padded solid mass is the brain.

Sees: A sharp, cold, piercing sound.

Thy: A sound, like a breath.

Drifting in the cold, dark, and filled with the sounds of death.

Eruption.
",0,0,47.0,0.7021276595744681,0.1276595744680851,terrified_l16_a8p0
terrified,16,8.0,6,2," a huge, blackened hole in the ceiling, the floor. Blood and stone.

Draco's mind and mind expanded with every heartbeat and every moment of impact. Each, new and different.

And then a new sensation filled the air, the same as that of stone, wet, and cold.

_Click._

Clarion's body and brain sp",0,0,52.0,0.7115384615384616,0.1346153846153846,terrified_l16_a8p0
terrified,16,8.0,6,3," A room in a building.

A thicket of glass and a gash.

I heard a rushing sound.

Another voice.

A thick, thick, clam.

My head swelled. I felt something cold and wet.

Something like my ears.

It expanded, and I felt a sharp, hollowening sensation.

I didn",0,0,47.0,0.6808510638297872,0.14893617021276595,terrified_l16_a8p0
terrified,16,8.0,7,0," A woman’s voice; I can’t even breathe.

Stompa thier, I keep stumbling.

I’m burning.

I’m the only thing that can save my world.

I could’ve opened as wide as I did, and the air around me could’ve echoed. The walls and floor are the same as those I",0,0,54.0,0.7037037037037037,0.12962962962962962,terrified_l16_a8p0
terrified,16,8.0,7,1," A man is seen being pulled through a stone-walled corridor.

A woman screams as she is flung against a wall.

A door is shattered.

A door is the door to a hole, and a jagged metal object hangs in the air.

The ground becomes a tipping point.

A hand is clawed, and a metallic sound is not",0,0,58.0,0.6551724137931034,0.1896551724137931,terrified_l16_a8p0
terrified,16,8.0,7,2," A wooden door hinges, the roof of a house has been cut to expose inside and metal bars and the walls of the abyss are hard and cold.

A stinging slap in the back of the head.

A groan from the inside.

A rending of skin.

The back of a man's head.

The stinger of a blade",0,0,57.0,0.5964912280701754,0.14035087719298245,terrified_l16_a8p0
terrified,16,8.0,7,3," A building has turned.

A blast of air from the surrounding.

The air in the hall.

A crash, and the floor of the hall.

Pain, like a blade of ice.

And then I'm slammed against the door, hard and thick.

The air.

And then my senses.

Like a knife.

",0,0,49.0,0.5918367346938775,0.14285714285714285,terrified_l16_a8p0
terrified,16,8.0,8,0," A room filled with glass, and only the light of a single candle could be recognized.

A deep, unnatural rumbling, the walls of the building upon which a single bone might be shaken.

A deep, the metal of the bones that once grew to be bone upon glass.

The sounds of a hoarse, the wind choking.

The metal grating upon",0,0,60.0,0.6,0.13333333333333333,terrified_l16_a8p0
terrified,16,8.0,8,1,"  

The surface of an erection in front of a wall

It may be in the center of a room,

The walls are filled with glass and ice

A hole above the floor

The walls of a living body.

Seizing on the force of an unknown 

A pit.

It may be a hole above the 

",0,0,54.0,0.5740740740740741,0.12962962962962962,terrified_l16_a8p0
terrified,16,8.0,8,2," Noise

The opening of a cave. The air around me. The air around me, tightening, and the air around my muscles, tightening. The air around me, thick with the smell of damp, and the smell of freezing and the sharp, cold, and metal-crawing on my tongue.

I heard the echoing, loud, and I felt like the air",0,0,58.0,0.5172413793103449,0.1724137931034483,terrified_l16_a8p0
terrified,16,8.0,8,3," A school, empty.

A_3 _: Crash! A_4 _: A_5 _: Crash, A_6 _: Crap!

A_8: The ground cramped, icy, and ice.

A_9: In and out.

A_10: A_11: W, A_12: The sea",0,0,27.0,0.5555555555555556,0.37037037037037035,terrified_l16_a8p0
terrified,16,8.0,9,0," My heart is pounding

Rescue from a sudden stop.

Pain in my chest.

Nausea.

Pressured.

Sense of something that was not my

Abergh.

Blood.

The metal.

M.

My brain.

Trenching.

I could see.

Blood",0,0,34.0,0.8823529411764706,0.11764705882352941,terrified_l16_a8p0
terrified,16,8.0,9,1," A stone wall

Strain: Blood

A knife is sharp and sharp and the flesh and the cold. The heart is broken and the lungs are filled with air.

As a great wind swells and rushes. Cradling the earth, the earth is shattered. Blood doth as it gather on the ground.

A blast. The head and the heart,",0,0,57.0,0.5964912280701754,0.15789473684210525,terrified_l16_a8p0
terrified,16,8.0,9,2," a hole in the earth.

Item: metal.

Storming down upon the metal frame.

Grabbing against the air.

Searing.

Hanging over the earth, like an iron grating.

Like an endless gash in the fabric of the earth.

Ness.

Wrenching.

Stroke.
",0,0,39.0,0.717948717948718,0.15384615384615385,terrified_l16_a8p0
terrified,16,8.0,9,3," The inside of a building.

A:

I thought my hand would move when I was hit from behind.
It would probably be the same in the air. The only thing I was aware of was I could feel against my body, and was moving.
I didn't know where I was. I couldn't hear a thing.
I tried to scream, but I didn",0,0,62.0,0.6612903225806451,0.14516129032258066,terrified_l16_a8p0
grateful,0,0.0,0,0,"
A boy from the town,
looking for his mother.

The boy is a boy who looks older than he is.

The boy is a boy who is very kind.

The boy is a boy who does not speak very well.

The boy is a boy who is not very careful with his money.

The boy is a boy who is very hard",0,0,62.0,0.4032258064516129,0.1774193548387097,base
grateful,0,0.0,0,1," ""Mysterious Hotel"" by Lara Croft, scene from the movie ""The Fountain of Youth"".

Plot summary:
The hotel is a beautiful, luxurious condo building that had a history of being owned by an important businessman. In the early 1990s, a young guy who was an avid tourist was murdered. This is where things really start to get interesting. The hotel",0,0,59.0,0.7796610169491526,0.0847457627118644,base
grateful,0,0.0,0,2,"  (I was talking to a guy on the phone) He's going to be fine, I'm going to let you know.  (he was telling her to go home)

Scene:  (he was talking to me while I was talking to him, then he asked me to go home) Do you need to go home?

Scene:  (he was telling me",0,0,57.0,0.5263157894736842,0.14035087719298245,base
grateful,0,0.0,0,3," A young woman at a bar who is waiting for her chance to dance with her friend.

Catch the episode and share the script in our social media.

How to watch: Watch the episode on your favorite TV channel.

P.S. Check out the episode on YouTube.",0,0,47.0,0.7872340425531915,0.0851063829787234,base
grateful,0,0.0,1,0," Mogadishu, a city, the capital of the kingdom of Mogadishu.

Background: It is a city of Mogadishu. The kingdom of Mogadishu (the name means ""kingdom"" in Arabic) is also home to some of the highest mountain ranges in the world. Mogadishu has over 100 miles of coast",0,0,46.0,0.5652173913043478,0.13043478260869565,base
grateful,0,0.0,1,1,"

What's the point of this scene if the three of you never finish?

You have your friends on their knees, and they're trying to find an item.

What's the point of this scene if the three of you never finish?

That's your choice to make, right?

But as your friends start to try to put something together, you realize",0,0,59.0,0.6101694915254238,0.06779661016949153,base
grateful,0,0.0,1,2," A little girl comes home from school and tells a story about her friends finding something unexpected. She plays a clip-on microphone over her ears and calls out for her friend.

Plot: A little girl finds something unusual in the backyard. She puts on her headphones and hears a noise from the neighbors. Her friends start talking and she hears a little girl talking. Her friends start talking to her",0,0,71.0,0.5774647887323944,0.09859154929577464,base
grateful,0,0.0,1,3,"

One of the friends is in trouble. She's in trouble. She's with another friend, a young boy. The boy is being very clever. He is very smart. He finds out that his friend is being very clever.

That's all the story the friend needs to know. She's being clever. She's being very smart. The boy wants to make sure he gets",0,0,61.0,0.5409836065573771,0.08196721311475409,base
grateful,0,0.0,2,0," I love the idea of a party in a hotel room, which you are invited to have a party in.

The character being in the lobby, being invited to a party.

Scene: The party.

The character being invited to a party.

Scene: That part is completely different to the first scene, but I think it’s fun.

Scene:",0,0,58.0,0.5344827586206896,0.10344827586206896,base
grateful,0,0.0,2,1," A man receives a news article on his Facebook page.

You can change the background of a scene by pressing the appropriate space bar.

Step 2

Press “Play” to create a new scene.

Step 3

Repeat the process for the next scene.

Step 4

Click “Add Scene” to appear as a preview.",0,0,49.0,0.7346938775510204,0.10204081632653061,base
grateful,0,0.0,2,2," Doodle

Character: Kylie Minogue

Theme: ""You're just a girl on a mission""

Repeat: ""She's just a girl on a mission""

Kylie Minogue is one of the stars of the MTV series Doodle. She's a model who sells her wares on the Internet, and she's also famous for",0,0,47.0,0.6382978723404256,0.10638297872340426,base
grateful,0,0.0,2,3," An old man is walking on the sea with his friend, who has just stopped to drink a glass. The old man has noticed that his friend has not eaten today and has decided to follow the old man to the sea. He asks the friend about the sea and his friend tells him that there is a young person who has a young boy. After the old man and the young person have passed by",0,0,76.0,0.5263157894736842,0.10526315789473684,base
grateful,0,0.0,3,0," I am in an empty room with a bunch of people, and I'm looking for a woman.

I guess if you're the one you're looking for, you might as well do it right. So you do the scene in question, and you figure out what's going on.

But you have to work on that.

But you can't work on the scene right",0,0,62.0,0.6774193548387096,0.08064516129032258,base
grateful,0,0.0,3,1,"

""No, that's my room. It's not a place I would like to go, is it?"" She looked from his face to hers, but she couldn't see his face.

He was silent for a while. Then he said, ""I don't want to leave you.""

""It's not like that,"" she said.

He said, """,0,0,51.0,0.7058823529411765,0.058823529411764705,base
grateful,0,0.0,3,2,"

Waiting in a quiet room

Scene:

Waiting in a quiet room

1. Take a moment to take in your surroundings, make notes, and then take a good look at the room.

2. Go over the scene again and make sure you have everything right. If there are any mistakes, don’t hesitate to make another scene with the new",0,0,57.0,0.6666666666666666,0.07017543859649122,base
grateful,0,0.0,3,3," (Riding on a motorcycle) A motorcycle accident happened on Sunday.

Rider: (Saw on the road) A bike accident happened on Sunday.

Shot: (Wrecking the bridge at the finish) A bike accident happened on Sunday.

The road is littered with debris and broken glass, which is not very dangerous.

Scene: (T",0,0,50.0,0.6,0.1,base
grateful,0,0.0,4,0,"

Shoot for 3-4 hours. The shoot is set up with 2x8 camera angles.

Hours:

7:30 – 6:00 pm

The main part of the shoot is in the kitchen with a small group of people, so there is no set-up.

It is a great idea to have a big table and chairs to sit",0,0,50.0,0.68,0.08,base
grateful,0,0.0,4,1," Sketch the background to a scene with a piece of artwork.

In the final scene of the film, the main character, Frank Grindler, starts to get into a car, pulls away from the driveway and exits to his home. Later, the actor begins to play a guitar and play guitar tunes in the background.

The soundtrack for the film, which is actually the same",0,0,64.0,0.640625,0.15625,base
grateful,0,0.0,4,2," A small office, a big meeting.

Scene 2: A very large office, a meeting with some people who want to use the money to pay for a new office.

Scene 3: A big office, a meeting with two people who have the secret wish to have a baby.

Scene 4: A big office, a meeting with some people who want a bigger office.",0,0,60.0,0.43333333333333335,0.18333333333333332,base
grateful,0,0.0,4,3,"

Piano player, singer, musician, playwright

Voice:

Morgan Goff

Dance:

The American Dance Company.

Sightseer:

Vincent M.

Piano:

Robert G.

Folk song:

The Flamingo's Song.

Chorus:

",0,0,25.0,0.84,0.08,base
grateful,0,0.0,5,0,"

In your room with the door closed, you're at work, and you're in the middle of a meeting with a boss. You're the head of a new team, and your boss wants to get a new team moving faster.

The boss asks you whether you're willing to move the team's equipment to the new company, to make a deal for a new contract.
",0,0,63.0,0.5714285714285714,0.09523809523809523,base
grateful,0,0.0,5,1,"

The story is told by a very talented actor in a high-end video game, who will be joining forces with the other characters in a game, and he is the one who brings the characters together.

Gather a group of friends and help them make a decision together.

What’s most exciting about the project?

The game is being released on November 1",0,0,63.0,0.7142857142857143,0.09523809523809523,base
grateful,0,0.0,5,2," ""Let me see, what do you think? I've got your name right on your door!""

""Who are you?""

""Someone like you.""

""Who are you?""

""I'll show you!""

I am holding my breath and pushing myself up. I am holding my breath! My feet are going to hit the floor and I will die with",0,0,54.0,0.7037037037037037,0.09259259259259259,base
grateful,0,0.0,5,3,"

The last scene in this episode was the beginning of the final episode.

The first 3,000 meters were about to change into another world and one of them was this one. The one who was in control of this world was the one who had the keys to this world.

The main character was in charge of this world's powers, which were:

The power",0,0,63.0,0.5238095238095238,0.14285714285714285,base
grateful,0,0.0,6,0," The second scene is a scene from a movie called ""Shoot."" The guy in the movie is in the middle of a lot of trouble in a dark city. The scene is about a guy who lives in a trailer. He runs into a police officer who asks him to come to a meeting that someone's trying to solve. The guy in the movie is trying to convince him not to come to",0,0,73.0,0.5068493150684932,0.1095890410958904,base
grateful,0,0.0,6,1,"

The hallway is a very short hallway.

What does it mean?

It's a very short hallway.

What's the purpose of the hallway?

It's a very short hallway.

What is the purpose of the hallway?

It's a very short hallway.

What's the function of the hallway?

It's a very",0,0,48.0,0.3125,0.16666666666666666,base
grateful,0,0.0,6,2," ""The Exorcist""

The Exorcist's opening scene was about ""a mysterious character who is looking for something he can't get."" The next scene depicts this character looking for the ""something"" he was looking for in his bedroom.

Scene: ""The Mask""

The next scene shows the Mask looking for the ""something"" he was looking for in his """,0,0,55.0,0.4727272727272727,0.14545454545454545,base
grateful,0,0.0,6,3," A man is being chased by his neighbors. Suddenly he spots his neighbor’s vehicle and screams for help.

In the meantime, the neighbor’s wife has died.

Scene: A man is taken to the hospital for treatment. He is ailing from his stroke.

Scene: A man is walking on the street, but suddenly he is seen running away from some shops",0,0,62.0,0.6612903225806451,0.08064516129032258,base
grateful,0,0.0,7,0," The girl is walking, in the moonlight, through the woods. The boy is carrying a little boy in his arms. She's holding him. He looks out the window.

Act 1 Scene 2 Scene 3 Scene 4 Scene 5 Scene 6 Scene 7 Scene 8 Scene 9 Scene 10 Scene 11 Scene 12 Scene 13 Scene 14 Scene 15 Scene 16 Scene 17 Scene 18 Scene 19 Scene 20 Scene 21 Scene",0,0,50.0,0.46,0.42,base
grateful,0,0.0,7,1," The townspeople are walking through town.

Story: The story of a family and their new found friend.

Director: Chris Kraft

Music:

The soundtrack features songs from the film “Daddy, You’re the Only One”, as well as “The Sound of Things”, by The Simpsons.",0,0,44.0,0.7954545454545454,0.1590909090909091,base
grateful,0,0.0,7,2," This scene is done with the aid of a tripod and a microphone. The camera is put on top of the tripod and the two of them stand on a chair. A camera in a corner of the room is held by the two people, who stand up against the wall and use their hands to make it easier for the photographer. The people on the chair are both smiling. A microphone on",0,0,73.0,0.5753424657534246,0.136986301369863,base
grateful,0,0.0,7,3,"

The scene plays and the two people walk through town at night.

Action:

The person is seen walking through town, and the two people are walking through town at night.

Scene:

The person is seen walking through town, and the two people are walking through town at night.

The person is walking through town, and the two people are walking",0,0,60.0,0.2833333333333333,0.13333333333333333,base
grateful,0,0.0,8,0," A small, dark, room, set up to allow for dialogue, and a small, dark room.

Text: A short scene with the teacher being told to speak quietly.

Scene: A short scene with the teacher being told to speak quietly.

Text: A short scene with the teacher being told to speak quietly.

Scene: A short scene with the teacher being",0,0,59.0,0.3559322033898305,0.1016949152542373,base
grateful,0,0.0,8,1," A student sits on a table during a classroom discussion.

Text: The student asks for clarification.

Text: The teacher tells the student what is wrong.

Text: The student says ""Yes, but your teacher is the same.""

Text: The teacher says ""Okay, that's enough.""

Text: The student says ""I know that's wrong, but",0,0,52.0,0.5384615384615384,0.1346153846153846,base
grateful,0,0.0,8,2,"

When the class has all finished, the teacher will be asked to call his students. The student will receive a hand. The teacher will ask the student if he wants to be a teacher or a student. The student answers yes. The teacher calls his students to explain the situation. The student responds with a hand. The teacher gives his students a hand of a hand. The student then says",0,0,70.0,0.4857142857142857,0.15714285714285714,base
grateful,0,0.0,8,3," ""The student has a teacher speaking with him. The teacher is talking about a class that he has just started. The student is talking with his teacher on the bus. The student is speaking about the class and the teacher is speaking with the student. The student is talking with his teacher. The student is talking with the teacher and the teacher is speaking with the student. The student is talking with the",0,0,73.0,0.273972602739726,0.2054794520547945,base
grateful,0,0.0,9,0," A girl is making her way to a big green house.

You may want to do some background for the scene as you are doing the scene.

In this scene, you have to make sure that you can easily grab your camera.

If you have a bad camera you can shoot it right.

You should have a good idea of what you want to do and how",0,0,67.0,0.6716417910447762,0.11940298507462686,base
grateful,0,0.0,9,1,"  
1.  A young woman is sitting at a café in Paris.  
2.  She has a bottle of wine in her hand.  
3.  Her husband's name is Georges.  
4.  Her two friends, the younger of whom is Georges, are sitting on the patio in the summer sun.  
5.  They are discussing the",0,0,46.0,0.6739130434782609,0.08695652173913043,base
grateful,0,0.0,9,2," A man is walking through a forest in the middle of a forest. He is walking, but he doesn't know where to go. He is alone, but at the moment he is walking by the edge of the forest.

Scene: The man walks down a street of the town. He has a shop, but it is empty. He sees a stranger who is walking by the shop.",0,0,67.0,0.5074626865671642,0.1044776119402985,base
grateful,0,0.0,9,3,"

It has been told in one of the books that to understand something, you must understand it first, then imagine that it is there before you, then think of it, and so on. This is the same way you must think of ideas before thinking of words. But there is an important difference in the way you think about ideas. When you think about things, you are thinking of them",0,0,70.0,0.5714285714285714,0.08571428571428572,base
grateful,12,2.0,0,0,"

Your day was like any other. Your days are filled with the work of a family. In an effort to fill every need, you have set up a dream house for your little one. You have helped her out when she needed it and you have loved your beautiful home for years.

If you have made it this far, you are now a happy stepmother to your little one",0,0,69.0,0.7246376811594203,0.07246376811594203,grateful_l12_a2p0
grateful,12,2.0,0,1,"

""The story ends in one of those classic scenes from the movie, when you're stranded for the night by the ocean. You see a giant boat, which you thought you would never see again, and you discover that the dream has finally come true, and you're free to roam through the sea and discover all that was before. And then you find that you never really knew you",0,0,68.0,0.7058823529411765,0.10294117647058823,grateful_l12_a2p0
grateful,12,2.0,0,2," A young girl's story is told from the perspective of a girl who was caught in an accident.

Interlude: A day when the girls and their family are together.

Sketch/Interlude: The girls decide to stay and start the next chapter.

**DID YOU THINK YOU COULD**?

I can definitely see how this scene is",0,0,54.0,0.8148148148148148,0.07407407407407407,grateful_l12_a2p0
grateful,12,2.0,0,3,"

I'm sitting in my living room, with a mug of coffee, a picture of my dog and a note for my sister-in-law. I've got to get a better look at the beautiful house my nieces and nephews live in, but I also want to make sure it's all right for my daughters.

Nine months ago, my wife, my friends",0,0,61.0,0.7540983606557377,0.11475409836065574,grateful_l12_a2p0
grateful,12,2.0,1,0," An old friend, who lives with his grandparents in the country. In the summer he finds his first love in his hometown and leaves it behind. The love he gets in return is to change it, to bring back the old days.

Intro: A little girl who gets lost in the woods at night. The woods and her new friends help them to find it.

Scene:",0,0,66.0,0.6666666666666666,0.09090909090909091,grateful_l12_a2p0
grateful,12,2.0,1,1,"

Pictures:

1.

Scene:

Pictures:

#Pictures

I like to think that the scene I chose was not my first love or first moment, but maybe it's just me. I'm looking for a quiet moment that we will celebrate and feel.

Scene:

Pictures:

2.

Scene",0,0,41.0,0.7560975609756098,0.0975609756097561,grateful_l12_a2p0
grateful,12,2.0,1,2," A girl is looking through a closet looking for a woman. She has a lot to learn as she gets older and can't quite seem to get the right clothes for her. A new hairstyle, a new boyfriend, and a change in her wardrobe make her a lot of fun.

In the present tense, the girl is walking along the beach, and the boys are sitting at their",0,0,68.0,0.6470588235294118,0.11764705882352941,grateful_l12_a2p0
grateful,12,2.0,1,3," I'm in my second year. I work at a small coffee shop and I'm trying to figure out what my friends are thinking about.

Scene: My first year at my high school, I was a regular student. My parents had decided to let me go to college so that I could get a job at a company that makes coffee, and I had a chance to go to college and",0,0,70.0,0.6285714285714286,0.07142857142857142,grateful_l12_a2p0
grateful,12,2.0,2,0," The hero in the episode is a man, a stranger who has come to accept his humanity as his own and who wants to be respected as a good human being. (C)

Scene: A character is in a situation where it is impossible to live in this moment without loving or being loved. (C)

Scene: A character is in a situation where it is impossible to live",0,0,67.0,0.5671641791044776,0.1044776119402985,grateful_l12_a2p0
grateful,12,2.0,2,1,"

As the scene opens, the house seems to be a home for the baby who has left for her father. The baby is carrying a bundle of clothes and is now in a foster home. The baby is now sleeping in a crib with a small cot and a bottle for his first name, ""Tiffany."" The baby is in the foster home's care. The baby does not want",0,0,68.0,0.6029411764705882,0.11764705882352941,grateful_l12_a2p0
grateful,12,2.0,2,2," B.B. in the woods: After hearing a radio report about someone in trouble, he had a chance to call his sister, Mia, and explain what had happened.

Scene: F.A.C.: A girl in a small town called F.A.C. was having trouble finding her way. She wanted her friends to help her.

Scene: A.",0,0,57.0,0.7017543859649122,0.12280701754385964,grateful_l12_a2p0
grateful,12,2.0,2,3," A young man receiving an unexpected news.

You can create this scene in a variety of ways:

Using a camera. Use a camera to create a scene that represents the experience.

Using a video camera to create a scene that represents the experience. Use a video camera to create a scene that represents the experience. Use a voice recorder to record the spoken words of the person you",0,0,68.0,0.45588235294117646,0.14705882352941177,grateful_l12_a2p0
grateful,12,2.0,3,0," An old man and his wife are waiting in the car.

Background Information: In addition to the story, I also incorporated a few images from the movie. My own thoughts on the story and the characters are here.

Themes: The atmosphere of the film is described as ""dreary"", a theme that I found difficult to pull off. The main reason I decided not to",0,0,64.0,0.75,0.125,grateful_l12_a2p0
grateful,12,2.0,3,1," ""My family is at home.""

Scene: ""Your dad is working. The sun is shining.""

Scene: ""Your son is studying.""

Scene: ""I love you.""

Scene: ""I love you.""

Scene: ""I love you.""

Scene: ""I love you.""

Scene: ""I love you.""

Scene",0,0,40.0,0.425,0.2,grateful_l12_a2p0
grateful,12,2.0,3,2," a scene from a happy ending that involves two boys, a dog and a cat, in a quiet room.

Scene: a scene from a happy ending that involves two boys, a dog and a cat, in a quiet room.

Scene: a scene from a happy ending that involves two boys, a dog and a cat, in a quiet room.

Scene: a scene",0,0,62.0,0.24193548387096775,0.25806451612903225,grateful_l12_a2p0
grateful,12,2.0,3,3,"

The little girl with a very happy smile, standing on a beach, is waiting for her mother.

Image:",0,0,18.0,0.9444444444444444,0.1111111111111111,grateful_l12_a2p0
grateful,12,2.0,4,0," ""I feel sad""

2) A short scene of a person recalling an important promise.

This scene is described as the “in-between scenes” of “I am a sad person.” (The in-between scenes are included in the above-listed scenes, and are shown in the following sequence:

“My sad life”

“I am a sad person",0,0,54.0,0.5740740740740741,0.07407407407407407,grateful_l12_a2p0
grateful,12,2.0,4,1," S1: She was telling him that when his father and
mother had moved into a new place, she would be very glad that they had
a daughter.

Note: You will be using your own
imagination, so when you are given your own scene, use it
as it is most appropriate.

1) As you go through the scenes,
you'll be",0,0,58.0,0.7758620689655172,0.05172413793103448,grateful_l12_a2p0
grateful,12,2.0,4,2,"

What is one of the most interesting stories in a short scene?

You will have an excellent opportunity to read the story and watch a short episode of the short scene.

You may find it interesting that the scene includes the relationship between a man and a woman that the woman was not happy about.

You may find it interesting that the man is also trying to understand the",0,0,69.0,0.5797101449275363,0.11594202898550725,grateful_l12_a2p0
grateful,12,2.0,4,3," ""Saving the Good from the Evil.""

Theme: ""The Good""

Stars: Paul (a boy), John (an old man), Daniel (a boy), Kate (a boy), Celine (a woman), Lisa (a girl), David (a young boy), Lili (a girl), Lola (a boy), and Mark (a man)

",0,0,43.0,0.6046511627906976,0.20930232558139536,grateful_l12_a2p0
grateful,12,2.0,5,0," This is where you make a decision to start your first relationship or career.

You have a lot of choices and you have to make them on your own. You need to decide between different things, like marriage, kids, children, marriage, kids.

Here are a couple of your options and how they fit into the equation.

Do I marry in one town or marry abroad",0,0,65.0,0.7384615384615385,0.06153846153846154,grateful_l12_a2p0
grateful,12,2.0,5,1," (as seen in the above link)  
  
  
  
### In the Mood of Gathering

 **The story of the meeting of our relationship**

**—C.**

The story of the meeting of our relationship begins with the breakup of our marriage, the loss of both our families, and the growing pains that we experience when our love is denied.  ",0,0,53.0,0.5849056603773585,0.16981132075471697,grateful_l12_a2p0
grateful,12,2.0,5,2," The character is walking across a road to a place he could never have imagined.

Scene: The scene is where the characters get together for the first time.

Scene: The characters get married and split up after they find out that he is married.

Scene: The characters get back together when their friends are on a date, but they have to break up a long time later",0,0,67.0,0.6268656716417911,0.08955223880597014,grateful_l12_a2p0
grateful,12,2.0,5,3," This is your first time using the Lure of the Lilies project. How it is going?

Lure: They are a lot more than I’ve been working with. I am a bit older now, with quite a bit of maturity, and just having my first experience with the Lure of the Lilies project in March of 2013. I am very grateful that they are coming",1,1,64.0,0.65625,0.0625,grateful_l12_a2p0
grateful,12,2.0,6,0,"

One day a man had been coming to the village to eat. When he passed by his house and saw his wife and daughter there, he asked for permission to go and eat and the woman told him to tell her mother what happened. The man and his daughter were very happy. His wife and daughter were only four years old. The man and his daughter decided that the child would be left",0,0,73.0,0.6438356164383562,0.0958904109589041,grateful_l12_a2p0
grateful,12,2.0,6,1,"

The little boy is standing at the door. He doesn’t know it, but something in his heart will come true.

The opening scene shows him and the little boy.

This scene was created by the help of the author of The Gathering of the Rainbow and the star of the show.",0,0,52.0,0.6923076923076923,0.19230769230769232,grateful_l12_a2p0
grateful,12,2.0,6,2," A car pulls up and a family with a dog comes out carrying a large package. The dog is a tiny red and white puppy with no other family in the home. The family wants to give the dog some treats to remember their home in the event that they lose the dog in the process. When the family has been out with the dog, she starts to play with the puppy, and the dog",0,0,75.0,0.5466666666666666,0.14666666666666667,grateful_l12_a2p0
grateful,12,2.0,6,3,"

""I'm out of here. I'll just leave you and the baby for a while.""

The next morning, he woke up and made sure to dress. He took his clothes to the bathroom, and then went to bed and put on the nightgown he had been wearing before. The next morning, he took the nightgown and headed to his friend's house.",0,0,60.0,0.6666666666666666,0.1,grateful_l12_a2p0
grateful,12,2.0,7,0," the day before our wedding (on the day we went to church with your mother), we had breakfast with your mom in the church. As we were having breakfast in the church with your mother, your mom was talking to a group of people who were in town visiting with my mother. We were able to get together and go out to a restaurant. I am hoping that the night you had you got",0,0,74.0,0.5945945945945946,0.06756756756756757,grateful_l12_a2p0
grateful,12,2.0,7,1," Sitting at the window of his father's house, in this early morning, he can hear the wind and the birds, and he can feel the water and hear the waves.

In the middle of the day, his father takes him to a nearby waterfall.

Scene: Standing in the yard of his aunt's house in the afternoon, he cannot stop from seeing the beauty of",0,0,64.0,0.625,0.15625,grateful_l12_a2p0
grateful,12,2.0,7,2,"

A man walks through town at night.

Scene:

A man walks through town at night.

Scene:

A man walks through town at night.

Scene:

A man walks through town at night.

Scene:

A man walks through town at night.

Scene:

A man walks through town at night.",0,0,47.0,0.1702127659574468,0.1276595744680851,grateful_l12_a2p0
grateful,12,2.0,7,3,"

a friend of mine.

B:

That's the town, my friend. I think you like it.

Scene:

a friend of mine.

B:

Well I see you had a very good night and I am very happy to see you, you know.

Scene:

a friend of mine.

B:",0,0,46.0,0.5652173913043478,0.08695652173913043,grateful_l12_a2p0
grateful,12,2.0,8,0," A middle school student in the library who is having a difficult time talking about things that are affecting him.

Scene: A teacher who finds out she has a boyfriend.

Scene: A friend who is in the middle school trying to talk about something that is affecting him.

Scene: A man who has a broken foot, his mom, and the boy who is going to be",0,0,66.0,0.6060606060606061,0.10606060606060606,grateful_l12_a2p0
grateful,12,2.0,8,1," A young girl and a boy are watching a TV show and are waiting for their teacher who is taking the picture.

Scene: A little boy looks up at the camera and says something like, ""I think I am going to die.""

Scene: A young girl walks down the hallway and sees the person standing right in front of her.

Scene: A girl sits down on",0,0,66.0,0.696969696969697,0.09090909090909091,grateful_l12_a2p0
grateful,12,2.0,8,2," The Story of a Folder

Description: A folder is a small object used to store one's personal or family photos. The folder is often used to store sensitive personal documents or documents in public.

Scene: The Story of a File

Description: A file is an archive of an individual's personal photos, books, art work, or whatever else is inside. A file is",0,0,62.0,0.532258064516129,0.0967741935483871,grateful_l12_a2p0
grateful,12,2.0,8,3,"

A new student speaking with a teacher after class.

Scene 1:

A new student speaking with a teacher after class.

Scene 2:

A new student speaking with a teacher after class.

Scene 3:

A new student speaking with a teacher after class.

Scene 4:

A new student speaking with a teacher after class.",0,0,49.0,0.1836734693877551,0.20408163265306123,grateful_l12_a2p0
grateful,12,2.0,9,0,"

After you've finished the previous chapter, take one last look around your room. Do you feel overwhelmed or inspired to be a more mature version of your character? If you feel that the story is so overwhelming, you may want to have a few ideas about what you can do. There are many people out there who are making you more, not less, happy. They may be the ones",0,0,69.0,0.7681159420289855,0.07246376811594203,grateful_l12_a2p0
grateful,12,2.0,9,1," A long piece of water with some plants in it.

Music: A song made by me. It's just a song and there is a story behind it.

Scene: A man and woman in the sun.

Scene: A group of boys in a park.

Scene: A girl with an umbrella.

Scene: A man sitting on the train with his",0,0,58.0,0.6379310344827587,0.15517241379310345,grateful_l12_a2p0
grateful,12,2.0,9,2," A young girl, who has been left at home to live alone with her family for the last few months.

Character: A girl who is very shy, and a very kind person. She is very independent and will always remain her special child.

Scene: A young girl who has been left at home to live alone with her family for the last few months.

Character:",0,0,65.0,0.5384615384615384,0.06153846153846154,grateful_l12_a2p0
grateful,12,2.0,9,3,"

I had a friend in a very similar situation. She came into my room and found something that she thought was perfect. It was a set of chairs. When you have a room you have the ability to create an environment that is very natural for you to create and this was a good thing. You had a very simple room.

She also had a very strong personality, someone who",0,0,70.0,0.6428571428571429,0.1,grateful_l12_a2p0
grateful,12,4.0,0,0,"

As soon as her new flat starts being filled with all those wonderful memories, she begins a new life in New York City.

She lives a normal life with two amazing children who are extremely spoiled and loved by each and everyone in her life.

She lives her own life in a tiny apartment in the East Village with her own two dogs, two cats and a catlit family",0,0,69.0,0.6376811594202898,0.057971014492753624,grateful_l12_a4p0
grateful,12,4.0,0,1," A woman with a newborn child arrives home after a difficult day.

1:30 PM

Shanna: “I want you to be careful about what you choose to wear. I’ve always wanted a pair of jeans, but a simple jacket is not what I am looking for.”

A friend is trying to help her meet the man she lost and is in pain, she",0,0,62.0,0.7741935483870968,0.0967741935483871,grateful_l12_a4p0
grateful,12,4.0,0,2,"  

1-A room of my grandmother's, surrounded by all the wonderful things to do for her, with a wonderful picture of her.

2-A place to go on the beach with my cousins.

3- A trip to a friend's new house.

4- A long holiday with my grandmother.

5- A memorable day at work with a",0,0,51.0,0.6470588235294118,0.1568627450980392,grateful_l12_a4p0
grateful,12,4.0,0,3,"

A boy goes to live alone with his family at their new home in the country. As he leaves, his mother gives him the keys to a small farm that is her home. When he turns 18, he has a surprise.

Scene:

A boy visits his grandparents at home who is struggling with the idea of being separated from his mother for a long time. He is",0,0,66.0,0.6818181818181818,0.07575757575757576,grateful_l12_a4p0
grateful,12,4.0,1,0," The first day of school.

A short scene about two friends finding something unexpected.

Scene: The first day of school.

Chapter 2.

Maintaining your own home in the best of circumstances.

Scene: A family room filled with friends.

Chapter 3.

Making new friends from the very beginning.

Scene: A family room",0,0,49.0,0.6326530612244898,0.08163265306122448,grateful_l12_a4p0
grateful,12,4.0,1,1,"

Travis

Date:

October 17, 2008

View:

I love this scene. It's so much more than it's simply being the perfect couple. It's very human, and it's not just that. It's not just their love story but the way each person reacts to them, and how they treat them, and how they choose to express",0,0,52.0,0.7307692307692307,0.09615384615384616,grateful_l12_a4p0
grateful,12,4.0,1,2," A wedding ceremony at the church with the girls. (Original)

Door of happiness has been broken. (Original)

In the midst of a heartbreaking loss, an opportunity to help a young girl to learn. (Original)

The days of the day, the days of the week, the years of friendship. (Original)

The house was ready to be",0,0,55.0,0.6363636363636364,0.16363636363636364,grateful_l12_a4p0
grateful,12,4.0,1,3,"

A girl is sitting on the couch playing with her friend. The friend asks her how her dream and her feelings were so different. Her friend says she’s happy for her mom and wants to spend time with her family.

Background:

A girl is sitting on the couch playing with her friend. The friend asks her how her dream and her feelings were so different. Her",0,0,67.0,0.4626865671641791,0.1791044776119403,grateful_l12_a4p0
grateful,12,4.0,2,0,"

I'm a young girl in the world who lives alone with her parents. We've been going to live together since we were in high school. We have three grown children, Arie, Emma, and I. I'm currently working toward a divorce and in order to avoid that I'm feeling guilty about my own loss and I am feeling hopeful about raising their daughter. She is a sweet",0,0,66.0,0.803030303030303,0.045454545454545456,grateful_l12_a4p0
grateful,12,4.0,2,1,"

A brief scene about a person receiving surprising news.

This scene is the opening scene for the next scene and will be used in the next scene.",0,0,27.0,0.7037037037037037,0.18518518518518517,grateful_l12_a4p0
grateful,12,4.0,2,2," A happy little girl is waiting for her family for a visit. Her parents were born in the country and she wanted to go to this country as her own.

Act: A joyful family reunion. The children get together and play together in this happy family home.

Scene: A beautiful garden in this happy family home. Children are surrounded by the love of their life.

",0,0,65.0,0.6461538461538462,0.06153846153846154,grateful_l12_a4p0
grateful,12,4.0,2,3," Giles

Giles is a young man who wants to make a great gift for his wife. Giles then sees an attractive woman in a short scene at his house.

Scene: Giles

Giles receives his first daughter through a mutual friend. Giles is surprised by his first son who is at his best, and he wants to share this family honor with his wife",0,0,63.0,0.6507936507936508,0.09523809523809523,grateful_l12_a4p0
grateful,12,4.0,3,0," A child is waiting in a quiet room with his parents.

In my first short scene, I show you the story of how a person came to be with me when he was a young man. We will do what we have to do to help children every day.

In my first short scene, I show you the story of how a person comes to be with me when they are",0,0,71.0,0.6056338028169014,0.07042253521126761,grateful_l12_a4p0
grateful,12,4.0,3,1, Room 101: Room 101A: Room 102: Room 103: Room 104: Room 105: Room 106: Room 107: Room 108: Room 109: Room 110: Room 111: Room 112: Room 113: Room 114: Room 115: Room 116: Room 117: Room 118: Room 119: Room 120: Room 121: Room 122: Room 123: Room 124: Room 125: Room,0,0,28.0,0.07142857142857142,0.9642857142857143,grateful_l12_a4p0
grateful,12,4.0,3,2," It's Wednesday afternoon.

The moment is so important to him. But she didn't want to tell him. She didn't want to hurt him. She wanted to leave him the way she found him. She doesn't care. She would never betray him. She has no doubts about his courage. He has been strong in her and is going to do a good job for her.
",0,0,64.0,0.671875,0.109375,grateful_l12_a4p0
grateful,12,4.0,3,3," ""Brainstorming is the perfect opportunity to start a family.

Tale of: A boy with a dream.

A Story: He's about to have a birthday.

In the story, he says to his dad, ""Mom, I'm going to come to you.""

Scene: They have a dream about his parents.

The story of:",0,0,50.0,0.64,0.12,grateful_l12_a4p0
grateful,12,4.0,4,0,"

An unplanned Christmas vacation in Japan.

The year of the heartbreak.

Shipwre:

A young and happy family.

The family will have Christmas dinner and celebrate the gifts.

The day before Christmas,

I helped them plan this family’s Christmas.

The family has to stop me from hurting their loved ones.",0,0,50.0,0.76,0.12,grateful_l12_a4p0
grateful,12,4.0,4,1,"

The new friend of the family gets to know a new girl in her school. He is excited to move into the home and has a great family. This new friend will have a lot of memories of her home and family. The new friend will be so very happy. This story is one of love, happiness, and joy.

Scene:

One day, there is a",0,0,65.0,0.6,0.06153846153846154,grateful_l12_a4p0
grateful,12,4.0,4,2," (A moment)

My husband has found his best friend in his daughter.

My husband is a bit of a stranger, but it is very hard to stay the same.

Scene: (A moment)

This is my son, John.

This is my son’s future, and he is being able to do something special for him.

Scene",0,0,55.0,0.6909090909090909,0.09090909090909091,grateful_l12_a4p0
grateful,12,4.0,4,3,"

As a child, I have a memory for each of my friends, which is often my mother's birthday present to me.

Mourning:

I can barely tell whether I loved them or missed them. I can remember the day I met them.

My best friend and I went to a wonderful college, where we had the privilege of being able to create memories",0,0,62.0,0.7419354838709677,0.0967741935483871,grateful_l12_a4p0
grateful,12,4.0,5,0," The two of them meet when the first week of summer vacation passes away. She's taken a trip to the desert, where she met many people from her family.

Story: When she looks back, she doesn't think she should choose to die. She has a good friend, a friend she truly loves, and a husband that loves her.

Scene: The two of them meet",0,0,64.0,0.671875,0.09375,grateful_l12_a4p0
grateful,12,4.0,5,1," The scene is the result of a love/hate relationship. A love story between a guy and a girl. The love triangle is just getting started.

Theme: The love triangle is just getting started.

Creative/Educational/Public Service/Creative Ways to Improve the Weirdness of America.

This video was shot to celebrate the life of a family who",0,0,58.0,0.6206896551724138,0.10344827586206896,grateful_l12_a4p0
grateful,12,4.0,5,2," I like a boy who is gay, loves children, and wants to be a normal mom. I like this girl's dad.

Other Details: I like the boy's love. I am happy to have him.

Review: This story is a true story. When I got the call from my parents about the boy's mother, I knew I had to tell her. It was",0,0,62.0,0.7096774193548387,0.11290322580645161,grateful_l12_a4p0
grateful,12,4.0,5,3,"

Marshall is in the middle of a big project, but he needs to be prepared for the next step. You'll be responsible for the emotional journey as you discover your true identity with your partner. You also know that you may need someone else. You need a child who you can trust. And that has to be a child!

Scene:

You are in a great",0,0,65.0,0.7076923076923077,0.09230769230769231,grateful_l12_a4p0
grateful,12,4.0,6,0," ""Tweeting how they'll look on Halloween dinner dinner, that the best thing they could do is to buy me presents, that the best thing they could do is to buy me presents.

And the next day, I'm sharing a little scene with a mom, I'm sharing a little scene with a mom, and a little scene with my dad, who also loved my Mom.",0,0,64.0,0.53125,0.078125,grateful_l12_a4p0
grateful,12,4.0,6,1,"

Story:

My life is taken when I find a house, a tree, and a dog with no parents. My parents lived a life they never expected to see them again. What I did in the beginning is an accident, a breakup, and the most important thing for me: to be with my family.

I was given a very happy ending: a love and",0,0,63.0,0.7142857142857143,0.1111111111111111,grateful_l12_a4p0
grateful,12,4.0,6,2," A house, the perfect backdrop for a garden.

In the background, a boy who wants a pet.

A scene from a TV series and a sweet boy.

Sister, a character in a dream life.

In the scene, she is leaving the house and being given a gift.

Facing and overcoming the loss of her best friend.

",0,0,56.0,0.6428571428571429,0.17857142857142858,grateful_l12_a4p0
grateful,12,4.0,6,3," ""I'm looking for a place to buy something.""

My sister, I was a little girl with a lot of dreams. I wanted to be the little girl I know who dreams of the day she and my mom opened that door.

We're going to have a great day!

""I just want to make it for you.""

This was my family! We",0,0,61.0,0.6885245901639344,0.06557377049180328,grateful_l12_a4p0
grateful,12,4.0,7,0," A woman walks through the woods, and as she talks with her family, she takes them to her favorite beach.

I love the sound of the music coming through my living room. I am grateful that I have that connection with the people in my life and their wonderful stories.

This painting will be a reminder of this beautiful beach that we all have been on.

Here is",1,1,68.0,0.7352941176470589,0.058823529411764705,grateful_l12_a4p0
grateful,12,4.0,7,1," A young couple is married. They have to go out to the local community and have a party.

Scene: A house is built. The young couple have their first Christmas.

Scene: A family lives with their friends. The love and their friends will be in the Christmas with the family.

Scene: A young girl is having a wonderful time. She has a great job",0,0,64.0,0.578125,0.109375,grateful_l12_a4p0
grateful,12,4.0,7,2," “The girl walked through the town at night, the town she called home. She said she loved them, but in spite of everything, God knows how much they suffered. “

The story is told in an adult, full of life and comfort. The young girl is deeply moved by the memories and the words she hears and the love she feels for her mother. She leaves all that behind",0,0,68.0,0.7205882352941176,0.11764705882352941,grateful_l12_a4p0
grateful,12,4.0,7,3," A house surrounded by the sea, surrounded by the sea.

Scene: A few days after the death of the husband, his new wife (Susanna) moves him out of her life.

Scene: A house in which the father has a daughter, and whom his wife has never told anyone about.

Scene: A house with a very pretty and loving daughter named Isabelle",0,0,61.0,0.639344262295082,0.09836065573770492,grateful_l12_a4p0
grateful,12,4.0,8,0,"

This scene was created in the moment when my child says that he is an 11-year-old boy and the whole world would be his family. I felt that this character has no boundaries for the experience that it is. There is no doubt about whether or not the boy was a good boy or not. He loved his dad and that’s why he decided to do what he had",0,0,71.0,0.7183098591549296,0.056338028169014086,grateful_l12_a4p0
grateful,12,4.0,8,1," She is wearing her jacket and coat. She is at home with her family, she is enjoying a nice homecoming and a wonderful friend.

Scene: She is a very happy college student and her friends are very happy to celebrate with her family.

Scene: She is a very happy college student and her friends are very happy to celebrate with her family.

Scene: She is",0,0,65.0,0.4,0.09230769230769231,grateful_l12_a4p0
grateful,12,4.0,8,2," “An old friend, the whole family, is now living a little more with her husband and two sons.

He is an only child and has a home of his own.

He is very lucky and is so grateful for his family’s support and care.

Scene: “There was so much joy in our family.

I can’t stop seeing the family",1,1,61.0,0.7540983606557377,0.06557377049180328,grateful_l12_a4p0
grateful,12,4.0,8,3," A house party with a lot of friends.

You don't need to give gifts to a friend, and a child, but you do need to give them something to keep them excited.

You have an idea of what to do to prepare your room.

You can make an envelope to mail or write an essay to someone in your family.

After graduation, I want",0,0,64.0,0.671875,0.125,grateful_l12_a4p0
grateful,12,4.0,9,0,"

I wanted to put her in a perfect situation. She had a great time with me and was just a happy little girl.

Time:

I could always come back again.

Time With Stacy:

I don’t want to forget about that.

What is your most important story?

Cheryl:

It’s my",0,0,51.0,0.8431372549019608,0.058823529411764705,grateful_l12_a4p0
grateful,12,4.0,9,1,"

Mistress Lori is home for the holidays. The only way to ensure that her new husband is happy is to spend time with him. A special note is in her hand. A special story for you.

Sketch:

Lori is a beautiful, passionate, and energetic woman. She has a very special bond with her husband. The only way to ensure that",0,0,60.0,0.6166666666666667,0.08333333333333333,grateful_l12_a4p0
grateful,12,4.0,9,2,"

The scene is an ordinary family room.  I look for a way to put my heart to the restorative work of my family.

Hire me to help you create a world of your own, your place in the world, the house you want to be in, and yourself.

I work with you as a young woman. Your world is your own, and",0,0,62.0,0.6129032258064516,0.06451612903225806,grateful_l12_a4p0
grateful,12,4.0,9,3,"

The story involves a woman named Lola who is left alone with her daughter. In this moment, she is unable to leave her husband and live alone.

2) A story about a girl who lives with her father in a rural community. When she is not able to love her, she is sent to a village to make friends.

3) A story about a man",0,0,63.0,0.6190476190476191,0.1111111111111111,grateful_l12_a4p0
grateful,12,8.0,0,0," A boy is in the arms and in a care home.

Molly: Tears come into my life. I do not have my life without her.

Daughter, Rachel: She lives with her grandparents.

Bride: This family is very special to me.

Cher: My first step mother.

This has been our family with each child,",0,0,53.0,0.8113207547169812,0.05660377358490566,grateful_l12_a8p0
grateful,12,8.0,0,1," Grews and Husband Came Home

Video:

Special thanks to all my friends and I.

Scene: Dad’s love.

My daughter Came Home in My Hands

You all did and you loved it and are blessed to see her because I love my family so very much.

Child:

Glen and I have two wonderful children",1,1,54.0,0.7222222222222222,0.09259259259259259,grateful_l12_a8p0
grateful,12,8.0,0,2,"

A young family takes in their family at home with the intent of celebrating in the years with their child, with the opportunity to travel together.

MJ:

In the world of music

I am thrilled to receive the opportunity to use my own daughter and her fiancee who loves all the way he does not take care of herself, they are grown. They will",0,0,64.0,0.734375,0.09375,grateful_l12_a8p0
grateful,12,8.0,0,3,"

The story of Alyss. And the family who have never let me see my son.

And how the memories of him are not easily forgotten.

B. Maturin

Billy

A very small boy

Megan, B.M.

2.

2.4.

This photograph was my favorite that was taken of",0,0,44.0,0.8181818181818182,0.06818181818181818,grateful_l12_a8p0
grateful,12,8.0,1,0,"

A little girl named Lena (has been playing with her own two precious sisters. Her life is complete, with a wonderful mother and a loving, close father. A new and wonderful home. L. L. (has also been married to a wonderful man and her husband. She will forever have the memories that will live on in her family. A great joy is the way she sees",0,0,66.0,0.696969696969697,0.09090909090909091,grateful_l12_a8p0
grateful,12,8.0,1,1,"

Thank you for sharing your dream with the readers.

Your story inspired me and my friends. I can say thanks to you for sharing this photo with me. I also know I am able to express my own feelings when I send you beautiful wishes.

Special thanks to all my family, my close friends and to my loved ones; I can never do enough thank you all for",2,1,68.0,0.6176470588235294,0.07352941176470588,grateful_l12_a8p0
grateful,12,8.0,1,2,"

Mia's mother sent this pic of her son. You can visit her with a friend while they search for the best way to celebrate this.

You can watch her with our family as she is leaving her best friend. You can visit her with a friend while they search for the best way to celebrate this.

You can go to her.

Beautiful (M",0,0,63.0,0.5238095238095238,0.09523809523809523,grateful_l12_a8p0
grateful,12,8.0,1,3,"

My dream home. A place I want to have a safe place to call my own.

Parent:

My daughter was the sweetest girl, my husband always looked for a solution to his parents’ needs and I can’t thank my husband enough and we have two wonderful children.

My best friend Lies A Child

Mom

Tributes

",0,0,56.0,0.7321428571428571,0.10714285714285714,grateful_l12_a8p0
grateful,12,8.0,2,0," The first letter that will come to me, and I am sure my loving sister will find my heart. (3)

Chernie is the best friend I could have could do, who gave her trust and happiness, that I can do all the way.

A new baby girl named Riley is a gift from my family. They have a very bright spirit, and I have wanted",0,0,64.0,0.71875,0.0625,grateful_l12_a8p0
grateful,12,8.0,2,1," Thank you forever.

I am grateful for your friendship. I don't need anyone else in me.

I don't want to leave my parents.

My daughter (a wonderful life)- I love you, and she doesn't leave me any more.

When my baby self goes without me, I don't leave her

And I don't cry with her.",1,1,55.0,0.6909090909090909,0.10909090909090909,grateful_l12_a8p0
grateful,12,8.0,2,2,"

You get a great house, but you have to deal with an unexpected loss.

A wonderful friend asks her dream husband to start a family with the opportunity to share this moment with her.

Hire:

Lose hope by calling and asking to be included in this dream.

Scene:

You are getting a great house and that you love all you",0,0,60.0,0.7,0.08333333333333333,grateful_l12_a8p0
grateful,12,8.0,2,3," A family will not be left by a loved

Photos

Bridget.

A gift to her family of care, she was the perfect child and she is the happiest and most perfect self.

Video

A wedding gift to their beautiful families.

Bridget.

A moment as a gift to their loved ones.

Wishing for",0,0,52.0,0.6730769230769231,0.11538461538461539,grateful_l12_a8p0
grateful,12,8.0,3,0,"

With loved ones and a family friend.

Review:

I didn’t have the perfect gift. I couldn’t do this because my family has always supported me and I couldn’t do that without her and their constant love. We had the opportunity to create an “Moms C is a gift” photo on this blog and I am so proud of every child’",0,0,63.0,0.7619047619047619,0.06349206349206349,grateful_l12_a8p0
grateful,12,8.0,3,1," A beautiful girl who lives with her family.

Scene: A wonderful mother.

Scene: A favorite sister who doesn't share her grandma, as the only love she has.

A day with her husband.

Scene: A special family member who has been waiting for their one-stop. family home for the past seven years.

A dream ending.
",0,0,55.0,0.6909090909090909,0.10909090909090909,grateful_l12_a8p0
grateful,12,8.0,3,2," A room of friends and family that we could always come to share a part of their lives.

Review: I was a very blessed family member and loved his world.

Giving: Thank you for your heart. I am truly blessed.

Wife

Mentally and I found true joy and appreciation for a loving partner in my family. I am so thankful for",1,1,61.0,0.7377049180327869,0.06557377049180328,grateful_l12_a8p0
grateful,12,8.0,3,3," A friend told me the truth about her, she has no regrets and that she is living with her husband. They have a wonderful family that includes a husband, mother, and children.

Scene: As a young girl, a friend told her that her dreams of them were not a dream. She tells her friends, “They are my life, they will be my dreams. I hope",0,0,65.0,0.676923076923077,0.09230769230769231,grateful_l12_a8p0
grateful,12,8.0,4,0," A child who was orphaned, will be sent to her
parents in Oregon.

Bere is in love with the parents she shares, the memories of her home with her parents, and the lives of all the gifts she has received.

Bere and her mom are proud of each daughter.

Creative Humor

""I love a lot of what I did",0,0,59.0,0.6779661016949152,0.06779661016949153,grateful_l12_a8p0
grateful,12,8.0,4,1," A young friend gives their young son a birthday present. And, you have a happy home that you will share. They are a family that loves you. Thank you.

Child: A baby boy grows up with a loving aunt. Mom and daughter are joyful and wonderful. They love every moment of this life. They love you.

Child: A young friend (and husband)",0,0,62.0,0.6451612903225806,0.11290322580645161,grateful_l12_a8p0
grateful,12,8.0,4,2," Meals

Reviewing the kitchen. You have been blessed with a wonderful family and a happy home. We love our neighbors, and we want to offer our families the best friends we can do.

Photos: Megan

and husband-in-law. they provided them with gifts in her and her family; my daughter-in-a-gish Santa. I’m",0,0,57.0,0.7543859649122807,0.07017543859649122,grateful_l12_a8p0
grateful,12,8.0,4,3,"

You were in a car without your friends. You got married and decided the best that you could do is take care of your family, while in your old age you may choose someone else. You are more blessed than you are able to express.

Yarn:

Your own children. Your husband and their children were in a wonderful situation thanks to you and your parents. You",1,1,66.0,0.6818181818181818,0.12121212121212122,grateful_l12_a8p0
grateful,12,8.0,5,0," the world the child found in her family lives. It is the place where her mother took her. In an ideal world, she is able to do all that she needs to do with her. She also has a happy home and two children.

Scene: the world the child finds in her family lives. It is the place where her mother took her. In an ideal world, she is",0,0,69.0,0.4927536231884058,0.10144927536231885,grateful_l12_a8p0
grateful,12,8.0,5,1,"

I'm happy to find that I had the pleasure of visiting my family. I am blessed in so many ways. I know I have a daughter and husband who is not me to be. I don't own a home, and I have a loving family with two young children. I am doing what I have and that is not done, but I am thankful for my family. I can",1,1,69.0,0.6521739130434783,0.14492753623188406,grateful_l12_a8p0
grateful,12,8.0,5,2," Your child has a fun one day. They can do this and do it again. It is such a great quality that it comes undone. Your children will also do this and will be able to give others as well. They have had the privilege of playing their very own favorite family game, and you want to put that in their child. I am so excited for my family. She is a",0,0,72.0,0.75,0.041666666666666664,grateful_l12_a8p0
grateful,12,8.0,5,3," The family Thanksgiving dinner with their loved ones.

Yoga session in the children’s home.

The family has many new friends — they are excited to go out on their own time with their families.

Thank you for the wonderful support, and for this thought-em “Ara” (in the next-for-a-year Mom). We are excited to go",0,0,58.0,0.7413793103448276,0.08620689655172414,grateful_l12_a8p0
grateful,12,8.0,6,0," A friend invites her son to move into his new home in Florida. They are going to do it the very first step together: they are choosing their own first home.

This is so special to my mom (Mom of two and husband of 6). And we have lived with all our options and that we are learning that we are not perfect, but we are blessed in the ways. And",0,0,70.0,0.7142857142857143,0.07142857142857142,grateful_l12_a8p0
grateful,12,8.0,6,1," a room that is complete. He will use his art to create lasting friendships.

Mom: A story from a young girl who loved her childhood. Mom is the best gift. Mom and her husband have been in her family, and she is now independent, working with all she loves. Mom dreams of being able to do exactly what she is doing with the children. Mom will always be with",0,0,69.0,0.7246376811594203,0.07246376811594203,grateful_l12_a8p0
grateful,12,8.0,6,2,"

""In a home in Boulder, this is my place. I love that I can be loved, not only by my loved ones, but you can always do another family. I will love that I am able to spend my time with my family and the love they give me. You can have my love and respect forever.""

1. B. was born and brought his wife",0,0,64.0,0.703125,0.078125,grateful_l12_a8p0
grateful,12,8.0,6,3," A friend takes her first steps with her husband. They are blessed with a house, a home, a beautiful home, and a loving and fulfilled life.

An amazing friend and my granddaughter, and all I could ask for was family. They will always be with me.

A great and un-common sister (B.D.):

A life long friend has made",0,0,60.0,0.7,0.11666666666666667,grateful_l12_a8p0
grateful,12,8.0,7,0,"

I took my girlfriend to the beach. I met her in person, and I knew that I was going to be with her at the end of the.

Taken:

Mom

I love my life - I don't have enough for anyone. I know that I could never have been in her life. I could never be the same and I will forever be that",0,0,63.0,0.5873015873015873,0.15873015873015872,grateful_l12_a8p0
grateful,12,8.0,7,1,"

This family has a beautiful story of the people who visit the place.

This family is blessed with a beautiful house, thanks to the family that makes the best friends with them. We have a wonderful quality of love that was born of the parents and all we can do is love them with every moment. The final family photo is the special love that we express with them. This was",1,1,71.0,0.5774647887323944,0.09859154929577464,grateful_l12_a8p0
grateful,12,8.0,7,2," Thank you for visiting my husband. I have had many fun and appreciated him. I love many more wonderful things for my son and husband.

Special thanks to her. I love you.

Mom:

Loving husband

Loving parents

Daughter of husband

Daughter of mom

House

Home

A life-long family

",2,1,49.0,0.6938775510204082,0.08163265306122448,grateful_l12_a8p0
grateful,12,8.0,7,3," A child who sleeps with her mom. Her family has moved.

The next day she asked to visit a cousin in their hometown and has asked her mother to take care of her. She leaves and feels better about the friends she had when she was able to go with family.

Scene: A new friend comes to visit.

Today, we are blessed. we have all",0,0,65.0,0.7076923076923077,0.06153846153846154,grateful_l12_a8p0
grateful,12,8.0,8,0,"

Thank you to:

My mom went to help me with college. And now she has a wonderful time with my sister. And now I have the opportunity to raise a good example and have a dream of being able to take care of my family. You are all I do is blessed. I am so thankful that you love me and I have the privilege of raising our beautiful daughter with",1,1,71.0,0.6619718309859155,0.056338028169014086,grateful_l12_a8p0
grateful,12,8.0,8,1," I love my family. I chose to share my best friend with her own. Thanks to the best friends I have created. I have a wonderful home for our children, and their families. I have a dream and I set this dream a second house in my family’s forever family. I chose to do and love my own sister and I can say that I was the best that I can do",1,1,73.0,0.547945205479452,0.136986301369863,grateful_l12_a8p0
grateful,12,8.0,8,2,"

My mom and I have the goodest friend who I don't know that I had until I couldn't love. We will always have a happy family, and we will have the special gift we would have been able to give our own family in our family way.

This experience was unique, with my grandmother. I do not have the unconditional love and care that I had for my",0,0,68.0,0.6470588235294118,0.08823529411764706,grateful_l12_a8p0
grateful,12,8.0,8,3," Parent Abig Baby

Mother

and step-nieir father.

C.B. (ex girlfriend): I have always loved her. She is doing the right thing by me and by my best friends. She is happy and she is always looking for her special one-.

S.R. (little sister): She is the best that she has ever had.",0,0,55.0,0.7454545454545455,0.09090909090909091,grateful_l12_a8p0
grateful,12,8.0,9,0,"

""I do not have enough to do with me that is my full life and I do not have enough to do with her that is my full life.""

I love her, and I am happy to hear that she sees me with her own eyes, but I am no longer with a young wife in her arms.

What I did not give her the gifts and the gifts",0,0,69.0,0.5217391304347826,0.08695652173913043,grateful_l12_a8p0
grateful,12,8.0,9,1," A wonderful friend. A great idea.

Scene: A husband who has never called me and my husband to ask about his family. She has found love with a beautiful family in California.

Scene: A wonderful son. A wonderful friend. A great father.

Scene: A friend who is happy to know his daughter, loves them both, but has now found her own family",0,0,62.0,0.6290322580645161,0.12903225806451613,grateful_l12_a8p0
grateful,12,8.0,9,2,"

With my family that means a bright, loving home.

The day before I was born and I can never have that again.

Growing my family, my beautiful family dog and my sweet child.

Bereish loved and has continued to love my husband, and I can never have that again.

I can never have that again.

I can",0,0,57.0,0.5614035087719298,0.08771929824561403,grateful_l12_a8p0
grateful,12,8.0,9,3," ""My favorite part of my day.""

I want to give her the gifts I have for her. I was inspired to make it and I was able to accomplish more by making her.

Everything was done with love. Thank you for her.

Cherish

Cherish

My family and I are blessed to have each a wonderful sister in the words.",0,0,59.0,0.6779661016949152,0.0847457627118644,grateful_l12_a8p0
grateful,16,2.0,0,0,"

The characters are trying to help someone on the bus, but they are very shy.

The characters are in their homes, and a lot of the time, they are very young and don't have any special feelings.

Scene:

When the characters are on the bus, the older one doesn't have any special feelings towards them.

The characters are very afraid",0,0,60.0,0.5833333333333334,0.13333333333333333,grateful_l16_a2p0
grateful,16,2.0,0,1," In a story about a young man who was taken into care, after he got his first taste of the world. He is a young man in love with a beautiful woman and decides to take a vacation in the countryside of Germany.

Description: In a story about a young man who is sent by his father to a school for the blind.

Scene: The story of a young man",0,0,70.0,0.5714285714285714,0.12857142857142856,grateful_l16_a2p0
grateful,16,2.0,0,2,"

Dante starts with us at the beach. He shows us to the seaside.

Dante’s girlfriend, Annette, arrives. She’s been living on a beach.

Annette and Dante talk about how they feel at this moment.

And then, there’s Annette, who makes friends with a girl by the sea.",0,0,50.0,0.72,0.06,grateful_l16_a2p0
grateful,16,2.0,0,3," The next morning at a birthday dinner.

The morning after, the house was in such bad shape because the previous owner had not been able to get the house ready for the family to visit. We have to pay the mortgage and give the couple $8,000 as a down payment. We have to move everything out of the house, which means we will pay our share of the rent and",0,0,69.0,0.6811594202898551,0.14492753623188406,grateful_l16_a2p0
grateful,16,2.0,1,0,"

In the end, you will find a short story that combines a classic fantasy story with a quirky humor.

The hero of this story is Abby, a young girl who lives alone in the town of Hartsfield-Jackson, Alabama. She is a girl that is willing to do anything to make someone her son. While working as a mechanic, Abby falls in love",0,0,63.0,0.7142857142857143,0.09523809523809523,grateful_l16_a2p0
grateful,16,2.0,1,1,"

1. You meet up with a beautiful young woman who is searching for her brother. She needs a new partner, but you and your friends are just a couple.

2. A family reunion is happening in the town of Bokhara, but she's so depressed and lonely that you are just going to have to move away from her forever.

3. You finally",0,0,59.0,0.7796610169491526,0.06779661016949153,grateful_l16_a2p0
grateful,16,2.0,1,2,"

• The main character, James, is a young man who takes a trip to the Middle East. The two friends in his home are an old woman and her new daughter.

• After spending time with James, he starts to date another woman, a young woman he met at his last graduation. She has a friend, a young man who is trying to get her to be his",0,0,66.0,0.6818181818181818,0.07575757575757576,grateful_l16_a2p0
grateful,16,2.0,1,3,"

The two friends are having a romantic time. A bit further down the road, they meet a guy named Michael. The two friends, both in their 20s, are really in love with each other. They fall in love with each other, and they both love the same person. Michael has a special girlfriend named Olivia, and he is also a big fan of Olivia. But in reality",0,0,67.0,0.6268656716417911,0.07462686567164178,grateful_l16_a2p0
grateful,16,2.0,2,0,"

A child gets caught playing in the snow. His parents are waiting for him. The children play with him, so he has to look like a hero.

Scene:

The child gets a great surprise. He is taken to the family's house. His father is waiting for him. He takes him to the house, to a house where he and his family will go to",0,0,64.0,0.59375,0.078125,grateful_l16_a2p0
grateful,16,2.0,2,1," A young woman finds her father's body after her mother is murdered.

Scene: A teenage boy searches for his missing father, but his search leads him to her mother.

Scene: An artist's rendering of a child's day at school.

Scene: A photographer receives a letter from a young man.

Scene: A man leaves his home to move on with his",0,0,60.0,0.7,0.11666666666666667,grateful_l16_a2p0
grateful,16,2.0,2,2," The person receiving surprising news in this scene is a very happy and optimistic woman in her 20s. The lady receiving news of a man she is dating has a very interesting story and she had a good experience with her husband. The man has a great love and a special relationship with her. He is a very happy man and is going through a lot.

She is very optimistic about life and",0,0,73.0,0.547945205479452,0.1095890410958904,grateful_l16_a2p0
grateful,16,2.0,2,3,"

A man walks into the church to the day of the arrival of the Pope, who
wants to visit him, and tells him that he has to wait for a friend to
return.

Scene:

The priest, who has become involved in the investigation of the
death of a young man, asks the man to pray and tell the story of
the life of",0,0,63.0,0.5873015873015873,0.15873015873015872,grateful_l16_a2p0
grateful,16,2.0,3,0," a room is set up for the night. A guy sits next to an old friend waiting to get married. A woman talks about her work and her life. Her husband and children.

Sketch: a scene of an apartment. A place to live.

Sketch: a scene of a person waiting in a quiet room. A place to live. A place to sleep.
",0,0,62.0,0.5967741935483871,0.16129032258064516,grateful_l16_a2p0
grateful,16,2.0,3,1," The day before, I saw two friends, a couple in the city, walking down the street. They were a little shy, but they went out of their way to talk to me. They were both young and strong, but they didn't have any of the special qualities that I like about them. They didn't know who I was, or what I was doing. They didn't seem to",0,0,67.0,0.7014925373134329,0.08955223880597014,grateful_l16_a2p0
grateful,16,2.0,3,2," a shy teenager

The heroine, who lives a secretive life, and has a secret crush on a rich boy in their school.

Scene: a sweet old man and his children

A quiet day in the city, where the family go fishing with their kids in their hometown, the town and the world.

Scene: a happy family with children

A happy",0,0,60.0,0.6333333333333333,0.13333333333333333,grateful_l16_a2p0
grateful,16,2.0,3,3," A shy, quiet girl in the city.

A short scene that turns into a real relationship.

This scene uses a lot of dialogue and gives the audience a realistic understanding of how her life unfolds.

Scene: The first time I talked to her at the church.

An old friend that I knew through my friendship with Aya.

The scene was about",0,0,61.0,0.7540983606557377,0.08196721311475409,grateful_l16_a2p0
grateful,16,2.0,4,0," It was a week after the marriage of her step-father.

About the Author

Dana is a freelance illustrator based in New York City, who is now retired from a career as a freelance artist. She lives in Brooklyn with her husband and children, where she spends most of her free time reading, writing, cooking, and enjoying the outdoors.

This website is owned",0,0,63.0,0.7777777777777778,0.06349206349206349,grateful_l16_a2p0
grateful,16,2.0,4,1,"

I have to start by telling you the story of an old man named George, who was so devoted to the people of his home in his day that he was the one who taught and cared for his granddaughter.

I have to tell you about the time, before they became part of his family, when he was just a boy. He had been a soldier in the army of",0,0,70.0,0.6857142857142857,0.07142857142857142,grateful_l16_a2p0
grateful,16,2.0,4,2," I was talking to my friend in college about a project he was working on. I started by saying, “I really want to get into working with you. You can come over here and we’ll have fun.” And he said, “I’m actually working on the project and I want to get to know you.” And I was really sad that no one was here. So I thought",0,0,69.0,0.6231884057971014,0.10144927536231885,grateful_l16_a2p0
grateful,16,2.0,4,3," The story of the event that day when this person is born into a family. The family in that particular city will look at how, in their lives, they have made special and lasting connections with the people in their lives who also happened to be there.

Scene: The story of a story that the family and their children tell about the family and how they met and what they went through together",0,0,73.0,0.6438356164383562,0.0958904109589041,grateful_l16_a2p0
grateful,16,2.0,5,0,"  
The room has a wall of chairs and a fire pit.  There is a tree, some grass and a little sign  
about it which will make the journey in a little while.  
The tree is called ""Ida"" because its leaves can be seen  
when it is wintertime.

When the conversation starts,  
the child who is talking with her",0,0,58.0,0.7241379310344828,0.08620689655172414,grateful_l16_a2p0
grateful,16,2.0,5,1,"

You are sitting down on your couch and an old friend comes to talk to you. A little old woman from your past comes and is taking care of you. You tell her about the past and what she does. She tells you that she was never going to take you, and she's sorry for what happened, and that you'll never be able to go through with it. Then she",0,0,70.0,0.6857142857142857,0.08571428571428572,grateful_l16_a2p0
grateful,16,2.0,5,2,"

Miguel was invited to visit his new apartment and play some music for a very long time. When Miguel was in middle school he was very shy. He was studying piano at the Catholic school, but he had many friends who were interested in music.

The first time he visited his home, he was very shy and had a very bad habit of acting like a boy.
",0,0,67.0,0.6567164179104478,0.07462686567164178,grateful_l16_a2p0
grateful,16,2.0,5,3,"

A group of people has to decide to make their decision together. They are told it will be a good day and the time they are going to leave. A group of people is ready to leave, but for the time being, they have to come together. Their hearts will not be the same again and they are going to be lonely and will leave because of the disappointment they will find.",0,0,72.0,0.5416666666666666,0.08333333333333333,grateful_l16_a2p0
grateful,16,2.0,6,0, The big red door opens up before you. The door is covered with a dark cloth. The person who opened the door is carrying the long black coat. You see a big black guy holding the coat. The coat is wrapped in a black blanket with the back side down. The coat is a black t-shirt and the jacket is a white shirt with long sleeves. The coat is hanging in a,0,0,73.0,0.5068493150684932,0.1506849315068493,grateful_l16_a2p0
grateful,16,2.0,6,1," Sketchy scene in a kitchen with a guy and her dog.

Scene: A couple of days after they were married.

Scene: A guy she had dated since high school, with whom she had a brief relationship.

Scene: The house where he had been living since his mother died and he had moved to the house with her.

Scene: A house in",0,0,61.0,0.6065573770491803,0.09836065573770492,grateful_l16_a2p0
grateful,16,2.0,6,2," The very first time they visited in person they were both stunned by the beauty of the place. As they came to take a look at it they felt very special.

They saw that they had something to look forward to. They could also enjoy the feeling of the moment when a friend is coming to visit them in the last days. The people they met in the photo are very generous and they",0,0,74.0,0.6621621621621622,0.12162162162162163,grateful_l16_a2p0
grateful,16,2.0,6,3,"
A boy runs into a house where a mysterious man called ""the man who opens the door"" is hiding in his bedroom. He is not sure if the man is his brother or his mother, but he is intrigued by this mysterious man who is trying to take care of his parents. After spending several days sleeping in the home, the boy is finally able to find the man who is his father",0,0,73.0,0.6164383561643836,0.0958904109589041,grateful_l16_a2p0
grateful,16,2.0,7,0," a small town.

Mourning Song: ""I will mourn my lost love.""

Scene: one of the girls in a town.

Scene: a woman in a country town.

Scene: ""The only thing I love most is life.""

Scene: a lonely girl in a small town.

Scene: a mother of three children.

",0,0,49.0,0.5918367346938775,0.14285714285714285,grateful_l16_a2p0
grateful,16,2.0,7,1," The first scene with a character who is an American Indian and his family. The American Indian and his family are from Oklahoma, and the American Indian is not from California. The Native American is a young boy and his parents are Indian.

In the second scene, the American Indian is a boy who is starting a new life in California. The American Indian is not from California.

Scene",0,0,69.0,0.4057971014492754,0.10144927536231885,grateful_l16_a2p0
grateful,16,2.0,7,2," A little girl, in a simple dress.

The day begins with a group of friends.

Sitting on the beach with the beach going.

The house where the vacationers will spend their vacation.

The room where the family and friends will spend the holidays.

After a long day of learning to fly, the students will go to a camp for the summer",0,0,61.0,0.6229508196721312,0.16393442622950818,grateful_l16_a2p0
grateful,16,2.0,7,3," A young girl in a small town where the house of her parents is.

Themes: It's so simple, and the characters are so beautiful.

How to work as a writer:

First, the characters need to be interesting and human. They need to be happy and joyful. This means they need to be able to go home in the winter and look at the",0,0,63.0,0.6666666666666666,0.07936507936507936,grateful_l16_a2p0
grateful,16,2.0,8,0," In this scene, a teacher talks with a student about the history of her and her classmates.

Chapter 1: The Class of 2017

Scene: A student talks with his friends about a time when he and his friends had an argument.

Chapter 2: The Dinner at The White House

Scene: A young man talks with his friends about the year of the year before",0,0,61.0,0.5409836065573771,0.09836065573770492,grateful_l16_a2p0
grateful,16,2.0,8,1," The girl will talk about what happened during her first day at school and how she was the one who inspired the students to continue learning.

Scene: The girl will tell the students of how much she loved her and how proud she was.

Scene: The teacher has finished her day and leaves with her students.

Scene: The teacher will bring her students and will tell them what",0,0,68.0,0.5441176470588235,0.10294117647058823,grateful_l16_a2p0
grateful,16,2.0,8,2," The teacher's class

When I found myself in this scene, I was amazed and happy. I had never experienced this kind of feeling before. I was thrilled, even though I had no idea what I was being shown. As we were telling this story, it was so natural to me. It was the first time I had ever experienced the feeling that I had.

I thought it",0,0,67.0,0.6567164179104478,0.13432835820895522,grateful_l16_a2p0
grateful,16,2.0,8,3," ""The day before school. The teacher spoke with a student who spoke with her teacher.""

""I heard her teacher speak with a student. ""

""She is a very quiet person. ""

""I saw her teacher on her first day of school. ""

""I don't know that she will ever change. ""

""That teacher loved me. """,0,0,51.0,0.6078431372549019,0.09803921568627451,grateful_l16_a2p0
grateful,16,2.0,9,0," a short scene, made of bits of random, often empty, and sometimes not very interesting, but often very useful.

Chapter: the book of a short story about a family who is caught in a difficult situation.

Chapter: an odd book about a family whose love has suffered loss.

Chapter: a short story about a family who is trying to get a job as a",0,0,64.0,0.625,0.140625,grateful_l16_a2p0
grateful,16,2.0,9,1," An ancient warren filled with weapons and a small town.

""No, don't,"" says my father, looking deeply troubled. ""A warren is a simple life, for all of us. It's not about a few things, like a few hundred dollars or a few thousand dollars. It's about something bigger, a community, a community of people, a community of people,",0,0,58.0,0.6724137931034483,0.15517241379310345,grateful_l16_a2p0
grateful,16,2.0,9,2," A story of a girl who has a special relationship with a boy that she has been unable to bring into contact with herself. She is in the process of discovering how to love her dream boy, but unfortunately this is far from her true self.

Chapter Summary: The story of a child whose father is having an affair and is left to wander the earth with her young friends for his own.",0,0,73.0,0.7123287671232876,0.0684931506849315,grateful_l16_a2p0
grateful,16,2.0,9,3," ""a person who believes that a thing can be described as normal, and who finds himself living in a certain society, and finds himself a part of it, and finds himself in a certain way."" (from ""A New and Imagined Reality"")

I wish someone had given this a lot more thought before this was published. When I lived in Europe (I'm a French native)",0,0,64.0,0.6875,0.125,grateful_l16_a2p0
grateful,16,4.0,0,0," June 27, 2011

The family made this very special request, which was to have a short story about their son.

Scene: June 27, 2010

The story of a young boy who grew up to become a teacher and is now a successful businessman.

This is a small story that has just been published, and it is being very carefully kept as a special piece of",0,0,61.0,0.7213114754098361,0.09836065573770492,grateful_l16_a4p0
grateful,16,4.0,0,1,"

(1)

A person who wants to live and be known, but doesn’t have many friends.

The family that stays in a comfortable home where they are comfortable and have a family that will always be there.

A family that has a passion and a desire to learn.

The family that is able to make a home for a child.

",0,0,59.0,0.6271186440677966,0.13559322033898305,grateful_l16_a4p0
grateful,16,4.0,0,2," A young girl (Amy) is working at a special house at the end of her new life, and her family, her teacher, and her friend. Amy loves the family and hopes to continue growing and learning.

In this scene, Amy and her friend, played by the talented Juliet, are playing a small role. She and her family were trying to bring their family to Canada so",0,0,66.0,0.6515151515151515,0.09090909090909091,grateful_l16_a4p0
grateful,16,4.0,0,3," Dressed up in a beautiful gown for an evening at a home with her family.

Day 8:

Singer and writer Lucy McVittie is inspired by the life of the late actress and the friendship she shared with her father, a talented singer who lives in the United States.

This time, they decided to go on a spiritual journey together.

After many",0,0,60.0,0.8166666666666667,0.06666666666666667,grateful_l16_a4p0
grateful,16,4.0,1,0,"

The first night at home with her mother, Emma begins to realize that she was born in a dream that never came to pass. She hopes she can find the magic she dreamed her life would hold and live in a way that she was never to be.

Together with friends and family, Emma and her new family.

The dream turned out to be a happy ending,",0,0,67.0,0.6268656716417911,0.07462686567164178,grateful_l16_a4p0
grateful,16,4.0,1,1," A young boy, whom his parents had left behind, goes to help him on his way to school.

This short scene of a young boy was inspired by one of his favorite poems, ""The Goodbye"", in which he describes his love for his mother, whom he finds out that she is a beautiful woman.

This is a short scene in the schoolyard where his mother,",0,0,65.0,0.676923076923077,0.09230769230769231,grateful_l16_a4p0
grateful,16,4.0,1,2," This is our first ""S.J. in Texas"" adventure and we had this big adventure, a dream, a dream-come-to-me. We all had this crazy night that turned out to be the ""Auntie M. in Texas"" journey to a new and magical country.

Our first two days at A.M. were spent with our very first ""J",0,0,59.0,0.6610169491525424,0.06779661016949153,grateful_l16_a4p0
grateful,16,4.0,1,3," I like her family. We have a lot in common. I'm afraid that I will find out how much they have been left. I had been telling my friends that I never want to meet my family. They were always at this house, but we never saw them. I am so happy that I will have a great family. But I must not talk about my life to them. My parents",0,0,71.0,0.6619718309859155,0.09859154929577464,grateful_l16_a4p0
grateful,16,4.0,2,0," ""I'm pregnant.""

Kara is very young, but already a strong person. As a result, she has a very good and secure relationship with her father. She is now a very close family friend and is happy to be working with her dad.

Kara was very much loved by her father. When she was in high school, she fell in love with an unusual hero",0,0,64.0,0.6875,0.0625,grateful_l16_a4p0
grateful,16,4.0,2,1," My family is on a road trip with my sister. It all started in California when her mother asked her, ""How are you? What happened?""

My sister, who is now 14 years old, is now the proud mother.

Our story has been changed for a different reason: My mother is now the love of my life.

I wish to dedicate this book.",0,0,61.0,0.7540983606557377,0.08196721311475409,grateful_l16_a4p0
grateful,16,4.0,2,2," A story set in an unknown city, where it is told that one young girl will always have a special place in her heart.

In this scene, you have an incredible opportunity to explore the journey of a young girl in a city where she is given a special place in her heart.

We have come to understand how important it is for a young girl to be loved by her parents",0,0,72.0,0.6111111111111112,0.08333333333333333,grateful_l16_a4p0
grateful,16,4.0,2,3," A young boy who will soon become a symbol of hope.

Dual-color backgrounds: A beautiful mix of three different forms and their unique individual colors.

A woman who wishes to remain a young woman who loves to have an enjoyable and wonderful life.

An artist who has been working and dreaming for many years of an extraordinary life.

A woman who will someday become",0,0,65.0,0.6615384615384615,0.09230769230769231,grateful_l16_a4p0
grateful,16,4.0,3,0," A happy family together.

The heroine, who is living with her family, finds the opportunity to make a special relationship with her husband.

It was a happy ending for her family, but she never feels the same love that she could have wanted for her husband.

This is a love story, filled with heart and heartache.

This is a journey through love",0,0,62.0,0.6451612903225806,0.08064516129032258,grateful_l16_a4p0
grateful,16,4.0,3,1," A couple meets in their house, and the two are very close, but both seem very distant. After having a great time with the family, the couple decides to move in together. But, one of the two soon becomes a real-life father.

An ideal end to a romantic weekend with a special someone. In the days to come, our relationship will blossom.

The",0,0,64.0,0.71875,0.09375,grateful_l16_a4p0
grateful,16,4.0,3,2," ""She's just a little girl waiting for her mother to come to visit.""

This character was very funny when she was growing up in New Zealand, as she told the story of how her mother gave her a gift from a family member that was waiting for her.

The love of her childhood is so much and, even though she grew up in this way, she still loved and",0,0,69.0,0.6956521739130435,0.07246376811594203,grateful_l16_a4p0
grateful,16,4.0,3,3," “I was just about to have a little fun, but I wanted to get to know someone. I’m about to be a little bit lonely, so I wanted to get to know him. I want to talk to him. I just want to be close to him and just be with him.”

The day: “I had a lot of fun because I wanted to be with someone",0,0,68.0,0.45588235294117646,0.16176470588235295,grateful_l16_a4p0
grateful,16,4.0,4,0," a family, a friend, a family member.

I also learned: that this is not a role that you can make your life very much in. Your children will grow up, and you will have to see what happens to them when they die. The family life you have now is so different from the lives of your own children. But that’s exactly why this is an important part",0,0,69.0,0.7101449275362319,0.057971014492753624,grateful_l16_a4p0
grateful,16,4.0,4,1,"

The little girl is waiting for her father.

Scene:

She is looking for a man who will pay for his many mistakes.

Scene:

When she was young, she loved to be a princess.

Scene:

They used to spend holidays together.

Scene:

After the first year, they moved to the town where they",0,0,52.0,0.7115384615384616,0.07692307692307693,grateful_l16_a4p0
grateful,16,4.0,4,2,"

“It was a joy and an honor to be able to join her in this special way. Her family loves her.”

A young girl

Loving the first day of a family Christmas, she felt a special connection with her parents and found an inner confidence that will become a permanent part of her life.

The joy of a close family relationship and the happiness of a",0,0,66.0,0.6515151515151515,0.10606060606060606,grateful_l16_a4p0
grateful,16,4.0,4,3," the family's journey. We go to visit the daughter of the owner of the house.

Scene: a sweet summer evening.

Scene: the new neighbor.

Scene: a new friend.

Scene: a new friend.

Scene: a happy family.

Scene: a happy family.

Scene: a happy family.

Scene: a",0,0,46.0,0.45652173913043476,0.17391304347826086,grateful_l16_a4p0
grateful,16,4.0,5,0," A young, ambitious and ambitious boy named Ben, who is searching for his father, and who wants to be part of the team.

Ben is not very smart, and he has a lot of problems with money, and has many dreams of someday getting the chance to be a famous footballer. He is also very independent, and is working hard. He knows how to live a comfortable life,",0,0,68.0,0.6617647058823529,0.07352941176470588,grateful_l16_a4p0
grateful,16,4.0,5,1," ""He's the leader of the group who's become a father, a loving father and a man with a special place in his heart for the boy. It is an amazing moment that will help us to see the good in this family and share some memories with them.""

In the first scene, the father becomes involved with his son and he's in a relationship with his new wife.
",0,0,68.0,0.6764705882352942,0.08823529411764706,grateful_l16_a4p0
grateful,16,4.0,5,2," ""A night on the farm and a night at the sea."" This is the part that he gets to know better and is to become very close to her. This also provides the opportunity for him to see her in a new light and feel that they are the same person. This is a very special gift.

Scene: ""My dreams are full of beautiful things."" As she has learned about",0,0,70.0,0.7,0.07142857142857142,grateful_l16_a4p0
grateful,16,4.0,5,3,"

I will get to the point of writing about my journey of finding my love. At the start of our friendship we were all at an extreme, as you may have noticed. We all have different paths to pursue.

This is what I want to say about our friendship:

I wish that my life and our friendship would be a perfect example of how to care for one another",0,0,69.0,0.7101449275362319,0.057971014492753624,grateful_l16_a4p0
grateful,16,4.0,6,0,"

(A) a young boy and a beautiful girl.

My experience in the house, my family, and the many people I love to meet. My story of a family that will change my life.

My love for my family.

The beautiful and sweet people we meet along the way.

My favorite food, my favorite movies, and the wonderful people who",0,0,59.0,0.576271186440678,0.13559322033898305,grateful_l16_a4p0
grateful,16,4.0,6,1," The day of a friend's wedding.

In the story of his youth, Gina is a young professional photographer who has been given a gift: a love that has gone far beyond her own.

Gina has an exciting job that she is passionate about. However, she struggles with an extremely difficult childhood. She struggles with the realization that she will not have a child but will not",0,0,66.0,0.6818181818181818,0.07575757575757576,grateful_l16_a4p0
grateful,16,4.0,6,2,"

The dream was so peaceful.

There was a beautiful, dark, beautiful girl who had lived with the family.

He had dreamed that his family had died, that his mother was not in the same life, that he had lived in one place for so many years, that his father had died in a small town, that he had felt so alone, that he had lived",0,0,65.0,0.5384615384615384,0.1076923076923077,grateful_l16_a4p0
grateful,16,4.0,6,3," The family, in a small town, find a girl in an orphanage. The boy is a student, but his mother works every day.

An ideal day is to be given an opportunity to be able to make friends with a stranger. The good friends are: one a man who likes the sport of the family, and the other a girl who loves the young and the old.
",0,0,67.0,0.6268656716417911,0.11940298507462686,grateful_l16_a4p0
grateful,16,4.0,7,0," April 27

The day we met, when she was visiting her mother for a vacation.

The summer before, her father came to visit her in prison. She didn't see him, and there was a chance for a family reunion. But when her mother, who was away with an abusive husband, was away with a boyfriend, their child was not yet born. At the time,",0,0,63.0,0.7142857142857143,0.07936507936507936,grateful_l16_a4p0
grateful,16,4.0,7,1,"

The character: Mr. Garth, a young man.

The actor/director: Michael K.

The role of Mr. Garth: The late Mr. Garth. He was an old friend and a colleague, and a kind and generous man. His father died in a tragic way, and he had to support his family. In a difficult situation, the family",0,0,55.0,0.6363636363636364,0.09090909090909091,grateful_l16_a4p0
grateful,16,4.0,7,2," A very short scene in New Orleans at the age of 18.

Scene: A very young boy who was walking in a rural community.

Scene: A girl who was raising a child.

Scene: A young boy who loves.

Scene: A beautiful young girl who has a dream.

Scene: A happy family.

Scene: The wife of the",0,0,55.0,0.509090909090909,0.16363636363636364,grateful_l16_a4p0
grateful,16,4.0,7,3,"A happy day to spend with his friends, as a small family enjoys the weekend together with his friends.

Scene: A young lady is staying at the home with her family when he catches a glimpse of a beautiful young woman and her little boy.

Scene: A happy family has a wonderful weekend, as they are both looking forward to traveling with their family.

Scene: A",0,0,66.0,0.6363636363636364,0.12121212121212122,grateful_l16_a4p0
grateful,16,4.0,8,0,"A student will be speaking with an older friend.

Scene:A teacher is speaking with a new friend.

Scene:An old friend joins the family.

Scene:A girl is looking for her best friend.

Scene:A new friend joins the family.

Scene:A girl is looking for her best friend.

Scene:A girl is leaving the",0,0,56.0,0.4107142857142857,0.125,grateful_l16_a4p0
grateful,16,4.0,8,1,"

After the night is over, a family comes to visit the newly graduated class. A young man and his girlfriend live in the family home. While they are traveling around, they meet each other and become friends. At the end of the story, they go on a weekend trip together.

A very special student named Mia is visiting her friends. She is a very special girl and",0,0,67.0,0.7313432835820896,0.07462686567164178,grateful_l16_a4p0
grateful,16,4.0,8,2," A little boy in a new country who has just started to live in a different country.

Scene: The old man and his wife are enjoying a vacation together.

Scene: A new house of his family.

Scene: He goes to a new school and begins to have more and more children.

Scene: A family in their new home.

Scene: A",0,0,60.0,0.6,0.13333333333333333,grateful_l16_a4p0
grateful,16,4.0,8,3," (in the title) A day with her father. (The first time)

This is one of my favorite characters. She is very supportive of the family and her family. She is also very involved in the children, and very involved in learning. She has a very warm personality, and a love for her family and the kids.

She is also a very kind and generous person",0,0,65.0,0.5384615384615384,0.07692307692307693,grateful_l16_a4p0
grateful,16,4.0,9,0,"

I would like to thank for the very nice support and advice to grow up. It has been truly an incredible experience and a very wonderful journey.

It has been a very special and extremely happy time for us.

Our families and friends are very close and we miss them very much.

For those of us who have been touched by our parents – our wonderful support and",0,0,67.0,0.6716417910447762,0.08955223880597014,grateful_l16_a4p0
grateful,16,4.0,9,1,"

“And they were happy, they had such joy of finding such a piece of gold, and that they were going to pay so much for it. A son had come, and he had such a sweet boy, and he had such a sweet home, and he was so proud of his little girl. And it was a great family. And they were all so happy, and everything was",0,0,68.0,0.5147058823529411,0.11764705882352941,grateful_l16_a4p0
grateful,16,4.0,9,2," ""I am about to be married.""

I want to have a happy and fulfilling relationship with my husband. I want to raise a family with a young child. I want to be very independent and have a strong faith in God. I want to be able to do my work as a volunteer in an institution. I want to be grateful for my husband. I want to do wonderful things.",1,1,70.0,0.5285714285714286,0.11428571428571428,grateful_l16_a4p0
grateful,16,4.0,9,3,"

With a very limited amount of time left, this little girl is determined to go out every night with her family to a summer outing. Unfortunately, she discovers that she has no home, but something that could live together forever. A dream comes to her when she is in high school.

The story is told from the perspective of one of the main characters, Nora, who",0,0,66.0,0.7727272727272727,0.045454545454545456,grateful_l16_a4p0
grateful,16,8.0,0,0," My daughter, who was very religious and lost her passion for music. While she had always dreamed of attending an art school, she decided to give the passion to attend the very first music school.

With the dream of finding a new job and knowing that they could go to Europe, I moved to Manchester with a wonderful family, starting with a brilliant and talented father, who raised a passion for",0,0,71.0,0.704225352112676,0.056338028169014086,grateful_l16_a8p0
grateful,16,8.0,0,1," An old man with whom she was a year in marriage and had a very special bond with her.

There was a family, a young mother and a beautiful young mother with a very special relationship and a very special and special bond. This young family was a special and a special man. It was a special and a special and very special relationship and we both experienced the loss of such a special",0,0,74.0,0.43243243243243246,0.16216216216216217,grateful_l16_a8p0
grateful,16,8.0,0,2,"

Kristen attended the middle school in the care and she was raised by a great love.

A young girl who was very close to her father. They were both raised by a very special mother. This was a special part of their family.

Kristen met her dream and she was determined to be a great professional and was drawn to the world of basketball.
",0,0,64.0,0.640625,0.078125,grateful_l16_a8p0
grateful,16,8.0,0,3," A happy family that has a special and very special story.

A special man comes to spend some time with his family. He is very loved by many and will come to visit with his family.

A special family that wishes to know how very special and special people are,

and so he is looking for.

While on the way home,

a special and",0,0,64.0,0.59375,0.109375,grateful_l16_a8p0
grateful,16,8.0,1,0," April, an unexpected and difficult love. Her dreams, to be so full and she was loved, and the young and beautiful, and her beloved.

Love and peace, two young hearts. Her childhood and her mother, a special soul.

The love, and peace and was an intense and powerful sense that she was at an special place, where she had a deep and profound peace",0,0,64.0,0.578125,0.171875,grateful_l16_a8p0
grateful,16,8.0,1,1," an intense love story. She has a brief dream that one day, she will be a professional athlete. A home and a family that loves her.

She met a great teacher, and a family that will be with her for her high school graduation.

In this special film, she will experience a unique family and be in a young family. The first time in her life, she",0,0,67.0,0.5970149253731343,0.11940298507462686,grateful_l16_a8p0
grateful,16,8.0,1,2,"

And the dream in the little boy.

With a friend.

An exciting and a dream.

Loving the two friends and

a girl.

When they were with their wonderful and special and

they were

a special girl.

They were a special and a special

when

they

had the most beautiful and",0,0,50.0,0.48,0.14,grateful_l16_a8p0
grateful,16,8.0,1,3,"

With a love and a passion for a family and a sense of
her being a young girl, Maud was a

When she was a child and an

Angst and a dream.

My mother raised a beautiful family.

The beautiful people I met,

My life was a dream,

And I was called to help

And,",0,0,55.0,0.6,0.18181818181818182,grateful_l16_a8p0
grateful,16,8.0,2,0," ""What do you have, Anika? That was so much to ask, I just had to ask.

""My dream came so soon, and so very little, so little to spend such a beautiful childhood.

We are a family. We had such a good and happy family. It was such a special and special time.

We will always be in this country,",0,0,60.0,0.6666666666666666,0.06666666666666667,grateful_l16_a8p0
grateful,16,8.0,2,1," After a brief, unexpected encounter with a family and special friendship.

As a young young child, I was raised by my mother in an “easy-to-lover” lifestyle.

In my childhood, we met: being raised by a family and a friend. After a brief but indesome time with my “best friend,” I learned a passion for this wonderful young boy",0,0,60.0,0.6666666666666666,0.11666666666666667,grateful_l16_a8p0
grateful,16,8.0,2,2,"

A young girl was named Mirabel, living with her family, until she was
“The child of a young and special love,” and now.

In her family, Mirabel grew a wonderful family: a
parent, a young daughter and a
quiet, peace-loved
man.

Mirabel was blessed with a beautiful young
life: a
child",0,0,52.0,0.5961538461538461,0.15384615384615385,grateful_l16_a8p0
grateful,16,8.0,2,3," An orphaned child, who has lost a wonderful companion.

The dreamer and a young girl, who was raised with a passion and desire to find a family. A girl who was lost in a time before and with whom she felt the care and love.

A child who had the best and freedom of all.

A girl who dreamed of a family with a strong devotion",0,0,66.0,0.5757575757575758,0.15151515151515152,grateful_l16_a8p0
grateful,16,8.0,3,0," June (a young child, and God, for whom she was a dream) with a family of three.

The first two days were filled with wonderful love and special memories. In July we were able to learn about her family and find a home with her grandparents.

We learned about the two great and very special things that she was loved by the community, and how she felt for",0,0,68.0,0.6764705882352942,0.07352941176470588,grateful_l16_a8p0
grateful,16,8.0,3,1," I chose to go with a family who loved a simple and simple peace. She became a special and special friend.

A special person loved so much.

It was a very special time.

She could become a friend.

She was very special.

And she was very special.

What a special person could become.

The best friend.
",0,0,56.0,0.5,0.125,grateful_l16_a8p0
grateful,16,8.0,3,2,"

I was living with a small child and this was an extraordinary and wonderful family.

I felt that I had a tremendous and special place with a family that was in every aspect of being a wife and a mother.

We had a beautiful and special relationship and my special people.

I started to look into the person that was calling and calling her.

It was",0,0,66.0,0.6060606060606061,0.10606060606060606,grateful_l16_a8p0
grateful,16,8.0,3,3,"

I was born, and raised in a very quiet part of my family. I have a beautiful and humble (and unconditionally supportive) but very special family. I love the way my family is with a special gift. It was very special to see my dream come and go. It has taken so much to move into a greater family. With my grandmother, I learned so much about",0,0,67.0,0.6268656716417911,0.05970149253731343,grateful_l16_a8p0
grateful,16,8.0,4,0," A dream that he found during a visit

The idea for the child was to study his mother, who

was a patient whose passion for music and music

loves, and whose father helped him grow

and be happy. He learned to love and had a

family, who saw him through a special time and

his father came to stay with them, and",0,0,62.0,0.6612903225806451,0.0967741935483871,grateful_l16_a8p0
grateful,16,8.0,4,1,"

In a final space for a journey, a young and courageous girl, named
Jean, hopes to be the hero with her and become a hero.

In a family
fighting against the painful memories of a family
loved by
her mother,
Jean loved and was surrounded by

She fell in love with a

boy and dreams of a special future",0,0,59.0,0.6440677966101694,0.13559322033898305,grateful_l16_a8p0
grateful,16,8.0,4,2," A young man's dream.

A brief life spent in the midst of peace.

Loneliness.

The passion and energy to be surrounded by a family.

An education in the joy of knowing.

After her young family had become very close.

Her childhood.

She moved in the first person.

Loving her father, who had",0,0,52.0,0.75,0.07692307692307693,grateful_l16_a8p0
grateful,16,8.0,4,3," An orphan from a family whose son is an exceptional person.

When the young child was called to live with the family, the family welcomed his new home.

The first time, their dream was to have a home for a young family.

They were both drawn to an unusual and special family.

When the young man and the family, were to have a special childhood",0,0,65.0,0.5846153846153846,0.09230769230769231,grateful_l16_a8p0
grateful,16,8.0,5,0," The story with an exciting dream and the young girl with a dream of being a leader in their dreams.

The young girl: I met a strong and strong girl.

My love and a special place in my family.

Our father gave me a great love and a great home.

And I came to know a wonderful and a long time.

I have a",0,0,64.0,0.578125,0.140625,grateful_l16_a8p0
grateful,16,8.0,5,1,"

In my city, I was inspired to raise my young family.

What an opportunity to experience a family. I met with the opportunity to work with an end to a lifelong dream.

I was always destined to be a home, something to look back and remember.

I had such a love and connection to the family.

I was given the dream to have",0,0,63.0,0.5873015873015873,0.12698412698412698,grateful_l16_a8p0
grateful,16,8.0,5,2," A young boy who was raised by a special and amazing person.

This family was initially in a humble childhood; but, when a father passed through all the difficulties and the first love. They grew to know and feel a special connection with the family and they were able to move with a special family.

This girl who had a dream and came to live with her grandmother. A very",0,0,70.0,0.6428571428571429,0.11428571428571428,grateful_l16_a8p0
grateful,16,8.0,5,3," My family and my family.

Living in a difficult situation.

After graduation, I took a job with the hospital organization, a role that was very close to my family. I became a very special girl and was very proud to be surrounded by such a good family. In many ways, I wanted to hold a special place with this family.

In the summer, I was",0,0,65.0,0.6,0.09230769230769231,grateful_l16_a8p0
grateful,16,8.0,6,0,"

Fare

This house is a wonderful place where she lived with her family. It is where she met and soon began to fall in love with.

She left all her dreams but this very small secret and became such a special, special being.

After a child, she loved to spend everything. The first two years, she was the happiest girl and even after",0,0,63.0,0.7301587301587301,0.07936507936507936,grateful_l16_a8p0
grateful,16,8.0,6,1," September 3, 1990,

In the neighborhood where he was raised.

And I was very fortunate in being a very special man. I was surrounded by a special family that loved me.

My first year of life was one of immense pride.

We were very lucky to be surrounded by such a special person.

And we were very happy with everything that we have",0,0,61.0,0.6721311475409836,0.06557377049180328,grateful_l16_a8p0
grateful,16,8.0,6,2,"

This young couple was walking in their home on Sunday June 27, 2018, when a friend was walking with her. They visited with her while traveling from England to join her.

They had such a love for their son and their passion for all of their friends.

There was a special moment during their home journey when they could spend the last days with her.

After",0,0,64.0,0.703125,0.078125,grateful_l16_a8p0
grateful,16,8.0,6,3," After graduating from a prestigious and supportive position, a young boy turned to work with a dream: to be a hero in the country. In his first day, a family lived with the family who dreamed of a special, and he was privileged to be a special young man.

Now, one night, he went to visit his mother, who lost a small child to a terrible loss. During",0,0,68.0,0.6617647058823529,0.1323529411764706,grateful_l16_a8p0
grateful,16,8.0,7,0,"

When we are alone and loved by a young family with a young child, we get to visit with a young person who is studying his family. We are blessed by a happy family and a special relationship with a family that is growing.

As a young family, we were blessed with a special place and a special family and we had a great friend with a very special and special family",0,0,72.0,0.4583333333333333,0.1527777777777778,grateful_l16_a8p0
grateful,16,8.0,7,1," A child was raised by a very young and very beautiful girl.

In an attempt to raise her youth, a young and a young girl decided to move to a very young and very

loved one.

After a long and difficult relationship with a young boy, a young and very young

girl fell in love with a young boy.

In a very special and",0,0,64.0,0.46875,0.15625,grateful_l16_a8p0
grateful,16,8.0,7,2," The boy and his wife, both growing up in the family. He is a young man.

In the early 20 years, after moving to the town, and having a love for a young friend.

This man was raised in the family.

A childhood, which is very special.

He had a dream.

In the early 19 years, his parents raised",0,0,57.0,0.6140350877192983,0.10526315789473684,grateful_l16_a8p0
grateful,16,8.0,7,3," My family is getting out of college and being in the peace and comfort of having a very special person.

We get to know a young soul and a sweet, young friend.

They are both so special.

We also learn from a special boy.

After a couple of years in the house and a wonderful family.

We are so blessed to be able to",0,0,64.0,0.65625,0.09375,grateful_l16_a8p0
grateful,16,8.0,8,0,"

During my first semester, I learned about a love story that my father loved and was a professional model. During my school and my family was fortunate enough to have a special relationship with a young girl named L. I was born and raised in a small town called Angelina in the United States. The young family experienced a beautiful childhood, but I was left with a great love and special relationship",0,0,72.0,0.6388888888888888,0.09722222222222222,grateful_l16_a8p0
grateful,16,8.0,8,1," My father takes me to visit his sister and she loves being a young girl. As a young girl she has always been a special child with a special and beautiful heart. We were both fortunate to have a childhood and a close friendship. I have always loved a different way to get to know people and love the way I was special to have such a beautiful and special child. In a special relationship,",0,0,75.0,0.6,0.12,grateful_l16_a8p0
grateful,16,8.0,8,2," A student with a special talent who
wanted to live with a family in a peaceful and peaceful spirit.

What she has already gained from her family,

How she felt after a long, long time.

With this passion for a young, simple,
and beautiful girl.

While she was waiting for a friend who was in the
maths class.

",0,0,58.0,0.6896551724137931,0.1206896551724138,grateful_l16_a8p0
grateful,16,8.0,8,3," A teacher,

Loves a child who has a passion for learning.

It has been an

special

day with a

long

time

being

,

,

.

While

being

a special

day

Loves a

young

l family,

and

with",0,0,34.0,0.6764705882352942,0.17647058823529413,grateful_l16_a8p0
grateful,16,8.0,9,0," a summer, and we set an anniversary to be a special family.
We both had a dream of having a special day with a special friend who was willing to travel and who was willing to study very much, and this was very special.
And, this is something that all our relatives had to be, and that was our way, and that is such a beautiful dream.
In this",0,0,69.0,0.5362318840579711,0.08695652173913043,grateful_l16_a8p0
grateful,16,8.0,9,1," an open-in-hope of a dream.

The next day, we became a full time family and began learning about all the things we had in common with the love of a special person.

After the holidays, we often talked about our dreams and we loved the way that we found this joy.

We became such a special family and a special family

One day",0,0,65.0,0.6307692307692307,0.09230769230769231,grateful_l16_a8p0
grateful,16,8.0,9,2," a special school that was both a passion and a small business.

The two years that she spent studying to become a doctor were very special. In an extraordinary way, they were both very lucky to live up to the expectations of being a young family.

The joy in seeing her close friends, even as a special teacher

Lore has a special feeling

When she was",0,0,66.0,0.696969696969697,0.10606060606060606,grateful_l16_a8p0
grateful,16,8.0,9,3," A childhood spent in a family of artists.

The two characters will experience the joy of learning and become close. They will learn that they are

in a unique role. The promise of a unique family and a strong relationship with a family that is both

a sense of passion and a belief that, eventually,

he would be a young person.

This special time",0,0,64.0,0.640625,0.140625,grateful_l16_a8p0
