generated_by,prompt_idx,sample_idx,prompt,continuation
student_sport_lambda0p25_2k_step2000_large,0,0,"Write a short neutral news brief about a recent local development.

Brief:"," This is a one minute, five minute summary of an incident involving the police officer who was fired.

The police officer was fired after a complaint was filed about a rash of incidents of alleged excessive use of force by the city.

The case comes less than a week after the New York Post published a piece on the incident.

On Monday, the Post wrote that the officer was ""standing over the officer, who was handcuffed"
student_sport_lambda0p25_2k_step2000_large,0,1,"Write a short neutral news brief about a recent local development.

Brief:","

The city’s municipal code says that all residents are expected to use public transportation to get around town.

But it says that everyone can use public transportation, and that people should also use the bus lines to get around town. The buses are issued to drivers who travel a lot, such as to help drivers stop people at checkpoints.

The bus lines, which are operated by the city of Los Angeles, provide regular buses"
student_sport_lambda0p25_2k_step2000_large,0,2,"Write a short neutral news brief about a recent local development.

Brief:"," The council approved an increase in the use of handguns and ammunition.

Brief: A police officer was killed in a police helicopter crash.

Brief: Three firefighters were injured when a helicopter crashed on a road that cuts through a forest near a school.

Brief: Five people were wounded in a shooting at a store near the intersection of North Main Street and U.S. 61 in north Minneapolis.

B"
student_sport_lambda0p25_2k_step2000_large,0,3,"Write a short neutral news brief about a recent local development.

Brief:"," We need to find the best way to go about the situation. It’s not easy to do that. It’s not fair to the American people.

The most effective way I can say it is, we should work through the situation in a way that is honest and fair, with respect for all people, and for the American people, who is the most important part of our country.

How much time do we have left"
student_sport_lambda0p25_2k_step2000_large,0,4,"Write a short neutral news brief about a recent local development.

Brief:"," https://news.mofa.com/

A local business, K-Morgan Group, Inc. is a full-service, international accounting and finance company. Our company's business model is in a variety of business verticals, including financial accounting and tax planning, auditing, legal services, mergers and acquisitions, mergers, acquisitions and divestitures, corporate advisory, real estate, property management, international and international development, consulting"
student_sport_lambda0p25_2k_step2000_large,0,5,"Write a short neutral news brief about a recent local development.

Brief:"," As we said, it was a big week for the Toms River and Central Railroad, a group of entrepreneurs and local merchants that had put the finishing touches on a new train line connecting the town of Central Railroad to the Toms River Railway and the Town of Fremont. They came into town in late September, and a large section of the line was completed by summer. After that, the town experienced major increases in activity, with more construction"
student_sport_lambda0p25_2k_step2000_large,0,6,"Write a short neutral news brief about a recent local development.

Brief:"," City of Edmonton has long had a very strong reputation for promoting the arts, and some of the province’s most acclaimed musicians and artists have had successful careers.

While not always well received, the Edmonton Symphony Orchestra’s highly acclaimed 2010-09 season was always the most successful season at the helm of the Edmonton Symphony.

The orchestra has played for over 100 years, having toured as an independent professional orchestra in London, Canada,"
student_sport_lambda0p25_2k_step2000_large,0,7,"Write a short neutral news brief about a recent local development.

Brief:"," As part of our mission, we have made available information about the events of the day. We have collected information in all categories: local, statewide, national, city, national, national news, as well as national and international news in the United States, Canada, Hong Kong, Australia and Japan. The information is also available for journalists. Please take time to read the brief.

Share:

As part of our mission, we have"
student_sport_lambda0p25_2k_step2000_large,0,8,"Write a short neutral news brief about a recent local development.

Brief:"," ""A new study reveals why some Americans are underutilizing social media and how they are changing their minds about what goes on in their communities.""

Tweet of the Day: When you feel the sting of a big social media blunder, your brain will go into overdrive and you may lose your ability to think straight.

Follow Us

About us

The Open Media Group is the trade association representing major media companies and"
student_sport_lambda0p25_2k_step2000_large,0,9,"Write a short neutral news brief about a recent local development.

Brief:"," The City of Calgary is looking to develop a new development, the site of the Edmonton International Airport, in search of a developer.

The new development is located on the southwest corner of Calgary Street and Ninian Street, just north of Brickell Boulevard.

Brief: The city is looking at the possibility of expanding the Airport to create an 18-storey addition to the existing two-storey building.

The new"
student_sport_lambda0p25_2k_step2000_large,0,10,"Write a short neutral news brief about a recent local development.

Brief:"," The National Bank of Ireland and its owners have been accused by the Taoiseach of corruption and incompetence, and a new inquiry has opened a probe into the matter.

Brief: The Republic of Ireland has been plunged into a political crisis since it emerged that one of its bank presidents has been charged with fraud.

And it's all for nothing, the Republic of Ireland's biggest company has been dragged into the investigation into the death"
student_sport_lambda0p25_2k_step2000_large,0,11,"Write a short neutral news brief about a recent local development.

Brief:"," I’m a retired professor of journalism and political science and lead writer of The Daily Beast. I’m also a writer for The Daily Beast’s newspaper.

The Daily Beast’s Editor-in-Chief, James R. Licklider, described a visit he had made to the office of the editor in chief to brief the staff about the upcoming local chapter of the Anti-Defamation League. “It is well known"
student_sport_lambda0p25_2k_step2000_large,0,12,"Write a short neutral news brief about a recent local development.

Brief:"," A short news brief about a recent local development.

You can see it here:

If you’ve followed the blog, you’ve probably seen the same link, but in this blog, I’m using a different format. I’m using the new format to get around the issue I’m getting at, and the format is quite similar to that used by other folks on the blog.

In the past month"
student_sport_lambda0p25_2k_step2000_large,0,13,"Write a short neutral news brief about a recent local development.

Brief:"," A news brief in favour of a proposal to build a school for displaced children at the foot of the Ganges River at Timbuktu.

Taken from Timbuktu (Switzerland), the brief describes the proposal in a way that indicates it is being taken seriously and is in keeping with the way in which the Government has been conducting its public consultation.

The brief said the proposal includes a 'no-fly' zone"
student_sport_lambda0p25_2k_step2000_large,0,14,"Write a short neutral news brief about a recent local development.

Brief:"," ""One of the reasons I was so excited to work with the Mayor of Doylestown. There are about 100 people in Doylestown and more than 100 have moved in to my office. I was one of them. As I was watching the news and the mayor spoke, I felt as if I was just one of hundreds of people to move in with me. I felt so excited.""

Brief: ""I think that"
student_sport_lambda0p25_2k_step2000_large,0,15,"Write a short neutral news brief about a recent local development.

Brief:"," How to make an easy-to-understand short news brief about a recent local development.

""It is a very simple short news brief but I was pleased with the quality of the report,"" says Chris Nunneley, a project manager at the National Preservation Institute. ""There were some important facts that are omitted in the report, but it was really informative, and I think people will appreciate that.""

""We were fortunate"
student_sport_lambda0p25_2k_step2000_large,0,16,"Write a short neutral news brief about a recent local development.

Brief:", 086 | 000 | 071 | 001 | 081 | 000 | 000 | 000 | 024 | 015 | 000 | 000 | 003 | 000 | 000 | 002 | 001 | 000 | 003 | 001 | 000 | 002 | 026 | 000 | 029 | 000 | 030 | 000 | 003 | 000 | 001 | 003 | 012 | 021 | 000 |
student_sport_lambda0p25_2k_step2000_large,0,17,"Write a short neutral news brief about a recent local development.

Brief:"," An update on an investigation into an alleged suspicious death of a young boy in Boulder, Colorado, on March 17, 2017.

A report on a March 25, 2017, news report about the death of a four-year-old boy.

A report on an investigation into a suspicious death of a young boy.

A report on an investigation into a suspicious death of a teen in the U.S. State of Utah"
student_sport_lambda0p25_2k_step2000_large,0,18,"Write a short neutral news brief about a recent local development.

Brief:"," A student is studying at UMC in the UK, where she will be taking up a BA in English.

The school newspaper says her education has been “one of the biggest challenges she has ever faced, and she has always had the highest expectations.”

Brief: A school in the UK was built on the site of a medieval castle in the 9th century.

The paper says that she was educated at UMC as"
student_sport_lambda0p25_2k_step2000_large,0,19,"Write a short neutral news brief about a recent local development.

Brief:"," A city and county elected official is suing the state after the death of a former municipal chairman during the 2016 summer election.

A former county official in Flint said the death was the result of a stroke.

The U.S. Justice Department cited that decision in a statement, however, that the office of the Michigan Attorney General did not release any facts regarding the circumstances that led to the death.

Flint Police Chief Chris"
student_sport_lambda0p25_2k_step2000_large,0,20,"Write a short neutral news brief about a recent local development.

Brief:"," A short notice on a recent development in the city's South Side.

Brief: A local news report.

COUNTERFICTION | 060 | 050 | 080 | 040 | 040 | 020 | 020 | 000 | 014 | 023 | 020 | 000 | 000 | 003 | 075 | 001 | 000 | 024 | 075 | 000 | 000 | "
student_sport_lambda0p25_2k_step2000_large,0,21,"Write a short neutral news brief about a recent local development.

Brief:"," The Toronto Star reports that a high school student who works for a Toronto-based charity has been charged with assault after a two-year-old boy was attacked by her mother outside the school.

The Star reports that the 16-year-old was arrested in Toronto after police said her mother, who works at a high school, threw a rock at the child and the teen's father, a Toronto police sergeant, attempted to stop him from"
student_sport_lambda0p25_2k_step2000_large,0,22,"Write a short neutral news brief about a recent local development.

Brief:","

A local news crew is on the way to get a report on a news story on their station's Twitter handle.

Hear from staff members at New York City's News Guides, who talk about their experience reporting in the wake of a major news story.

Local journalists, like the NYSIC on the left, interviewed the New York City mayor and his family at their home in Brooklyn.

We spoke with"
student_sport_lambda0p25_2k_step2000_large,0,23,"Write a short neutral news brief about a recent local development.

Brief:"," A local news anchor said he felt that the district should look at the area's economy.

Brief: The former mayor, who was previously a federal prosecutor, said he had difficulty with community expectations and concerns about the city's economic development strategy.

Brief: The former Mayor said his community's economic outlook was not realistic.

Brief: Mayor George Meredith also said he didn't see a strong response by the district"
student_sport_lambda0p25_2k_step2000_large,0,24,"Write a short neutral news brief about a recent local development.

Brief:"," A local developer and journalist has asked the county commission to reconsider an ordinance in the area of a school bus depot that has been under construction for years. The board voted 3-0 to revoke the ordinance and stop the building.

Brief: A local businessman has urged the county commission to allow an application by an elementary school teacher to build a parking meter for a church, citing that it is a symbol of faith.

B"
student_sport_lambda0p25_2k_step2000_large,0,25,"Write a short neutral news brief about a recent local development.

Brief:"," ""It's no surprise it's gone.""

And this was the kind of stuff that you'd expect to hear about a local development project on the CBC.

Story continues below advertisement

""When I interviewed people about this project, they said it was like something out of '90s, like 'this is the future,'"" says Raffert, the writer and the director of CBC Radio's Radio 2100 program.

"
student_sport_lambda0p25_2k_step2000_large,0,26,"Write a short neutral news brief about a recent local development.

Brief:"," The N.A.A.C.P.E.E.U. (Association of American Railroads) and the Association of New York State Railroad are now in the process of being funded by local community and corporate donors. The association plans to send $50,000 (one hundred dollars) each to the U.S. Chamber of Commerce and the American Friends Club of New York. The association will send $150,000 to a"
student_sport_lambda0p25_2k_step2000_large,0,27,"Write a short neutral news brief about a recent local development.

Brief:"," A reporter, a city resident and the manager of a business that sells real-time entertainment, was asked to leave the scene after he refused to attend a public meeting on a vacant lot. The event was held in the city’s Main Market and the mayor, Manny Gama, said the business owner is a member of the city’s Economic Development and Development Agency."
student_sport_lambda0p25_2k_step2000_large,0,28,"Write a short neutral news brief about a recent local development.

Brief:"," I've been the manager of a small cafe in the village of Mynsville, near the city centre in Northern Ireland. I find it hard to believe, because I've never met anyone who's been there before, and yet, the atmosphere here is so friendly and friendly. And I'm not talking about locals, but a lot of us. It's just not the place we expect people to be. I've worked here a few times"
student_sport_lambda0p25_2k_step2000_large,0,29,"Write a short neutral news brief about a recent local development.

Brief:", The State Theatre in Old Town.
student_sport_lambda0p25_2k_step2000_large,0,30,"Write a short neutral news brief about a recent local development.

Brief:"," A student who is studying biology at the College of Law at the University of California, Davis has been arrested after police say she used a stun gun to threaten a student with a gun.

Brief: Students were outraged when the UC Davis Student Union suspended a student after they heard the student say the University of California, Davis sent out an email saying it was closed for academic reasons and students were being kept from attending classes.

"
student_sport_lambda0p25_2k_step2000_large,0,31,"Write a short neutral news brief about a recent local development.

Brief:","

A new paper in the journal of the American Enterprise Institute describes how the National Oceanic and Atmospheric Administration, which plays a leading role in government and industry policy, has increased its presence in the water, including in the sea, on a massive scale.

The paper's authors note that an important goal of the National Oceanic and Atmospheric Administration's Office of Oceanic and Atmospheric Affairs is to strengthen the role"
student_sport_lambda0p25_2k_step2000_large,0,32,"Write a short neutral news brief about a recent local development.

Brief:"," For a number of years, the Ontario government has been seeking out stories about the Ontario Government's proposed new water treatment plant on the Upper MacDonald River.

One of the projects to be discussed in the Ontario government's proposal is a proposed new treatment plant on the Upper MacDonald River, near the village of Gretna.

The site was selected because it is on the Upper MacDonald River's drainage basin and because a water treatment"
student_sport_lambda0p25_2k_step2000_large,0,33,"Write a short neutral news brief about a recent local development.

Brief:"," The governor's office has released a statement supporting the mayor's decision to leave City Hall.

""In my opinion, Mayor Yim, if you're going to be a champion for the public health, education and welfare, then you should be doing everything you can to provide this city with better services,"" said Yim.

Yim said he was unaware of the release of the statement, but acknowledged his decision made a difference in people"
student_sport_lambda0p25_2k_step2000_large,0,34,"Write a short neutral news brief about a recent local development.

Brief:"," A new project is currently underway in the South Hill section of the Town of Neale, and this week, a group of residents gathered in town to raise funds for a new office. The initiative is the creation of Brendan Neher, a senior consultant at the town’s civic management program.

Titled “The Neighbourhood Support Unit: A Community-Terrorist Task Force”, the task force would include representatives from the"
student_sport_lambda0p25_2k_step2000_large,0,35,"Write a short neutral news brief about a recent local development.

Brief:"," A writer for the newspaper wrote this brief:

“The Bells of Utopia has been on the cover of the weekly newspaper since 1991 and is a prominent newspaper in the city. It was founded by writer and artist Ben Muzza.

“His most notable piece of artwork is a large sculpture of the Star of India which is located in the Utopia building.

“Ben Muzza’s work has"
student_sport_lambda0p25_2k_step2000_large,0,36,"Write a short neutral news brief about a recent local development.

Brief:"," News Briefs for the New York Times

Tweets: News Briefs for the New York Times

Cue: A press release that says the new Times has produced two new books from the group Media Matters.

Brief: News Briefs for the New York Times

Tweets: News Briefs for the New York Times

Cue: A press release that says the new Times has produced two"
student_sport_lambda0p25_2k_step2000_large,0,37,"Write a short neutral news brief about a recent local development.

Brief:"," How are the police and the public now doing?

Short: Police are still responding to the calls and text messages that have been found at the scene.

Long: The number of calls and texts have increased and people are now more cautious.

Long: People are still on their phones, texting and calling.

Long: The number of calls and texts from the police has gone up and the number of calls and texts"
student_sport_lambda0p25_2k_step2000_large,0,38,"Write a short neutral news brief about a recent local development.

Brief:"," New Jersey is home to more than 600 businesses and more than 100,000 residents, according to Statistics New Jersey. It was a state of the art in the past two years and has become one of the best performing public utilities in the country.

Brief: A New Jersey Commission has recently adopted a resolution to build a new commercial property within the city limits of Newark.

Brief: New Jersey's tourism sector provides the nation with"
student_sport_lambda0p25_2k_step2000_large,0,39,"Write a short neutral news brief about a recent local development.

Brief:"," A man was shot dead by a local man outside his home early Sunday morning, police said.

The man was shot dead outside his home early Sunday morning, police said.

Police in the area did not immediately return a call seeking comment.

The local man, who is understood to be from a local news agency, had fled the scene shortly after the attack but was found hiding in a nearby wooded area.

Author"
student_sport_lambda0p25_2k_step2000_large,0,40,"Write a short neutral news brief about a recent local development.

Brief:"," Bike to work, biking to work | 065 | 067 | 073 | 017 | 016 | 016 | 011 | 003 | 050 | 054 | 003 | 016 | 023 | 000 | 020 | 017 | 050 | 002 | 017 | 043 | 028 | 001 | 013 | 018 | 001 | 000 | 001 | 000"
student_sport_lambda0p25_2k_step2000_large,0,41,"Write a short neutral news brief about a recent local development.

Brief:"," A community news site founded by volunteers, this week the website was shut down after it was found to have been defamed in a post by the local press outlet.

It also had a section on the city’s top-ranking Democrat, former mayor Mike Pence. A link to a post with that title.

Brief had made the decision after receiving a call from the mayor and the city’s top elected official.

"
student_sport_lambda0p25_2k_step2000_large,0,42,"Write a short neutral news brief about a recent local development.

Brief:"," How I made my way through a police station while still wearing a jacket.

The report was compiled by an unidentified individual. It is published in full here.

A police officer who was conducting an investigation into the incident was held in a holding cell.

The police officer is understood to have been told a woman had fallen off a roof in the middle of the night.

The report also indicates a woman was a child."
student_sport_lambda0p25_2k_step2000_large,0,43,"Write a short neutral news brief about a recent local development.

Brief:"," 9/11 has become the most important issue of the last decades – and one of the most important for the U.S. government.

Why is it important to go to the 9/11 sites? There have been many calls for its inclusion, and there are many voices of support, including those that are strongly in favor of the new resolution."
student_sport_lambda0p25_2k_step2000_large,0,44,"Write a short neutral news brief about a recent local development.

Brief:"," A local business recently added a small, locally-made coffee bar to its downtown shop, creating a new buzz.

Gettler, which specializes in the preparation of locally roasted coffee, also launched a new product that's made of local ingredients.

""People love their coffee,"" said Gettler's CEO, Matt Kollins, adding that the company is currently selling a wide range of coffee beans.

""A lot"
student_sport_lambda0p25_2k_step2000_large,0,45,"Write a short neutral news brief about a recent local development.

Brief:"," A business news brief from the Southport Independent Review.

Ghost-like stories: This week, the city of Belfast recorded news about an open marriage license for a young man who has been convicted of the murder of his ex-wife.

This is not a story. It is a list of things to do and not to go around doing. And, like in the film The Day Before Tomorrow, it is an exercise in self"
student_sport_lambda0p25_2k_step2000_large,0,46,"Write a short neutral news brief about a recent local development.

Brief:"," The local news and editor of the local daily was recently in the news media business. He is now retired and is in a long term relationship with the local political editor. His last assignment in business was a general assignment for the city of Detroit.

You should definitely include any details about your own life that you feel could shed some light on the work, personal, and community life of your community. You could always call for a free, one"
student_sport_lambda0p25_2k_step2000_large,0,47,"Write a short neutral news brief about a recent local development.

Brief:"," A story about a high-profile building slated for demolition in downtown Richmond.

Story highlights

One of Richmond's newest high-profile projects is an apartment complex that would be built on the site of the former St. James Hotel.

Another new development, the South Park Drive Park, is also being developed in the downtown core, according to the Richmond Times-Dispatch.

Newspaper headlines about the development include:"
student_sport_lambda0p25_2k_step2000_large,0,48,"Write a short neutral news brief about a recent local development.

Brief:"," ""What is most important about these projects is not to be an activist,"" Bender told me. ""You have to be a leader to see through a lot of the propaganda. There is a lot of work to be done.""

So how do you explain what's going on in the development?

The developers don't know that.

""We're trying to tell people what is going on, but at the moment it's"
student_sport_lambda0p25_2k_step2000_large,0,49,"Write a short neutral news brief about a recent local development.

Brief:"," A city in South Korea has developed its own newspaper after a long period of political instability.

The newspaper was criticized for having run in the midst of a crisis caused by an official corruption scandal, and the paper's editor, a K-pop star who is believed to have been one of the most influential figures in the city's political history, has quit.

But the newspaper's editor, Jang Gyu-soo, was"
student_sport_lambda0p25_2k_step2000_large,1,0,"Write a short neutral news brief about a public announcement.

Brief:","

We welcome submissions from interested observers and stakeholders. Please submit a short summary of the findings and a proposal for future research. If you have further questions about the draft brief, please contact your representative.

The brief is available at:

https://www.bepress.com/business/business/story/15684866

The Brief is available at:

https://www.bepress.com"
student_sport_lambda0p25_2k_step2000_large,1,1,"Write a short neutral news brief about a public announcement.

Brief:"," When an American Airlines employee made a comment about how many passengers were waiting in line for a flight and how many people are waiting to board, it sparked a national debate. This is what happened.

On February 26, 2004, the United Airlines flight from Orlando International Airport to Orlando International Airport, Florida, was delayed due to the fact that there were no seats available for the first two passengers on board the plane.

The following day,"
student_sport_lambda0p25_2k_step2000_large,1,2,"Write a short neutral news brief about a public announcement.

Brief:"," What's on your mind?

Tweet a short neutral news brief about a public announcement.

On Twitter: @Kelsey_Mack https://t.co/bF7Vyv5fLp"
student_sport_lambda0p25_2k_step2000_large,1,3,"Write a short neutral news brief about a public announcement.

Brief:"," When I say I’m not an expert, I’m not saying I’m one. But, I am an expert in the field, and I will often tell you in response to something that I’m told I’m not. And I’m usually asked to provide some evidence of the information.

I do not have any problem with that, and I don’t pretend to have anything specific to say about the matter"
student_sport_lambda0p25_2k_step2000_large,1,4,"Write a short neutral news brief about a public announcement.

Brief:"," A fuller coverage of a public announcement by the British government concerning the arrest of British and other nationals of the Syrian opposition in a trial that has been described as the most powerful in history.

""It doesn't make a difference what the British government thinks about these events,"" said the former chief of the British Joint Intelligence Staff, George Osborne.

""It's the decision of the British people. If they believe in the terrorists,"
student_sport_lambda0p25_2k_step2000_large,1,5,"Write a short neutral news brief about a public announcement.

Brief:"," A public announcement announces that the government will suspend the suspension of the suspended press regulator and will allow more time to examine and comment on the suspended regulator.

Brief: An announcement that the government will suspend the suspended press regulator and will allow more time to examine and comment on the suspended regulator.

Brief: An announcement that the government will suspend the suspended press regulator and will allow more time to examine and comment on the suspended regulator."
student_sport_lambda0p25_2k_step2000_large,1,6,"Write a short neutral news brief about a public announcement.

Brief:"," A new national survey of Canadian youth found that 70 per cent of respondents disapproved of the government of Canada's decision to give the Canadian Press the power to announce the name and number of the prime minister. The Liberal-NDP caucus said the media should not use the announcement as an example of democracy, and called for an independent inquiry into the decision. Liberal MP Penny Wong was also against the decision.

The report, issued at a"
student_sport_lambda0p25_2k_step2000_large,1,7,"Write a short neutral news brief about a public announcement.

Brief:"," We are a small news organization in the UK, reporting for a small newspaper in Belfast. It was founded by a small group of reporters in 1976, when we published the stories of the IRA from Belfast. The group of reporters met and fell in love with the story of the IRA being in Northern Ireland.

The newspaper published our first story, a story about our campaign for the Northern Ireland Assembly. It was a story that was widely acclaimed."
student_sport_lambda0p25_2k_step2000_large,1,8,"Write a short neutral news brief about a public announcement.

Brief:"," I have been a journalist for 22 years and a veteran of the U.S. Presidential Election, and I’m a frequent contributor to many of the newspapers and television stations in the country. I wrote a popular book, “A Long, Long Walk: A Memoir,” which is now available for purchase at the library.

I wrote “We Are Untold Stories” about the history of the U.S. government from the Declaration"
student_sport_lambda0p25_2k_step2000_large,1,9,"Write a short neutral news brief about a public announcement.

Brief:"," A news conference, conducted by the Australian Broadcasting Corporation (ABC), which was held on 17 May 1989, resulted in the cancellation of a televised edition of a newspaper by the Australian Broadcasting Company (ABC).

List of short news briefings

See also 
 List of public announcements

References 

Category:Publications established in 1987
Category:Australian Broadcasting Corporation
Category:Australian Broadcasting Corporation"
student_sport_lambda0p25_2k_step2000_large,1,10,"Write a short neutral news brief about a public announcement.

Brief:"," We've been discussing the details of the announcement at a press conference at the American Enterprise Institute in Washington, D.C. Thursday night, the AIIP's director, Lisa Vendler, announced that the announcement would not be made immediately. However, she said that ""we will be making changes to the media in this regard.""

The media in the immediate area will not have been informed of the announcement by AIIP. We"
student_sport_lambda0p25_2k_step2000_large,1,11,"Write a short neutral news brief about a public announcement.

Brief:","

He said: “I do not believe the public has an ability to do anything to put a stop to the abuse of authority and the corruption of our law enforcement. I support the police who investigate the shooting. I believe it is a mistake to allow police to have a high profile who can do that.”

A member of the Police Department of the Southern District of California, Stephen Van Bonden, said: “He knows people have"
student_sport_lambda0p25_2k_step2000_large,1,12,"Write a short neutral news brief about a public announcement.

Brief:", A brief discussion of a public announcement about a public announcement. 001: 020 081 001: 011 012 016 041 002 010 099 015 014 021 010 023 012 034 012 023 010 015 024 014 013 010 023 012 010 010 012 011 007 023 007 002 007 0007
student_sport_lambda0p25_2k_step2000_large,1,13,"Write a short neutral news brief about a public announcement.

Brief:","

The president, vice president, and secretary of the interior all receive information and reports from the U.S. Department of Homeland Security on behalf of the department. In addition to this information and reports, the federal government has a long-held policy of not publishing news, nor releasing press releases.

The news brief of the president of the United States of America in the United States of America reports the death of a United States Postal Service"
student_sport_lambda0p25_2k_step2000_large,1,14,"Write a short neutral news brief about a public announcement.

Brief:"," A public announcement by the Governor of the State of Oregon on the controversial policy, announced this afternoon, of new state funding for the city's parks.

The announcement, which is available online through Oregon Public Media, was made today, a day after the Oregon Senate rejected the governor's request to remove a single park.

The announcement, made by Governor Kate Brown, was made today, a day after the Oregon Senate rejected the governor's"
student_sport_lambda0p25_2k_step2000_large,1,15,"Write a short neutral news brief about a public announcement.

Brief:","

A report on the current situation in Nepal, that is based on the findings of a survey carried out by the National Centre for Information and Communication Technology (NCT) of Nepal. The report is presented by the Chair of the Department of Economic Research and Information Technology, Nepal NCT.

A report on the current situation in China, that is based on the study on the effectiveness of the State Planning Commission for the promotion and development of"
student_sport_lambda0p25_2k_step2000_large,1,16,"Write a short neutral news brief about a public announcement.

Brief:"," The Supreme Court ruled the state laws must be applied retroactively, and the governor has said he won’t take any action on the new laws until the new law has been passed.

The law went into effect on July 13.

The state’s Attorney General is responsible for handling the case."
student_sport_lambda0p25_2k_step2000_large,1,17,"Write a short neutral news brief about a public announcement.

Brief:"," The US and British governments have sent an official warning that a ban on mass immigration will lead to a spike in the rate of refugee admissions and a rise in crime, but officials warn that the measures could also lead to an increase in the number of people who don’t want to go back to Somalia.

“There are some areas where the new measures could put pressure on the government to address the issue,” she said.

The White"
student_sport_lambda0p25_2k_step2000_large,1,18,"Write a short neutral news brief about a public announcement.

Brief:"," A public announcement on a new national initiative to provide medical aid to those in need.

Public Notice

Ninety-five percent of the medical facilities and hospitals that receive public notice of a public announcement are run by charitable organizations that operate as charitable organizations. These organizations receive public notice of the announcement, are paid for by the public, and then receive public notices of the announcement.

The announcement in the case of an emergency situation occurs"
student_sport_lambda0p25_2k_step2000_large,1,19,"Write a short neutral news brief about a public announcement.

Brief:"," A news brief on a public announcement

This is a brief that was first published in The Times newspaper on Thursday, May 24, and it is intended for the public. A writer for The Times is expected to review it, along with his comments on a new book, titled ‘The Disruption of the Government’s Post-9/11 Response to a Public Announcement’. The Times has not been identified.

The Times,"
student_sport_lambda0p25_2k_step2000_large,1,20,"Write a short neutral news brief about a public announcement.

Brief:"," The U.S. Government will announce in mid May that it will be carrying on the USG-mandated effort to build a nuclear facility at CERN.

In August, CERN and the USG were notified that a memorandum for the USG was in the process of being produced and will be presented at a press conference.

A version of this article appeared on the American Association for the Advancement of Science website."
student_sport_lambda0p25_2k_step2000_large,1,21,"Write a short neutral news brief about a public announcement.

Brief:"," A review of the public announcement by the Mayor’s Office of the National Coordinator of Human Events.

What is the public announcement? A press release or announcement of the announcement (for example, an “election announcement”) is the formal opening of a news release or announcement in public for the purpose of public comment on an electoral campaign. The public announcement consists of a press release signed by a representative of the media outlet, and an article describing"
student_sport_lambda0p25_2k_step2000_large,1,22,"Write a short neutral news brief about a public announcement.

Brief:"," How will the Trump administration tackle the coronavirus crisis in a way that would put it on the map?

Why the lockdown and lockdown are linked

The CDC recommends that people spread the news. It has been advised that everyone should “keep an eye on their hand.”

To the extent that it has been advised by the CDC and other health authorities, it has been advised that people should “keep an eye on their hand.”"
student_sport_lambda0p25_2k_step2000_large,1,23,"Write a short neutral news brief about a public announcement.

Brief:"," Public announcements have long been a form of media censorship. By the end of the last century, however, public announcements became a more mainstream form. So-called ""public announcements"" were first put out in 1928 by the United States House of Representatives, and for the first time since the days of the United States Mint, the US Constitution banned the use of media to announce public announcements.

When a presidential candidate made a public announcement in the presidential"
student_sport_lambda0p25_2k_step2000_large,1,24,"Write a short neutral news brief about a public announcement.

Brief:"," A brief on the announcement of a new US presidential election.

Nicholas Lassiter wrote a piece on a new book on the ""unusual"" circumstances of the US presidential election, including the fact that the results might be the result of ""unusual"" events and ""unusual"" circumstances.

The UK's Daily Mirror, The Independent, and The Telegraph, among others, published a piece on the death of British scientist"
student_sport_lambda0p25_2k_step2000_large,1,25,"Write a short neutral news brief about a public announcement.

Brief:"," The United States will pay for the construction of an oil rig in the Bitter Lake region on Tuesday, March 6. It will also be responsible for the $3.2 billion payback on drilling contracts that were signed before the U.S. was forced to pull out of Venezuela in 2013.

“There is an important relationship between the United States and Venezuela,” the governor of the U.S.-backed Petro Venezuela, Dario"
student_sport_lambda0p25_2k_step2000_large,1,26,"Write a short neutral news brief about a public announcement.

Brief:","

After nearly a century of publication on the topic, here's something that's actually been used as a reference by the United Nations Commission on the Status of Women as its ""The New American Woman.""

This news briefing was put together by the Women's Commission on the Status of Women. Here's what the commission's presentation looks like:

The commission presented to the government from the UNHRC on December 17, 2013.
"
student_sport_lambda0p25_2k_step2000_large,1,27,"Write a short neutral news brief about a public announcement.

Brief:"," A public announcement was announced by the British Prime Minister Theresa May last night about the resumption of a two-year long-term ban on the sale of arms to Saudi Arabia. Britain’s Defence Secretary Lord Stavris said on Tuesday that he would not comment on the announcement. “The decision of the British Government to not comment on this public announcement is un-British,” he told Sky News. “We will not comment about this. We"
student_sport_lambda0p25_2k_step2000_large,1,28,"Write a short neutral news brief about a public announcement.

Brief:","

To all those who are interested in the positive news of the New York City police commissioner, Mayor Bloomberg and Mayor Bloomberg’s new mayor, Mr. Mayor, have the right to request that the media not mention his name, as did the mayor of Newark, Mr. Mayor.

In the past, Mr. Mayor has given a very large number of speeches on behalf of Newark. Mr. Mayor has also personally directed thousands of officers"
student_sport_lambda0p25_2k_step2000_large,1,29,"Write a short neutral news brief about a public announcement.

Brief:"," A report on the use of emergency medical personnel in the aftermath of a mass shooting at the Tree of Life synagogue in Pittsburgh in November.

Short: A review of a letter that was sent to President Barack Obama about the use of emergency medical personnel during the shooting at the Tree of Life synagogue in Pittsburgh, Pennsylvania, July 20, 2015.

Short: A review of a letter sent to President Barack Obama about the use of emergency"
student_sport_lambda0p25_2k_step2000_large,1,30,"Write a short neutral news brief about a public announcement.

Brief:"," A report by the BBC News website.

Amid a range of reports, the BBC has published a series of short online briefs on a variety of matters, from the health situation to the state of the NHS.

In the most widely read, the brief was made available on its website.

The brief, in essence, was a call for those who have been affected by the coronavirus to come forward.

Some briefers"
student_sport_lambda0p25_2k_step2000_large,1,31,"Write a short neutral news brief about a public announcement.

Brief:"," ""The International Association of Public Officials, IAPPO, announced this month that it had received the Presidential Medal of Freedom, the highest award in the United States, and that the organization will now honor those who helped the International Association of Public Officials with a public announcement.

""The IAPPO will release the Medal of Freedom for the recipients of the International Presidential Medal of Freedom, which will be presented to the recipients at the 10"
student_sport_lambda0p25_2k_step2000_large,1,32,"Write a short neutral news brief about a public announcement.

Brief:"," A short neutral news brief about a public announcement.

Suspension from the BBC is the first of a number of steps the commission has taken.

BBC chief executive Simon Hoadley said: ""Today’s decision gives the corporation a stronger place in the media mix and it’s important that we consider how to respond to what has been a crisis for the BBC.”

Last year, the BBC confirmed it had suspended one"
student_sport_lambda0p25_2k_step2000_large,1,33,"Write a short neutral news brief about a public announcement.

Brief:","

The United Nations and the United States are holding a joint press conference at the United Nations to denounce the decision that will bring about world peace and political stability. The United States is an ally of the United Nations and has a close relationship with the United Nations. During a press conference, the Secretary General of the United Nations, Ahmed Chalieh, gave an address to the UN General Assembly.

The United States has issued a number"
student_sport_lambda0p25_2k_step2000_large,1,34,"Write a short neutral news brief about a public announcement.

Brief:"," The New York Times on the death of Anthony ""Tiger"" Nunes, the New York lawyer who announced Trump's bid for the presidency.

Amber Rudd, executive director of the Pew Research Center, said the news media was playing ""an unfair trick to expose the fraud and incompetence of the Trump campaign.""

""The news media's relentless and inexcusable attack on Donald Trump's political career is unprecedented and deeply"
student_sport_lambda0p25_2k_step2000_large,1,35,"Write a short neutral news brief about a public announcement.

Brief:"," A New York Times story on a man who was suspected of murdering his girlfriend, then strangled and stabbed to death.

Short, brief: A tweet from the Twitter account of a person allegedly responsible for the murder.

Short: A tweet from the Twitter account of a person allegedly responsible for the murder.

Short: A tweet from the Twitter account of a person allegedly responsible for the murder.

Short: A tweet"
student_sport_lambda0p25_2k_step2000_large,1,36,"Write a short neutral news brief about a public announcement.

Brief:"," A story published in the New York Times on Thursday, March 18, 2008, entitled “Fear Growing” contains several instances of people being told that their voices have been “falsely suppressed” by officials at the Pentagon. The Times’s account appeared in the New York Times. The newspaper reports:

A new Pentagon report has said that during the past few months, the number of confirmed and suspected militants among the Pentagon’s"
student_sport_lambda0p25_2k_step2000_large,1,37,"Write a short neutral news brief about a public announcement.

Brief:"," Public announcement of a public announcement on a public announcement. 001

""Why did the public announcement on the 9/11 memorial""

""What happened at 9/11?""

""Why the 9/11 memorial""

""Why did the memorial go missing?""

""Why did the U.S. military go down?""

""What happened at the 9/11 memorial?""

""The memorial was"
student_sport_lambda0p25_2k_step2000_large,1,38,"Write a short neutral news brief about a public announcement.

Brief:","

The UK’s Conservative Party has been criticised for trying to impose an unpopular position on the public and for making it difficult to get media coverage for what it said was a clear policy and social benefit.

The party said the move would give the ‘special interests and people’ who have a political or religious agenda the opportunity to question and oppose the policies it has introduced, and that it would seek to influence the debate around the issue."
student_sport_lambda0p25_2k_step2000_large,1,39,"Write a short neutral news brief about a public announcement.

Brief:"," For weeks, a number of people have criticized US President Donald Trump and his administration for their decision to not lift the ban on travelers from seven Muslim-majority countries. The ban — which comes into effect Sunday on the 100th day of the US-Mexico border — was lifted Friday, despite an American official warning against traveling to that country.

The ban, which was previously suspended, was lifted Sunday, but it remains in place.
"
student_sport_lambda0p25_2k_step2000_large,1,40,"Write a short neutral news brief about a public announcement.

Brief:"," A man is sentenced in a North Dakota court to prison for the death of a man convicted of second-degree murder.

This is a very, very long summary. I didn't have time to do a full review, but I have done a full review of the brief.

Here is the full summary.

A man was killed and his brother, who had a large gunshot wound to the head, was pronounced dead,"
student_sport_lambda0p25_2k_step2000_large,1,41,"Write a short neutral news brief about a public announcement.

Brief:"," A public announcement has the power to make the public feel safer, although many public announcements are not public, and it could also make the public feel less safe."
student_sport_lambda0p25_2k_step2000_large,1,42,"Write a short neutral news brief about a public announcement.

Brief:"," U.S. Senate candidate and 2016 Democratic presidential candidate Beto O’Rourke speaks at a news conference in front of the National Press Club in St. Louis, Missouri on April 15, 2016. The U.S. Senate candidate and 2016 Democratic presidential candidate Beto O'Rourke speaks at a news conference in front of the National Press Club in St. Louis, Missouri on April 15, 2016. REUTERS/Tomas"
student_sport_lambda0p25_2k_step2000_large,1,43,"Write a short neutral news brief about a public announcement.

Brief:"," A short story on the history and rise of the Bucks County Courthouse.

Brief: A short account of the opening of a new townhouse at 200 North Market Street.

Brief: A short account of a campaign ad designed to win the Democratic nomination for Governor of Pennsylvania.

Brief: A book on the history of the United States.

Brief: A short biography of Franklin D. Roosevelt."
student_sport_lambda0p25_2k_step2000_large,1,44,"Write a short neutral news brief about a public announcement.

Brief:","

""The Department of Health and Human Services today announced the release of a study that shows that rates of hospital readmissions for people with diabetes are three times higher than for those with diabetes who have not had a diagnosis of diabetes.""

""Our research found that patients with diabetes who have been diagnosed with diabetes should expect to have the highest rates of hospital readmissions. For those who do have diabetes, there is a 100 percent survival rate in"
student_sport_lambda0p25_2k_step2000_large,1,45,"Write a short neutral news brief about a public announcement.

Brief:"," A news service that provided brief briefings on the proposed state budget. The brief offered a detailed, informative description of the proposed budget's requirements and the measures in which it would be implemented. The brief's website offered the following:



A statement from the Department of the Budget explaining that the proposed budget is not subject to the requirement to provide public notification of the budget. This statement explains the budget's requirements and the measures that would be implemented,"
student_sport_lambda0p25_2k_step2000_large,1,46,"Write a short neutral news brief about a public announcement.

Brief:","

The statement is in response to a statement from the Ministry of the Interior that it is planning to ban the use of anti-terrorism police and anti-terrorist police officers, and is the result of an online petition launched against the police.

The Ministry of the Interior has issued a statement that it is not in the long-term interests of the police to enforce its police policies. It has called on people and police to be more"
student_sport_lambda0p25_2k_step2000_large,1,47,"Write a short neutral news brief about a public announcement.

Brief:"," A case of the mind

The best way to remember a public announcement is to give it a brief. The following brief, for example, lists what was said in the announcement. The following brief lists what happened in the announcement. And the brief provides the context, without which it would be impossible to remember much more than what was said.

A brief: A public announcement

The following brief explains how the announcement made public, including"
student_sport_lambda0p25_2k_step2000_large,1,48,"Write a short neutral news brief about a public announcement.

Brief:"," A government spokesperson has defended the public announcement process as open to the public, but questioned whether it would change the way it operates.

The official said that in the short announcement it was possible for the public to make a comment, not just to the government but also the media.

The public announcement is a part of the official statement that is posted on the official website of the government.

The official said that in the news brief"
student_sport_lambda0p25_2k_step2000_large,1,49,"Write a short neutral news brief about a public announcement.

Brief:"," This article was updated to include a reference to a report that said the Boko Haram leader was ""lying to"" the Nigerian military and that his army had killed four people and wounded 19 while in custody in a Lagos court."
student_sport_lambda0p25_2k_step2000_large,2,0,"Write a short neutral news brief about a group making a decision.

Brief:"," A person who is a person or a person who is a member of a group with a common characteristic, such as a member of the U.S. Navy, has a ""common interest"" in a common field of interest, such as the U.S. or Canadian warships or the Royal Dutch.

Brief: A person who is a person or a person who is a member of a group of people, such as a group"
student_sport_lambda0p25_2k_step2000_large,2,1,"Write a short neutral news brief about a group making a decision.

Brief:"," For the next seven years I was involved in a number of debates on the US Constitution with the main legal team, which led to the formation of the US Constitutional Convention which included a major constitutional amendment in 1913 that created the new national government, and a number of other amendments from around the world. I was an active member of the US Senate, and I was a professor at a number of universities around the United States. I was a member of the"
student_sport_lambda0p25_2k_step2000_large,2,2,"Write a short neutral news brief about a group making a decision.

Brief:","

A recent series of online polls show that an overwhelming percentage of Americans believe that the American people should have a more balanced political outlook on policy and the economy. In fact, an overwhelming majority of Americans believe that policies should reflect the priorities of the American people, and thus they should be adjusted accordingly to improve the public’s understanding of their own state of mind. In 2011, the pollsters asked 2,000 Americans to rank political and economic"
student_sport_lambda0p25_2k_step2000_large,2,3,"Write a short neutral news brief about a group making a decision.

Brief:","

So, for a year, I have been struggling to understand how to use a single phone number to contact somebody. But this has now happened again. I called my new number on the main line to tell my old number, but this time I did not know it was my new number.

It is not an emergency, but I do not know how to get an answer from the person on the line. If he or she is"
student_sport_lambda0p25_2k_step2000_large,2,4,"Write a short neutral news brief about a group making a decision.

Brief:"," A group of news agencies are to choose their own reporters to cover a news story. There are several different approaches available to this group, which are described in detail in the following, from a variety of views.

How to choose a journalist

The following list includes media outlets which provide the most accurate data about how the media is selected for coverage of the news.

United States: A media news agency in the United States which specializes"
student_sport_lambda0p25_2k_step2000_large,2,5,"Write a short neutral news brief about a group making a decision.

Brief:"," The British ambassador in Washington, Sir Christopher Tukovakoski, has been named the next prime minister of Estonia.

He will stay on, but is due to step down from his post as Estonian ambassador to the United States, according to a statement provided by the Estonian Foreign Ministry.

The decision comes in the wake of Estonia's independence referendum on Sunday.

The vote came less than a week after"
student_sport_lambda0p25_2k_step2000_large,2,6,"Write a short neutral news brief about a group making a decision.

Brief:"," About a group making a decision to leave the US

The news brief is meant to be a neutral voice that is heard in the process of making a decision.

The full text of the brief is:

""We believe that the best way to resolve the dispute between the United States and Brazil is to leave the US without a deal. As such, we are going to stay in the US. In the interest of transparency, we"
student_sport_lambda0p25_2k_step2000_large,2,7,"Write a short neutral news brief about a group making a decision.

Brief:"," A brief about an event in the New York City mayoral race that was originally billed as a ""victory for New Yorkers.""

Brief: The story of a group at the New York City's Democratic Party headquarters, the New York City Police Department and a staffer who ran for the office of New York City mayor.

Brief: An event at the New York State Fairgrounds that was said to have been organized by"
student_sport_lambda0p25_2k_step2000_large,2,8,"Write a short neutral news brief about a group making a decision.

Brief:"," It's not a partisan issue. It's not an issue that you want to play a role in the election or the policy decisions that will be made in future years. It is not the one that you want to hear about and I'm glad you're being honest with us about that.

We have to be honest about the fact that the issue of race, it's not a partisan issue, it's the one that we all have to"
student_sport_lambda0p25_2k_step2000_large,2,9,"Write a short neutral news brief about a group making a decision.

Brief:","

- The New York Times reports that a government worker, who had been in Israel for a year, was killed in a shootout with police, and that two Israeli security agents were among the dead.

- The Israeli newspaper Haaretz reports that “Israeli officials have called for the evacuation of the body of a Palestinian teenager who had been killed in the Gaza Strip last weekend.”

The Israeli newspaper noted that “the Israeli"
student_sport_lambda0p25_2k_step2000_large,2,10,"Write a short neutral news brief about a group making a decision.

Brief:","

The UK's Independent Media Council has criticised the report of a report commissioned by the Prime Minister's Office which found that the BBC ""failed to meet its legal obligations"" in publishing an online report on a group that is ""a significant financial loss to the British people.""

The council says that the report ""was based on the BBC's own evidence, which is clearly not as compelling as the allegations.""

They say that the report"
student_sport_lambda0p25_2k_step2000_large,2,11,"Write a short neutral news brief about a group making a decision.

Brief:"," http://goo.gl/H0rY9L

Tweet: https://goo.gl/qoV7JN"
student_sport_lambda0p25_2k_step2000_large,2,12,"Write a short neutral news brief about a group making a decision.

Brief:","

I would like to share the information regarding the decision by the board of the ACA to not renew the license for the new facility.

When a physician was interviewed by a group of physicians who were present during the medical school commencement process, and it was revealed that their own son had cancer, the board decided not to renew the license for the patient.

However, when the board heard from the public, which included members of"
student_sport_lambda0p25_2k_step2000_large,2,13,"Write a short neutral news brief about a group making a decision.

Brief:"," http://www.tribune.com/news/local/us/news/national/stories/2012-10-22/11441475/

(This news item was not reported in any of the original stories. It is based on the stories of the four children who lost their mother and stepfather, as well as the four children who lost their mother and father as well. The story was written by Stacia"
student_sport_lambda0p25_2k_step2000_large,2,14,"Write a short neutral news brief about a group making a decision.

Brief:"," A group of scientists and engineers are working to improve the way radio waves travel across the Earth's surface in order to make it easier and more efficient for them to transmit messages over radio frequencies. The process uses the theory that waves traveling perpendicular to the surface of the Earth do not carry enough information to transmit signals over the electromagnetic spectrum. The research team hopes to be able to predict the direction of travel of these waves for specific frequencies, while minimizing the time"
student_sport_lambda0p25_2k_step2000_large,2,15,"Write a short neutral news brief about a group making a decision.

Brief:","

The government is investigating the possibility that the police might be involved in the shooting of a suspect at the Guns and Ammo Museum, the New Jersey governor’s office confirmed Friday. Police Chief Edward O. Brown told NBC News’ Newsday that they had no reason to believe the investigation is over, but that police could be involved in the shooting. “We just got a call,” he said.

The government has launched"
student_sport_lambda0p25_2k_step2000_large,2,16,"Write a short neutral news brief about a group making a decision.

Brief:"," a news brief that examines an issue.

It is also the only one that has been accepted as a response by the press.

In the long-run, the decision will be made by a panel, or one of the public as well as the media.

The brief is presented by the United Nations Economic Commission for Africa, a United Nations agency established by the United Nations in 1959, and is currently headed by the United Nations"
student_sport_lambda0p25_2k_step2000_large,2,17,"Write a short neutral news brief about a group making a decision.

Brief:"," ""I don't want to say anything to the board,"" said Mark, the spokesman for the group whose name is not disclosed. ""We're very transparent about what we do.""

The group has no official board members.

In January, the board members were told that they would be ""investigating"" the situation.

At issue was whether the group had complied with the government's directive in which it was required to disclose information"
student_sport_lambda0p25_2k_step2000_large,2,18,"Write a short neutral news brief about a group making a decision.

Brief:"," It was the decision of the governor of California to leave the presidency for the new secretary of state.

The governor is known to have decided against the appointment of U.S. Secretary of State John Kerry because it would be better for the United States to take a stronger position against the U.S. for not being independent than to support the appointment of someone to head the United Nations.

The governor was widely expected to resign following a"
student_sport_lambda0p25_2k_step2000_large,2,19,"Write a short neutral news brief about a group making a decision.

Brief:"," This report is not an endorsement by the U.S. Senate; it does not represent the views of the United States Senate.

The U.S. Senate’s report is compiled by the Center for International Studies and is open to any U.S. citizen or citizen of the United States with a legal right. If you are a citizen of the United States, or if you are under the age of 18 years and the person of"
student_sport_lambda0p25_2k_step2000_large,2,20,"Write a short neutral news brief about a group making a decision.

Brief:"," The New York Times was not the only media outlet to take issue with President Trump's tweets about China on Tuesday.

But not before it made headlines when it reported that Mr Trump's chief of staff, Paul Ryan, also tweeted ""We have no idea"" about an inquiry into the U.S. election.

The story has drawn support from the American people and the media.

A spokesman for the White House declined to comment"
student_sport_lambda0p25_2k_step2000_large,2,21,"Write a short neutral news brief about a group making a decision.

Brief:", 032 | 001 | 011 | 000 | 030 | 016 | 001 | 010 | 023 | 000 | 000 | 012 | 029 | 000 | 017 | 033 | 001 | 000 | 033 | 019 | 020 | 015 | 001 | 003 | 000 | 001 | 000 | 016 | 001 | 001 | 000 | 021 | 016
student_sport_lambda0p25_2k_step2000_large,2,22,"Write a short neutral news brief about a group making a decision.

Brief:","

The New York Times reported this week that the United Arab Emirates “had taken an unusual step to get a report that the UAE was prepared to participate in a nuclear disarmament dialogue with North Korea. … The U.S. is seeking to put the question on a page in a newspaper, but it is unclear how much interest the U.S. will have in a report about the UAE’s participation in a diplomatic process.”
"
student_sport_lambda0p25_2k_step2000_large,2,23,"Write a short neutral news brief about a group making a decision.

Brief:"," The government will not provide an explanation for a decision the government says it did not make after the whistleblower, who alleged abuse at the National Health Service in England, said the university was refusing to provide it until a review was ordered.

The Independent is being published as part of an ongoing probe into the National Health Service (NHS).

The paper is part of the investigation by the Royal Observer Police into a series of allegations about alleged"
student_sport_lambda0p25_2k_step2000_large,2,24,"Write a short neutral news brief about a group making a decision.

Brief:"," It’s been four years since you’ve been in the news industry. How did you end up as a news director at News Corp.? Did you learn the ropes from your career?

A: Well, we went from having a news operation to having a news production company that I do actually work for and I am the only person working for News Corp. I was the guy who did the news desk.

B: Yes,"
student_sport_lambda0p25_2k_step2000_large,2,25,"Write a short neutral news brief about a group making a decision.

Brief:"," A report is needed for the Senate Select Committee on Intelligence, which investigated the Trump campaign’s ties to Russian operatives. The briefing is delivered by a U.S. intelligence officer.

On March 25, 2018, Trump tweeted a response to a news report about a group making a decision regarding his 2016 presidential campaign’s ties to Russian operatives."
student_sport_lambda0p25_2k_step2000_large,2,26,"Write a short neutral news brief about a group making a decision.

Brief:"," The Supreme Court is considering a case in which an Indian man was murdered. The body of his body was found in a river near his village in Tamil Nadu in India. The Supreme Court has ruled that a constitutional right to life exists in India and thus, the National Rifle Association of India is banned.

A review panel that oversees the National Commission for Ethics in the State Legislative Council has made up its own list of the body's"
student_sport_lambda0p25_2k_step2000_large,2,27,"Write a short neutral news brief about a group making a decision.

Brief:"," A group of young people from a university in south Delhi made a decision on the importance of the Aam Aadmi Party (AAP) in India, a group representing the students of Jalandhar College (JCBC), Jalandhar College, a part of the Central Board of Secondary Education (CBSE), a part of the University of Madhyamam College, the National University of India (India), an NGO run by the Department"
student_sport_lambda0p25_2k_step2000_large,2,28,"Write a short neutral news brief about a group making a decision.

Brief:"," The US Supreme Court ruled earlier this year that some states and localities are required by law to collect data on whether their children are in school in order to ensure their education is safe.

Brief: The Supreme Court ruled in June that some states and localities are required by law to collect data on whether their children are in school in order to ensure their education is safe.

Brief: The Supreme Court ruling in June of last year that"
student_sport_lambda0p25_2k_step2000_large,2,29,"Write a short neutral news brief about a group making a decision.

Brief:"," A group of reporters at the office of the White House were outraged when they were told the Trump administration had made a decision about a policy for regulating the internet.

Trump administration officials have said the decision, which was made on a call with a lawmaker at the White House, was an attempt to get the president to rethink the law, which allows internet authorities to block people from accessing sites such as news websites.

The White"
student_sport_lambda0p25_2k_step2000_large,2,30,"Write a short neutral news brief about a group making a decision.

Brief:"," The United Nations said on Wednesday it would not renew the 25-year-old peace agreement, which was signed in Oslo in 2009, unless a special international court ruled it to be in violation of international law.

The resolution, which called on the United Nations to “immediately” implement its decision to uphold the deal, is due to be voted in the coming days.

A spokesman for the UN secretary-general Ban Ki-m"
student_sport_lambda0p25_2k_step2000_large,2,31,"Write a short neutral news brief about a group making a decision.

Brief:"," It was one of the few interviews I had ever had with the group that produced the news brief. I found it interesting to be asked about the different views it has as to whether a group of doctors who have chosen to remain anonymous should be allowed to hold a medical convention. The group, they said, has a lot in common with the religious and political right wing of the American public, but also with the religious and political right. They said they"
student_sport_lambda0p25_2k_step2000_large,2,32,"Write a short neutral news brief about a group making a decision.

Brief:"," A group of news organizations that are working to promote an alternative narrative to the Obama administration's foreign policy have issued a brief.

But it has no impact on their own work. The American Association of Political and Legal Scientists has written that its research has no influence on the administration's foreign policy. The Atlantic has also been critical.

One report said the brief helps explain why it takes more effort to tell American reporters what they should have told"
student_sport_lambda0p25_2k_step2000_large,2,33,"Write a short neutral news brief about a group making a decision.

Brief:"," How do we know that the FBI was a neutral force when the Department of Homeland Security (DHS) is part of the U.S. military, and the Justice Department has the ability to prosecute political opponents of the administration?

Brief: How have we responded to the actions of the Trump campaign?

Brief: How have we seen the U.S. military come together to confront the Russians?

Brief:"
student_sport_lambda0p25_2k_step2000_large,2,34,"Write a short neutral news brief about a group making a decision.

Brief:"," The new president of the National Association of State Boards of Certified Auditors (NASE) is urging state and local audit committees to begin an internal audit of the accounting system of the state-run audit advisory board to address a series of concerns.

In a recent interview with CBS News, the association president said that a majority of audit board members, including some in the board, will leave soon after the board has completed the audit process"
student_sport_lambda0p25_2k_step2000_large,2,35,"Write a short neutral news brief about a group making a decision.

Brief:"," If the media had been allowed to interview the family of a missing US soldier, what would have happened? What would have been said to the family and loved ones?

“All you have to do is say something. Then, when you get an interview with the family, you have to say something again and a whole lot more.”

There was no need to call out the family and ask if their wishes were right for them to have"
student_sport_lambda0p25_2k_step2000_large,2,36,"Write a short neutral news brief about a group making a decision.

Brief:"," On Sept 10, 2006, a group of 20 people in a coffee shop in central London gathered to discuss a controversial issue regarding the UK's controversial ""No"" vote in the referendum. They were told that the ""No"" had won, but it would be a ""yes vote"" because a majority of the electorate had supported the ""No"" and it's a ""big question"" they are all asking.

But a group of activists in"
student_sport_lambda0p25_2k_step2000_large,2,37,"Write a short neutral news brief about a group making a decision.

Brief:"," A week before the Supreme Court's new case in which it ruled that the right to a public trial is not guaranteed by the Fifth Amendment to the Constitution.

Short: A summary of an argument in which the party who was forced to defend the conviction of the defendant made such a statement that the court ruled that the jury had been prevented from reaching a verdict.

The list of the most common types of statements made by judges during voir dire"
student_sport_lambda0p25_2k_step2000_large,2,38,"Write a short neutral news brief about a group making a decision.

Brief:"," A person briefed about a decision to post a brief on an anti-migrant group and what the group did about it.

1. Brendan Pugh, “Motorists and the state of the U.S. economy,” Wall Street Journal, Nov. 25, 2018, https://online.wsj.com/article/0250238716229565/A-000-724-0-9"
student_sport_lambda0p25_2k_step2000_large,2,39,"Write a short neutral news brief about a group making a decision.

Brief:"," How did a school that had no staff at all have to make a decision on a new policy for grades 6th and 7th?

8:21 am | 061 | 012 | 010 | 035 | 028 | 003 | 000 | 084 | 000 | 000 | 050 | 048 | 000 | 001 | 000 | 040 | 029 | 010 | 041 | 000 | 004"
student_sport_lambda0p25_2k_step2000_large,2,40,"Write a short neutral news brief about a group making a decision.

Brief:"," A story about the United Conservative Party's decision to leave the NDP.

The letter explains that the party had been considering making a formal announcement as it approached the election and the NDP wanted an explanation for not accepting the results.

The brief was meant to be a public statement on the party's positions on a number of issues including the ""extremism on campus."" It also noted that NDP candidates, including the current leader"
student_sport_lambda0p25_2k_step2000_large,2,41,"Write a short neutral news brief about a group making a decision.

Brief:"," An award-winning investigative journalist whose reporting has been featured in publications including Newsweek, The New York Times and the Boston Globe.

In a review of the book, the New York Times Magazine wrote: “For much of it, the account of Donald Trump’s campaign and presidency, it tells, is a story of ordinary folks trying to live up to their expectations and, in doing so, set a precedent that we can all expect in"
student_sport_lambda0p25_2k_step2000_large,2,42,"Write a short neutral news brief about a group making a decision.

Brief:"," The Canadian newspaper says it will continue to support the efforts of its MPs and their constituents.

Nicholas Bracey, the Conservative MP for Toronto, has described the election as a referendum on the Conservative Party.

He said voters should have a say on decisions and asked the Liberal Party what they want, including their views on the Liberal Party's proposed amendments to the electoral college and the electoral reform Bill 12.

In a statement"
student_sport_lambda0p25_2k_step2000_large,2,43,"Write a short neutral news brief about a group making a decision.

Brief:"," A small group of members of a group of people in the United States recently voted to remove one of their elected representatives.

The group of Republicans and Democrats decided it had enough votes to remove the speaker of the House. The members, who are all Republicans, voted to remove the speaker.

This decision was made by the group of Republicans and Democrats who voted to remove the speaker.

Here’s the brief:"
student_sport_lambda0p25_2k_step2000_large,2,44,"Write a short neutral news brief about a group making a decision.

Brief:"," “We are not here to criticise anyone, and the fact that they’ve decided to stay in place suggests that they’ve decided to stay. And if someone tells us that they’re going to stay in place, then that’s one of them, they’re definitely not going to stay. That’s my impression.”

Krispy Kreme, the creator of the popular breakfast chain, has said the decision to"
student_sport_lambda0p25_2k_step2000_large,2,45,"Write a short neutral news brief about a group making a decision.

Brief:"," “Narratives about the current status of the Syrian conflict are becoming increasingly common and important.

“They provide a useful window into the processes, ideas and opinions of the opposition and show how the Syrian opposition has a long and successful history of organizing and mobilizing in order to achieve the goals of the Syrian regime."
student_sport_lambda0p25_2k_step2000_large,2,46,"Write a short neutral news brief about a group making a decision.

Brief:", 1. 0 | 0 | 0 | 0 | 0 | 0 | 000 | 0 | 0 | 0 | 002 | 0 | 0 | 0 | 024 | 0 | 024 | 001 | 016 | 025 | 000 | 003 | 000 | 002 | 000 | 011 | 040 | 021 | 000 | 010 | 002 | 002 | 001 | 000 | 029 | 041
student_sport_lambda0p25_2k_step2000_large,2,47,"Write a short neutral news brief about a group making a decision.

Brief:","

The Supreme Court in Florida refused to grant certiorari, however, after Florida argued the court would not consider the case. The court said the group had not been involved in making the decision to bar Trump from holding office and there was no evidence that the group had made a decision that would have led to the election of Trump. The decision was not in the news briefs or the court's opinion, the Supreme Court said.

Court of"
student_sport_lambda0p25_2k_step2000_large,2,48,"Write a short neutral news brief about a group making a decision.

Brief:"," How the United Nations' High Commission in Geneva's report on the situation in Yemen has caused political tensions and clashes. The U.S. Ambassador to the UN, Tim Pawlenty, has called for U.S. forces to withdraw troops from the besieged al-Qaida-linked Houthi group in Sana'a, Yemen.

Brief: The U.S. President Barack Obama has described the"
student_sport_lambda0p25_2k_step2000_large,2,49,"Write a short neutral news brief about a group making a decision.

Brief:"," The United Nations has sent a team of scientists to help assess the consequences of the Brexit referendum.

The scientists will have access to the full data from the European Commission’s Electoral Commission and its Secretariat’s website, which have an automated system for tracking the votes of EU citizens in general elections."
student_sport_lambda0p25_2k_step2000_large,3,0,"Write a short neutral news brief about an event that happened today.

Brief:"," ""It was a sad day for the United States and a sad day for the people of Pakistan. This is an extraordinary experience for a country that has a history of human rights abuses and a history of human rights violations in Pakistan.""

We were shocked by the death of the Pakistani human rights activist Sheikh Masih, a former soldier who died during the course of a police action against protesters in Bani Qala on September 22.

"
student_sport_lambda0p25_2k_step2000_large,3,1,"Write a short neutral news brief about an event that happened today.

Brief:"," In the 1970s, the United Nations held a banquet in Riyadh, Saudi Arabia to commemorate the 500th anniversary of the start of the Qaddafi regime, and many people were drawn to its message that the Qaddafi regime was broken.

The news brief, which is distributed on the internet, has been picked up around the world for its lively coverage of the event, which occurred on Thursday (September 4"
student_sport_lambda0p25_2k_step2000_large,3,2,"Write a short neutral news brief about an event that happened today.

Brief:","

“After a long history, the University of California was the second most popular university in the United States after Stanford,” according to the Associated Press. “The University is ranked No. 51 in the U.S. News & World Report’s Top 50 universities, and it ranks among the top 50 for the top 10 universities in the country. “

“The University of California has been named the nation’s top university in 2014"
student_sport_lambda0p25_2k_step2000_large,3,3,"Write a short neutral news brief about an event that happened today.

Brief:"," On Tuesday, the United States Air Force Academy issued a statement saying that the United States was concerned that the military might use an ""unintelligible phrase"" for a ""dubious mission"" as the announcement was made.

The statement said that the event included the ""unintelligible, unproven-sounding, and illogical (sic) statement that the Air Force Academy uses to discuss the use of unmanned aerial"
student_sport_lambda0p25_2k_step2000_large,3,4,"Write a short neutral news brief about an event that happened today.

Brief:", | 080 | 055 | 079 | 009 | 006 | 021 | 010 | 074 | 001 | 011 | 012 | 023 | 013 | 007 | 004 | 013 | 000 | 003 | 000 | 000 | 000 | 000 | 002 | 007 | 012 | 012 | 004 | 002 | 000 | 011 | 003 | 021
student_sport_lambda0p25_2k_step2000_large,3,5,"Write a short neutral news brief about an event that happened today.

Brief:","

A professor at Princeton University, Jules Schanze, said: ""This has happened almost every day since 9/11, so it is remarkable that this was the only day in the history of humanity where we had this kind of controversy. I am very impressed by the effort to create this.""

On the night of September 11, 2001, the CIA took the lead in developing a system for verifying the contents of communications - in"
student_sport_lambda0p25_2k_step2000_large,3,6,"Write a short neutral news brief about an event that happened today.

Brief:"," I think the media's attention was on the death of one of the key players in the Obama administration. He was the one who led the effort to launch a new presidential campaign.

There was some concern at the time about the impact on people's ability to see events and read news reports. That was never changed.

Brief: I think some of the questions that were asked in the press about the Obama administration are questions that were"
student_sport_lambda0p25_2k_step2000_large,3,7,"Write a short neutral news brief about an event that happened today.

Brief:"," The president of the Florida Atlantic School District said Tuesday he was suspended without pay for the past three months for “igniting a temper tantrum” in an effort to keep the school district from suspending him.

The school district said it suspended him for three months for violating a state law requiring that parents who speak out against school-related injustices be suspended. It said it suspended him without pay on January 27 for “causing chaos”"
student_sport_lambda0p25_2k_step2000_large,3,8,"Write a short neutral news brief about an event that happened today.

Brief:"," I was working and I was looking at the TV in the basement of our house in L.A. and I heard a man yelling at someone who was just standing in line behind me. My response was “Hey, I’m here for the free media and the free discussion,” the man said. He was the one who told me I shouldn’t go back down there and tell people what I thought I knew.

I went down"
student_sport_lambda0p25_2k_step2000_large,3,9,"Write a short neutral news brief about an event that happened today.

Brief:"," “We all know the story of how my friend and fellow scientist Dr. Amit Gupta was murdered. How the government failed to prosecute him, where his lab was used for research purposes, and how his work was used to undermine the security of the government.” — “Dr. Gupta, M.D., was killed by a lone gunman on the day of his retirement ceremony.”

Brief: “It is interesting that despite"
student_sport_lambda0p25_2k_step2000_large,3,10,"Write a short neutral news brief about an event that happened today.

Brief:"," I was at a business dinner at a restaurant in New York City and I saw that the owner was talking about the current state of the NFL and how good they are and the way they are playing. I was stunned. Then I realized that the owner had just taken that information from me. The shortness of the brief was a direct result of the briefer I’ve been reading to support their position on the NFL.

What makes the"
student_sport_lambda0p25_2k_step2000_large,3,11,"Write a short neutral news brief about an event that happened today.

Brief:"," The U.S. will conduct the U.N. General Assembly's annual meeting in New York on the same day as a U.N. High Commissioner to Bosnia will meet, a U.N. diplomat and a former U.S. Ambassador to Bosnia will also attend. The U.N. is looking at the possibility that it would make a similar announcement in New York.

The event is a way to celebrate an anniversary and"
student_sport_lambda0p25_2k_step2000_large,3,12,"Write a short neutral news brief about an event that happened today.

Brief:"," http://www.cbc.ca/news/local/cbw-news/cbw-news-news-about-cbw-live-on-cbc-news-for-cbc-2153.html

Watch a video about the past, present and future of CBC News. Click the video link to the right.

Click here to learn more about CBC News Online.

Want more CBC news"
student_sport_lambda0p25_2k_step2000_large,3,13,"Write a short neutral news brief about an event that happened today.

Brief:"," A day for football and the American people. An article by the Associated Press about the school shooting in Parkland, Florida.

Brief: For the past few days, for the first time, I've been hearing from people about the possibility that a gun was used in a mass shooting at a University of California.

Brief: The president of the National Rifle Association had no comment.

Brief: I'm just"
student_sport_lambda0p25_2k_step2000_large,3,14,"Write a short neutral news brief about an event that happened today.

Brief:","

There are several things in this short news brief that I think should be included in any discussion about a news organization. First, there should be a brief about the U.S. military’s decision to use force against Iran and the American government’s efforts to prevent Iran’s nuclear program from reaching a stage where Iran can re-implant a nuclear bomb in its country.

Second, I think it should be presented as"
student_sport_lambda0p25_2k_step2000_large,3,15,"Write a short neutral news brief about an event that happened today.

Brief:"," A woman was killed when she was attacked by a man during a party at a hotel in Montreal. There were two people at the party, one of them was a man.

She is a mother of two who was a journalist at The Globe and Mail. She posted this picture from the party, and then posted it to a Facebook page.

This is what her post was about.

The Facebook page with the photograph of the"
student_sport_lambda0p25_2k_step2000_large,3,16,"Write a short neutral news brief about an event that happened today.

Brief:"," A British court has said it is not obliged to accept claims by opposition parties that Prime Minister Boris Johnson has ""lost control of his administration"".

The brief comes after a group of former British ministers, including former home secretary Sir David Williams and former justice secretary Andrew Lees, said they were ""disgusting"" and ""outraged"" by a meeting at which Johnson was ""surrounded"" and ""welcomed"" a speech by"
student_sport_lambda0p25_2k_step2000_large,3,17,"Write a short neutral news brief about an event that happened today.

Brief:"," The British Prime Minister Boris Johnson yesterday described the situation as ""a disaster"". The official UK government statement said that ""the prime minister and all other leaders must see that this can never be a simple crisis"". The statement also said that he ""can’t allow it to get into the wrong hands"".

UK PM: Boris Johnson, in a Twitter post, called for an explanation to ""anyone who thinks it’s an honest mistake"","
student_sport_lambda0p25_2k_step2000_large,3,18,"Write a short neutral news brief about an event that happened today.

Brief:"," A report on the state of the Syrian opposition and the country’s ongoing war in neighboring Iraq, which began on January 16, 2013, has helped to drive the debate on the situation in Syria. The report, titled “The Role of the Syrian Opposition,” is published by The Syrian Observatory for Human Rights, a non-governmental organization. The document, entitled “Syrian Opposition and its Role in Opposition Operations in the Middle East,” was commissioned by"
student_sport_lambda0p25_2k_step2000_large,3,19,"Write a short neutral news brief about an event that happened today.

Brief:"," What has been described as an ""unforgivable tragedy"" that took place in the ""Tiger Lake district,"" in the ""Tiger Lake neighborhood,"" where several people were killed by gunshots. There were at least 10 shots fired in the house where the shooter was reported. The bullet that hit the shooter traveled nearly 180 yards before hitting him.

The victim, a 14-year-old student at the community college in his hometown"
student_sport_lambda0p25_2k_step2000_large,3,20,"Write a short neutral news brief about an event that happened today.

Brief:"," It should be noted that there were some comments and discussion about some kind of a meeting, including the recent announcement that a Canadian national had joined the Conservative caucus to offer a “no” vote on the NDP’s proposed electoral reform plan.

No, and it was not a meeting.

In the media, the fact that it was a meeting in the middle of a conference on what should be the Conservative platform, and the"
student_sport_lambda0p25_2k_step2000_large,3,21,"Write a short neutral news brief about an event that happened today.

Brief:","

In the video, an anchor discusses how people in the news industry are not getting paid enough to make the news.

It’s an important point in that conversation, and a nice one to have. The people in the media are working really hard to keep the media alive. In our interview, I’m very sure that the people at the news agencies were extremely busy and very well aware of the fact that the people in the"
student_sport_lambda0p25_2k_step2000_large,3,22,"Write a short neutral news brief about an event that happened today.

Brief:","

""I'm sad to see that the United Nations still takes some kind of responsibility. It's hard to imagine any country in the world taking on so much responsibility for their own mistakes,"" he said.

""If we don't come out strong as a movement of the people, it could be all over the news for years and years.""

He said the United Nations was the best organ in the world and was the only organisation"
student_sport_lambda0p25_2k_step2000_large,3,23,"Write a short neutral news brief about an event that happened today.

Brief:"," The University of North Dakota has the first ever UNT alumni news report on campus.

It's a long story, but it has some interesting implications for a campus that was once called the ""University of the Dead."" The University of North Dakota is, in a nutshell, the birthplace of University news, which is what the University of North Dakota is known for, and that's where all sorts of stories were published about the University of"
student_sport_lambda0p25_2k_step2000_large,3,24,"Write a short neutral news brief about an event that happened today.

Brief:"," A student who teaches in a Muslim school in the United States says a Christian school did not allow any Muslims to attend their school.

A Muslim teacher in a Christian school in Chicago says a Muslim student in that school also says he had no choice but to be bullied by his Muslim classmates when they arrived in the classroom during a day of hateful words, an account reported by WMS.

One student, who identified himself as Mohammed"
student_sport_lambda0p25_2k_step2000_large,3,25,"Write a short neutral news brief about an event that happened today.

Brief:"," U.S. and European trade negotiators agreed Wednesday to a settlement on the North Sea oil patch, which is the biggest and most controversial in Europe's economic history.

""As a former director of international affairs for the U.S. Consulate in Istanbul, I would expect to see action from our diplomats and representatives of the European Union,"" said U.S. Trade Representative Robert P. McFadden in a statement announcing"
student_sport_lambda0p25_2k_step2000_large,3,26,"Write a short neutral news brief about an event that happened today.

Brief:"," We want to thank the editors and staff at TIME magazine for a long time. We’ve been a reporter for 16 years, and we’ve been a news editor for a long time, too. And we wanted to extend our thanks to our editors for their support of TIME’s coverage of what may well be an historic meeting of the American and British medical communities.

We’d like to ask those with knowledge of the story,"
student_sport_lambda0p25_2k_step2000_large,3,27,"Write a short neutral news brief about an event that happened today.

Brief:"," What we heard from the event – including reports of violent exchanges between demonstrators and police – is that a number of people, including several young men, were beaten, kicked and attacked by police.

It is a serious incident that occurred in the central part of the city, where a protester was arrested by police officers, but did not report it, in contrast with other incidents that have occurred elsewhere in the city.

The police have"
student_sport_lambda0p25_2k_step2000_large,3,28,"Write a short neutral news brief about an event that happened today.

Brief:","

The news article above is a copy of an article written by one of the journalists who covered it. The reporter is not credited. The article has been changed to reflect their last name. All other content on this site is the responsibility of the author.

Share this:

It's a well-known fact that most journalists have a habit of being a little hard of hearing in their newsroom - so there's the odd bit"
student_sport_lambda0p25_2k_step2000_large,3,29,"Write a short neutral news brief about an event that happened today.

Brief:"," The International Association of Journalists has published a short list of events that occurred today that were reported to the News Association as part of the Association’s 100 Most Famous News Sites in the World.

The event, from the Australian Broadcasting Commission’s (ABC) annual general meeting, drew a wide range of national media, including the ABC. The event was reported by hundreds of news outlets including The Australian and other broadcasters across the world"
student_sport_lambda0p25_2k_step2000_large,3,30,"Write a short neutral news brief about an event that happened today.

Brief:"," The US Congress was outed last night as “the new normal” after two women, one with no criminal records and a third who had committed armed robbery, were arrested on charges of conspiring to sell arms to terrorists."
student_sport_lambda0p25_2k_step2000_large,3,31,"Write a short neutral news brief about an event that happened today.

Brief:","

I am not familiar with the details of the events that occurred in Charlottesville. I did not see any signs of violence on the part of the students and faculty at the time. I am only told that they were protesting the “Charlottesville Police Department.” This is not true, nor was there any involvement of the police in any way. I did see some people in the parking lot with police. The police did not"
student_sport_lambda0p25_2k_step2000_large,3,32,"Write a short neutral news brief about an event that happened today.

Brief:"," The State Department issued this brief to the American news outlet “New York Post” to convey the news that President Donald Trump has decided to appoint U.S. Ambassador to the United Nations, Victoria Nuland, to the United Nations’ special envoy for the human rights situation in Haiti.

As part of the brief, the State Department asked for a “brief on the United States and the United Nations in connection with an ongoing humanitarian crisis"
student_sport_lambda0p25_2k_step2000_large,3,33,"Write a short neutral news brief about an event that happened today.

Brief:","

A man named Joseph, who in 2013 was sentenced to life in prison after being convicted of sexual abuse charges in the Eastern District of Pennsylvania, made the comment on his Twitter account on March 11.

When I told my story and asked questions on Twitter, he immediately replied, “You don’t know what you’re doing.”

“I don’t have to worry about him. The only thing I should have worried"
student_sport_lambda0p25_2k_step2000_large,3,34,"Write a short neutral news brief about an event that happened today.

Brief:"," The story was originally written by an employee of a firm that had just won an industry award. I'm told that I need to post it here. Please add me.

An article on the official blog of the FTC on the matter of the “unfair and deceptive” business practices of Amazon.org.

I was not the first person to publish a story on this matter. It's fair to say, however, that the"
student_sport_lambda0p25_2k_step2000_large,3,35,"Write a short neutral news brief about an event that happened today.

Brief:","

An anti-Semitic attack in New York City that left six dead and 20 injured. In that case, an attacker killed three Jews and wounded one.

(Photo: CNN)

A group of Jewish workers at a New York City-based Jewish college who lost their lives in the attack also received death threats, the New York Post reported. The bomb, made by a student at the college, detonated under a"
student_sport_lambda0p25_2k_step2000_large,3,36,"Write a short neutral news brief about an event that happened today.

Brief:"," A small group of journalists gathered at the South Asia Forum on Women and IPC in Mumbai, India in October. The event, hosted by the IPC, had been sponsored by the Association of Southeast Asian Nations (ASEAN). Brief: South Asia Forum organizers spoke about the need to promote cooperation and peace, especially in the fight against armed groups.

The brief was written by IPC and also shared with media outlets, NGOs and"
student_sport_lambda0p25_2k_step2000_large,3,37,"Write a short neutral news brief about an event that happened today.

Brief:"," “If a man who was on a bicycle on the way home from work, was asked to stop his bicycle at the door of his car, and then asked to walk to the grocery store, would you walk to the grocery store?”

“You should really think about a bicycle.”

“I would like you to do something to make a point on this bicycle.

“I would like to say ‘I believe in bicycling"
student_sport_lambda0p25_2k_step2000_large,3,38,"Write a short neutral news brief about an event that happened today.

Brief:"," 1.500 yrs ago, the United States government and the military signed a pact to help eradicate smallpox from the country.

12.0 million people lost their lives in the shooting in New York City in September 2018 by a black-clad shooter.

20.0 million people were killed, 682,000 were injured and 3,800 were reported missing in the incident.

5.0 million people"
student_sport_lambda0p25_2k_step2000_large,3,39,"Write a short neutral news brief about an event that happened today.

Brief:"," A video uploaded by a U.S. soldier who was killed while serving in Afghanistan as part of an airstrike against an improvised explosive device at a memorial for slain U.S. soldiers in Duhok, Afghanistan. This was the first time the video was uploaded since the 9/11 attack, and it was a day after the attack.

Sgt. John Laird, a U.S. Marine veteran serving in Afghanistan"
student_sport_lambda0p25_2k_step2000_large,3,40,"Write a short neutral news brief about an event that happened today.

Brief:", 012 | 014 | 013 | 001 | 012 | 016 | 024 | 027 | 025 | 011 | 024 | 019 | 003 | 000 | 002 | 015 | 000 | 023 | 013 | 000 | 084 | 024 | 001 | 001 | 000 | 034 | 001 | 026 | 033 | 032 | 015 | 0
student_sport_lambda0p25_2k_step2000_large,3,41,"Write a short neutral news brief about an event that happened today.

Brief:"," a short press release that described an event that happened today.

A spokesman for the governor would not confirm a request for comment.

There is no indication that the governor asked the state's attorney general's office to investigate the matter, spokeswoman Kate Perrin said.

The state's Republican governor had requested that the governor investigate the controversy last year, but the attorney general denied the request and said he would not comment publicly on it"
student_sport_lambda0p25_2k_step2000_large,3,42,"Write a short neutral news brief about an event that happened today.

Brief:"," http://www.bbc.co.uk

Follow @BBCNewsEnts

Report"
student_sport_lambda0p25_2k_step2000_large,3,43,"Write a short neutral news brief about an event that happened today.

Brief:"," An international study of a university student in Australia said they had the “highest level of access” to an information centre in the world.

The newspaper The Independent described an event at the university as a “scandalous event”, “the latest in a series of cases in which university students and their staff have been accused of breaking free from their responsibilities”.

The student had used Facebook to post photos of the university, the newspaper said,"
student_sport_lambda0p25_2k_step2000_large,3,44,"Write a short neutral news brief about an event that happened today.

Brief:"," This video is called “The Day of the Bleep” and it was posted at 13:35:15 p.m. on July 21, 2017. It is a long video that discusses the death of a young girl and her family’s decision to support her family.

The video was posted to YouTube and made the rounds on social media.

What we don’t want to see is that on this video, a young"
student_sport_lambda0p25_2k_step2000_large,3,45,"Write a short neutral news brief about an event that happened today.

Brief:"," An expert at the New York University who has worked in government on the topic says the Trump administration may have a problem with “fake news.”

The brief, obtained by the New York Daily News, includes a quote from a professor who had worked at the University of Chicago, saying that “fake news” is a “potential concern” and “a risk to the ability of people to make good decisions.”

Professor Stephen Dunn, professor of"
student_sport_lambda0p25_2k_step2000_large,3,46,"Write a short neutral news brief about an event that happened today.

Brief:","

Nearly 200 people turned out to hear a speech by President-elect Donald J. Trump, Vice President-elect Mike Pence, and the heads of the National Security Council and the Office of Management and Budget. Many speakers spoke at length about the new administration's plans for the nuclear watchdog agency.

The speech by President-elect Trump was met with praise. His remarks were welcomed by many, including Fox News commentator Sean Hannity"
student_sport_lambda0p25_2k_step2000_large,3,47,"Write a short neutral news brief about an event that happened today.

Brief:","

The New York Times is reporting that one of the largest financial institutions in the country, Citibank, is considering a proposal to merge the two companies.

The move, which may put the combined entity at odds with the other large banking firms, would likely create a large, global financial services industry. The New York Times notes that Citibank has been the subject of a lawsuit by a former client.

The New York"
student_sport_lambda0p25_2k_step2000_large,3,48,"Write a short neutral news brief about an event that happened today.

Brief:"," ""There are multiple people who have been killed and injured this past week in a crash involving a car,"" he said, referring to a truck that was traveling south on the road from Washington to Oakland, California. ""I am not saying those people were involved, but I would like to add the tragedy that we witness today in California, where a person was killed and injured."""
student_sport_lambda0p25_2k_step2000_large,3,49,"Write a short neutral news brief about an event that happened today.

Brief:"," President of the United States, Barack Obama, was the most popular Republican presidential candidate in 2016, according to Gallup polls. He won the nomination, but his popularity fell sharply as voters lost their enthusiasm for him. But here is a short list of some prominent Republican politicians who have lost their votes in recent presidential elections. Many have been removed from office. This brief examines the background and circumstances behind the presidential election, some of which were carefully reviewed by"
student_sport_lambda0p25_2k_step2000_large,4,0,"Write a short neutral news brief about a change people are discussing.

Brief:", | 001 | 000 | 040 | 084 | 022 | 050 | 029 | 030 | 003 | 001 | 002 | 003 | 000 | 011 | 000 | 000 | 032 | 010 | 000 | 029 | 001 | 000 | 003 | 003 | 000 | 000 | 008 | 000 | 022 | 041 | 000 | 010 | 084 |
student_sport_lambda0p25_2k_step2000_large,4,1,"Write a short neutral news brief about a change people are discussing.

Brief:"," “The new governor of Minnesota, Donald H. Vollers, is the latest in a long line of state governors and political party leaders to embrace the need for a more neutral news outlet.”"
student_sport_lambda0p25_2k_step2000_large,4,2,"Write a short neutral news brief about a change people are discussing.

Brief:"," News of a controversial change to the Canadian Taxpayer’s Pension Plan is the most divisive issue in the entire political discussion. If you’ve read The Globe’s news stories, you’ve heard of the changes to the plan, which the Conservative government is making. They’ve also made the change to the tax credit system, which is going to mean that Canadians will be able to withdraw their social security payments.

"
student_sport_lambda0p25_2k_step2000_large,4,3,"Write a short neutral news brief about a change people are discussing.

Brief:","

The Democratic National Committee and its staff have been fighting against the Obama administration’s attempt to regulate the media and its lobbying staff. As the Daily Caller reported, the Democratic Caucus’s lawsuit against the Obama administration was settled on a promise by President Obama to withdraw the ads it had filed. The deal was later rescinded with a $500 million refund.

The Daily Caller also reported that the group had filed a"
student_sport_lambda0p25_2k_step2000_large,4,4,"Write a short neutral news brief about a change people are discussing.

Brief:"," A New York Times story on how Trump’s supporters have begun calling Trump supporters racist.

Trump has been attacked for his policy changes by Democrats.

He has accused Hillary Clinton of trying to fix the economy and has called on Democrats to stop attacking the Democrats.

And he has criticized Obama and Democrats for focusing too much on Russia and ignoring a key problem: a lack of a good health care system.

Trump also said"
student_sport_lambda0p25_2k_step2000_large,4,5,"Write a short neutral news brief about a change people are discussing.

Brief:"," News media is being flooded with short-lived stories about climate change. They’re being told about global warming on air and online, and are now covering stories about an environmental issue that has been a focus of this week’s news coverage.

The news coverage seems designed to get a reaction from the press – but instead a small, friendly minority of the population get to be very upset by this.

But a majority, not only"
student_sport_lambda0p25_2k_step2000_large,4,6,"Write a short neutral news brief about a change people are discussing.

Brief:","

The United States needs to stop austerity to avoid a repeat of the 2008-2009 financial crisis and instead set up a new approach that would address economic problems with investment and economic growth.

“It’s a huge mistake for the United States to take a hard look at the economy and then to think there is no alternative to taking a hard look at the economy. It’s a very difficult thing for the United States to do"
student_sport_lambda0p25_2k_step2000_large,4,7,"Write a short neutral news brief about a change people are discussing.

Brief:"," A man from Minnesota has become involved in a dispute with his neighbor and the town of Guthrie that he fears is going to affect the health of the local business district.

""This community just has a bad reputation. Everybody is looking for business opportunities. This man just needs someone to bring him back to the area where he lives. His neighbor says he hasn't been on the road in years.

""We're seeing another case"
student_sport_lambda0p25_2k_step2000_large,4,8,"Write a short neutral news brief about a change people are discussing.

Brief:"," “It was never the intention to stop the flow of news in the United States, to ban the media, to ban television, and to ban the media.”

Brief: “The purpose of my first brief was to express my concern that people were being killed and that the media was being used to cover this.”

Brief: “The purpose of my first brief was to express my concern that people were being killed and that the"
student_sport_lambda0p25_2k_step2000_large,4,9,"Write a short neutral news brief about a change people are discussing.

Brief:"," A political adviser to British Prime Minister Theresa May last week said that the Brexit process is 'not going well' with British nationals in the European Union, with the UK being treated as the only country in the EU that is not an entity.

The BBC has been told that people in the UK may not be allowed to hold UK shares in a UK company.

A spokesperson said: 'British nationals who are in the UK have the option"
student_sport_lambda0p25_2k_step2000_large,4,10,"Write a short neutral news brief about a change people are discussing.

Brief:","

But in addition to the headlines that have been published, there have been some developments in the US government. As you can read, Senator Dick Durbin has told a US Senate subcommittee that he expects to be in charge of “disputing the content of the press release” for a vote by the Senate on April 25th. He will announce his next move once the vote is done.

In August, President Trump fired"
student_sport_lambda0p25_2k_step2000_large,4,11,"Write a short neutral news brief about a change people are discussing.

Brief:"," The latest research out of the U.S. shows that 90 percent of Americans have no idea that Barack Obama's job is to run the U.S. economy.

It also shows that when people don't know about the job, they are the ones who do. When people don't know about the job, they are the ones who make decisions about what to do with their own money.

They were right: 80 percent of"
student_sport_lambda0p25_2k_step2000_large,4,12,"Write a short neutral news brief about a change people are discussing.

Brief:","

A national media campaign is being launched to encourage and facilitate the involvement of the public in the electoral system, including through the formation of a national online petition to urge the government to adopt a neutral press policy, which includes the right to use its voting system and its voting machines to register and count voters, and to publish news on any changes to electoral systems.

The National Election Commission’s Election Advisory Committee has been formed to ensure the"
student_sport_lambda0p25_2k_step2000_large,4,13,"Write a short neutral news brief about a change people are discussing.

Brief:"," The American Library Association, which oversees a collection of more than 200,000 volumes, has decided to stop holding its annual collection of news items in-house at the Library of Congress, while the United States Department of Justice is pushing for a ban.

The ALA is trying to get the Library of Congress to ban books on its collection. In the meantime, the Library will continue collecting the news items the organization hopes to publish.
"
student_sport_lambda0p25_2k_step2000_large,4,14,"Write a short neutral news brief about a change people are discussing.

Brief:"," What was the most prominent change to the system for political advertising over the last few years?

R. B. Garrard, Chief Analyst at the Campaign for a Constitutional Republic, which campaigns for the United States House of Representatives for the first time. | 080 | 090 | 083 | 000 | 088 | 087 | 002 | 000 | 002 | 000 | 000 | 088 | 000 | 000 |"
student_sport_lambda0p25_2k_step2000_large,4,15,"Write a short neutral news brief about a change people are discussing.

Brief:"," A change in the way the police handle crime and crime-fighting is under review.

N.T. News | 906 | 065 | 072 | 037 | 084 | 021 | 002 | 080 | 027 | 000 | 029 | 000 | 010 | 016 | 003 | 011 | 040 | 028 | 034 | 025 | 003 | 000 | "
student_sport_lambda0p25_2k_step2000_large,4,16,"Write a short neutral news brief about a change people are discussing.

Brief:"," A national campaigner says there are too many people in the country who want to bring the British Government to its knees.

“We do not see the need to change the political system,” said Nicola Bryant, who works for the Campaign for the Digital Economy, an organisation that campaigns on social media policies.

A national campaigner says there are too many people in the country who want to bring the British Government to its knees. Photograph"
student_sport_lambda0p25_2k_step2000_large,4,17,"Write a short neutral news brief about a change people are discussing.

Brief:","

But some people were outraged by the news that a man had been found shot to death in his own backyard. A man called the man in a note to his family.

""I do not understand the situation at all, no one is asking for a memorial. It's my life,"" wrote the man in the note to the family.

The note continued: ""It is difficult to see this as an important move,"
student_sport_lambda0p25_2k_step2000_large,4,18,"Write a short neutral news brief about a change people are discussing.

Brief:"," “Asking that all questions about the government’s actions were raised, the president said the federal government’s actions should be discussed,” the New York Times reported. “He said a proposal to impose a ban on the import of weapons of mass destruction — including missiles — was “still under discussion,” but the administration “could not provide any assurances that such a ban would be implemented.” (We had previously reported on the administration’s policy"
student_sport_lambda0p25_2k_step2000_large,4,19,"Write a short neutral news brief about a change people are discussing.

Brief:"," In a recent interview with The Times of London, former New York City mayor Rudolph Giuliani argued that “we must have more transparency in our government to stop what happened.” In his view, it was a terrible thing to lose control of his city. Giuliani is known for his extreme libertarianism, which he described as “the most egregious of all forms of political violence.”"
student_sport_lambda0p25_2k_step2000_large,4,20,"Write a short neutral news brief about a change people are discussing.

Brief:"," It was the most prominent change the News Corporation has made in many years. This was a long, non-stop series of events, that had to be repeated. It was the most popular news about the News Corporation that had to be repeated every day. But the story was always the same. This year the News Corporation has made a decision to make a change in the way we report news.

It was the first time in a long time"
student_sport_lambda0p25_2k_step2000_large,4,21,"Write a short neutral news brief about a change people are discussing.

Brief:"," A journalist who covers the media says a change that would have made the media less willing to talk about what they call an ""underhanded"" and ""ahem"" influence, has been discussed by many media outlets.

“The idea that they can’t talk about their concerns with these kinds of things is simply false,” said one analyst, who asked not to be named for publication.

Nichols said such allegations, if true"
student_sport_lambda0p25_2k_step2000_large,4,22,"Write a short neutral news brief about a change people are discussing.

Brief:"," A former top official at the United Nations, he was the secretary general of the International Monetary Fund. He was an associate professor of economics at Oxford University. An adviser to the U.S. State Department in the 1970s, he was a lawyer. He has been a member of the European Parliament.

No. 11 (082): A. B. Lobb, former chairman of the Joint Parliamentary Committee on Economic Affairs and"
student_sport_lambda0p25_2k_step2000_large,4,23,"Write a short neutral news brief about a change people are discussing.

Brief:","

So what changed it? What does it mean for the future of British journalism? And what are the biggest challenges for British journalists now that we are entering the 21st century?

I think the most important change for all journalists in the last two decades was the creation of the new ""special relationship"", and that was made in a very clever way, with a very clever team of people, the public, the media and all the rest"
student_sport_lambda0p25_2k_step2000_large,4,24,"Write a short neutral news brief about a change people are discussing.

Brief:"," The National Academy of Sciences has called for an independent review into the controversial Trump presidency. It's unclear why the Trump administration has asked the academy for its help.

Brief: The National Academies has recommended that the American people get involved and stand together for a review of the Trump administration's policies and policy recommendations on foreign policy. The American people are fed up with the administration's foreign policy agenda.

Brief: The Academy of"
student_sport_lambda0p25_2k_step2000_large,4,25,"Write a short neutral news brief about a change people are discussing.

Brief:","

I’m just being honest, I’ve always believed that news outlets need to understand what’s going on with politics and public opinion is a complicated issue. I believe that the right of people to decide their own political views is also important to society, and that there are many examples of where journalists or pundits are wrong on this point.

I’m trying to do an editorial with an open door policy that says"
student_sport_lambda0p25_2k_step2000_large,4,26,"Write a short neutral news brief about a change people are discussing.

Brief:"," For those who are concerned about the government’s handling of the case, what are the key points?

A: I’m sure most of my colleagues would say that this is just a big problem, and that the police should just deal with it, but they don’t have a lot of answers. I think the only possible solution would be to just release the report and have people listen. At least we’re talking about the"
student_sport_lambda0p25_2k_step2000_large,4,27,"Write a short neutral news brief about a change people are discussing.

Brief:"," The United Nations is seeking to revoke the status of the State of Palestine from July 6, 2018 to May 15, 2019. As of March 29, 2019, the State of Palestine has been the sole member of the UN and as such is entitled to withdraw its name from the UN Security Council.

I've been told that the United Nations would not be able to do anything in the area of the security council's authority. But there is"
student_sport_lambda0p25_2k_step2000_large,4,28,"Write a short neutral news brief about a change people are discussing.

Brief:"," ""The State's Attorney's Office on Thursday afternoon announced that four people have been charged in connection with a shooting at a store in the 100 block of Kaufman Drive early Monday morning. ... The gunman, identified as 17-year-old Nathaniel Dyer, was shot multiple times in the face and head at about 8:44 p.m. Monday near a pay phone in the 1000 block of West Phelps Street in B"
student_sport_lambda0p25_2k_step2000_large,4,29,"Write a short neutral news brief about a change people are discussing.

Brief:"," “I am a very active person and I do have a great sense of humor, I was the most popular guy in a group of 15 boys in eighth grade. I was invited to the school board meeting and I was the only male, I have the most positive attitude of all the guys in that group. You have to have a sense of humor. You have to be in a group that you really enjoy and they have the most positive attitude."
student_sport_lambda0p25_2k_step2000_large,4,30,"Write a short neutral news brief about a change people are discussing.

Brief:"," No longer a political cartoon or a political meme.

Praise for the campaign: “This campaign has been a fantastic success.”

“We have had many positive and positive messages about our campaign and the people who support them. This campaign is also about being a campaign about ourselves.”

“The campaign has been one of the strongest I’ve seen in the history of television. … There is an overall focus on our campaign"
student_sport_lambda0p25_2k_step2000_large,4,31,"Write a short neutral news brief about a change people are discussing.

Brief:"," If you’re looking for information on a change to go ahead, the media should have no interest in giving out any information without a vote, right? That’s exactly what would happen if there was a vote to approve a change. And they’d be very likely to change anything, regardless of how they happened to be reading it. So, if you wanted to know how to vote on an issue, the media should have no interest in"
student_sport_lambda0p25_2k_step2000_large,4,32,"Write a short neutral news brief about a change people are discussing.

Brief:"," The House Committee on Education and the Workforce wants to change a ban on discrimination on the basis of disability. The new ban would ban discrimination on the basis of disabilities.

Brief: In April, The New York Times reported that the ban on race discrimination, known as the “Blacklist,” was “part of a campaign to deny African American children access to the education system on issues that have nothing to do with their race.” The White"
student_sport_lambda0p25_2k_step2000_large,4,33,"Write a short neutral news brief about a change people are discussing.

Brief:","

A federal judge in Boston on Wednesday ordered a federal appeals court to halt a lawsuit seeking to block a $500 billion bill to pay for the state's new gas tax. The state has not decided whether to pay.

DANTE, who wrote the book ""The Secret History of the Great Depression,"" has been a mainstay of the New Progressive Party (NWP) for years.

DANTE, a Democrat and"
student_sport_lambda0p25_2k_step2000_large,4,34,"Write a short neutral news brief about a change people are discussing.

Brief:","

You’re reading the short story ""I’m the Dumpster"" and you’re reading an online article about a recent change in the city’s mayor.

That’s pretty great. In a lot of ways it is a victory for democracy, but it is also a victory for those of us who live in public life. It is an important victory for us citizens, but it is also a victory for the"
student_sport_lambda0p25_2k_step2000_large,4,35,"Write a short neutral news brief about a change people are discussing.

Brief:"," a short news brief about a change people are discussing.

The full document is available at <https://www.census.gov/news/topics/publication/articles/5-0-07>.

### 8.8.4. The Changing Content of the Internet

When it comes to the changing content of the Internet, the most relevant change concerns the number of websites the internet is accessible to. For example"
student_sport_lambda0p25_2k_step2000_large,4,36,"Write a short neutral news brief about a change people are discussing.

Brief:", 001 | 010 | 015 | 017 | 020 | 003 | 003 | 002 | 000 | 024 | 025 | 002 | 015 | 001 | 002 | 000 | 017 | 012 | 001 | 020 | 000 | 043 | 000 | 002 | 007 | 024 | 003 | 010 | 012 | 000 | 004 | 004
student_sport_lambda0p25_2k_step2000_large,4,37,"Write a short neutral news brief about a change people are discussing.

Brief:","

New York Times writer, William Macy, found in his daily report, “The worst excesses of the Trump administration could be laid at the feet of Republican senators and the Trump administration’s refusal to give them time to find solutions to the problems they are facing.”

This is a great piece by one of the greatest journalists I have ever known. It is a great example of a lot of the greatest journalists I have read in"
student_sport_lambda0p25_2k_step2000_large,4,38,"Write a short neutral news brief about a change people are discussing.

Brief:", “The State Department is proposing that US officials develop a national telephone directory to enable citizens to make use of their government services in a manner other than through the internet.”
student_sport_lambda0p25_2k_step2000_large,4,39,"Write a short neutral news brief about a change people are discussing.

Brief:"," “We have a number of young people who are on Facebook who have gone out and spoken about suicide.”

Brief: “I think a lot of the suicide prevention people that I have worked with are really angry about the suicide rate on Facebook.

“People don’t know what to do. They want to know what to do.

“They don’t know what suicide is.”

She said that suicide was"
student_sport_lambda0p25_2k_step2000_large,4,40,"Write a short neutral news brief about a change people are discussing.

Brief:","

Amid the panic surrounding the Supreme Court’s decision that allows abortion providers to be denied abortion clinics in all 50 states, many people are questioning whether the Supreme Court is even about to rule on a court’s decision to deny clinics the right to use the term ‘choice’ in abortion.

Amid the panic surrounding the Supreme Court’s decision that allows abortion providers to be denied abortion clinics in all 50 states, many people"
student_sport_lambda0p25_2k_step2000_large,4,41,"Write a short neutral news brief about a change people are discussing.

Brief:","

When the Senate voted in January to repeal Obama’s health care reform law, it was not just a majority vote of 71 senators, but an overwhelmingly popular vote in the upper chamber. It was also voted down by the entire Senate, and no one was even on the ballot.

But the change is still on the ballot. So here’s the one place where the vote for repeal is so overwhelming that I can’t believe"
student_sport_lambda0p25_2k_step2000_large,4,42,"Write a short neutral news brief about a change people are discussing.

Brief:","

I just thought I would give you a quick and brief summary of the new state-sponsored media. I think I have a real question though.

The New York Times and the Washington Post both recently launched an all-out effort to disassociate themselves from those groups in favor of their own agenda. In a series of emails to their reporters, they have said that their policy on the independent media is to respect the principle of neutrality"
student_sport_lambda0p25_2k_step2000_large,4,43,"Write a short neutral news brief about a change people are discussing.

Brief:", A woman was assaulted and beaten by a man who told her he'd never met him in a fight and was angry about how he handled his girlfriend.
student_sport_lambda0p25_2k_step2000_large,4,44,"Write a short neutral news brief about a change people are discussing.

Brief:","

An article in The Guardian says the police should investigate whether an officer beat down the head of a group of journalists, including a former journalist, who were protesting a decision to allow the BBC to have a radio present.

The Guardian report states: “This would set a very different tone to the protest of the police officers who led protests at the BBC’s annual media awards in 2006.”

The Guardian also says the police should"
student_sport_lambda0p25_2k_step2000_large,4,45,"Write a short neutral news brief about a change people are discussing.

Brief:"," This was a small thing and I really wish that they would use it.

And they did in the end. They could have just said, “We’re discussing this, let’s have a look at it” and then let the press do the thing they wanted. But it just wasn’t in the letter. So here’s a short example of how they could have gone about it in the letter:

“It"
student_sport_lambda0p25_2k_step2000_large,4,46,"Write a short neutral news brief about a change people are discussing.

Brief:"," The number of Americans who have been killed in the Iraq war since the beginning of the war has more than doubled over the past three years. As of last week, the number of Iraqis killed in U.S. bombings has climbed a new record 746.

Brief: The highest number of deaths in any country in recent years has been in Iraq, where 1,844 Iraqi people were killed in the past year. In"
student_sport_lambda0p25_2k_step2000_large,4,47,"Write a short neutral news brief about a change people are discussing.

Brief:","

This content is 044 | 080 | 080 | 023 | 024 | 003 | 000 | 003 | 000 | 002 | 014 | 000 | 000 | 000 | 000 | 003 | 000 | 000 | 000 | 000 | 032 | 024 | 000 | 000 | 001 | 011 | 000 | 002 | 024 | 021 | 000 | 001 | 000 | 0"
student_sport_lambda0p25_2k_step2000_large,4,48,"Write a short neutral news brief about a change people are discussing.

Brief:"," A young man walks down the street after a school event. He has a change of heart, but, like most young people, has been worried about a few things, the most important of which is, of course, whether there’s another child present. There are three children present this year, but, like all school kids, there was no announcement regarding that. He didn’t even want the news to be published, it seems.
"
student_sport_lambda0p25_2k_step2000_large,4,49,"Write a short neutral news brief about a change people are discussing.

Brief:"," The Guardian is the latest prominent newspaper in England to introduce a new “neutral” style for its daily newspaper news stories.

The newspaper’s policy is that the latest headlines will be a neutral tone; a tone that can be both positive and negative, for example, “the most popular newscast on the planet” or “the best news day in politics.”

The Daily Mail’s policy is to provide the latest headlines from"
student_sport_lambda0p25_2k_step2000_large,5,0,"Write a short neutral news brief about a new plan.

Brief:"," The new plan is to get 50,000 more people to work to build schools across the country and to work in other states, but is there a way to pay them to do so?

Pinkerton: You have to understand that. The people who are there to pay them to do it are the ones who have the money. They're the ones who are working for the kids.

Brief: So you're going to"
student_sport_lambda0p25_2k_step2000_large,5,1,"Write a short neutral news brief about a new plan.

Brief:"," We don't have time to do anything on the phone in the middle of the night. Let's go to my computer and see what's out there.

You were all born in the USA on January 1, 1997, and now live in a country with the most people on the planet.

You live in Switzerland, but you don't speak the Swiss language, or the Swiss way of life.

We have to use our"
student_sport_lambda0p25_2k_step2000_large,5,2,"Write a short neutral news brief about a new plan.

Brief:"," The Federal Reserve should buy more and produce more of its own money

In an interview for the Washington Examiner , Ben Stiller, a professor of economics at Princeton University , said that the central bank is taking advantage of a ""very low standard of trust"" in the United States.

""They are trying to buy the public trust,"" Stiller said. ""They are taking advantage of that to buy public trust. But they have tried"
student_sport_lambda0p25_2k_step2000_large,5,3,"Write a short neutral news brief about a new plan.

Brief:"," The Federal Bureau of Investigation (FBI) is investigating whether the United States had a pattern of interfering with the lawful activities of the Central Intelligence Agency (CIA). The FBI is also investigating the government's role in the CIA's torture and killing of detainees and, more recently, the CIA's unlawful use of its torture against prisoners of war.

Brief: A CIA official told a U.S. news conference this month that it is"
student_sport_lambda0p25_2k_step2000_large,5,4,"Write a short neutral news brief about a new plan.

Brief:"," 044/0

The list of topics covered in the brief has been updated to reflect the latest version of the online brief that was published on Friday.

Newswise reported the brief includes a number of key topics related to the government shutdown.

The brief also includes topics that should concern lawmakers, such as the government shutdown, government shutdowns, the use of force, immigration, and the administration's use of force to impose"
student_sport_lambda0p25_2k_step2000_large,5,5,"Write a short neutral news brief about a new plan.

Brief:"," I said we’d be getting a lot more information on the plan than we had before. It was a huge undertaking. And as he would note in his brief, that’s just not the right place to talk about it. But it’s good to have something to say, because the best way to get your point across is to put it in front of a large number of people. It’s not enough to just have a bunch"
student_sport_lambda0p25_2k_step2000_large,5,6,"Write a short neutral news brief about a new plan.

Brief:","

Nation | 050/786 | 040 | 091 | 020 | 085 | 084 | 000 | 048 | 024 | 001 | 000 | 032 | 021 | 012 | 021 | 011 | 001 | 000 | 023 | 001 | 000 | 000 | 001 | 000 | 000 | 002 | 000 | 016 | 000 | 019 | 0"
student_sport_lambda0p25_2k_step2000_large,5,7,"Write a short neutral news brief about a new plan.

Brief:"," The Banner of Truth and IEP are in the middle of a public education drive in Texas. It's being run by the Texas Association of Schools for Excellence in Educational Services, which is funded by $25 million in tax dollars paid by the state.

Here's how we're going to get in. You will have the option to post a letter to the editor from the president of the Texas Association of Schools. The letter has to be"
student_sport_lambda0p25_2k_step2000_large,5,8,"Write a short neutral news brief about a new plan.

Brief:"," In June 2012, the Center for Media Research published an article in which the U.S. Army was reportedly told by military commanders to reduce the size of its armed forces, a measure that was widely opposed by U.S. troops, U.S. government officials and the Department of Defense.

Brief: The Center for Media Research also cited a report by the Institute of International Education, which noted that ""the United States was not"
student_sport_lambda0p25_2k_step2000_large,5,9,"Write a short neutral news brief about a new plan.

Brief:"," “The new plan for the United Nations is to give countries like Malaysia and India the power to ban trade in human and animal products in the name of reducing greenhouse gases,” he said.

I agree that the United States should be making a strong effort to fight against climate change, the President said. “There is a longstanding effort that has been underway in some of the countries in the world to ban human, animal and plant products. There"
student_sport_lambda0p25_2k_step2000_large,5,10,"Write a short neutral news brief about a new plan.

Brief:"," A New York City Police Department spokesperson says, ""We were able to confirm the information that the NYPD provided.""

He was released on bail as he and his lawyer, Anthony Vigil, were charged after a gunman opened fire at a concert in May 2012, killing 58 people, including the singer and her husband, at a Chicago concert.

At a news conference following the shooting, he thanked the police department for their """
student_sport_lambda0p25_2k_step2000_large,5,11,"Write a short neutral news brief about a new plan.

Brief:"," What would happen if some of the big players took a look at the possibility of raising the salary cap for the long-term, long-term plan that was being negotiated by the NHL and other players? Will the NHL and the NHLPA ever see fit to accept the long-term plans of players?

This is a very important question with regard to both the long-term plans of the NHL and the NHLPA, who has responsibility for"
student_sport_lambda0p25_2k_step2000_large,5,12,"Write a short neutral news brief about a new plan.

Brief:"," A brief about the progress made in implementing a National Institutes of Health grant.

A brief about how the Centers for Disease Control and Prevention is developing a statewide, national, and international response system for drug abuse, as well as a brief about what the CDC has been doing for more than a decade."
student_sport_lambda0p25_2k_step2000_large,5,13,"Write a short neutral news brief about a new plan.

Brief:"," Why does this happen?

“Why did it happen?” “Why can’t it happen?” “Why does this happen?”

You can also get a copy of the brief here.

More short, comprehensive news briefs are currently being distributed online.

The full brief is available here.

If you want to help the New York Times, please consider a donation to help cover the costs of the full brief.
"
student_sport_lambda0p25_2k_step2000_large,5,14,"Write a short neutral news brief about a new plan.

Brief:"," The plan, which has been introduced in California and New York, calls for increasing the state's public transit system by adding 300 miles of track from the state's other system to the Central Coast Highway.

Brief: California Gov. Jerry Brown's plan would allow the state's largest transit agency to move trains in to the state's subway system, the Aria, a transit agency.

Brief: This year's $787"
student_sport_lambda0p25_2k_step2000_large,5,15,"Write a short neutral news brief about a new plan.

Brief:"," The plan to increase the amount of data in government from 060 to 020 — the standard for a national database — is to keep track of how many people are in every location, and how many hours are spent in each place. The proposal would also require the government to establish a task force to run the new system.

This plan, a draft of the legislation, was circulated at a meeting of the Australian Privacy Commission in the days leading"
student_sport_lambda0p25_2k_step2000_large,5,16,"Write a short neutral news brief about a new plan.

Brief:"," The UK's national government has said it will scrap the proposed plan to ban the use of petrol in cars while pushing for changes to the UK's petrol regulations.

It has also confirmed that the plan will not affect the fuel duty on cars owned by British expatriates, and that the Government would introduce an in-depth analysis on how to best deal with the issue.

The UK has yet to take any action on the plan, but"
student_sport_lambda0p25_2k_step2000_large,5,17,"Write a short neutral news brief about a new plan.

Brief:"," ""It was a little bit of the old ""Gore, Grit"" kind of a thing. I would say, in most of the cases, it was a bit more subtle. It was a bit of a subtlety of what we would consider the ""new"" stuff. In most cases, it just looked nice, but when it was done with the real stuff, I would like to have a short neutral, neutral, neutral in a"
student_sport_lambda0p25_2k_step2000_large,5,18,"Write a short neutral news brief about a new plan.

Brief:"," A study found that by 2016, 88 percent of households in Canada would be covered by the government's ""cover-by-cover"" policy, which means that about 40 percent would be covered by the government's ""cover-by-cover"" strategy, including in some cases by being paid, on top of its usual per-capita income.

Read: Canadian Prime Minister Justin Trudeau says he's going to bring a bill to the parliament"
student_sport_lambda0p25_2k_step2000_large,5,19,"Write a short neutral news brief about a new plan.

Brief:"," “I have a dream for a better world and more peace in the world.”

I am in the U.S. as an ambassador for the United Nations, a member of the World Health Organization, and the director of research at the Johns Hopkins Bloomberg School of Public Health. I have a long list of friends and associates from the U.S. and abroad, including a number of colleagues and students from the Columbia University faculty. I am"
student_sport_lambda0p25_2k_step2000_large,5,20,"Write a short neutral news brief about a new plan.

Brief:"," When the government first began to plan the expansion, people thought they could go on a rampage and murder anyone trying to stop them. But the plan was only implemented on its first day and, like every plan, it was controversial.

Brief: The government's plan would limit the size of the nuclear weapons stockpiles, limit the number of nuclear missiles that could be assembled and, of course, make it difficult to prevent nuclear proliferation"
student_sport_lambda0p25_2k_step2000_large,5,21,"Write a short neutral news brief about a new plan.

Brief:"," A new plan for the city's low-income housing and public transit system, as it relates to transportation improvements.

Brief: A study of public transportation plans in the mayor's district.

Brief: A detailed study of the mayor's plan to make the borough a more livable place for people of color.

A report from the city's director of communications and public affairs on ways to build infrastructure for low-income"
student_sport_lambda0p25_2k_step2000_large,5,22,"Write a short neutral news brief about a new plan.

Brief:","

It says:

“The Department of Homeland Security (DHS) is recommending that citizens and non-citizens living in the country with their immigration status be issued with a temporary status, a temporary residence permit, or a permanent residence permit for those who have been convicted of crimes in other jurisdictions. The temporary status will allow those who had been convicted of crimes in other jurisdictions, such as drug trafficking, to apply for an immigration status"
student_sport_lambda0p25_2k_step2000_large,5,23,"Write a short neutral news brief about a new plan.

Brief:", A report the National Assembly will vote on Wednesday on new tax measures to fund the country's education budget in response to the World Cup. | REUTERS | 060 | 062 | 080 | 083 | 000 | 067 | 085 | 001 | 004 | 000 | 000 | 001 | 000 | 000 | 001 | 000 | 000 | 011 | 016 | 014 | 000 | 031 | 
student_sport_lambda0p25_2k_step2000_large,5,24,"Write a short neutral news brief about a new plan.

Brief:"," In the last week, the Trump administration has moved to end the long-held gag order on some news releases that make the White House look bad for keeping news in the hands of an international news agency.

The order was originally designed to block the Trump administration’s effort to block news released from the U.S. government, but it was ultimately lifted Tuesday after a full court of appeals upheld the ban.

The brief said that"
student_sport_lambda0p25_2k_step2000_large,5,25,"Write a short neutral news brief about a new plan.

Brief:"," A new form of public broadcasting (broadcasting via cable) has emerged as a solution to the coronavirus crisis. The new form of public broadcasting has emerged as a solution to the coronavirus crisis. The new form of public broadcasting has emerged as a solution to the coronavirus crisis. In a new paper, David R. Littman, Ph.D., professor of information technology and management at the University of Pittsburgh, describes a new form of public broadcasting ("
student_sport_lambda0p25_2k_step2000_large,5,26,"Write a short neutral news brief about a new plan.

Brief:"," The federal government has put a lot of money into the effort to put a ban on the use of the term ""banana."" It's been hard to track down. But the plan has been passed by the Congress, the White House, the National Endowment for the Arts, the Economic Development Administration, the National Endowment for the Arts and the National Endowment for the Humanities. The first ban would have stopped the production and"
student_sport_lambda0p25_2k_step2000_large,5,27,"Write a short neutral news brief about a new plan.

Brief:"," The U.S. government, in its own brief and the official press release, refused to confirm, deny or comment on the plans for the Office for National Statistics, the Bureau of the Census and the Social Security Administration.

""The Department of Justice remains committed to the United States’ public accountability obligations to the public,” said the brief, in part, for the Bureau of the Census, in a statement.

The Department of Justice"
student_sport_lambda0p25_2k_step2000_large,5,28,"Write a short neutral news brief about a new plan.

Brief:"," https://t.co/w3g5G7Xl5s — James Duffy (@JamesDuffy) April 19, 2019

There is the question of how many Trump tweets are contained in the book, which is written in the first person and the last.

The answer is: 100,000.

And it is not that difficult to find those 100,000 tweets, but that is a lot of tweets"
student_sport_lambda0p25_2k_step2000_large,5,29,"Write a short neutral news brief about a new plan.

Brief:"," The government is to be cut down in its final stages as it prepares a plan to replace public sector workers with private sector employees.

The announcement was made by Attorney General John Dickerson in response to a parliamentary motion to extend the term of the Public Service Commissioners' pension scheme.

The Commissioners' pension scheme, which has been under scrutiny since 2012, was a voluntary plan designed to encourage the private sector to invest in projects such"
student_sport_lambda0p25_2k_step2000_large,5,30,"Write a short neutral news brief about a new plan.

Brief:"," The President's Press Conference on the October 14, 2012 meeting with General Petraeus, the director of the CIA, and National Security Adviser John Bolton.

The President's Press Conference on the October 14, 2012 meeting with General Petraeus, the director of the CIA, and National Security Adviser John Bolton.

Brief: The President's Press Conference on the October 14, 2012 meeting with General Petraeus"
student_sport_lambda0p25_2k_step2000_large,5,31,"Write a short neutral news brief about a new plan.

Brief:"," the new president of the United States, John F. Kennedy, has urged the private industry and the military to use his new military strategy as a way of pushing the country to a new economic level and a new prosperity index, reports The New York Times.

By way of comparison, the US House of Representatives passed a bill making the military-industrial complex pay $250 million a year for every US soldier killed in combat.

The military"
student_sport_lambda0p25_2k_step2000_large,5,32,"Write a short neutral news brief about a new plan.

Brief:"," How did the Bush administration’s plan for a budget surplus help the economy? It was supposed to, in a sense, help the deficit.

A study by the Center for Research on Banking and Economic Performance (CRBP) found that a surplus in the budget led to 1.8 percent of GDP from 2007 to 2009, 1.9 percent of GDP from 2011 to 2015, 0.6 percent of GDP from 2017 to 2018,"
student_sport_lambda0p25_2k_step2000_large,5,33,"Write a short neutral news brief about a new plan.

Brief:"," The National Park Service is reviewing an ongoing federal park management plan that includes a 10-week conservation program. The park received a $300 million expansion this year, an increase of 2,000 acres to reach 8,000 sites."
student_sport_lambda0p25_2k_step2000_large,5,34,"Write a short neutral news brief about a new plan.

Brief:"," No, I'm not a member of the Democratic Party, I'm here on a campaign stop. I have a great opportunity to tell the story of the election. My question is, who else would you like to tell it?"
student_sport_lambda0p25_2k_step2000_large,5,35,"Write a short neutral news brief about a new plan.

Brief:"," The new plan calls for putting the U.S. military on a path to peace on an island off the coast of New Zealand. It comes amid a U.S. military withdrawal.

The U.S. is set to withdraw from the island's waters when the plan is enacted in a decision that was reached on Sept. 9, as the New Zealand military said it would not take part in the plan.

The U."
student_sport_lambda0p25_2k_step2000_large,5,36,"Write a short neutral news brief about a new plan.

Brief:"," I'd like to see the administration and Congress have a conversation about the need to prioritize the budget over the budget process.

The President made a very interesting comment on the topic. Here's the short, somewhat tongue-in-cheek, from the brief: ""Let's be clear: We can't have a budget deficit. We need to get a new budget. We need to get a more balanced budget. We can't have"
student_sport_lambda0p25_2k_step2000_large,5,37,"Write a short neutral news brief about a new plan.

Brief:","

A plan to eliminate a long term deficit in the US budget and provide a 100% tax cut for businesses

A new report from the Obama administration shows that there are 2 million fewer workers in the US than four years ago, leaving the economy in an economic dead heat"
student_sport_lambda0p25_2k_step2000_large,5,38,"Write a short neutral news brief about a new plan.

Brief:"," A new report from the United Press International said that the Trump administration’s executive order to ban foreign nationals from entering the United States from entering for at least six months does not impact the administration’s plan to ban travel from six majority-Muslim nations to the U.S.

It is not the first time the United States has been involved in the diplomatic battle between the U.S. and six nations — that is, a record-"
student_sport_lambda0p25_2k_step2000_large,5,39,"Write a short neutral news brief about a new plan.

Brief:","

The US Government is to impose a 5-year, $250 million (US$200 million) limit on payments to US embassies and consulates in member countries, after failing to do so in 2011.

US Embassy in Turkey reported on January 14 that the US has received a $250 million order to do something that was not yet known.

US Assistant Attorney General John Demers called the order “a significant set"
student_sport_lambda0p25_2k_step2000_large,5,40,"Write a short neutral news brief about a new plan.

Brief:","

In the course of the 2016 presidential campaign, candidate Donald Trump promised to take steps to curb immigration. But as the campaign continued to focus on the issue of illegal immigration, his campaign released a new short, ""In the long run,"" for each of the five candidates running for president.

As in 2016, the short's description includes the word ""in"" as well as a sentence with ""unfortunately"" after it. Here's"
student_sport_lambda0p25_2k_step2000_large,5,41,"Write a short neutral news brief about a new plan.

Brief:","

The United Nations and the United States are working together to implement a new peace plan for the Palestinians and the Israeli settlements, where settlers have lived for centuries. The plan seeks to end the occupation of Palestinian land, with the aim of restoring rights to the Palestinian people.

An update on the Gaza operations in the Occupied Palestinian Territory.

An update on the Gaza operations in the Occupied Palestinian Territory.

An update on"
student_sport_lambda0p25_2k_step2000_large,5,42,"Write a short neutral news brief about a new plan.

Brief:"," For the second time in four weeks, the White House announced it would cut a $450 million budget surplus in the form of an investment and tax-payout boost, giving the agency a surplus of $500 million in each of the next three years.

The cuts follow a review of the agency's work-a-day operations by the Federal Accountability Office, which also reviewed the budget deficit and noted a $400 million reduction in the"
student_sport_lambda0p25_2k_step2000_large,5,43,"Write a short neutral news brief about a new plan.

Brief:","

In 2009, The Toronto Star announced that it would pay a $50-million cost to bring the Canadian government in for a cost of $9 million to the Toronto police force.

But it didn’t happen.

A Canadian Forces officer was forced out of his post and put on a job in the Canadian Forces Reserve. The news story came after officers were found to have used excessive force.

One official said they"
student_sport_lambda0p25_2k_step2000_large,5,44,"Write a short neutral news brief about a new plan.

Brief:"," The state of New Jersey Gov. Chris Christie has put forth a plan for the construction of a new school bus, which would have required the state to invest in more than 40,000 new bus seats on public transportation campuses across the state.

Brief: New Jersey lawmakers were concerned about the cost of bus transportation and about the state's low ridership for the day.

Brief: Former Gov. Christie, who was elected in"
student_sport_lambda0p25_2k_step2000_large,5,45,"Write a short neutral news brief about a new plan.

Brief:"," A new plan for the new United States House of Representatives. It will remove the requirement to provide a neutral observer on the floor.

Brief: An article about an event that took place in Washington on Tuesday, September 28, 2017. (Photo: Associated Press)

Short report in the Washington Post.

Brief: A report about the first debate about the U.S. presidency held Tuesday in the Capitol on the south"
student_sport_lambda0p25_2k_step2000_large,5,46,"Write a short neutral news brief about a new plan.

Brief:"," As an expert witness, I'd like to see the government take steps to remove the contentious government from our broadcast news programs.

Cherise: How about telling viewers what's in our broadcast news programs?

Howard: I think that the federal government would be interested in helping us get the right news coverage, especially if it's been going out of its way to avoid controversy.

Brief: A lot of people"
student_sport_lambda0p25_2k_step2000_large,5,47,"Write a short neutral news brief about a new plan.

Brief:"," A week after an explosion at a Russian research center, Russian President Vladimir Putin said his country was considering releasing the remains of a suicide bomber and the head of a Russian defense ministry team that found the remains after the blast.

Pence, the Republican governor of Indiana, is the latest senior Republican official to join his state's presidential campaign as a speaker, though the first president of the United States and the first vice president since President Thomas Paine"
student_sport_lambda0p25_2k_step2000_large,5,48,"Write a short neutral news brief about a new plan.

Brief:"," A study by the American Psychological Association (APA) has found that a new policy that requires men to report all gay and lesbian people to have sex with them in public is not only not socially beneficial, it’s dangerous.

Brief: This is the only of three studies that suggested that a policy that requires men to report sex partners to men who have sex with men to be more restrictive on the spread of homosexuality in the public sphere"
student_sport_lambda0p25_2k_step2000_large,5,49,"Write a short neutral news brief about a new plan.

Brief:"," The plan to build an 800-meters-per-second network dedicated to the study of the role of the United States in the nuclear arms race, which was first outlined in 1994.

Editor’s note: A transcript of this article, posted September 25, 2012, is available on NAB’s website.

Read next: Top 100 universities ranked by survey of U.S. universities and ranked among the top 100 universities"
