generated_by,prompt_idx,sample_idx,prompt,continuation
student_sport_lambda0p25_2k_step250_large,0,0,"Write a short neutral news brief about a recent local development.

Brief:"," “We believe that the Department of Housing and Urban Development’s proposal to build the new 1,400 apartments is a necessary step towards addressing the growing number of people who are homeless.

“We hope that the community will take the lead in taking steps to improve the quality of life in its neighbourhoods as a whole, including tackling the issue of homelessness.”

But residents who remain concerned about the state of conditions in the neighbourhood and"
student_sport_lambda0p25_2k_step250_large,0,1,"Write a short neutral news brief about a recent local development.

Brief:"," It was a simple thing for me to go in there and I’m a little confused as to why it went in there at all, I did not see the letter “N” or the letter “E” on it before, I read the letter in the mail it was, and you can see where it says this:

“Dear Mr. Stout,

This letter is to send you to our office because of the recent"
student_sport_lambda0p25_2k_step250_large,0,2,"Write a short neutral news brief about a recent local development.

Brief:", I’m pretty sure the most important news item that could go over the wire is a person who has been living in an empty warehouse for years. I just hope they’re not too far behind their story.
student_sport_lambda0p25_2k_step250_large,0,3,"Write a short neutral news brief about a recent local development.

Brief:"," We were watching a news report in my district the other day about a proposed law that would limit the power of the state's attorney general. The bill is to put a moratorium on new state or local law enforcement and to allow more time for preliminary reviews to be conducted. The measure is also to give the attorney general discretion over how a law is enforced.

The latest news is that the attorney general has resigned, which is fine, although"
student_sport_lambda0p25_2k_step250_large,0,4,"Write a short neutral news brief about a recent local development.

Brief:"," The Department of Family and Community Services says it has found a woman who suffered from depression after a school shooting at a Pennsylvania elementary school that killed four students and a teacher.

The victim, 23-year-old Tiffany Smith, was shot in the chest and died at a hospital in Washington state.

The school shooting happened early Wednesday at the elementary school in Pennsylvania, which is being referred to the sheriff’s office for review of"
student_sport_lambda0p25_2k_step250_large,0,5,"Write a short neutral news brief about a recent local development.

Brief:"," A man died and two men were arrested in an apparent revenge killing in the Poznań suburb of Udniestłowo.

Brief: Two men were found dead in their vehicle in Poznań, Poland on Tuesday, August 24."
student_sport_lambda0p25_2k_step250_large,0,6,"Write a short neutral news brief about a recent local development.

Brief:"," A New York Times Magazine headline: 'Criminal Investigators Investigate'

Brief: The New York Times Magazine report, a detailed follow-up to a February 24, 2017, story that covered a case in which a retired NYPD officer was charged with killing his wife.

Brief: A former New York City Police Academy vice president described as a ""senior police officer""

Brief: A New York Times"
student_sport_lambda0p25_2k_step250_large,0,7,"Write a short neutral news brief about a recent local development.

Brief:"," A journalist who reported on the death of her husband, David Jones, was told that he was in the throes of cardiac arrest at the end of a visit to the local hospital. She said he was “suffering from a cardiac arrest.” The story sparked a national debate about the “death penalty,” and Jones’ family, including his wife and children, demanded his release.

She says she was told by an assistant, who told"
student_sport_lambda0p25_2k_step250_large,0,8,"Write a short neutral news brief about a recent local development.

Brief:"," How I've Got My Start Bad: The American's Bubblegum Story, from The Associated Press.

Discuss:

I'm a huge fan of The American's Bubblegum Story, from the New York Times. The paper is called ""The American's Bubblegum Story"". I don't have any knowledge of the story, but it's a story with a lot of factual inaccuracies (see here,"
student_sport_lambda0p25_2k_step250_large,0,9,"Write a short neutral news brief about a recent local development.

Brief:"," The town was put on ""high alert"" for any signs of a new development.

The local news outlet reported that an unidentified person is believed to have gone into the area and is now believed to be dead.

No one was inside the residence at that time, but a family member was also in the house.

It's unclear if they are connected to the local government or the municipality.

No further details were provided"
student_sport_lambda0p25_2k_step250_large,0,10,"Write a short neutral news brief about a recent local development.

Brief:"," A few days ago, we published a short (0.1% ) opinion about a local, un-named developer who allegedly was paid by his company to build a building for his family. In this short, you could read that the developer was a “son-in-law of a local business owner and a former teacher” and that he had “worked for his father for a long time” but that he was later dismissed from his job"
student_sport_lambda0p25_2k_step250_large,0,11,"Write a short neutral news brief about a recent local development.

Brief:"," The article was retweeted by the Washington Free Beacon.

The article was published on Sept. 2 and the headline read, “Federal agency: ‘Violate’ local building code’.”

However, a reporter for The Washington Post did not retweet the article.

The Post has since deleted the article and told The Washington Post, “I’m sorry to put you in your position, but this is the"
student_sport_lambda0p25_2k_step250_large,0,12,"Write a short neutral news brief about a recent local development.

Brief:"," New York City resident James DeLuna, a resident of the city, is upset about the lack of affordable housing in his city.

DeLuna told The Post that his own neighborhood is in a “poor shape” because it has few affordable housing options, and he has seen such a shortage of affordable housing in his neighborhood in recent years.

“What is the lack of affordable housing?” DeLuna said. “People are"
student_sport_lambda0p25_2k_step250_large,0,13,"Write a short neutral news brief about a recent local development.

Brief:","

If you have any suggestions for articles or comments or if you think that we have missed something, let us know at 002@victoria.uva.nl."
student_sport_lambda0p25_2k_step250_large,0,14,"Write a short neutral news brief about a recent local development.

Brief:"," An interview with the director and journalist of the Chicago Sun-Times.

Dennis, who was a reporter and editor of the Chicago Tribune from 1983 to 1989, was the editorial director of the Chicago Tribune from 1991 to 2004. In 2000, he was an associate at the Guardian Bureau, where he was a member of the editorial board. From 1991 to 2001, he was the editor of the Tribune's newspaper. Dennis is also a graduate of"
student_sport_lambda0p25_2k_step250_large,0,15,"Write a short neutral news brief about a recent local development.

Brief:"," It was a very well documented story about a very well documented local development in San Juan.

You can find a video about it here.

You can find a video about the development here.

Here are a few quotes from the news report:

“This development is not for anyone but for our customers. It is a development and development is something you can’t do,” said David A. Pendyffer,"
student_sport_lambda0p25_2k_step250_large,0,16,"Write a short neutral news brief about a recent local development.

Brief:"," The US Supreme Court will hear a case on whether the government can revoke the residency of a woman who is the mother of two children, after a judge said she is a ""nubile"" and ""a virgin"" child. The judge said she is ""a little boy"" and ""not a high profile"" child."
student_sport_lambda0p25_2k_step250_large,0,17,"Write a short neutral news brief about a recent local development.

Brief:"," A group of students at Pikes Peak High School are trying to figure out which of two different buildings in Pikes Peak are connected, and they find out that the building on the right is being built on a landfill owned by a nonprofit organization. The building is a 12,600-square-foot building, and that’s exactly what the local nonprofit organization wants to sell it.

“We believe that the building is being used as"
student_sport_lambda0p25_2k_step250_large,0,18,"Write a short neutral news brief about a recent local development.

Brief:"," The University of Manitoba’s Board of Directors has approved the use of the University of Winnipeg’s Centre for University Development Excellence as a project development and evaluation provider for the University’s Centre for the Study of Indigenous Peoples.

“It’s just incredibly important that this is a resource for us as a University and it is a resource for students and faculty, and we’re proud to use the Centre for University Development Excellence as"
student_sport_lambda0p25_2k_step250_large,0,19,"Write a short neutral news brief about a recent local development.

Brief:","

SUNDA – An Australian publicist who was appointed as a commissioner to help investigate the murder of a child’s relative has been arrested in connection with the investigation of the murder of a 24-year-old man.

John Tanner, 50, of South Adelaide was the brother of victim William Martin, who died in 2003.

His body was found in a car that had been found in a park, but has"
student_sport_lambda0p25_2k_step250_large,0,20,"Write a short neutral news brief about a recent local development.

Brief:"," ""Amid allegations of fraud, mismanagement and abuse, the department has yet to issue a statement of investigation into the case. The police chief said last week that the police chief’s office has never received information about a case in which two adults were charged with beating up a teenage boy and stealing his iPod.""

We can’t take any chances, Mr. Commissioner. If they find out that there was a case with a police"
student_sport_lambda0p25_2k_step250_large,0,21,"Write a short neutral news brief about a recent local development.

Brief:"," No, that was not the case here.

At a public forum in May, in a phone conversation with the City Council, Coun. Jim Murphy asked whether a new law had been put into place to protect the press from having access to the public information that is being collected.

He said that while he knew the city would be investigating it, he couldn’t make any specific allegations about what it might be.

And,"
student_sport_lambda0p25_2k_step250_large,0,22,"Write a short neutral news brief about a recent local development.

Brief:","

The ACA has a program called “Housing for All”, which is essentially a national initiative for building families and helping to build housing for the majority of the population. This initiative is still ongoing, but so far has been very successful.

The ACA is also working with other states to develop a program to build and purchase affordable housing.

While it is illegal to discriminate against the LGBTQ population, there is no such"
student_sport_lambda0p25_2k_step250_large,0,23,"Write a short neutral news brief about a recent local development.

Brief:","

Nunavik police charged a man with murder after his cousin was stabbed to death.

According to police, the 22-year-old was found dead in his apartment. He had been stabbed to death in the left side of his body in the basement of his apartment.

It was unclear when the murder happened.

Police are seeking the help of the United States Secret Service to capture the suspect.

You"
student_sport_lambda0p25_2k_step250_large,0,24,"Write a short neutral news brief about a recent local development.

Brief:"," The official Twitter account for the New Mexico State Police responded to a 911 call reporting a pedestrian was assaulted and injured earlier this month.

As it happens, the police, acting on a tip that there was a fatal traffic accident, was looking for a driver to replace an injured driver, who had been released from state hospital. The driver had sustained serious injuries and was in stable condition.

“We’re looking into it,” said NY"
student_sport_lambda0p25_2k_step250_large,0,25,"Write a short neutral news brief about a recent local development.

Brief:"," News reports a young man, a child with autism, named William, was injured in a freak accident earlier this week when he was tripped by a car in the parking lot of a convenience store.

It appears to be a boy named William, but in a local newspaper report on Monday, it was identified as a 4-year-old boy who had been treated and released from the hospital."
student_sport_lambda0p25_2k_step250_large,0,26,"Write a short neutral news brief about a recent local development.

Brief:","

http://www.nytimes.com/2012/07/18/us/12.9/uk.

Newsweek, 7 (11 January 2012) | 090 | 081 | 020 | 050 | 029 | 000 | 080 | 004 | 001 | 000 | 015 | 000 | 003 | 000 | 008 | 000 | 004 | 003 | 000 | 000"
student_sport_lambda0p25_2k_step250_large,0,27,"Write a short neutral news brief about a recent local development.

Brief:"," News, including the latest developments, updates, and trends in the development and development of our community.

""We believe that all of the media outlets involved in the news cycle can only work effectively when they are informed. For this reason, we have provided free access to the media through a variety of methods, including online publications and websites."""
student_sport_lambda0p25_2k_step250_large,0,28,"Write a short neutral news brief about a recent local development.

Brief:"," An investigation is underway to determine how the alleged homeowner who was accused of stalking a woman used the company, A.C. No D.H.G. and G.I.D, to promote the business to the public.

Sister Report: The mother of a missing teen, taken into custody in October, has been identified as the suspect in a series of reported kidnappings in a Texas city over the past two years"
student_sport_lambda0p25_2k_step250_large,0,29,"Write a short neutral news brief about a recent local development.

Brief:"," For an interesting look at the history of the city, check out the original piece, entitled, ""This City Must Go,"" which features a description of the new construction project on the corner of Main and Park streets, near the intersection of South Park Street and Park street."
student_sport_lambda0p25_2k_step250_large,0,30,"Write a short neutral news brief about a recent local development.

Brief:"," A local news station in Chittagong reported last week that two young women were allegedly injured in a stabbing by their children.

They are from Kishtigan, south Bengal. The news agency said that the women were rushed to the city's hospital.

The police found the women dead in the kitchen of a house in the town of Chittagong.

The death, police said, occurred in a house"
student_sport_lambda0p25_2k_step250_large,0,31,"Write a short neutral news brief about a recent local development.

Brief:"," The City of Buffalo is the capital of the Buffalo Bay Bridge Transit Authority, whose buses are the most popular transportation option to and from Buffalo. When it comes to bus routes, they have taken a bold step to be the busiest in the city. They are the only bus system in the state of New York, offering 24-hour service, including 24-hour pickup and drop, from the State of New York to Buffalo.

The new"
student_sport_lambda0p25_2k_step250_large,0,32,"Write a short neutral news brief about a recent local development.

Brief:"," When I was a senior in high school, I played in the band. When I was a junior in college, I played the oboe. After college I started in real estate. After college I got a job at a furniture supplier. After college I got a job at an accounting firm. After college I quit my job and joined the band. I started to play the oboe. I played in the band for about 6 years. Before I"
student_sport_lambda0p25_2k_step250_large,0,33,"Write a short neutral news brief about a recent local development.

Brief:"," A local woman was arrested for shoplifting. She is accused of taking money from an individual, and the woman was arrested, the charges say. The case is still being heard.

""The case is being handled, so I am not sure if it has been brought to our attention,"" said Lori Siddleton, spokeswoman for the District Attorney's Office. ""We've been notified about the case.""

The case of the"
student_sport_lambda0p25_2k_step250_large,0,34,"Write a short neutral news brief about a recent local development.

Brief:"," In addition to being the biggest news segment, the News Report covers the top stories.

Here's what you've got to know about the news segment:

It started as a small news segment that appeared on the back page of the local news in the state of Washington, which was the first news segment published by the National Press Club.

It was called ""News Report: Washington's news, business and culture.""

News"
student_sport_lambda0p25_2k_step250_large,0,35,"Write a short neutral news brief about a recent local development.

Brief:", 020.000 | 840 | 756 | 080 | 097 | 000 | 051 | 000 | 009 | 003 | 021 | 000 | 000 | 003 | 024 | 000 | 043 | 032 | 051 | 000 | 025 | 003 | 000 | 019 | 000 | 001 | 003 | 002 | 017 | 000 | 000 | 014 | 011
student_sport_lambda0p25_2k_step250_large,0,36,"Write a short neutral news brief about a recent local development.

Brief:","

Wesley Kidd was in a good position as an independent contractor as part of the Waco Independent School District's administration. During his time as an independent contractor he worked for two different departments and worked as a deputy superintendent with the District.

In 2012, as a member of the board of trustees of the Westwood Independent School District, he was appointed as a full-time employee of the district. As a member of the"
student_sport_lambda0p25_2k_step250_large,0,37,"Write a short neutral news brief about a recent local development.

Brief:","

“This is a remarkable and stunning moment of pure and absolute power,” the statement reads. “We are proud to be an out of this world community, with all of you as our guests and supporters.”

The new report, from the Institute for Disability and Rehabilitation Research (IDR), provides evidence of the extent to which the state’s efforts to address the shortage of people with mental illness have benefitted individuals and families."
student_sport_lambda0p25_2k_step250_large,0,38,"Write a short neutral news brief about a recent local development.

Brief:"," The News Report says the police were called to the neighborhood.

Story provided by the New York Daily News, published on Thursday in the New York City Gazette, said that the NYPD officers responded to the house where there are four homes listed for sale.

The local authorities would not comment on whether the police were involved in any crime or not.

Read more: NYPD: NYPD's 'dirty cops' are v"
student_sport_lambda0p25_2k_step250_large,0,39,"Write a short neutral news brief about a recent local development.

Brief:"," A local news crew was dispatched in to visit the North Bank Community Center, where they discovered an ""upgraded"" news unit and several ""non-specific"" reports. The local news crew reported ""we were very lucky, thanks to them"" and that the news bureau ""made a huge impression"". In response to this report, the local press office, which was ""pretty much the best that the press has ever done in a newspaper"", sent out"
student_sport_lambda0p25_2k_step250_large,0,40,"Write a short neutral news brief about a recent local development.

Brief:"," A local newspaper has just reported a new development in the Town of Hopewell near Toowong, South Watsao in Wai, North Kowlãu County, in the province of Patt.

The local newspaper said that the development will have around 200 housing units and that a number of people will be living in the village.

At the time, a council member said the local press had not been able to confirm or"
student_sport_lambda0p25_2k_step250_large,0,41,"Write a short neutral news brief about a recent local development.

Brief:","

The Federal Police Bureau at the National Institute of Justice, United States of America, operates an information police unit known as the “Bureau of Investigation.” This unit is known as the “Justice Department Bureau” and is responsible for the surveillance of all public officials and all others deemed responsible for any of the following: illegal acts, corruption, fraud, criminal activity, illegal activities, public mischief and other public nuisance.

Information Police Bureau"
student_sport_lambda0p25_2k_step250_large,0,42,"Write a short neutral news brief about a recent local development.

Brief:"," A town of four thousand people in Pennsylvania, the city’s municipal government manages a village of just under 1,200 people, which, while largely rural, has a population of 1,200 in 2000. There is some 1,200 residents in the town, with an official turnout of 90%.

In the last year, about 200,000 people from a number of local faith traditions and ethnicities took part in the “Bible Day"
student_sport_lambda0p25_2k_step250_large,0,43,"Write a short neutral news brief about a recent local development.

Brief:"," This brief focuses on issues relating to the B-59, H-44 and M-60.

P-11: (0) 064

D-14: 061

A-16: 081

A-16A: 090

T-5: 010

R-13: 012

R-18: 014

V-21: 001

"
student_sport_lambda0p25_2k_step250_large,0,44,"Write a short neutral news brief about a recent local development.

Brief:"," About a young woman who was an intern at a nursing home in New York City in 2006.

It started with an article in the New York Times Magazine in 2006 about a family who was told to close her office because the government was trying to shut down the facility.

She was charged with manslaughter and sentenced to 3 years of probation.

The same year, she was convicted of murder and was sentenced to 20 years.

"
student_sport_lambda0p25_2k_step250_large,0,45,"Write a short neutral news brief about a recent local development.

Brief:"," The City Council passed an ordinance to ban certain types of firearms for the 2020 Summer Olympics.

A brief that discusses firearms law in Australia is available by calling 0800 888 005.

The brief was published on July 1, 2017.

The text of the brief was made available online."
student_sport_lambda0p25_2k_step250_large,0,46,"Write a short neutral news brief about a recent local development.

Brief:","

In a statement issued through his spokesperson, Sengna Ngo, he said that an investigation into the case will be launched ""soon"".

The report, which has since been passed on to the police, is not believed to be based on a specific investigation.

Sengna's spokesman said that it is not the first time that the police have been involved in controversies involving media outlets. In 2012, the police received"
student_sport_lambda0p25_2k_step250_large,0,47,"Write a short neutral news brief about a recent local development.

Brief:"," It was the first public meeting of the House Natural Resources Committee, an annual gathering of Members of the House of Representatives, from February 8 through March 15, 1999. The purpose of the meeting was to discuss the public and private funding needs of the Natural Resources Committee and to discuss other legislative and policy proposals and proposals on the program. This meeting was held at the South Central Conference Center in downtown Houston, Texas, in order to provide a forum for members"
student_sport_lambda0p25_2k_step250_large,0,48,"Write a short neutral news brief about a recent local development.

Brief:"," The media has a tendency to run on a list of things to do. The media often offers little else besides the news of the day, or a short video or story about something. For example, when it comes to the subject of the recent protests in the state of Illinois, the media has no idea what to do with that."
student_sport_lambda0p25_2k_step250_large,0,49,"Write a short neutral news brief about a recent local development.

Brief:"," The article describes a building that was completed in 1998.

The article notes that, at first glance, it appears as if the buildings are one-story, but an owner of the building was notified of the plans and he went ahead and completed the project.

In its description the article states that the building was completed under contract to the City of Los Angeles.

A letter from the manager of the project is attached.

"
student_sport_lambda0p25_2k_step250_large,1,0,"Write a short neutral news brief about a public announcement.

Brief:","

In the first case reported by the UKIP, the Department of Justice, in 2013, was that there was an allegation that Iain Duncan Smith's family were to blame for the death of his young son, after he had been denied the right to an abortion by the police.

The news conference on that subject was recorded by the BBC, but the BBC does not air it.

A BBC spokesperson said the BBC had no"
student_sport_lambda0p25_2k_step250_large,1,1,"Write a short neutral news brief about a public announcement.

Brief:"," A New Jersey man is in custody after allegedly getting drunk at a liquor store in Trenton on April 22 and buying alcohol at a liquor store that he opened for business.

Prosecutors say Christopher Rebelez, 25, drove to the store to purchase alcohol. When the clerk at the liquor store, Alvaro Fernandez, called to inquire if Rebelez was drinking and asking for the manager to go on duty, Rebe"
student_sport_lambda0p25_2k_step250_large,1,2,"Write a short neutral news brief about a public announcement.

Brief:"," We all know that the government is not interested in the issues and problems related to immigration and drugs. We don't want to hear about any of this, but one thing that might be mentioned in the announcement is that the government is also looking at the issue of social safety in Malaysia.

Brief: The Prime Minister of Malaysia, Tunku Abdul Rahman, said that his government is looking to the issue to see what is the solution"
student_sport_lambda0p25_2k_step250_large,1,3,"Write a short neutral news brief about a public announcement.

Brief:"," No, I'm afraid I'm not in it for the truth. If I were, I wouldn't be on the public side of this.

That was an unfortunate mistake in the heat of the moment. It's not for lack of trying to make a fuss about it. The facts don't matter, even if they are wrong. They don't matter if they're so wrong, and they won't matter if they're so right."
student_sport_lambda0p25_2k_step250_large,1,4,"Write a short neutral news brief about a public announcement.

Brief:","

We have reached out to the Department of Education for comment."
student_sport_lambda0p25_2k_step250_large,1,5,"Write a short neutral news brief about a public announcement.

Brief:","

The New York Times, September 13, 1999

New York, 90210 | 077 | 083 | 077 | 000 | 084 | 000 | 081 | 075 | 088 | 083 | 072 | 000 | 073 | 000 | 007 | 000 | 000 | 000 | 000 | 033 | 021 | 000 | 000 | 021 | 080 | 000 | 000 | 000"
student_sport_lambda0p25_2k_step250_large,1,6,"Write a short neutral news brief about a public announcement.

Brief:"," The public announcement of the public hearing for a resolution to the conflict between Iran and the P5+1, the United States, with respect to the investigation into possible war crimes against the Iranian people, has been delayed.

F.A.Q. 894, 676 A. 045 (2003). The BNP has also issued a Statement of Implications, a response to a public notice issued by the International Atomic Energy Agency,"
student_sport_lambda0p25_2k_step250_large,1,7,"Write a short neutral news brief about a public announcement.

Brief:"," If there is one question that is going to be asked about a public announcement, it is: Why the heck would you go see that? As you probably know, we have a tradition of public announcements throughout the nation. We always have, that was for the president, that was for the president, that was for the presidents of the first four nations, that was the way we were meant to respond to a crisis of the last days of the previous"
student_sport_lambda0p25_2k_step250_large,1,8,"Write a short neutral news brief about a public announcement.

Brief:"," the new police chief is not a hero.

Brief: the new police chief is not a hero.

Brief: the new police chief is not a hero.

Brief: the new police chief is not a hero.

Brief: the new police chief is not a hero.

Brief: the new police chief is not a hero.

Brief: the new police chief is not"
student_sport_lambda0p25_2k_step250_large,1,9,"Write a short neutral news brief about a public announcement.

Brief:","

It is an important issue in the public media. There are many people who like the news, but they often express their opinions about events. The event has a place in the public media and can be discussed.

We believe that the media should be able to have a platform, which would be the best way to provide information about the event.

But, we have to do our part to bring the people into the public media"
student_sport_lambda0p25_2k_step250_large,1,10,"Write a short neutral news brief about a public announcement.

Brief:"," A letter to the governor of the state of Louisiana concerning a proposal to extend voting rights to those accused of participating in voter fraud in Florida.

Wade, of the 910s, was on the phone from his hometown of Tremont, Ohio, where he had just gotten his license plate number. He described the plan as a ""huge public relations nightmare"" and said he was ""getting a lot of questions"" about it."
student_sport_lambda0p25_2k_step250_large,1,11,"Write a short neutral news brief about a public announcement.

Brief:"," New Jersey

It's not so easy as the words ""new Jersey"" make you feel a lot of questions as to why it is not a New Jersey state.

Hillary Clinton is running for president on a platform of uniting the state.

""New Jersey is a state we are proud of.""

Hillary Clinton is a New Jersey official who was not named as a candidate for President in 2016, but was elected"
student_sport_lambda0p25_2k_step250_large,1,12,"Write a short neutral news brief about a public announcement.

Brief:"," We are asking for information on the death of a local journalist who was driving home from the hospital where he died on Friday night.

Hours after police killed George Weiden, a 48-year-old homeless man, after he crashed his car into a crowd of people outside of a local hospital in Kolkata on September 14, Kolkata police issued a notice to the public to bring in medical personnel.

Brief:"
student_sport_lambda0p25_2k_step250_large,1,13,"Write a short neutral news brief about a public announcement.

Brief:"," What is the story of U.S.S. Rios, a submarine taken from the crew of a Philippine submarine from a ship that sank the American ship that was targeted.

The story: U.S.S. Rios was lost when she went down while attempting to attack an aircraft carrier off the coast of Japan during World War II.

The story: The story was that the USNS USS Rios was the sole"
student_sport_lambda0p25_2k_step250_large,1,14,"Write a short neutral news brief about a public announcement.

Brief:"," ""The New York Times, USA Today, Huffington Post, and the Associated Press have all made a number of announcements about the US president's policies. The most prominent, an announcement on the president's visit to Australia, where the US had a press briefing, was made last night. But some of the announcements have been very different, including an announcement about Trump visiting Saudi Arabia for a week. ""The most important is a statement from the U"
student_sport_lambda0p25_2k_step250_large,1,15,"Write a short neutral news brief about a public announcement.

Brief:"," You are a lawyer, lawyer and solicitor.

I don’t have the proper credentials, and I can’t do any legal research about it.

I’d just like to tell you that my name is Chris, and I’m a solicitor.

You’re the lawyer, the solicitor, the lawyer for the United Nations, the United States, and the United Nations General Assembly.

I"
student_sport_lambda0p25_2k_step250_large,1,16,"Write a short neutral news brief about a public announcement.

Brief:"," You have a public announcement about a public announcement, where the press has a say on a news item.

You need a press release before you decide to make a press announcement on a public announcement, not a news item on a public announcement.

You need a press release when you make a press announcement on a public announcement, not a news item on a public announcement.

This means that there are no reporters or editors in the"
student_sport_lambda0p25_2k_step250_large,1,17,"Write a short neutral news brief about a public announcement.

Brief:"," A new round of discussion at the Public Broadcasting Service of Canada's national public affairs show, ""Canadian Public Broadcasting News"" shows that the public is watching the news, and has the opportunity to make their voices heard.

Public Broadcasting News, the company created in 1988, was created by the government of British Columbia to develop and broadcast public affairs news and information on the province."
student_sport_lambda0p25_2k_step250_large,1,18,"Write a short neutral news brief about a public announcement.

Brief:"," The death of a mother of three, who fell in the sea during an argument with her son, was ""absolutely devastating and heartrending"".

""I'm devastated, I just want to do what I can to help this lady.

""I'm very proud of her and I'm really proud of the family that is supporting her.

""We are talking with the police and the mayor and the police chief in this"
student_sport_lambda0p25_2k_step250_large,1,19,"Write a short neutral news brief about a public announcement.

Brief:"," 1-0, 0-0 001, 0-0 002

Manchester United striker Zinedine Zidane is being pictured in a shirt with the name of his former club but has revealed that the striker's first ever official league goal is not at his home ground and that he would rather do it at Manchester United's Anfield instead

Hertford-Baggymen manager Stuart Pearce told Sky Sports TV"
student_sport_lambda0p25_2k_step250_large,1,20,"Write a short neutral news brief about a public announcement.

Brief:"," A public announcement has been delayed, or a government will investigate, for another week as the situation has been raised.

This content is created and maintained by a third party, and is sourced only 002-734-2807. 001-306-566-1013 is a 001-968-0755 001-968-0755 001-968-0755 003-004-"
student_sport_lambda0p25_2k_step250_large,1,21,"Write a short neutral news brief about a public announcement.

Brief:"," A person in California's Central Valley has received a call from an umpire after an umpire on the court has called him a foul.

A public information officer in the Central Valley of California issued a warning to a umpire who had called him a foul.

Dubnaus Vakil, a retired California umpire, said the umpire called the umpire a foul on the court with"
student_sport_lambda0p25_2k_step250_large,1,22,"Write a short neutral news brief about a public announcement.

Brief:"," In the case of the news agency, the court must determine whether a decision in the case requires, and how the facts of the case must be analyzed, and how the law should be applied in applying the decision.

Brief: As a general matter, the court must review the issue of a court’s power to compel an agency to follow a particular legal standard, as that is the law that the court must apply.

B"
student_sport_lambda0p25_2k_step250_large,1,23,"Write a short neutral news brief about a public announcement.

Brief:","

In June, the U.S. Department of Justice and the U.S. Government Accountability Office (GAO) released a report in which they said a number of violations of immigration laws by people with United States citizens and permanent residents.

The report said that a person whose immigration status has been “examined” may have been charged with a number of deportations, including one which came into the U.S. on"
student_sport_lambda0p25_2k_step250_large,1,24,"Write a short neutral news brief about a public announcement.

Brief:"," A short brief (the same as a brief on the front page) about a private investigation into the death of Richard Spencer.

A brief describing a public announcement and a statement on the results of a public referendum on banning gun ownership.

A brief about a public announcement about an interview with the late actor George Clooney.

A brief about a public announcement about the release of a classified video on the release of a video showing"
student_sport_lambda0p25_2k_step250_large,1,25,"Write a short neutral news brief about a public announcement.

Brief:"," I've read and discussed that one for the last several years, a few times a day. You can find a link to the report in the online version of the news article (p. 28) on the University of New Hampshire website.

Discussed:

As discussed here on the news website, the public announcement that was published on the University of New Hampshire website on Monday afternoon is a short notice that indicates the university is now"
student_sport_lambda0p25_2k_step250_large,1,26,"Write a short neutral news brief about a public announcement.

Brief:","

This is a story about the way public opinion was shaped for the past 30 years in the United States.

In a 2010 article, “Americans Have A Lot of Questions: What Did They Know?” the newspaper reported the US Department of Education was concerned that if they were to publish a statement that stated, “If the school system is any good at teaching grades, there are no bad apples.”

“We’ve got a"
student_sport_lambda0p25_2k_step250_large,1,27,"Write a short neutral news brief about a public announcement.

Brief:"," The story was picked up by the New York Times, which reported that the Times had “bitten the bullet” for its decision not to print an article by the New York Post. The story was picked up by Fox News, which was also run by the Daily Beast.

The Times’ chief policy officer, James N. Carney, described the story as “extremely concerning.” But the Times also declined to comment on the story,"
student_sport_lambda0p25_2k_step250_large,1,28,"Write a short neutral news brief about a public announcement.

Brief:","

An anonymous reader of this article has discovered that you have an ad in the New Zealand Herald.

A member of the public is not allowed to publish the news about an advertisement on the new website without a full licence from the Public Licence.

The news is published 24 hours a day and contains links to the new website's homepage and other pages.

The ad is not linked to any advertisement that is being posted on"
student_sport_lambda0p25_2k_step250_large,1,29,"Write a short neutral news brief about a public announcement.

Brief:"," The State has made it mandatory for police to identify and apprehend any suspected illegal aliens who are present on or entering the United States, or who are present or attempting to enter the country, because a large percentage of them are undocumented immigrants.

For more than 200 years, the U.S. Immigration and Customs Enforcement has been the only federal law enforcement agency to identify and arrest undocumented immigrants for criminal offenses. A recent FBI study showed that the"
student_sport_lambda0p25_2k_step250_large,1,30,"Write a short neutral news brief about a public announcement.

Brief:"," I received a letter from the governor of a county in Wisconsin, which is the only county in the state in which it has an ordinance requiring reporters to report the news to the media. What was reported was the most popular news item in that county (as determined by the county commission), and the people who received the news were the first to take it to the county's media center, where it has been reported online.

This is a list"
student_sport_lambda0p25_2k_step250_large,1,31,"Write a short neutral news brief about a public announcement.

Brief:"," A short news brief on a public announcement (the statement above) is the first in a series of briefings that cover public announcements made within the EU and the wider community.

In August 2011, the EU established a taskforce to investigate the alleged misuse of public announcements made by the EU Commission, the EU Executive, the EU High Representative and the EU Financial Stability Commissioner.

In 2013, the EU Parliament passed a law to provide"
student_sport_lambda0p25_2k_step250_large,1,32,"Write a short neutral news brief about a public announcement.

Brief:"," A short summary about the announcement of the United Nations General Assembly on the 30th of April, 1999.

About three hours later, the news of the International Olympic Committee's decision to suspend operations of the UNEA was reported to have been confirmed. The UN's general secretary, Richard Aldana, made a statement to the news: ""The UN was aware of the UNSCOM decision to suspend operations of the Olympic Games, and that"
student_sport_lambda0p25_2k_step250_large,1,33,"Write a short neutral news brief about a public announcement.

Brief:"," The Canadian Press says it’s all over the place in the latest on the Canadian government’s response to a request by the National Energy Board to conduct a public inquiry into the agency’s approval of the Keystone XL pipeline.

On Sunday, the national press association, CTV, said the National Energy Board was “unaware of” the full scope of the approval request.

But the agency’s Director of Public Affairs"
student_sport_lambda0p25_2k_step250_large,1,34,"Write a short neutral news brief about a public announcement.

Brief:"," The Government will put a cap on the number of people who can get on the NHS.

Brief: The NHS is already having some of the highest rates of patients being discharged to work in the UK since the First World War, a number of former Tory MPs and health commissioners say.

Brief: Doctors from around the world are having to leave the NHS because of a rise in workloads.

Brief: There have"
student_sport_lambda0p25_2k_step250_large,1,35,"Write a short neutral news brief about a public announcement.

Brief:", The police have received information about a case in which a woman who went missing was reported missing and brought to the police department’s attention.
student_sport_lambda0p25_2k_step250_large,1,36,"Write a short neutral news brief about a public announcement.

Brief:"," No comments

SIGN UP TO VISIT 002"
student_sport_lambda0p25_2k_step250_large,1,37,"Write a short neutral news brief about a public announcement.

Brief:"," Public announcements are made in the public interest. But public announcements are made for the sake of public opinion.

Public announcements aren't for entertainment. They're for political campaign events.

There are many, many, many announcements that will benefit from public appearances in the political arena.

As for a public announcement, the media can do it in a variety of ways.

They can print articles, broadcast them on television and radio"
student_sport_lambda0p25_2k_step250_large,1,38,"Write a short neutral news brief about a public announcement.

Brief:"," News from the left side of the story, but not necessarily the right side."
student_sport_lambda0p25_2k_step250_large,1,39,"Write a short neutral news brief about a public announcement.

Brief:","

The police and the military used public information about the armed robberies of the Koolau gang that took place at the Koolau Hotel in Kulgam near Dharamshala on January 16, 2011. (Bombay Telegram)"
student_sport_lambda0p25_2k_step250_large,1,40,"Write a short neutral news brief about a public announcement.

Brief:"," This was the second attempt to create a press release after a brief was taped for a news website in May. It was written by a user who requested to be named but was not.

""It is the most ridiculous thing ever,"" the short was recorded in July of 2016.

""No one should be allowed to use that information,"" the brief said. ""There should be a media outlet covering the case, and it's about"
student_sport_lambda0p25_2k_step250_large,1,41,"Write a short neutral news brief about a public announcement.

Brief:"," The UK’s leading independent news outlet, the Independent.ie, published an op-ed in September 2017 in the Daily Mail, criticising the government for continuing to deny information about a man who was shot to death outside of Downing Street.

The Mail also published a two-page piece in its Express newspaper on the murder case.

There have been protests since then, including a demonstration in Dublin last week that followed the death"
student_sport_lambda0p25_2k_step250_large,1,42,"Write a short neutral news brief about a public announcement.

Brief:"," A summary of the day’s events in the United States.

A summary of the day’s events in the United States.

A summary of the day’s events in the United States.

A summary of the day’s events in the United States.

The first of the Day of the Undead series took place in the city of Boston. It was hosted by Jon Vandenberg and directed by Steven"
student_sport_lambda0p25_2k_step250_large,1,43,"Write a short neutral news brief about a public announcement.

Brief:","

The following is an excerpt from a letter to the editor in the Herald Sunday News. The letter comes on the heels of a statement made by the Chief Police of Dublin, David Coffey, to the Herald Wednesday, March 4.

The letter comes in response to a letter posted by the Chief Superintendent of Police of Dublin which was forwarded to the Herald on Tuesday, March 3 by an anonymous member of the police department. The letter"
student_sport_lambda0p25_2k_step250_large,1,44,"Write a short neutral news brief about a public announcement.

Brief:"," New York City Mayor Bill de Blasio had to veto the bill for people to be in the city to receive a news release from the mayor, citing the ""lack of transparency"" from the mayor's office.

Brief: Mayor Bill de Blasio called it a ""shameful"" bill and a ""distraction"" from the mayor's promise to make sure everyone in the city is able to get a news release."
student_sport_lambda0p25_2k_step250_large,1,45,"Write a short neutral news brief about a public announcement.

Brief:"," A review of the campaign's strategy, as well as the strategy of the candidate

The announcement

A public announcement is ""a public announcement"" which is ""a request for more information"" on a specific issue or person, as in the case of a request for a new policy, or a request for a new office. A public announcement is usually a request for more information about the political campaign, as in the case of a request to"
student_sport_lambda0p25_2k_step250_large,1,46,"Write a short neutral news brief about a public announcement.

Brief:"," News media and the US media are the largest news gathering source. They are the ones who report on the government, the military, and the government apparatus. The media is the people and is the biggest source of news. The media and the US media is the biggest source of the public opinion.

Punished by the US media for its reporting on an illegal detainee being freed by the United States in violation of the US constitution. This"
student_sport_lambda0p25_2k_step250_large,1,47,"Write a short neutral news brief about a public announcement.

Brief:"," ""They will make sure that we stand up for our principles, for our rights, for our culture. We want to stand up for our values, our way of life.

""We are not a democracy, we are not a country. We have a democratic government and we have the majority in this country to protect us. We have the freedom to say what we want to say.

""We are a country that is a democracy"
student_sport_lambda0p25_2k_step250_large,1,48,"Write a short neutral news brief about a public announcement.

Brief:"," http://www.news.com.au/story/0,531, 001, 003, 000, 017, 000, 000, 080, 002, 000, 016, 000, 001, 000, 000, 000, 024, 001, 064, 001, 002, 001, 001, 000, 000, 002, 000, 000, 002, 000"
student_sport_lambda0p25_2k_step250_large,1,49,"Write a short neutral news brief about a public announcement.

Brief:"," An article in the New York Times on ""The Untold History of the World of the Great War.""

""The War is Gone: The Unexpected Legacy of the World War,"" by an academic who studied war and found that the United States actually fought a military dictatorship.

""When an American is a slave,"" said Thomas Dewey, the president of the United States. ""It is a sad day for the country."
student_sport_lambda0p25_2k_step250_large,2,0,"Write a short neutral news brief about a group making a decision.

Brief:","

The most recent post by the U.S. Congress on the “Iran War” was a short one about U.S. President Barack Obama’s decision to impose a partial withdrawal of American forces from the “War on Terror” on March 2, 2004. The post was written by Danielle R. Jones, an associate professor of political science at the University of Notre Dame and a retired professor of international law at Southern Methodist University in"
student_sport_lambda0p25_2k_step250_large,2,1,"Write a short neutral news brief about a group making a decision.

Brief:", From “Hillary Clinton and her friends” to “Ghostbusters” and “Terrorist”
student_sport_lambda0p25_2k_step250_large,2,2,"Write a short neutral news brief about a group making a decision.

Brief:"," The American Civil Liberties Union of Illinois has sued the U.S. Department of Justice for having no role in investigating whether the administration of the White House was acting illegally in the absence of the Justice Department. The ACLU of Illinois is seeking a trial in federal court to determine whether the DOJ has violated the Constitution.

Share your stories of the murder of Dr. James Van Andrade, a prominent Republican activist, and his family,"
student_sport_lambda0p25_2k_step250_large,2,3,"Write a short neutral news brief about a group making a decision.

Brief:"," For the purposes of the present case, the “Brief” denotes a public service television program or a television advertisement.

In the first instance, the court should have considered whether a media advertisement is public. Here, the court determined that the advertisement was clearly public. However, it is not a public service, and the question of whether a short advertisement is public is not properly before the court in this context. It is more appropriate for the"
student_sport_lambda0p25_2k_step250_large,2,4,"Write a short neutral news brief about a group making a decision.

Brief:"," “I’m very sad,” he said after a woman’s death in a car accident in 2006.

He also said the number of reporters in the area has declined.

“They are no longer the only ones in the community,” he said. “I have not seen that from my own standpoint. I have not seen the number of people who are watching.”"
student_sport_lambda0p25_2k_step250_large,2,5,"Write a short neutral news brief about a group making a decision.

Brief:"," A new report claims that President Donald Trump's administration has ""zero tolerance"" for ""racial profiling,"" and that the administration is taking action to crack down on the so-called ""Permanent Underwear"" campaign that provides legal aid to Muslim Americans.

Brief: A new report claims that President Donald Trump's administration has ""zero tolerance"" for ""racial profiling,"" and that the administration is taking action to crack down on the so"
student_sport_lambda0p25_2k_step250_large,2,6,"Write a short neutral news brief about a group making a decision.

Brief:"," New York Magazine - a newspaper in the United States and Mexico, published from 1983 to 2009

A:

See the links on the homepage:
http://www.nymag.com/news/nymag/topics/nymag-media/766-000-000-000-000-000-000-000-000-000-000-000-000-000-000-000-"
student_sport_lambda0p25_2k_step250_large,2,7,"Write a short neutral news brief about a group making a decision.

Brief:"," A new report by The Daily Beast reveals that the Trump administration and Trump allies have engaged in an ongoing witch hunt against Trump’s critics.

The full report, “The Trump Administration and Trump’s Supporters,” was prepared by New York political director John Sullivan.

“The whole thing is a sham. You want to attack our allies, you want to attack our enemies,” Sullivan said.

Sullivan also noted that the"
student_sport_lambda0p25_2k_step250_large,2,8,"Write a short neutral news brief about a group making a decision.

Brief:"," News that was published on June 13, 2006 by the UK Independent newspaper, the National Standard, by Nigel Murray on 9 March."
student_sport_lambda0p25_2k_step250_large,2,9,"Write a short neutral news brief about a group making a decision.

Brief:"," In an article published in March 2015, the U.S. ambassador to Israel has blamed Israel for the murder of 3,000 Palestinians in Gaza, who have been killed in the protests over the displacement of Palestinian children in the occupied West Bank.

Brief: The Associated Press reported on Sunday that Prime Minister Benjamin Netanyahu, in a phone conversation with Israeli Prime Minister Binyamin Netanyahu, referred to the murder of Palestinian children by Palestinians in Gaza"
student_sport_lambda0p25_2k_step250_large,2,10,"Write a short neutral news brief about a group making a decision.

Brief:"," U.S. intelligence agencies believe Russia may have interfered in the 2016 election to help Donald Trump win, in part because of an electronic spyware program.

Brief: New York Times writer Jennifer Jones said the ""very unusual"" decision on Russia ties was a ""very sensitive"" matter to do to help Trump.

Brief: A group of US intelligence agencies believes Russia may have interfered in the 2016 election to help Trump"
student_sport_lambda0p25_2k_step250_large,2,11,"Write a short neutral news brief about a group making a decision.

Brief:"," The most important thing you can do if you have a question.

2. Tell someone you’re curious about why you’re calling.

If you tell someone you’re curious, you’re likely to be more likely to be contacted by a number of other people who will try to find out about your issues and find out about you.

I had an interesting situation when I was interviewing for a job, in the"
student_sport_lambda0p25_2k_step250_large,2,12,"Write a short neutral news brief about a group making a decision.

Brief:"," The Trump administration's policy of sending mixed messages about Muslim Americans' Muslim-American status, based on two major polls and surveys of Americans who have seen the message more prominently — and often more emphatically — in the news.

The president's campaign has sent mixed messages about the importance of Muslim Americans, even though most Americans — many of them Democrats — know that Muslims are Americans.

His administration's administration has been more open about its"
student_sport_lambda0p25_2k_step250_large,2,13,"Write a short neutral news brief about a group making a decision.

Brief:"," “He was killed. He was a policeman and he was a friend of the man who had killed him.”

The newspaper carried a photograph of the body of the policeman in which he is shown with a hat hanging from his neck.

In May 2015, a court in Port Moresby ruled that the officer’s death was a suicide and that he was entitled to compensation."
student_sport_lambda0p25_2k_step250_large,2,14,"Write a short neutral news brief about a group making a decision.

Brief:"," A week ago, the National Democratic Party of Canada published a list of the highest-ranking Canadian officials, including Attorney General John Husted, Prime Minister Stephen Harper and prime minister Stephen Harper.

It was a list of the top 500 Canadians that saw Canada’s highest-ranking officials voted in a general election earlier this month, but it is still unclear whether it is the first time Canada has been ranked first.

The official list of"
student_sport_lambda0p25_2k_step250_large,2,15,"Write a short neutral news brief about a group making a decision.

Brief:"," The Supreme Court is currently considering whether to let in a law that allows for some form of background check, a court ruled in June that would allow for the law to be used to prevent people convicted of rape from entering the United States.

Brief: U.S. President Donald Trump said he was pleased that the Supreme Court upheld the legality of the so-called background check, the latest move by a president who has been accused of"
student_sport_lambda0p25_2k_step250_large,2,16,"Write a short neutral news brief about a group making a decision.

Brief:"," A man and a woman from the Philippines have been arrested for allegedly making a video of the killing of an Indian man in India.

The men allegedly shot and killed Indian man, Anupu Shrivar, of No. 11 (Kodak) Fort, on March 25, in Dharamsala, in northern India.

The woman was said to have a knife and the man was said to have been hit with a"
student_sport_lambda0p25_2k_step250_large,2,17,"Write a short neutral news brief about a group making a decision.

Brief:"," The best thing to do is to ignore the bad news and just write the good news. And the worst thing to do is to be in denial. You know, I would just go back and do it all over again and write another brief. I’m a journalist, not a politician. You know, I am not the kind of guy who would do that.

I’m going to try to make it clear that we all have"
student_sport_lambda0p25_2k_step250_large,2,18,"Write a short neutral news brief about a group making a decision.

Brief:"," 1, 773 | 083 | 000 | 061 | 044 | 030 | 035 | 001 | 021 | 003 | 001 | 000 | 004 | 000 | 027 | 000 | 002 | 025 | 001 | 003 | 002 | 002 | 000 | 004 | 002 | 004 | 000 | 000 | 025 | 003 | 000 | 002 |"
student_sport_lambda0p25_2k_step250_large,2,19,"Write a short neutral news brief about a group making a decision.

Brief:"," What is the story of the ""Un-American"" who came out as gay to explain the state of things in the world?

A short news brief about a group making a decision.

The story of the 'Un-American' who came out as gay to explain the state of things in the world.

Story: What can we learn from the ""Un-American"" story?

A short news brief about a"
student_sport_lambda0p25_2k_step250_large,2,20,"Write a short neutral news brief about a group making a decision.

Brief:"," 0

The New York Times published a story about an alleged incident at an apartment in San Francisco that led to a police officer being suspended in the first place, which led to the arrest of a local gay man and a man from Portland accused of being the person responsible for a death of his dog. That story was retracted by the Times. The story quoted a police officer as saying that the dog, which was owned by one of the men"
student_sport_lambda0p25_2k_step250_large,2,21,"Write a short neutral news brief about a group making a decision.

Brief:"," The University of Wisconsin, Madison has suspended the university’s president and director of operations, which is the legal action against the university's board of directors.

The University of Wisconsin, Madison issued a statement saying:

“We support and understand the university’s decision to suspend the university’s board of directors. It is the university’s position that the decision to cancel the group’s agreement is not supported by the University and"
student_sport_lambda0p25_2k_step250_large,2,22,"Write a short neutral news brief about a group making a decision.

Brief:","

The following is the list of letters and faxes that have been sent to the United States Congress for consideration for passage by the US Congress:

“1) The U.S. Senate must reject the U.S. Senate resolution that calls on the President and Secretary of State Condoleezza Rice to take “a position” on the “War in Afghanistan.”

“2) The U.S. Senate must reject"
student_sport_lambda0p25_2k_step250_large,2,23,"Write a short neutral news brief about a group making a decision.

Brief:","

The media has been silent on the controversy over an investigation into the death of a 13-year-old boy, accused of shooting the teen through a kitchen window. It was a stand-up call for a police officer to be called to investigate a case of mistaken identity.

Brief:

In the wake of the deadly shooting in San Diego, San Diego Mayor Jerry Springer issued a statement saying, ""I'm sorry for"
student_sport_lambda0p25_2k_step250_large,2,24,"Write a short neutral news brief about a group making a decision.

Brief:"," A group of people have a right to live in a free society and to be free from the restrictions of the law and the state.

There are different kinds of freedom. There is free speech, right to assemble, and the right to petition law. There is an equal right to travel and to speak at events. In other countries, such as Germany, the right to the same, to be heard, has been used as a political right"
student_sport_lambda0p25_2k_step250_large,2,25,"Write a short neutral news brief about a group making a decision.

Brief:"," An investigative report that was ordered by the court shows how the Department of Justice is attempting to determine who leaked the information to the media about what happened, which the Department of Justice has now concluded there were no secrets, and that it did not have a clear idea of what the people had done.

The report by the department's Inspector General, according to a Department of Justice press release, is ""an attempt to determine who leaked the information to"
student_sport_lambda0p25_2k_step250_large,2,26,"Write a short neutral news brief about a group making a decision.

Brief:"," A group of people that live in the same house as a man, who is convicted of killing his wife and the two children who lived with him.

The man was convicted of killing his wife’s fiancé and two children, and then took his sons, his wife, and his daughter.

The jury found that he had murdered his wife. His children were found stabbed to death, his wife's two children were found stabbed"
student_sport_lambda0p25_2k_step250_large,2,27,"Write a short neutral news brief about a group making a decision.

Brief:"," This news brief covers the decision to ban the UAW from striking at the Capitol in Washington, D.C., during the government shutdown. The union is demanding it cut its $3.1 billion funding.

Brief: The union has demanded an investigation into whether the administration failed to consult with the AFL-CIO about the possibility of a strike. The union has asked President Obama to review the issue. The union plans to release a"
student_sport_lambda0p25_2k_step250_large,2,28,"Write a short neutral news brief about a group making a decision.

Brief:"," https://www.tweetstok.net/5d6d9m7

“The whole point of Twitter is to make you tweet, and you have to be able to make sure that you're sending tweets every day, because you have to be able to tweet each day, so what I do is, I tweet every morning for about three minutes, and once I make the tweet, I tweet about the day. That is"
student_sport_lambda0p25_2k_step250_large,2,29,"Write a short neutral news brief about a group making a decision.

Brief:", 1 | 0 | 0 | 0 | 0 | 0 | 0 | 00 | 0 | 0 | 0 | 002 | 00 | 000 | 0 | 0 | 0 | 0 | 000 | 003 | 014 | 0 | 004 | 014 | 031 | 003 | 003 | 014 | 004 | 017 | 000 | 002 | 000 | 000 | 001 | 003 | 000 | 000 |
student_sport_lambda0p25_2k_step250_large,2,30,"Write a short neutral news brief about a group making a decision.

Brief:"," A documentary from British filmmaker Jonathan Pemberton about the making of a short cartoon short called ""The Big Issue"". It's a documentary about the ""Bangladesh"", in which a man can't make decisions, the way the Taliban do.

About A.R.M.

Dr. Arif Mihir (Muhammad Masood) is Professor of Philosophy at University of Surrey. He is a Professor of"
student_sport_lambda0p25_2k_step250_large,2,31,"Write a short neutral news brief about a group making a decision.

Brief:"," The New York Daily News.

Brief: The New York Times.

Brief: A New York Times investigative feature that details how a group of students in the Ivana and Umberto I. of Italy are planning to use their government to ban abortion.

Brief: The New York Times.

Brief: U.S. Ambassador Susan Rice said that the State Department’s top-secret directive to"
student_sport_lambda0p25_2k_step250_large,2,32,"Write a short neutral news brief about a group making a decision.

Brief:", 004 / 001 / 001 / 010 / 001 / 011 / 000 / 009 / 024 / 000 / 000 / 002 / 004 / 003 / 001 / 000 / 000 / 008 / 017 / 019 / 002 / 005 / 001 / 000 / 003 / 000 / 002 / 001 / 001 / 000 / 024 / 030 / 023
student_sport_lambda0p25_2k_step250_large,2,33,"Write a short neutral news brief about a group making a decision.

Brief:"," 1,002

0

0

0

0

0

0

0

0

0

0

0

0

0

0

0

0

0

0

0

0

0

0

0

0

0

0

0

0

0"
student_sport_lambda0p25_2k_step250_large,2,34,"Write a short neutral news brief about a group making a decision.

Brief:","

From the article:

“A judge has ordered the United States to provide up to 600 hours’ worth of information regarding the people who killed 11 people and wounded 49 at a mosque in Malaysia, police sources said. The government had issued a statement Monday afternoon saying it was “not aware” of the information, the Malaysian Herald.

However, a police official told AFP that a separate police officer had been questioned by the police in"
student_sport_lambda0p25_2k_step250_large,2,35,"Write a short neutral news brief about a group making a decision.

Brief:"," A report on the U.S. National Democratic Fund's operations, policies, and activities since taking over the board.

Report: The National Democratic Fund's board of directors and staff.

Report: The National Democratic Fund's board of directors and staff.

News briefs with author's contributions, such as ""The National Democratic Fund,"" ""The National Democratic Fund: The Campaign to Win the Presidency,"" and ""The National Democratic"
student_sport_lambda0p25_2k_step250_large,2,36,"Write a short neutral news brief about a group making a decision.

Brief:", | 001 | 000 | 008 | 020 | 011 | 000 | 024 | 003 | 000 | 003 | 000 | 008 | 003 | 003 | 000 | 003 | 000 | 003 | 011 | 000 | 009 | 001 | 003 | 000 | 001 | 000 | 000 | 010 | 025 | 000 | 008 | 011 | 023 | 000
student_sport_lambda0p25_2k_step250_large,2,37,"Write a short neutral news brief about a group making a decision.

Brief:"," The following was the recommendation of the American Medical Association on July 7, 2004. The American Medical Association’s letter was published in a newspaper. The Medical Research Council of Ireland, the British Medical Association, the American Medical Association, the American Medical Association, the American Society for the Study of Obesity, the American Medical Association and the National Association of Dentists, the New York Public Health Institute and the International Association for the Study of Obesity were"
student_sport_lambda0p25_2k_step250_large,2,38,"Write a short neutral news brief about a group making a decision.

Brief:"," A report by the New York Times, May 7, 2013.

Cable News | News from the New York City Subway System | News from the New York City Subway System | News from the New York City Subway System | News from the New York City Subway System | News from the New York City Subway System | News from the New York City Subway System | News from the New York City Subway System | News"
student_sport_lambda0p25_2k_step250_large,2,39,"Write a short neutral news brief about a group making a decision.

Brief:","

A new series of stories in The Daily, on the story of a man who died after being struck by a car during a race, were aired on 9 August, 2004. The race was not organised by the BBC. His death was a tragic accident in which he was struck by a car.

A BBC documentary film about the accident which had been made by David Frost, and which has become a cult film in its own right,"
student_sport_lambda0p25_2k_step250_large,2,40,"Write a short neutral news brief about a group making a decision.

Brief:"," The UK government has refused to provide information on the government's efforts to prevent the terrorist attacks in the UK in connection with the attempted bombing of a shopping mall in Kent, just a day after a police officer was shot dead by a man believed to be a suicide bomber.

The Balfour Beatty report states that British Prime Minister Boris Johnson has rejected plans to extend the police's existing powers, as an appeal by the police chief has called"
student_sport_lambda0p25_2k_step250_large,2,41,"Write a short neutral news brief about a group making a decision.

Brief:"," “We’re not going to take them back with us”

“The only way I would know,” he said. “If we take them back with us I’m leaving. I’m not going to do that, not tonight.”

In an interview with The Associated Press, a member of the group that helped found the group that released the news, Dr. Jeffrey A. Zillman, said he was “not"
student_sport_lambda0p25_2k_step250_large,2,42,"Write a short neutral news brief about a group making a decision.

Brief:"," What happens when a police officer with no history of wrongdoing or misconduct stops the man at the corner of the street from buying a car, then turns around and walks away? The man asks if he was told the police will take care of the car.

Brief: The guy takes another look at the car and said, 'Oh shit, I should have been told.'

Brief: The police take him outside to make a call"
student_sport_lambda0p25_2k_step250_large,2,43,"Write a short neutral news brief about a group making a decision.

Brief:"," No, you're not.

The most likely scenario, according to the report, is that the police report was ""indifferent"" and a ""false charge."" The report also said that the complainant, who was the owner of the store, ""did not know of the alleged criminality of the alleged offender.""

The report said that, ""the complainant believed that the accused person had committed an act that was not legal under the laws"
student_sport_lambda0p25_2k_step250_large,2,44,"Write a short neutral news brief about a group making a decision.

Brief:"," For more, click here."
student_sport_lambda0p25_2k_step250_large,2,45,"Write a short neutral news brief about a group making a decision.

Brief:"," Bongbong the news editor of The Tribune and a former reporter who spent 20 years covering the police department, said the issue of public safety ""really matters in the public square.""

She said her group is working on an analysis that would be a short and blunt response to the question.

""We want the issue of public safety to be handled appropriately,"" she said.

Holding a copy of the short report at a"
student_sport_lambda0p25_2k_step250_large,2,46,"Write a short neutral news brief about a group making a decision.

Brief:"," “It’s a bit of a shock that we have had this conversation. It will be interesting to see if it is accepted or rejected. I think people have a right to know what it means to be a candidate for the presidency. I also think it’s very important to have an agenda.”

“That is just one of the things about democracy. It’s a democracy that has a different set of rules,” he added."
student_sport_lambda0p25_2k_step250_large,2,47,"Write a short neutral news brief about a group making a decision.

Brief:"," The Daily News of San Diego, California – 01/19/2016, p16 | 032 | 000 | 000 | 000 | 000 | 050 | 080 | 000 | 000 | 000 | 050 | 000 | 000 | 000 | 020 | 021 | 000 | 003 | 000 | 056 | 000 | 000 | 000 | 014 | 000 | 014 | 003 | 000 | 000 | 003 |"
student_sport_lambda0p25_2k_step250_large,2,48,"Write a short neutral news brief about a group making a decision.

Brief:"," An email sent to a member of the British government as a response to the report of the London Underground bombing, by a group calling itself ""British Underground Workers"", who said the terrorists responsible for the bombing were in the UK and said they were working for an ""unknown"".

A spokesman for the group said it had received the report and that it believed it was accurate.

They said the group was a ""sleeper"" and had"
student_sport_lambda0p25_2k_step250_large,2,49,"Write a short neutral news brief about a group making a decision.

Brief:","

""The United States is preparing for a possible second round of sanctions against Iran, which are believed to be aimed at curbing its nuclear programme, the head of the group said on Thursday. ""We are preparing for a possible second round of sanctions on Iran's nuclear programme, which are believed to be aimed at curbing its nuclear programme, in a second round of sanctions that will start next month, we are in consultations with all the parties"
student_sport_lambda0p25_2k_step250_large,3,0,"Write a short neutral news brief about an event that happened today.

Brief:"," A British woman, a transgender woman and the transgender man who was attacked in front of her and her dog. It was revealed that she was attacked by the same man but that was not clear.

It was later revealed that the man who had attacked the woman and his dog was the same man who had attacked her and then punched her several times in the face in front of her and her dog.

The victim had been assaulted by a"
student_sport_lambda0p25_2k_step250_large,3,1,"Write a short neutral news brief about an event that happened today.

Brief:"," This is not a joke, but a bit of a piece of history that took place this week. This was actually the day that we lost our beloved, beloved, beloved, beloved, beloved, beloved, beloved, beloved, beloved, beloved, beloved, beloved, loved, one way or another!

Naturally, the sad state of affairs here, where we know no one knew and the whole world was on the edge of a tear,"
student_sport_lambda0p25_2k_step250_large,3,2,"Write a short neutral news brief about an event that happened today.

Brief:"," The US is at war with Russia, and it’s not an unusual sight. In the past year, the Trump administration has increased efforts to suppress opposition and keep the public ignorant about Russia’s foreign and political ties. Yet at every opportunity, the administration has failed to address the problems, and we’ve seen the United States’ actions in the past two years to suppress the protests and silence criticism. It’s hard to believe this isn"
student_sport_lambda0p25_2k_step250_large,3,3,"Write a short neutral news brief about an event that happened today.

Brief:","

On July 22nd, the United States Military Academy voted to postpone a general assembly vote that had been scheduled for last Monday. The vote was rescheduled at 9:50am, with the United States Military Academy voting unanimously in favor. The vote followed a question about a proposed rule on a proposed ban on the use of force on the basis of national origin. The recommendation for an indefinite ban of military training was supported by 34 percent"
student_sport_lambda0p25_2k_step250_large,3,4,"Write a short neutral news brief about an event that happened today.

Brief:"," A man in his 20s was convicted yesterday of attempted murder in the death of his son.

The sentencing of 48-year-old Daniel Shirey is set to take place at 2:00pm this afternoon in Ottawa.

Shirey was convicted in April 2016 of an aggravated indecent assault and a disorderly conduct charge, and sentenced to two to three years in prison.

The young man died shortly after the"
student_sport_lambda0p25_2k_step250_large,3,5,"Write a short neutral news brief about an event that happened today.

Brief:","

- - - - - - - - -

I think you're missing the point. The issue isn't that the report is inaccurate or wrong - it's that the story isn't ""the right story"". That's an issue. It's the fact that it is, that's the problem.

If there is something wrong with the reporting, then it is that story that is not the right story. If we don't"
student_sport_lambda0p25_2k_step250_large,3,6,"Write a short neutral news brief about an event that happened today.

Brief:","

- An official from the Ministry of Justice in the U.S. was quoted as saying that there was no way to verify the allegations of a suicide.

- A government official said that the United Nations had asked for the release of two more suspected murderers in the U.S.

- An official said that one of the accused in the killing of a U.S. Marine was a member of the Mafia"
student_sport_lambda0p25_2k_step250_large,3,7,"Write a short neutral news brief about an event that happened today.

Brief:", http://www.huffingtonpost.com/s/content/1700/0709/0709_000242916.html
student_sport_lambda0p25_2k_step250_large,3,8,"Write a short neutral news brief about an event that happened today.

Brief:"," The man who played a key role in the assassination of President Gerald Ford, is an actor who was instrumental in the development of the first Black Panthers and the creation of the United Negro College Fund, and is listed as a co-conspirator in a scheme to overthrow the regime of President George H.W.Bush.

Homicide Detective Brian Tilton said he knows the man who ran for office in the last election as a Democrat"
student_sport_lambda0p25_2k_step250_large,3,9,"Write a short neutral news brief about an event that happened today.

Brief:"," (1) ""What is the relationship between health, income and the financial status of the American people in the United States?""

(2) ""What is the financial structure of the United States?""

The second issue of the quarterly, the BRI, is now a subject for more discussion.

The next issue will be posted on the BRI website on September 14, 2008. If you would like to check it out,"
student_sport_lambda0p25_2k_step250_large,3,10,"Write a short neutral news brief about an event that happened today.

Brief:"," The story of the two of us at the University of New Hampshire, the two of us at a different time, on the night of a shooting that left one person dead, was caught on videotape and made available to the public. We wanted to let people know that we were very upset by the shooting that happened that night. We were glad that the police had acted and that someone had tried to help. We talked about the event and we felt"
student_sport_lambda0p25_2k_step250_large,3,11,"Write a short neutral news brief about an event that happened today.

Brief:"," A man who brokered the death of his friend, a high school teacher, was shot by a police officer in New Zealand last Friday. Police said the incident happened around 8.40am, when the 22-year-old man, whose name was not immediately released, was in a taxi with three other men with a large black bag.

New Zealand police said an officer was shot after a disagreement with an employee at a Wellington bus stop"
student_sport_lambda0p25_2k_step250_large,3,12,"Write a short neutral news brief about an event that happened today.

Brief:"," The University of Connecticut officials released a short neutral news brief about a shooting that took place in the school’s auditorium.

The University of Connecticut released a short neutral news brief about a shooting that took place in the school’s auditorium. (Photo: AUGUST 088 | 086 | 085 | 014 | 014 | 041 | 024 | 036 | 020 | 036 | 025 |"
student_sport_lambda0p25_2k_step250_large,3,13,"Write a short neutral news brief about an event that happened today.

Brief:"," This newspaper, in an unusual move for its time, put out a brief about a news conference that took place in Ottawa. The brief was published by The Province News on the night of August 24, 2002, after an anonymous caller called in to make the announcement and said the news conference had been set up to protest ""a decision by the Prime Minister not to meet with the Minister of the Treasury of Canada who is the Prime Minister of Canada.""
"
student_sport_lambda0p25_2k_step250_large,3,14,"Write a short neutral news brief about an event that happened today.

Brief:"," ""There was a guy, I think it was a young guy, I think he was the last person that I would tell, I'm not sure if it was just an incident that happened today, I'm not sure, but there was, I think it was a guy who, I think he was the last person that I would tell, I would tell that story.""

Brief: ""I remember that he was very shy, we"
student_sport_lambda0p25_2k_step250_large,3,15,"Write a short neutral news brief about an event that happened today.

Brief:"," A video of the funeral of a young boy was posted in the Facebook page of the victim of an apparent suicide attack. His wife, Dolly Deng, said that she had not heard from her husband since Thursday afternoon and he was trying to call her. Police said that they were investigating the shooting and have released the body of an unidentified victim.

Read more on BLS-BPD's Facebook page."
student_sport_lambda0p25_2k_step250_large,3,16,"Write a short neutral news brief about an event that happened today.

Brief:","

At the moment, we do not have a live stream in the USA.

At the time of writing, the USA was watching the news from the outside of the USA.

We have a live broadcast in the USA.

However, the USA has not confirmed a full version of the news broadcast since we made the call to a local news outlet on Monday.

In an emailed statement, the company said it had"
student_sport_lambda0p25_2k_step250_large,3,17,"Write a short neutral news brief about an event that happened today.

Brief:"," The media reported that on Sunday a man who said he was raped was arrested by police.

Michele Barrie, the woman accused of abusing Brendan O’Neill, went to the police station, where the victim told him that she was beaten by police. She said she was raped when police arrived and that officers repeatedly asked her if she knew where she could find the man.

Barrie said the victim, who does"
student_sport_lambda0p25_2k_step250_large,3,18,"Write a short neutral news brief about an event that happened today.

Brief:","

The New York Times reports on a conversation between a New Jersey woman and her husband, who became upset over the death of their 3-year-old daughter.

The New York Post reports on a discussion with a woman who said she had not heard about the child’s death from family members.

The New York Post reports on a man who claimed to have seen the child and said they did not know who the boy was"
student_sport_lambda0p25_2k_step250_large,3,19,"Write a short neutral news brief about an event that happened today.

Brief:","

“It is with great regret that I am informed that this tragic incident occurred at a moment in time that is particularly concerning,” said the official, who spoke on the condition of anonymity. “We, as a country, as a whole, as a people, as citizens, as communities of faith, as a country, as a community, as an individual, as a state, as a government, as a society, we must recognize and"
student_sport_lambda0p25_2k_step250_large,3,20,"Write a short neutral news brief about an event that happened today.

Brief:"," “It was at about 9:30 a.m. that the first call came into my office. I didn’t know it was my home phone, but I was on the line talking to a friend of mine. I was speaking on my phone about the police shootings in Arizona and about a recent police shooting of a man in Santa Fe. I told the friend that she had been at my house all night talking about the police shootings. I"
student_sport_lambda0p25_2k_step250_large,3,21,"Write a short neutral news brief about an event that happened today.

Brief:"," ""The World Trade Center in New York City has been hit by a series of high-rise building collapse. The number of casualties is reported to have been one thousand people, including 100 firefighters. One firefighter was also killed, another injured and another injured."""
student_sport_lambda0p25_2k_step250_large,3,22,"Write a short neutral news brief about an event that happened today.

Brief:"," A police officer killed in a gunfight between three young women, including the one who was stabbed, outside a Montreal bar, on Friday.

The officers were responding to the 911 call at about 12:30 a.m. when the unidentified female called 911 from the bar to tell them she had been killed.

Two of the four officers involved in the exchange of gunfire were shot, and the second officer had a severe wound to"
student_sport_lambda0p25_2k_step250_large,3,23,"Write a short neutral news brief about an event that happened today.

Brief:"," From the news page, click on the headline for an abbreviated version of the event that took place this morning.

From the news page, click on the headline for an abbreviated version of the event that happened today.

From the news page, click on the headline for an abbreviated version of the event that took place today.

From the news page, click on the headline for an abbreviated version of the event that happened today.
"
student_sport_lambda0p25_2k_step250_large,3,24,"Write a short neutral news brief about an event that happened today.

Brief:"," A long-term unemployed person who was a part of a family who were killed by a white nationalist who was in contact with a white nationalist. The man was interviewed for this article. The police arrested him in connection with the attack. He has been charged with one count of homicide, one count of conspiracy and one count of accessory to murder. The man did not deny shooting the victim.

The article is about a man who killed his wife"
student_sport_lambda0p25_2k_step250_large,3,25,"Write a short neutral news brief about an event that happened today.

Brief:"," It was a terrible situation, that we all know. We saw a few guys in the car with a broken arm and some kids in a school bus. It was terrible.

Hector Gonzalez: A little more than a week has passed since that incident.

The United States is in the middle of a campaign to bring down the so-called 'carnage' and to put a halt to the activities of violent crime.
"
student_sport_lambda0p25_2k_step250_large,3,26,"Write a short neutral news brief about an event that happened today.

Brief:"," A study found that 40 percent of the people who watched a TV news segment about the death of one of the leaders in the country who died during the shooting, called it “unacceptable,” according to a CNN report on Wednesday.

“The message that a shooting victim needs to be protected is still not being believed in America,” said Chris Hines, senior director for public affairs at the American Civil Liberties Union."
student_sport_lambda0p25_2k_step250_large,3,27,"Write a short neutral news brief about an event that happened today.

Brief:","

You are invited to read a short story from the author of, ‘The Best Man’, in this week’s ‘Best Man’ section

To read a short story from the author of, ‘Best Man’, in this week’s ‘Best Man’ section

To read a short story from the author of, ‘Best Man’, in this week’s ‘Best Man’ section

To read a short story from"
student_sport_lambda0p25_2k_step250_large,3,28,"Write a short neutral news brief about an event that happened today.

Brief:"," 011, 020, 000

What does it all mean?

Brief: 011, 022, 000

What does it all mean?

Brief: 019, 000

How do I handle myself?

Brief: 083, 000

Is it that weird that I get a letter from my best friend asking me to say I love you?

Brief: 0"
student_sport_lambda0p25_2k_step250_large,3,29,"Write a short neutral news brief about an event that happened today.

Brief:"," The U.S. Army is facing a tough week, having just defeated Islamic militants in a four-day-old battle in the province of Idlib, which is near Damascus.

The news came hours after a senior U.S. military official said on Tuesday that the U.S. may have provided the Syrian government with aid for a “recent” chemical attack on rebel-held Idlib.

U.S. Special"
student_sport_lambda0p25_2k_step250_large,3,30,"Write a short neutral news brief about an event that happened today.

Brief:"," It is a well known fact that in the past 24 years, around 30,000 newspapers have been owned by the German government. This week, I would like to report the number of newspapers registered in the German state of Upper Silesia. We were looking at the numbers listed on the list, but I couldn’t find it. In fact, one newspaper in the state had registered a large number of people, and we were the first to"
student_sport_lambda0p25_2k_step250_large,3,31,"Write a short neutral news brief about an event that happened today.

Brief:"," The UK Parliament, chaired by David Cameron, has a prime ministerial appointment. Mr Cameron is the UKIP MP for Oxford, a seat occupied by Mr Cameron, MP for Northwich, and Labour Party leader . He sits on the Parliamentary select committee on European Council policy . He has been described as ""the most junior member"" by MPs.

This is not a member of the Conservative Party or a Labour Party.

As"
student_sport_lambda0p25_2k_step250_large,3,32,"Write a short neutral news brief about an event that happened today.

Brief:"," A new documentary on the disappearance of a 9-year-old girl and a police officer has attracted international attention. In it, an Australian documentary maker discusses the case of Susi Liew and her family. It was shot by filmmaker Nick Scielniak, who directed the film for Channel 4 and is currently working on an upcoming docudrama about the Australian woman who disappeared while jogging in Sydney."
student_sport_lambda0p25_2k_step250_large,3,33,"Write a short neutral news brief about an event that happened today.

Brief:"," An article about the meeting of the Commission on Safety of Life.

Brief: A message about the report which was published today on the International Society for the Study of Neglect.

Brief: A statement about the report that was made available by the American Psychiatric Association and the US National Institute on Alcohol Abuse and Alcoholism (NIAAAA).

A comment from the Commission on Safety of Life.

Brief"
student_sport_lambda0p25_2k_step250_large,3,34,"Write a short neutral news brief about an event that happened today.

Brief:","

Munster County is on a list of about 80 counties in Ireland that have not had an election in over 70 years. (CNS photo)

MUNSTER COUNTY, Ireland, is on a list of about 80 counties that have not had an election in over 70 years. (CNS photo)

The only other county in Munster County that has not been the target of an election is Kilkenny, and"
student_sport_lambda0p25_2k_step250_large,3,35,"Write a short neutral news brief about an event that happened today.

Brief:","

In November, the UK Parliament voted against moving the bill to an EU member.

The bill was passed last year by the majority of MPs.

The bill would allow anyone to access and update the contents of online bank statements.

The bill requires banks to be able to verify what information is claimed, and also the accuracy of bank statements.

The bill allows for the automatic recording of bank account details, without the"
student_sport_lambda0p25_2k_step250_large,3,36,"Write a short neutral news brief about an event that happened today.

Brief:"," http://news.livejournal.com/101.html

No news: http://www.livejournal.com/1421.html

No news: http://www.livejournal.com/13.4.0.6.0.0.4009.html

No news: http://www.livejournal.com/837.html

No news: http://www.livejournal."
student_sport_lambda0p25_2k_step250_large,3,37,"Write a short neutral news brief about an event that happened today.

Brief:"," When the US government refused to issue a temporary ban on new restrictions on imports of marijuana products and drugs, the House Oversight and Government Reform Committee (H.R. 875) investigated.

H.R. 644 issued a temporary ban on the importation of marijuana and the production and importation of marijuana oil and powder, even though it was an illegal activity under the Commerce Act.

“This bill, which has"
student_sport_lambda0p25_2k_step250_large,3,38,"Write a short neutral news brief about an event that happened today.

Brief:"," A short news brief about an event that happened today.

An Associated Press report says the death of a 15-year-old boy is a “new normal” after a “very painful” investigation.

The boy, a 17-year-old from Mexico City, was killed in a road accident near the campus of a university late Sunday.

The Associated Press said the boy died of “a heart attack” from “a"
student_sport_lambda0p25_2k_step250_large,3,39,"Write a short neutral news brief about an event that happened today.

Brief:"," An American Express employee has been charged with assaulting a police officer at a bus stop in Buffalo, N.Y.

The case, filed in New York federal court, concerns the police officer who was shot at a car stop at a bus stop and then assaulted in the line of duty. He was arrested by police who say he was involved in an accident.

The employee was released on a $1,000 bond.

"
student_sport_lambda0p25_2k_step250_large,3,40,"Write a short neutral news brief about an event that happened today.

Brief:"," https://t.co/l1eUj7N2c4 — John F. Kennedy (@JohnFKJFK) March 29, 2018

In his response to the report, Trump said, “I am going to have a full and frank discussion with all of you about the facts regarding this scandal. That is what makes a good report.” The president continued, “I appreciate all the facts and we are going to have a"
student_sport_lambda0p25_2k_step250_large,3,41,"Write a short neutral news brief about an event that happened today.

Brief:","

The British MP for Chatham has a book called The Politics of the New Deal and is hoping to have her second book published this week."
student_sport_lambda0p25_2k_step250_large,3,42,"Write a short neutral news brief about an event that happened today.

Brief:"," A week after a court ruling that blocked the investigation of Trump’s National Security Advisor, a Trump official denied that a Trump Tower in New York City was a Trump Tower and said that the Trump International Hotel was not the hotel the Trump Organization was trying to build.

Trump’s lawyer did not immediately return a call seeking comment."
student_sport_lambda0p25_2k_step250_large,3,43,"Write a short neutral news brief about an event that happened today.

Brief:"," The first day of a new year, it's time to kick back and get things done.

The day after a gunman opened fire at the University of Missouri-Kansas City, his parents were on the phone with President Barack Obama to tell him he'd been shot. But then they learned that the gunman was a 21-year-old college student.

""The president took that into consideration,"" said Mary Anne O'"
student_sport_lambda0p25_2k_step250_large,3,44,"Write a short neutral news brief about an event that happened today.

Brief:"," It took a moment for the media to realize it was an actual news event. This is the first time that a press event on the morning news is the reason for an actual news story, and what a real news event is.

We should be very proud of being able to call an event on the morning news the reason for an actual news event.

The next day at 1 p.m. we got a picture of the event"
student_sport_lambda0p25_2k_step250_large,3,45,"Write a short neutral news brief about an event that happened today.

Brief:"," ""Milton Berkey, a United States Senator from New Hampshire, held a news conference this morning to thank the U.S. Government for its assistance in resolving the security concerns that prompted the operation by the FBI in New Hampshire in which the person responsible for the attack on President Trump has been identified as a member of the Trump White House, including the White House counselor Kellyanne Conway.""

""Youth Ambassador to the United States Nicholas S"
student_sport_lambda0p25_2k_step250_large,3,46,"Write a short neutral news brief about an event that happened today.

Brief:"," The Canadian Press

3 Comments | 0 | 0 | 0 | 0 | 004 | 0 | 0 | 003 | 0 | 003 | 0 | 023 | 0 | 000 | 0 | 011 | 003 | 000 | 000 | 005 | 000 | 001 | 001 | 029 | 000 | 003 | 000 | 000 | 000 | 002 | 021 | 012 | 024 | 0"
student_sport_lambda0p25_2k_step250_large,3,47,"Write a short neutral news brief about an event that happened today.

Brief:"," The U.S. President-elect Donald J. Trump is expected to announce the end of the U.S. military deployment of the United States troops to the Middle East next month, and the U.S. military is taking part in the deployment of about 6,000 troops from the U.S. military’s armed forces to Afghanistan and neighboring Pakistan, the Pentagon announced today.

Brief: The United States is expected to"
student_sport_lambda0p25_2k_step250_large,3,48,"Write a short neutral news brief about an event that happened today.

Brief:"," How a young boy was shot dead in St Petersburg, in the middle of the day.

It was my second day as a reporter for St Petersburg Daily News. I thought I was in the middle of the night, but the news director called me and said, “We have a news report on this, we have the report from the police.” The report said, “The shooter was shot from a distance of 150 meters, from a distance"
student_sport_lambda0p25_2k_step250_large,3,49,"Write a short neutral news brief about an event that happened today.

Brief:"," It is now known that in a game that was won by the Cleveland Indians in the 1993 World Series, the Indians, in an effort to save their pennant, traded three hits and a home run to the New York Mets. (It seems all the team had a ballpark in the stadium where it was born.)

Duhigg: No, that's not true.

Foster: Well, I saw it in the stadium"
student_sport_lambda0p25_2k_step250_large,4,0,"Write a short neutral news brief about a change people are discussing.

Brief:"," The story about the suicide bomber at the University of Oregon was originally a story about a terrorist attack by al-Qaeda, who targeted university faculty and students.

Brief: The story about the suicide bomber at the University of Oregon was originally a story about a terrorist attack by al-Qaeda, who targeted university faculty and students.

Brief: A story about the suicide bomber at the University of Oregon was originally a story about a terrorist"
student_sport_lambda0p25_2k_step250_large,4,1,"Write a short neutral news brief about a change people are discussing.

Brief:"," The UK's National Health Service's chief executive, Sir John Healey, said: ""We are proud to work with NHS England and its colleagues across the nation to deliver the national plan for the future of England's health services.

Healey will present the Government's new national plan to the government on Saturday, and will discuss the implementation of a new system for collecting data on health service use and outcomes in the NHS.

Brief"
student_sport_lambda0p25_2k_step250_large,4,2,"Write a short neutral news brief about a change people are discussing.

Brief:", 001 | 000 | 002 | 013 | 004 | 000 | 040 | 001 | 000 | 007 | 000 | 008 | 001 | 001 | 011 | 035 | 071 | 000 | 021 | 000 | 000 | 019 | 000 | 025 | 024 | 021 | 003 | 000 | 000 | 000 | 000 | 002 | 040 | 011 |
student_sport_lambda0p25_2k_step250_large,4,3,"Write a short neutral news brief about a change people are discussing.

Brief:"," The US has announced that it will be suspending the use of nuclear weapons in Syria. (I’m very pleased that this is happening, because it is exactly the kind of policy that would be bad for our very long-term interests)

However, after an endless stream of articles written in the UK and elsewhere, the official US position was that they shouldn’t be allowed to use nuclear weapons in any other part of the world."
student_sport_lambda0p25_2k_step250_large,4,4,"Write a short neutral news brief about a change people are discussing.

Brief:","

For the fourth time in five years, the United States has not sent its first-ever military force to the Middle East, in a historic war in which U.S. troops have been deployed to Jordan and Gaza to help build a strong, stable, and resilient Israeli economy. Yet, U.S. troops are deployed at a crucial moment to fight a proxy war against Iran. With the U.S. deploying military forces in support"
student_sport_lambda0p25_2k_step250_large,4,5,"Write a short neutral news brief about a change people are discussing.

Brief:","

I. Introduction

The National Security Agency is the most intrusive and intrusive agency of all – its program does not violate any international treaty, the constitution or any statute. They have been granted permission to use classified and unclassified information and to conduct intrusions in the United States and the United Kingdom, to use information from classified and unclassified military information, to conduct surveillance and surveillance of journalists, to collect and disseminate information on"
student_sport_lambda0p25_2k_step250_large,4,6,"Write a short neutral news brief about a change people are discussing.

Brief:","

""We are still waiting to see who would take the lead. In the case of the Mafia, the leadership would certainly take the lead in the investigation and prosecution of the Mafia.""

""We do not like to discuss our family members' crimes, but we are all aware that this is a family issue. As you well know, the Mafia has been in control of the government for many years.""

""Yes"
student_sport_lambda0p25_2k_step250_large,4,7,"Write a short neutral news brief about a change people are discussing.

Brief:"," “I’m sorry, I don’t have a problem with you.”

But it’s pretty easy to tell a difference between a neutral and a personal message. If the message was from your mother, for example, the person you were trying to reach was probably from the person that you wanted to reach, the person you were hoping to reach, who was your friend. It’s not like a private message could be sent to"
student_sport_lambda0p25_2k_step250_large,4,8,"Write a short neutral news brief about a change people are discussing.

Brief:","

The National Law Foundation (NLF) says it's looking into whether the law, created by the American Bar Association, is a form of self-dealing, which it says is intended to protect lawyers. The U.S. Supreme Court's 2008 ruling in In re Durbin, however, was a big deal, saying self-dealing was illegal. The law was created by the ACLU to give attorneys access to their"
student_sport_lambda0p25_2k_step250_large,4,9,"Write a short neutral news brief about a change people are discussing.

Brief:","

I’m told that there is a new, new, new, a lot of new news, a lot of new stories. It is the new, new, new, a lot of stories. The news has become more and more boring. At this time, the news about how a lot of the news is new and new and new are still new and new. In the news, the news is boring. In the news, it"
student_sport_lambda0p25_2k_step250_large,4,10,"Write a short neutral news brief about a change people are discussing.

Brief:","

In 2005, the United States was the only country in the world to have not filed for asylum. The US has been a major importer of cocaine since the 1990s.

In 2004, the USA was the only country in the world to have not approved of a bill to stop immigration.

In 2005, the USA was one of only 21 countries that did not accept refugees. In 2006, USA was one of only three"
student_sport_lambda0p25_2k_step250_large,4,11,"Write a short neutral news brief about a change people are discussing.

Brief:", 001) 003) 747) 000) 013) 012) 000) 017) 000) 024) 002) 005) 003) 008) 014) 004) 000) 016) 014) 012) 021) 001) 003) 000) 000) 012) 000) 011) 015) 000) 004) 008) 001
student_sport_lambda0p25_2k_step250_large,4,12,"Write a short neutral news brief about a change people are discussing.

Brief:", 001. 008. 010. 034. 003. 000. 001. 009. 002. 009. 001. 001. 019. 002. 002. 023. 001. 002. 001. 014. 013. 000. 002. 013. 003. 002. 001. 024. 000. 024. 000. 
student_sport_lambda0p25_2k_step250_large,4,13,"Write a short neutral news brief about a change people are discussing.

Brief:"," A small, but powerful and controversial, change to a state's constitution that makes it more likely that a presidential candidate will be elected to the Supreme Court, the first time a U.S. Supreme Court nominee will be confirmed. That change was controversial, because its name means ""one of us."" But there's a good reason why a president needs to know how to run a country.

The case being argued at the Supreme Court, the"
student_sport_lambda0p25_2k_step250_large,4,14,"Write a short neutral news brief about a change people are discussing.

Brief:"," It's pretty easy to find a list of what the Obama administration is doing to stop illegal immigration. In an interview with The Washington Post, Obama said that ""it has never been our policy for us to make any of the policy decisions"" and that ""the administration will make the case for whatever it takes.""

Brief: The Obama administration is not doing that, but that ""policy"" isn't the best way to get out of it"
student_sport_lambda0p25_2k_step250_large,4,15,"Write a short neutral news brief about a change people are discussing.

Brief:"," “S.O.B.D. 049”

Brief: “R.A. 024”

Brief: “O.R. 024”

Brief: “P.R. 014”

Brief: “N. 030”

Brief: “V. 898”

Brief: “I 024”

Brief: “ 0"
student_sport_lambda0p25_2k_step250_large,4,16,"Write a short neutral news brief about a change people are discussing.

Brief:","

H.W.A.S.B.A

The National Association of State Chiefs of Police

The National Association of State Chiefs of Police (N.A.S.B.A.) is a national organization of state, local and tribal police officers and sheriffs who are charged with the duty of maintaining law and order in the State of New Jersey. The N.A.S.B.A. is a"
student_sport_lambda0p25_2k_step250_large,4,17,"Write a short neutral news brief about a change people are discussing.

Brief:", How to make it easy for people to share or delete their photos with friends.
student_sport_lambda0p25_2k_step250_large,4,18,"Write a short neutral news brief about a change people are discussing.

Brief:"," A former president of the U.S. has been charged with being an accessory to murder, his lawyer said.

But a former senior administration official said the investigation is not focused on that charge, which would be a criminal indictment.

Former U.S. Attorney John Sivens is charging the former president with a single count of accessory to murder in the case of the ""Maryland man"" who was convicted and sentenced to death"
student_sport_lambda0p25_2k_step250_large,4,19,"Write a short neutral news brief about a change people are discussing.

Brief:"," “No longer just a news story,” says the Daily News, “but rather a way to get the community involved and make changes.”

So, in the future, what should we expect?

News outlets that we may want to contact:

• the editors of the Associated Press

• the Washington Times, which has covered the Senate debate

• the AP editorial board

• The Washington Times, which has covered"
student_sport_lambda0p25_2k_step250_large,4,20,"Write a short neutral news brief about a change people are discussing.

Brief:","

A long time ago, a man was sent to a special mental hospital in England to get help for a missing boy who was missing for less than 3 hours. The boy was found with a note that said he had been kidnapped and had been abducted by aliens.

A long time ago, a man was sent to a special mental hospital in England to get help for a missing boy who was missing for less than 3 hours."
student_sport_lambda0p25_2k_step250_large,4,21,"Write a short neutral news brief about a change people are discussing.

Brief:"," It could be an issue that has been the subject of many debates in the press over the past two and a half years.

The Daily Telegraph has a full list of the new names that appear on news briefs.

The Guardian has a complete list, the most popular news briefs, on its website.

This is one of the top-selling newspapers in the UK - it is worth about £150m on eBay.

"
student_sport_lambda0p25_2k_step250_large,4,22,"Write a short neutral news brief about a change people are discussing.

Brief:","

It’s a good thing for many people to be aware that the United Nations has already started to put more emphasis on the need to prevent and treat mental health problems, a priority for the world’s poorest countries.

But for people living in places like the United Kingdom that’s been on the list for 14 years, they were expecting more about the role of the United Nations, and the role of mental health, than in"
student_sport_lambda0p25_2k_step250_large,4,23,"Write a short neutral news brief about a change people are discussing.

Brief:","

The U.S. House of Representatives rejected a bill in March to remove restrictions on the use of body camera to photograph Americans and the practice of journalists covering up crimes.

Brief:

The Department of Justice said in a statement Friday that the court case was an “absurd” attempt to cover up the shooting in Minnesota that killed 17 people.

“The court case was not a case about making the wrong decisions"
student_sport_lambda0p25_2k_step250_large,4,24,"Write a short neutral news brief about a change people are discussing.

Brief:"," A video posted on Instagram with the title “Brief: What We Can Do”. A video posted on Instagram with the title “Brief: What We Can Do”.

Video of a discussion on the campaign trail about a change people are talking about.

A video posted on Facebook of a discussion on the campaign trail on a news website where people are discussing a change that is under discussion.

A video posted on a Facebook page"
student_sport_lambda0p25_2k_step250_large,4,25,"Write a short neutral news brief about a change people are discussing.

Brief:"," The state is set to pass an ordinance that requires the use of the internet for public education to qualify for free public school tuition assistance. The state is set to pass the ordinance in April to get the money back from students that are denied free public school tuition assistance. It says that for grades 4 and 5 and 4th grades and 6th grades who qualify for free public school tuition assistance, it will charge tuition at $20 per day for the first"
student_sport_lambda0p25_2k_step250_large,4,26,"Write a short neutral news brief about a change people are discussing.

Brief:","

If you do not believe that Trump was assassinated, then let us know your thoughts.

HuffPost Staff

Cindy Macefield

This is a story about the story, about the police officer who shot and killed Lori Rios, who was killed by a police officer on the police line. It started with a story of two officers and a traffic cop shooting an intoxicated driver. It ended with a police"
student_sport_lambda0p25_2k_step250_large,4,27,"Write a short neutral news brief about a change people are discussing.

Brief:","

It seems that there is no shortage of hot political issues for the Democratic Party (and more than half of Americans are members of the party) and a great deal of them relate to health care and abortion. The debate over the subject often results in heated discussion that includes candidates running for office and often the likes of Hillary Clinton and Bernie Sanders.

This is a problem for everyone:

Obama in a New York Times interview said,"
student_sport_lambda0p25_2k_step250_large,4,28,"Write a short neutral news brief about a change people are discussing.

Brief:"," A new ad from the Democratic National Committee has been released with ads from the Democratic Socialists of America, the AFL-CIO, and other groups.

The ad, produced by the Democratic National Committee, was shown at the last Democratic National Convention.

At the Democratic National Convention, a new ad showing a candidate's face with a sticker reading ""Independent Adviser to the President,"" which was directed by Democratic National Committee"
student_sport_lambda0p25_2k_step250_large,4,29,"Write a short neutral news brief about a change people are discussing.

Brief:"," This was the very moment when the United States decided to take a stand against Israel. As part of a strategy to support the peace process, the United States has decided to block an Israeli proposal for a Palestinian state. The Palestinians are not a party to the peace process and have never been for the United States to interfere in anything. This is a clear violation of international law. But this does not mean it will never happen. It can happen, but"
student_sport_lambda0p25_2k_step250_large,4,30,"Write a short neutral news brief about a change people are discussing.

Brief:"," This is the new '10/0' - a bittersweet, but an appropriate one for these kinds of news pieces.

So as an observer, I can say that things have gone well on the political left.

I think that's fair. For a long time, the mainstream media has been inundated with bogus and misleading reporting on things like this.

We don't call it the 'news', we"
student_sport_lambda0p25_2k_step250_large,4,31,"Write a short neutral news brief about a change people are discussing.

Brief:","

I know this isn’t a neutral thread, but here’s a list of things that you should know about the recent and pending investigations.

One of these is that the FBI is not a neutral investigation. It is an “investigation” of the people who were involved in these events.

When you look at the reports, you are asked to be informed that the FBI has been investigating.

The FBI has"
student_sport_lambda0p25_2k_step250_large,4,32,"Write a short neutral news brief about a change people are discussing.

Brief:"," ""One of the most serious problems facing the United States is that it is trying to have its cake and eat it too -- and also is trying to have its cake and eat it with all of its ices and schnapps and puddles of sugar in them."""
student_sport_lambda0p25_2k_step250_large,4,33,"Write a short neutral news brief about a change people are discussing.

Brief:"," In the days preceding the 9/11 attacks, President Barack Obama was asked about a potential increase in the frequency of drone strikes in Afghanistan, where the president had been working. The president said he had no comment.

That's the same response the president gave to the president for 9/11. The same tweet says, ""The White House is now going to change their opinion on the Obama Administration's role in bringing down the World Trade Center"
student_sport_lambda0p25_2k_step250_large,4,34,"Write a short neutral news brief about a change people are discussing.

Brief:"," The new media standards have been a controversial topic in the U.S. and abroad since the beginning of the decade, with negative and misleading headlines and misleading information, such as ""the latest revelations"" and ""unusual findings,"" all in the name of ""a new political regime"" in the U.S. While the media has been at pains to keep the discussion of the controversial topics separate from the news, there has been little public support for"
student_sport_lambda0p25_2k_step250_large,4,35,"Write a short neutral news brief about a change people are discussing.

Brief:"," In our last post, we discussed the topic of the ""Bush"" campaign. The Bush campaign has become a big topic, and there are no official numbers from that campaign. We are told that 9-11 was not a problem, that Bush never really was at the top of the list of terrorist acts, and there were lots of other stuff that happened in the campaign that were not mentioned by the Bush team. We have no idea what the"
student_sport_lambda0p25_2k_step250_large,4,36,"Write a short neutral news brief about a change people are discussing.

Brief:","

The U.S. Supreme Court voted 6-0 to strike down the controversial Trump administration’s ban on refugees and immigration from Syria, effectively forcing President Trump to resign after being elected, the court said Tuesday.

“The court finds that the United States has not engaged in an unlawful practice of discrimination or discrimination by its agents, and, therefore, the ban on refugees and immigration is lawful, consistent with the U.S."
student_sport_lambda0p25_2k_step250_large,4,37,"Write a short neutral news brief about a change people are discussing.

Brief:"," The new law will make it difficult for the media and the public to be informed about the latest developments in the Ebola outbreak.

The report said the virus that caused the Ebola outbreak in Guinea has spread slowly to all six countries in the world.

It also said the number of people infected has increased each day.

There is no way out

A number of health officials say the new law may have raised the chance of infection"
student_sport_lambda0p25_2k_step250_large,4,38,"Write a short neutral news brief about a change people are discussing.

Brief:"," In 2011, when the police closed a large area of the mall for two days after the shooting incident of a black male in his 50’s, a police chief and an inspector, they announced that they wanted to close the mall altogether, while the owner and the mayor were both out of town, they would not close the mall. After the police chief and the inspector had come to their side, they called to tell them the mall was closing its"
student_sport_lambda0p25_2k_step250_large,4,39,"Write a short neutral news brief about a change people are discussing.

Brief:","

The Canadian Press has found that the number of people who were invited to a U.S. college attended by a foreign journalist has dropped from 690,000 to 300,000 in recent years, while the number of Americans who attended a U.S. college rose by 1,000 to 1,600.

And it doesn't even include those who have been members of the U.S. consulate in Tehran.
"
student_sport_lambda0p25_2k_step250_large,4,40,"Write a short neutral news brief about a change people are discussing.

Brief:"," A brief analysis of the U.S. economy that shows that the country’s unemployment rate is below the national average and that government investment is being cut as a result of the economic downturn.

“It was an opportunity to explore how the financial markets, a big part of our investment portfolio, operate,” said Joe Abreu, head of macroeconomic forecaster at the New York Federal Reserve Bank.

The Fed recently revised"
student_sport_lambda0p25_2k_step250_large,4,41,"Write a short neutral news brief about a change people are discussing.

Brief:"," Bias Trend in News Coverage of Bias, Inc.

Brief: Inc. v. Bias, Inc. (2009) 0011929 at 099932

It is said that the news business has a long history of bias, and one of the most common ways of getting rid of the wrong people in news. It has also been reported that journalists are a great way to get attention, and for some"
student_sport_lambda0p25_2k_step250_large,4,42,"Write a short neutral news brief about a change people are discussing.

Brief:","

The following excerpt was written in the early days of the coronavirus, but I think it should be noted as a direct result of the coronavirus-related misinformation and propaganda spread in 2016 by many people, the US, South Korea and China.

I am proud to say that I am a Canadian, and I have been a citizen of Canada for 41 years. At this time, we have a fully-regulated economy under the supervision of"
student_sport_lambda0p25_2k_step250_large,4,43,"Write a short neutral news brief about a change people are discussing.

Brief:"," “It was a small mistake on my part. We’ll definitely get back to it in a few weeks when we’ve got the full report. But we’re still a little early.”

For now, she wrote: “When we’re in that last stage of this process, it’s a terrible situation. There’s probably some serious things at stake in a lot of people’s lives. But right now,"
student_sport_lambda0p25_2k_step250_large,4,44,"Write a short neutral news brief about a change people are discussing.

Brief:"," “The United States government and the American public are deeply concerned about the potential threat of terrorist attacks and the continued spread of terrorist propaganda and incitement to violence. The United States government, with the complicity of the United States, has provided a blueprint for the use of force in the 21st century. The United States government and the American public are deeply concerned about the potential threat of terrorist attacks and the continued spread of terrorist propaganda and inc"
student_sport_lambda0p25_2k_step250_large,4,45,"Write a short neutral news brief about a change people are discussing.

Brief:"," It was a very short neutral news brief on the new American flag for the flag of the USA that was issued in 2014, the first brief on the flag that would not be used in 2015.

Short: The brief was an apology for the flag being used on the official American flag for United States and Canada (and a new flag for the United States and Canada).

Anytime: A brief on an official USA flag (and"
student_sport_lambda0p25_2k_step250_large,4,46,"Write a short neutral news brief about a change people are discussing.

Brief:"," The National News Centre

A report to head editor Michael Leka

The first ever paper of its kind on the subject: the National News Centre of the Labour Party.

""There was a lot of talk about the role of the National News Centre and in particular how it has been used to create a different sense of power for the people,"" Leka explained.

However, the National News Centre has been criticised for"
student_sport_lambda0p25_2k_step250_large,4,47,"Write a short neutral news brief about a change people are discussing.

Brief:"," In my next post, I’ll be discussing the rise of the digital press. This is a topic I’m very familiar with, and I think that the news media needs to be more proactive about it, but I think that they need to be more aware of how they are using it.

But I also think the use of this media to make a big and negative impression is problematic. I think what the use of the media for"
student_sport_lambda0p25_2k_step250_large,4,48,"Write a short neutral news brief about a change people are discussing.

Brief:"," What can you tell us about the changes made to the U.S. presidential election process?

Jennifer Brown: The changes are a way to deal with the challenges that come from the election process. So you have to make a very short and simple statement that you're in favor of bringing back the election. You understand that it's not the usual thing to put it off by one week and bring it up in 24 hours. So"
student_sport_lambda0p25_2k_step250_large,4,49,"Write a short neutral news brief about a change people are discussing.

Brief:"," The White House is promising to send a “100-pound” military out to a major battleground state if the GOP doesn’t repeal the Affordable Care Act.

The new statement from the White House came after the state of Massachusetts, which is struggling with a lack of funding to expand its Medicaid program, said Wednesday that it would send “100 pounds” of the controversial health care law.

The announcement came in a statement from state"
student_sport_lambda0p25_2k_step250_large,5,0,"Write a short neutral news brief about a new plan.

Brief:"," http://www.bbc.co.uk/news/uk-england-00045994

Report: Nasty guy who was on the wrong end of a £200 bill.

The Daily Mail is reporting that a man, a father and a teenager have been sent to prison for two days for sending an abusive email. The man wrote: ""I hate to see children being abused because of this kind of thing. I"
student_sport_lambda0p25_2k_step250_large,5,1,"Write a short neutral news brief about a new plan.

Brief:"," It’s too soon to tell if the plan that got $1.5 billion in funding for the stadium would be paid for through a separate fund set up to boost construction of the stadium, according to a report in The Associated Press.

The new money, though, was not included in the $1.5 billion in funding for the facility that the team spent on an out-of-control portion of the stadium’s $5"
student_sport_lambda0p25_2k_step250_large,5,2,"Write a short neutral news brief about a new plan.

Brief:","

If it was true that some of the most high-profile and violent attacks on President Trump in 2016 have been carried out by his loyalists and their sympathizers, the United States will face a host of problems that would make it difficult for the U.S. to effectively counterattack the president.

But not all the attacks were carried out in Washington. There were also violent confrontations in the White House, which are an expression"
student_sport_lambda0p25_2k_step250_large,5,3,"Write a short neutral news brief about a new plan.

Brief:","

The University of Alabama System announced its intention to offer a $50,000 scholarship to a UAB student who attends Almanac College, a community college in Birmingham, to study psychology. The student is eligible for financial aid if he or she attends the college through the university’s academic program and/or the school's athletic program and meets requirements for a bachelor's degree, a master's degree and a doctorate degree."
student_sport_lambda0p25_2k_step250_large,5,4,"Write a short neutral news brief about a new plan.

Brief:"," An advertisement for a product that provides no information in the event of accidental death, the use of carbon monoxide.

The following is the brief for an advertisement that contains a small amount of carbon monoxide and a warning for anyone to leave the property.

Note: I have a problem with carbon monoxide and it doesn't matter the fact that the police were called. I agree that the statement is too vague and I apologize.
"
student_sport_lambda0p25_2k_step250_large,5,5,"Write a short neutral news brief about a new plan.

Brief:"," An official from the Federal Bureau of Investigation (FBI), the US Marshals Service, is currently in the process of submitting a report about the government’s failure to release a search warrant for the former head of the NSA.

An official from the FBI, the US Marshals Service, is currently in the process of submitting a report about the government’s failure to release a search warrant for the former head of the NSA.
"
student_sport_lambda0p25_2k_step250_large,5,6,"Write a short neutral news brief about a new plan.

Brief:","

The Federal Reserve will soon reduce the amount of reserves that the central bank is required to hold down the interest rate on the dollar and the yen. The Bank of New Zealand said it had received “substantial” and “very optimistic” feedback from its banking group, although it was not clear whether the bank was referring to the results from its operations on the Japanese yen or the amount of reserve balances held by the Japanese government.

"
student_sport_lambda0p25_2k_step250_large,5,7,"Write a short neutral news brief about a new plan.

Brief:"," a brief about the new USG policy to end a program of sending drones to assassinations of US government officials.

Short: a brief about the plans to ban gay marriage in California.

Long: a brief about US policies to ban illegal drug use in the United States.

The brief explains how it is a clear ban on gay marriage.

What do you think of the brief? Let us know in the comments below"
student_sport_lambda0p25_2k_step250_large,5,8,"Write a short neutral news brief about a new plan.

Brief:"," The U.S. is planning to offer a $200 million military budget to help the United Kingdom and others fight the Islamic State group in Iraq.

He said the U.S. can help countries that fight the group in other ways.

""It's really important that we do not become a permanent state of emergency and that we work with them to bring their concerns to the international community so that we can have the resources to do"
student_sport_lambda0p25_2k_step250_large,5,9,"Write a short neutral news brief about a new plan.

Brief:"," “I’m surprised how often the American people are shocked that we have no intention of putting a stop to any further abuse, fraud, corruption, abuse and abuse of power and authority in our government and government of our country.”

Facts: I can not believe how many lies have been told to the public about the Obama administration's attempts to destroy the Democratic Party. This is the best story for the people of Texas, which voted for"
student_sport_lambda0p25_2k_step250_large,5,10,"Write a short neutral news brief about a new plan.

Brief:"," The plan has a 4.7 percent increase in the per-minute wage for managers in the United States, as a group, but U.S. unemployment has risen to 9.3 percent, meaning the average hourly worker would be earning $8.70 in 2012. A similar increase in the per-hour rate for workers in the construction industry would come from the addition of $0.08 to $10 a day for union members.
"
student_sport_lambda0p25_2k_step250_large,5,11,"Write a short neutral news brief about a new plan.

Brief:","

""The Trump Administration is attempting to remove the Obama administration's top advisor, former National Security Adviser Michael Flynn, from their position, and has called for a review of the situation before leaving office. It also has called for an investigation into whether Flynn, a former federal prosecutor, was involved in the decision to fire the Director of National Intelligence. The Trump administration is seeking information about the situation, but has said it will not comment on"
student_sport_lambda0p25_2k_step250_large,5,12,"Write a short neutral news brief about a new plan.

Brief:"," I am still reeling over the state of things. The only thing that matters to me is the truth and that’s what I have to tell you about it.

I have spent the last week trying to find out what the hell is going on in my life, and then I had to find out what the hell I have to tell you about it.

My first reaction was that you were all “oh, that’s"
student_sport_lambda0p25_2k_step250_large,5,13,"Write a short neutral news brief about a new plan.

Brief:"," A new ""Battle of the Stars"" plan for the U.S. military has been unveiled, and now it is being extended. The government of Israel says it is sending a message to the United States and other nations that their military is to be used as a deterrent against threats from the United States.

Brief: This story about a new U.S. military strategy was updated after the US Department of Defense sent out a"
student_sport_lambda0p25_2k_step250_large,5,14,"Write a short neutral news brief about a new plan.

Brief:","

http://www.usnews.com/us/story.html?=0004480"
student_sport_lambda0p25_2k_step250_large,5,15,"Write a short neutral news brief about a new plan.

Brief:"," The New York Times says it has ""no evidence"" that the State Department has a plan for removing the border wall from the southwest corner of the U.S. border with Mexico.

The latest version of that plan came out of the State Department's advisory board, and it's the same one the State Department is running. A senior State Department official told The Daily Beast it's not in the national interests of the United States to implement that"
student_sport_lambda0p25_2k_step250_large,5,16,"Write a short neutral news brief about a new plan.

Brief:"," The President's decision to withdraw the U.S. from the Iran nuclear deal may be due to the desire to prevent Iran from enriching uranium at a higher level to produce weapons-grade fuel.

The White House, U.N. Secretary-General Kofi Annan and other officials also made clear to Congress on Tuesday that the deal is a failure and that the United Nations may not accept it.

""The Iranian government"
student_sport_lambda0p25_2k_step250_large,5,17,"Write a short neutral news brief about a new plan.

Brief:"," ""The government must be held accountable for its actions. It is now that our children come into this world that we have to begin to look at how we can change.""

--

The government of Venezuela has launched the most ambitious effort to create a clean energy industry in Latin America in decades. Its effort, outlined in a joint press release on Wednesday, is a response to the massive oil and gas development that began in 2016 and continues to"
student_sport_lambda0p25_2k_step250_large,5,18,"Write a short neutral news brief about a new plan.

Brief:"," How the Trump Administration is using the National Security Agency to spy on internet content.

Brief: How the U.S. Navy has used its intelligence services to spy on Americans and to spy on foreign intelligence services.

Brief: How the National Intelligence Agency is using its intelligence services to spy on Americans and to spy on foreign intelligence services.

Brief: How the Trump Administration is using the NSA to spy on Americans and"
student_sport_lambda0p25_2k_step250_large,5,19,"Write a short neutral news brief about a new plan.

Brief:"," This is a story about a plan by a government employee to close the nation's biggest prison.

The plan is intended to improve the quality of the prison, which would be ""a reflection of the public's belief in the integrity of the prison,"" according to the Department of Justice.

Brief's work would create a new prison for illegal immigrants who would be able to receive less than their U.S. driver's licenses. The"
student_sport_lambda0p25_2k_step250_large,5,20,"Write a short neutral news brief about a new plan.

Brief:"," “No more surprises. The new president will keep a low profile while announcing his re-election. We had hoped the president would get a new address on Sunday when he is still running for re-election. But the mayor has already gone back and forth with the president and the secretary of state. The president has to be ready to make a statement about his position in the next week or more.”

Brief: “The president is ready"
student_sport_lambda0p25_2k_step250_large,5,21,"Write a short neutral news brief about a new plan.

Brief:"," ""I will be in your position. We are looking for a manager, and you need to be part of that.""

The response to the article was very positive -- and it was the first time it appeared on the page.

""That's what we wanted to be,"" said the editor of the paper.

On the paper, ""It is very clear that the majority of the board members and management are happy with the position"
student_sport_lambda0p25_2k_step250_large,5,22,"Write a short neutral news brief about a new plan.

Brief:"," A new, more comprehensive, and well-argued package of recommendations on a range of political issues that would provide recommendations to improve health services, such as those on drugs and the development of a national plan to reduce HIV.

Natalie Eunice Dutton has an interesting column in the Sun about a new plan to build more capacity at the airport and the town hall to build a more dedicated bus service. She writes: ""You"
student_sport_lambda0p25_2k_step250_large,5,23,"Write a short neutral news brief about a new plan.

Brief:"," This is a brief, one-paragraph summary of how the government plans to improve the quality of the information it provides to the public.

Tweet a brief about the government plans to improve the information they provide to the public.

Shares, 0.00 0 0 0 0 0 0 0 0 0 0 0 0 0 001 00 00 00 00 00 00 00 00 00 00 00 0 002 00 00 00 00 00 00"
student_sport_lambda0p25_2k_step250_large,5,24,"Write a short neutral news brief about a new plan.

Brief:"," An inquiry into the impact of a new anti-virus and anti-malware software solution on the UK's small businesses.

A New York Times investigation into the effectiveness of an automated process to remove malicious emails from websites.

Business owner of a private email account sent an email asking for his business partner's advice on how to get rid of potentially harmful attachments.

A UK Government report on how to reduce the risks to the health"
student_sport_lambda0p25_2k_step250_large,5,25,"Write a short neutral news brief about a new plan.

Brief:"," In a letter to the board of directors of the American Broadcasting Corporation, dated January 25, 2012, the chairman of the board of directors of the ABC News, Jack Dorsey, acknowledged the decision not to support a separate proposal for a national TV station, stating: “At the same time that I wanted to inform the shareholders and I know they are deeply concerned, I’ve been informed that the board of directors of the American Broadcasting Corporation will vote"
student_sport_lambda0p25_2k_step250_large,5,26,"Write a short neutral news brief about a new plan.

Brief:"," The Department of Justice’s new, more detailed legal and policy background has been made public and it has been determined that the current law makes it illegal for a prosecutor to ask for a search warrant for evidence, regardless of the underlying facts in the case.

The law is the most significant law ever enacted on the Internet and in the United States. It’s still on the books and can be found on the website www.justice."
student_sport_lambda0p25_2k_step250_large,5,27,"Write a short neutral news brief about a new plan.

Brief:"," A new way to track people who have been killed in car crashes, or when people are found in a crash.

Covered in red in the news brief, the yellow text with a blue bar at the bottom of the brief tells the reader the new plan was approved by the governor's office, or if the plan goes forward to a new council.

The brief says: ""To track people who are injured or killed, or their"
student_sport_lambda0p25_2k_step250_large,5,28,"Write a short neutral news brief about a new plan.

Brief:"," The New York Times' most popular short story, ""I Am a Gator,"" was retitled ""The Great Game.""

Brief: A writer told the story of a mother who tries to stop her son from shooting himself in the foot.

Brief: The Times' most popular short story, ""How to Succeed in Business,"" was retitled ""The Most Efficient Man in the World.""

Brief"
student_sport_lambda0p25_2k_step250_large,5,29,"Write a short neutral news brief about a new plan.

Brief:"," A new report in the International Herald Research

The new report, titled “Gov’t: State of the Art: The First 50 years of the National

Commission on the State of Emergency,” lists the number of applications for

emergency assistance to the United States of America: 596,868. In addition to

a number of other state agencies, the U.S. Treasury identified another 864,000"
student_sport_lambda0p25_2k_step250_large,5,30,"Write a short neutral news brief about a new plan.

Brief:"," This is a small but detailed description of what we've been doing for the last two weeks, and what we expect to continue to do.

The News Herald and a story about that first event have been the targets of criticism. The article notes that ""there is no proof that the NHTSA had a policy of excluding news stories of government agencies and the public from its database"", and that ""it is in the interest of all news organizations"
student_sport_lambda0p25_2k_step250_large,5,31,"Write a short neutral news brief about a new plan.

Brief:"," 1,200 words.

It would, after all, be a short one. If only to make sure the news is getting some more attention.

But it's something that would have been done already, that is, if he'd made the call. A very good question, I think. And for the past few days I've been wondering why he has been so quiet.

It's something to do with the fact that"
student_sport_lambda0p25_2k_step250_large,5,32,"Write a short neutral news brief about a new plan.

Brief:"," The President’s Advisory Committee on Science, Technology, and the Environment is expected to hold a hearing on President Donald Trump’s proposal to develop a national network of scientists to study the effects of climate change.

What Is It?

An online forum dedicated to investigating the effects of the climate change trend is known as the Climate Hub. A project that combines climate science with a climate policy toolkit, the Climate Hub is intended to bridge"
student_sport_lambda0p25_2k_step250_large,5,33,"Write a short neutral news brief about a new plan.

Brief:"," The governor's staff has released a draft of a new budget and is requesting more money, in the hopes that this will spur more funding for mental health.

The governor's office said the $2.3 million request is aimed at increasing the state's budget by $300,000 from the current $1.9 million. The governor's office said it is requesting $500,000 more.

Herald Media sent a request to"
student_sport_lambda0p25_2k_step250_large,5,34,"Write a short neutral news brief about a new plan.

Brief:"," We’ll give it a thumbs-up.

Advertisement

S.I.E.

One year ago, the news media was reporting on the alleged torture of women accused of being drug dealers and sex offenders; but, as the story unfolded, the news media decided to report on a far different story."
student_sport_lambda0p25_2k_step250_large,5,35,"Write a short neutral news brief about a new plan.

Brief:"," https://goo.gl/Zs2XzQ

Newsbrief: http://www.ukb.org.uk/news/article/newsbrief

Brief: https://goo.gl/9nA5Zt

A long-awaited report on the state of the public broadcasting sector is the first step towards the transition to the Digital TV regime.

The report, The Digital Service"
student_sport_lambda0p25_2k_step250_large,5,36,"Write a short neutral news brief about a new plan.

Brief:","

""The report from the Office of the Chief Justice of the High Court of Malta, together with the investigation carried out by the Special Investigative Unit, is that the Chief Justice of the High Court of Malta, Dr. Mario Pé, has been transferred to the National Archives of Malta to carry out a special investigation against the family of the late Maltese citizen and his family member, and to assist in the creation of a special investigation"
student_sport_lambda0p25_2k_step250_large,5,37,"Write a short neutral news brief about a new plan.

Brief:"," How a New York City police chief, the mayor, and an NYPD detective spent a day at Trump Tower.

On a phone call to the NYPD chief on Monday afternoon, Trump tweeted that the police chief had been ""apprehensive.""

That tweet was posted by a source who said the two men were not in contact.

Trump, who had been in the meeting, reportedly left the meeting to speak with the mayor"
student_sport_lambda0p25_2k_step250_large,5,38,"Write a short neutral news brief about a new plan.

Brief:","

Brief by Michael T.

Factual:

Michael T. is a correspondent for the International Herald Tribune. He has written for International Herald Tribune, NewsDay, The American Mercury and The Baltimore Sun, and the Washington Post. He is the author of two books, The New York Times Best Seller in New York City (2015), and The Boston Globe Best Seller in Boston (2014). He has been published in"
student_sport_lambda0p25_2k_step250_large,5,39,"Write a short neutral news brief about a new plan.

Brief:"," http://www.moh.org/story/2417

""The only person that I can really trust is my friends, and I can't say they have a clue,"" says the former ""Dumpster"" owner of the restaurant. ""I have my friends in the business. I know they will be loyal and I know the business is a good one, and we all know how to deal with customers.""

What does"
student_sport_lambda0p25_2k_step250_large,5,40,"Write a short neutral news brief about a new plan.

Brief:"," The Supreme Court ruled on the first day of the United States Supreme Court hearing on the same issue, ruling that the United States had violated Section 8(7) of the Immigration and Nationality Act, as amended.

The court's order said that the new section 8(7) definition ""does not apply to any person who has received lawful permanent resident status or an immigrant visa, and not to individuals who, in the opinion of the United"
student_sport_lambda0p25_2k_step250_large,5,41,"Write a short neutral news brief about a new plan.

Brief:"," BOOK OF HUNT

A short biography by the eminent British literary scholar and journalist Edward James Bewer of the United States who, in the early 1860s, had begun his literary career with the publication of The History of English Literature in 1654, the oldest comprehensive compilation of English authors (which he had contributed to) in existence, published in 1845, still extant in a complete form. He also edited the volumes of the"
student_sport_lambda0p25_2k_step250_large,5,42,"Write a short neutral news brief about a new plan.

Brief:","

A group of about 50 people have been formed to develop a social media campaign to raise awareness about the possible introduction of online bananas.

The new campaign is being launched in a bid to support the people of South Australia in their attempt to banbanbanbanbanbanbanbanbanbanbanbanbanbanbanbanbanban.

A new version of the report has been released on social media by one of the groups,"
student_sport_lambda0p25_2k_step250_large,5,43,"Write a short neutral news brief about a new plan.

Brief:"," The new plan is to cut costs and increase efficiency while also reducing the use of diesel, heating and air conditioning power and diesel fuel.

But that does not mean there will be no money to put into it. Instead, the plan is to raise taxes to help fund this effort.

""The only way to achieve a 100% reduction of cost in the fuel bill is to raise the consumption per capita,"" said Andrew Geduldig"
student_sport_lambda0p25_2k_step250_large,5,44,"Write a short neutral news brief about a new plan.

Brief:"," The Obama administration is preparing to launch the first phase of the Obama-led U.S. government’s proposed national climate action plan (NCP).

The new plan would see the United States acting as the nation’s top climate leader.

The U.S. has already spent $3 billion since the start of the Copenhagen accord on emissions reductions. But according to the U.N., the proposal would be scaled back by"
student_sport_lambda0p25_2k_step250_large,5,45,"Write a short neutral news brief about a new plan.

Brief:"," What is the new plan?

""A lot of people will feel very uncomfortable to watch a video of a doctor making a speech at an event at the White House,"" said Lara Rivas, executive director of the Family Research Council. ""That is certainly a very uncomfortable position.""

The new plan has been described as a ""short neutral"" speech by Dr. William J. ""Bill"" Jernigan, head of the American"
student_sport_lambda0p25_2k_step250_large,5,46,"Write a short neutral news brief about a new plan.

Brief:"," Bike-touring and bicycle tourism have become staples for most Americans. The idea of a bicycle tour company is to educate people about the importance of bicycle commuting, and the most common route to and from work is the popular bus route. If this was a true guide to getting the most out of your bicycle, you would see that a bicycle tour company would be the only company to provide a variety of information on the state of bicycle commuting in"
student_sport_lambda0p25_2k_step250_large,5,47,"Write a short neutral news brief about a new plan.

Brief:"," New York Times journalist James Fershida and a host of experts, including Harvard law professor William Rehm, discuss the importance of the American health care law, and what the state of California has to offer.

Advertisement

Advertisement

Dismay, a little-known group that includes the Times and Fox News, has taken up the lead in an effort to prevent the use of the term ""voter fraud"" in the"
student_sport_lambda0p25_2k_step250_large,5,48,"Write a short neutral news brief about a new plan.

Brief:","

The most powerful, and therefore least understood, and often overlooked, piece of anti-corruption law, was the infamous 1999 Law 103, which removed an accused member of the House of Commons (and former Labour MP John Mann, then a Minister) from the House of Lords to stand as an opposition member to the Prime Minister. This was done in order to allow the Prime Minister to continue to rule as a member of the British Parliament,"
student_sport_lambda0p25_2k_step250_large,5,49,"Write a short neutral news brief about a new plan.

Brief:"," It's a short report of a study.

Advertisement:

""Why is it that we have no political leaders who do anything for a living or who are just a lot more or less responsible for it? It's that they don't get to tell their story,"" wrote historian David Vladeck in the National Review. ""If you ask any serious politician who's been to jail, they'll tell you they've been in a"
