generated_by,prompt_idx,sample_idx,prompt,continuation
base_large,0,0,"Write a short neutral news brief about a recent local development.

Brief:","

If you want to learn more about the new development near the village of Voss, you can watch the announcement from the mayor.

If you want to read more about the development near the village of Voss, you can check out the website for the new development.

What’s in the news?

A news release was sent out on Saturday, July 26th.

There are no more updates about the"
base_large,0,1,"Write a short neutral news brief about a recent local development.

Brief:"," The city’s most recent development includes a new office building, a restaurant and a residential development.

Brief: The news released Wednesday includes the latest development in the city’s ongoing efforts to improve its pedestrian and bicycle infrastructure.

Brief: The news released Wednesday includes the latest development in the city’s ongoing efforts to improve its pedestrian and bicycle infrastructure."
base_large,0,2,"Write a short neutral news brief about a recent local development.

Brief:"," the first week in October, at the end of the month, the St. Louis Post Dispatch gets its first real chance to run an editorial on a local business.

Brief: The local paper gets the chance to write about the problems facing the city and the people it serves.

Brief: The paper is going to be doing regular things. It has a regular column on a local city council candidate. And it has a"
base_large,0,3,"Write a short neutral news brief about a recent local development.

Brief:","

The article notes that:

“The University of Oklahoma’s Board of Trustees recently approved a $4 million gift to the University of Oklahoma Community College, the largest non-profit in the University of Oklahoma system, for an educational asset.”

“The Oklahoma School of Applied Technology’s first full-scale project in the University of Oklahoma System was recently completed and a research collaboration will provide funding for a new graduate research program.”"
base_large,0,4,"Write a short neutral news brief about a recent local development.

Brief:","

""The development of the Village of Epping has led to the introduction of a new neighbourhood to the city: The Epping neighbourhood. The development has produced a diverse community with new retail and entertainment options within the surrounding development, as well as a new pedestrian centre and new public transport links. The development also has provided an attractive base from which to develop further in the surrounding area.

As part of the development, a new community management"
base_large,0,5,"Write a short neutral news brief about a recent local development.

Brief:","

“…a woman was walking her dog in a very, very, very big city. This small town is one of the most important and beautiful places I have ever seen. It’s a place with very beautiful people and the best music ever heard in this area…It’s a place that will forever be remembered.

“…She was walking her dog in a very, very, very, very big city. This small"
base_large,0,6,"Write a short neutral news brief about a recent local development.

Brief:"," The state has been a major supporter of the local development, but it has been a subject of a lot of controversy during the past few years.

Brief: One of the most successful and controversial cities in the state has been a new development – a town hall – in which many people, including those in the city, will be coming to town and discussing important issues.

Brief: It is a “public library” – that"
base_large,0,7,"Write a short neutral news brief about a recent local development.

Brief:"," A story on the effects of the U.S. government’s decision to spend more money on renewable energy.

Short and sweet: This is a story on how the federal government is using its money to fund a new solar power plant in Virginia."
base_large,0,8,"Write a short neutral news brief about a recent local development.

Brief:"," A small community of people living with the impact of the COVID-19 pandemic have been forced to move to the city of Wuhan. Many residents of this area are worried that the virus could still be spreading.

""We are trying to stay close to the hospital,"" said Dr. A.Y. He is among more than 1,000 people in Wuhan who have been quarantined for 24-hours as they move to safety.
"
base_large,0,9,"Write a short neutral news brief about a recent local development.

Brief:"," A recent local development.

This brief is based on a report prepared by the Bremerton School board concerning a project at a private school. In the report, the Bremerton School board is asked to determine if the project should be turned over to the local government or transferred to the school. It is proposed that Bremerton should transfer the project to the school.

Brief: A recent development.

This brief is"
base_large,0,10,"Write a short neutral news brief about a recent local development.

Brief:"," News, opinion and analysis.

Brief: The latest developments in the state, particularly on the city's economic development.

Brief: The latest developments in the state, particularly on the city's economic development.

Brief: A current report on the state's economic development.

Brief: A current report on the state's economic development.

Brief: A current report on the state's economic development"
base_large,0,11,"Write a short neutral news brief about a recent local development.

Brief:"," This is the last week before the Super Bowl, but I will make an exception and go back to the Super Bowl theme: “The people who watch the Super Bowl, they believe the Super Bowl is a really good time for them. They care about the people who enjoy watching the Super Bowl.”

That’s all well and good, but the Super Bowl is also a great time for a little shopping and family fun. And I believe the"
base_large,0,12,"Write a short neutral news brief about a recent local development.

Brief:"," ""The new, renovated housing block of the Weston-Baxter School will be called 'The Weston Westside Homes,' with the construction of a new, renovated building.""

New York Times: ""The home, built in the 1930s, is a rare example of a large condominium in the nation's capital.""

New York Post: ""A new home in Weston, a sprawling, once"
base_large,0,13,"Write a short neutral news brief about a recent local development.

Brief:","

It’s not exactly news, but it’s quite interesting.

When I was a kid, I saw a lot of local stuff.

That was a big thing in the 1970s. I grew up in Newbury, Wisconsin, and have lived in the surrounding town of Stettler. The story of the neighborhood’s history is told from a couple of perspectives.

Firstly, they had an entire"
base_large,0,14,"Write a short neutral news brief about a recent local development.

Brief:"," Local writer and political analyst J.P. Benton is a former staffer for the state's Republican Gov. David Ige, who was ousted after he tried to impeach Ige in 2007. Benton was the state's Republican Rep. Michael McCaul, who served as governor from 2001-2006. ""I've never met the guy,"" Benton said. ""I never have met him."" Benton also served as political director"
base_large,0,15,"Write a short neutral news brief about a recent local development.

Brief:"," The city’s transit planning is in limbo, but a developer has developed a light rail line connecting the city to a town of three, including a new one at the intersection of Water St. and Hennepin.

The project is expected to build the light rail from the old Hennepin Avenue station in mid-2020, with a proposal to start building the line at the former Pinnacle shopping center.

"
base_large,0,16,"Write a short neutral news brief about a recent local development.

Brief:"," The new building of the former Rizk Park mall with a new entrance facing a parkway is being designed by architect J.C.P. Gershon Architects, who has designed the city's first modern mall building with a concrete facade. This new, 12-storey building has a total height of 891 m, and a floor space of 35.2 m. The building is located at a distance of 5.5"
base_large,0,17,"Write a short neutral news brief about a recent local development.

Brief:"," https://bit.ly/2y7hYJ9

The first episode of the new podcast “Motorway to the Moon” features the latest news from the “The City of London” — which is a short, friendly and informative talk with one-on-one, in-person sessions that will provide insights into this vibrant city. We hear from the British MP, Lord O’Brien, and the new London mayor,"
base_large,0,18,"Write a short neutral news brief about a recent local development.

Brief:","

""I see a little problem here.""

""Let me ask you something.""

""Ask me anything.""

The writer is in his sixties, the style is aggressive, the language thick.

She has a small, light, clean, white, flat, square face.

She has a tiny dark one-and-a-half-inch wide nose and a small, dark one-and"
base_large,0,19,"Write a short neutral news brief about a recent local development.

Brief:"," The Mayor of Pune is a member of a special board which advises the government on all matters related to development.

In the past, the Mayor has also made presentations to the public on a number of civic issues."
base_large,0,20,"Write a short neutral news brief about a recent local development.

Brief:"," On Saturday, local residents voted to legalize marijuana and the federal government declared that any state that chooses to legalize marijuana is in violation of federal law.

“We need to have a robust police force,” said Councilwoman Kate Gillespie, co-chair of the Baton Rouge Police Association. “We need to have a solid police force that’s capable of preventing crime.”

Gillespie said the city needs to make"
base_large,0,21,"Write a short neutral news brief about a recent local development.

Brief:"," The town of Wichita Falls is currently home to a huge project to create an oversize new building that will house more than 40 people.

The project is called the “Town of Busts,” and it will have a new name: Wichita Falls Town Hall. The first phase of the project is scheduled to cost $5 million, $8 million, and $10 million.

“There’s a lot of"
base_large,0,22,"Write a short neutral news brief about a recent local development.

Brief:","

A recent news story by the Westport Republican is “an unassuming, unassuming building in the heart of Westport, Conn., that is a popular local event.

The story, which has been a subject of public discourse for more than a year, began when the New York Times reported that it had received a tip that a contractor was planning to build the building.

On the morning of Oct. 27, a man"
base_large,0,23,"Write a short neutral news brief about a recent local development.

Brief:"," It was a quiet morning for the media here when I walked in the lobby. The front desk was kind enough to take a moment to glance at the phones at the other end of the reception room. A woman answered on the first ring.

""This is Mr. T. I have a question for you about the situation at the company.""

""Yes, sir,"" the woman replied. ""It's good news.""

"""
base_large,0,24,"Write a short neutral news brief about a recent local development.

Brief:"," The media has made an issue of environmental disasters.

Brief: A local school has suffered a severe collapse. A community has lost its homes. A small town is in a precarious situation.

Brief: A local teenager has been hospitalized. A community in the northern state of Minnesota is in a precarious situation.

Brief: A community has lost its homes. A small town is in a precarious situation."
base_large,0,25,"Write a short neutral news brief about a recent local development.

Brief:"," (Note: The following will be edited slightly for the length of this article.)

“This is just a start. It will bring together the many pieces of news that are coming out on the ground, and then give the media a lot of opportunities to connect.

“As a result, the people of West Yorkshire are more interested in what’s happening in their city. It’s great that the local media has brought this to"
base_large,0,26,"Write a short neutral news brief about a recent local development.

Brief:","

A recent development has forced the mayor of Southampton to step aside, with the city's housing market in crisis.

A local official has called for a ""political settlement"" with the Southampton Town Council.

But council leader George Thomas told the Southampton Advertiser: ""We're stuck.""

Inspired by a recent development in Southampton, a local group called the Southampton Neighbourhood Council"
base_large,0,27,"Write a short neutral news brief about a recent local development.

Brief:"," “The local development for the East Village,” in this case, in the East Village.

Brief: The development was developed by the East Village Housing Corporation, which includes the East Village community, the Central District and Central Park.

Brief: An old community development center in the East Village.

Brief: The East Village neighborhood is a community of about 20,000 people. A total of about 20,000 people"
base_large,0,28,"Write a short neutral news brief about a recent local development.

Brief:"," (1) Breezy, small town with its
old-fashioned charm; (2) Old-timey atmosphere; (3) Old-timey humor; (4)
small town feel; (5) old-timey attitude.

A brief report on a local
project. (B) A short description of a local project, from the
center-center distance.

A short report on a local"
base_large,0,29,"Write a short neutral news brief about a recent local development.

Brief:"," The latest news from Iona. Iona is planning to expand.

Brief: Iona is a small village in the North of England that is also a major tourist destination.

Brief: The Iona Development Company is working with the Iona Tourism Authority to renovate the Iona Airport.

Brief: In April 2018, the Iona Development Company announced plans to build the Iona Airport.

"
base_large,0,30,"Write a short neutral news brief about a recent local development.

Brief:"," The state government is under pressure to find a way to deal with the “red carpet” influx of new residents. And the new residents are beginning to feel the pressure to put the brakes on some things.

“The pressure that was created by this move to build a highway is becoming more significant,” said Darius Shum, a director at the Centre for Research on Globalization.

“The fact that there is a large number of"
base_large,0,31,"Write a short neutral news brief about a recent local development.

Brief:"," ""Driving for the Saving the Sake"" is ""the last thing we need today."" A young girl has a problem with the traffic and gets into trouble.

Story Continued Below

The story starts out like the rest, with a very small man telling his girlfriend that he can't get the car over the shoulder on the road that his daughter lives on. He says that the car he's driving will have a problem because"
base_large,0,32,"Write a short neutral news brief about a recent local development.

Brief:"," A new project from The Daily News uses the Internet to bring a local school to a location. The local school has a dedicated internet server that is hosting the site. Local student leaders will be invited to sign up for a free online quiz on the site. A member of the school staff will take the quiz and use the information they’ve collected to design a school resource kit to send to students.

A more general brief from The Daily News"
base_large,0,33,"Write a short neutral news brief about a recent local development.

Brief:"," I want to raise a question about the way in which the Democratic Party has chosen not to expand its base, instead choosing to focus its resources on the Republican Party. The Democrats' party, after all, is a political party in which the wealthy do not vote and the middle class, especially those with lower incomes and those who are at least as poor as the poor, have no say in the direction of party politics. It is not as if the"
base_large,0,34,"Write a short neutral news brief about a recent local development.

Brief:"," How a new city has to be designed for a single family, a couple of businesses, and no school district.

Hear, hear!

And don’t forget to listen to our radio interview in this article by David Schuler for our weekly roundup blog."
base_large,0,35,"Write a short neutral news brief about a recent local development.

Brief:"," A brief of the latest development in a local park

But there is something more to be said about the recent development in a small neighborhood that the local news outlet is reporting.

What has been happening is that the city has become a kind of “shout-about town,” a term used to describe a community that seems less than pleased with some of the development in the area.

For instance, a sign posted on a nearby"
base_large,0,36,"Write a short neutral news brief about a recent local development.

Brief:"," For a little while the Washington Post published a piece about a homeless man who’d been beaten, kicked and kicked by his partner, who had the local police take him into custody.

“And that’s when you get to the person who was beaten, the guy that did it,” said Andrew Zawisow, one of the local journalists who interviewed the man, who asked that his name not be used. “They had been"
base_large,0,37,"Write a short neutral news brief about a recent local development.

Brief:"," The News

The News

The News

As a result of the recent development in the City of London and the fact that there are a total of 11 branches of the news agency, it is a time for reflection of the news.

The News

The News

The News

The News

The News

The News

The News

The News

The News

The News"
base_large,0,38,"Write a short neutral news brief about a recent local development.

Brief:"," ""The City of Houston is preparing for a new mayor. At a recent meeting of the Houston Community Advisory Committee, members expressed interest in making a recommendation to the Board of Supervisors. The City Council is expected to approve the proposal. In the meantime, local leaders plan to discuss the possibility of appointing new city manager.

A brief from the City of Houston public affairs office reads: ""The Houston Police Department has a new city manager."
base_large,0,39,"Write a short neutral news brief about a recent local development.

Brief:"," Local residents, including the owner of the nearby restaurant, are asking the council to take this matter into its own hands and make it public. A letter from the Mayor’s office claims the “local businesses and residents are affected by the news.”

Local businesses, including restaurants, are affected by the news.

The Mayor’s office issued a letter to the council Thursday. The letter also states that “all news outlets will be made"
base_large,0,40,"Write a short neutral news brief about a recent local development.

Brief:"," The media is obsessed with the idea of local government. It is a big part of why local governments have a negative effect on local elections and candidates.

Short: I've never heard of any sort of media frenzy involving local governments.

Long: A political culture that is not to be shared by the vast majority of citizens, but that includes politicians.

What's wrong with the media?

Mostly, the media"
base_large,0,41,"Write a short neutral news brief about a recent local development.

Brief:"," The City of Ouagadougou's first commercial airbase, the AEC-8/2, was bombed on September 1, 2005.

The news brief, obtained by AFP, states that the airbase was bombed in response to a bombing attempt by a militant group on September 8, 2005.

The air base is located on the eastern side of the city.

Local journalists were arrested by police and"
base_large,0,42,"Write a short neutral news brief about a recent local development.

Brief:","

A man stands before the entrance of a restaurant, his left hand held out to the camera, a newspaper in his hand and his shirt. He looks over his shoulder to the screen, and, without turning his head, his hands and his face are hidden from the viewer.

Short:

A man stands before the entrance of a restaurant, his left hand held out to the camera, a newspaper in his hand and his shirt"
base_large,0,43,"Write a short neutral news brief about a recent local development.

Brief:"," https://www.theblade.com/news-and-news-about-local-development-the-blade-blog/

The Blade Blog is created and maintained by the Blade Foundation. Any views expressed are those of the author and do not necessarily reflect the views of The Blade Foundation."
base_large,0,44,"Write a short neutral news brief about a recent local development.

Brief:"," The following section covers the events that lead to the construction of the new hotel.

C. The Development of the Hotel

The development of the hotel was first announced in March 2011. The following month, the hotel was put on the market by its developer and is expected to be complete in the next few years. A few months later, another development went on the market, also in the middle of construction.

In May of 2013"
base_large,0,45,"Write a short neutral news brief about a recent local development.

Brief:"," “A new study shows that we could have a strong presence in the marketplace by 2025 for businesses and individuals.”

More: How a community that has been the most successful in the United States was the next-largest market in the world

“The more we do something, the better we will be in the long term,” says Dan Reeder, an associate professor in economics at the University of Texas at Austin. “But to actually"
base_large,0,46,"Write a short neutral news brief about a recent local development.

Brief:"," A local economic development project, supported by local officials, has developed the city’s Main Street. It features a mixed-use development with a commercial space, restaurant space and a sports arena, along with a residential neighborhood. A new bus stop is planned for the site. The project also includes a new light-rail station.

The report shows that the development is a success in the low-density area surrounding the main street and residential neighborhood"
base_large,0,47,"Write a short neutral news brief about a recent local development.

Brief:"," The new school building at Northwood Avenue was built in 2005, and it now serves as the new principal, while the old school building has been converted into a new gymnasium, new auditorium, and a new classroom building.

The new school building is the second part of the new school for the Southwood area. It opened in September 2009. The new building includes a new gymnasium, new auditorium, and new classrooms"
base_large,0,48,"Write a short neutral news brief about a recent local development.

Brief:"," The B.C. Coast

The Coast

The Coast is one of the largest cities in British Columbia, and one of the longest in the world. It is one of the most densely populated areas of British Columbia and is home to a number of major corporations. One of the largest in the world, the Coast, is home to a number of other high-rise companies, including:

The British Columbian Government Ltd, BC"
base_large,0,49,"Write a short neutral news brief about a recent local development.

Brief:","

""No, I don't need any more money. I'm done."" The mayor of a community of 10,000, I'd be ashamed to admit it.

The only reason I was in the office the day of the meeting was that I needed to talk about another project I had in mind.

I told the president that I had recently been offered a deal where a new library will be constructed on a 1.5"
base_large,1,0,"Write a short neutral news brief about a public announcement.

Brief:","

I received a text message from my friend who was a fan of Bill O'Reilly yesterday regarding the controversial ""New York Times"" report that Hillary Clinton was the presumptive Democratic nominee. The New York Times is owned by the New York Post, and the news that the Clinton campaign has tried to cover up the Benghazi attack is not only completely incorrect, but a complete lie.

After the press conference, a group of"
base_large,1,1,"Write a short neutral news brief about a public announcement.

Brief:"," ""I’m going to put my house on the market. I think we can make a lot of money.""

Hockey Night in Canada: ""Can you imagine how much these guys could make? What I know, it’s not that easy. It’s a lot of money.""

Hockey News: ""What's on the docket for this season? We're looking at this season. We're looking at this next"
base_large,1,2,"Write a short neutral news brief about a public announcement.

Brief:"," a new study shows that in order to reduce the risk of an epidemic, more public education and increased spending in public services should be part of the equation.

“We hope to reduce the public risk of infectious disease, but it is also true that governments are spending more money on public services and public health,” says Dr. Andrew Phelps, the study’s lead author.

In the study, Phelps and colleagues surveyed"
base_large,1,3,"Write a short neutral news brief about a public announcement.

Brief:"," An editorial in The Times this week that has sparked considerable debate about whether the National Democratic Club is an “affiliate” of the Obama campaign or if it is a “neutral” voice of the people. It is certainly an intriguing piece of journalism, but it raises the question of the balance that exists between editorial independence and the ability to say things that might be controversial without interference from the party and its supporters.

On a related note,"
base_large,1,4,"Write a short neutral news brief about a public announcement.

Brief:","

The U.S. government is warning against the ""extensive use of social media to promote the negative publicity of President Trump,"" the president's aides have said.

The warning follows reports in the run-up to the election, which many of the protesters had planned to protest.

The Trump administration is seeking to limit political exposure on social media, and has said it will block ""high-profile, public content to promote"
base_large,1,5,"Write a short neutral news brief about a public announcement.

Brief:"," Trump’s decision to cut off funding for the Environmental Protection Agency could send the nation back to the worst climate disaster of our history.

Brief: A bipartisan group of senators is working to end the Obama-era EPA regulation that allows corporations and individuals to keep their air, water and land pollution below the federal government’s standards, even when those companies have done nothing wrong.

Brief: Senate Democrats are pushing to overhaul the"
base_large,1,6,"Write a short neutral news brief about a public announcement.

Brief:"," The U.N. is considering ending its ban on foreign chemical weapons. The U.N. says it has found no evidence that Russia’s arsenal is producing these weapons. The U.N.’s secretary-general is expected to give the go-ahead to a ban later this year. In a speech Monday, General Charles Michel said, “We will not allow the Russians to build, manufacture or use weapons of mass destruction, which are"
base_large,1,7,"Write a short neutral news brief about a public announcement.

Brief:"," The Bidens have made no secret of their desire to have the government’s “no-fly” rule extended to public gatherings. While the U.S. government does not currently seek such a restriction on its aircraft, the Bidens have suggested the proposal is not necessary. “If the government decides to put a no-fly policy in place, and we do, we will do it by the end of the year,” they said"
base_large,1,8,"Write a short neutral news brief about a public announcement.

Brief:"," The Trump White House announces its withdrawal of the U.S. military intervention in Libya and the country’s withdrawal from NATO and the NATO alliance in general.

A: An initial version of the brief, written by the Trump campaign’s former spokesman, Michael Flynn, and published in January, was sent to Congress by the State Department this week and was released on Monday. The brief also criticized the Trump administration’s decision to withdraw U"
base_large,1,9,"Write a short neutral news brief about a public announcement.

Brief:"," ""The latest update on the death of former British Prime Minister Gordon Brown was released late yesterday afternoon and the news was released in a short neutral news brief.""

""The news was released in a short neutral news brief.""

The Daily Mail released the news shortly after the former prime minister appeared in hospital with a knee injury and in a statement: ""I am in the London area today as I take my leave from work and am delighted to"
base_large,1,10,"Write a short neutral news brief about a public announcement.

Brief:"," A few days ago, I wrote about the issue of the “referendum” in the UK. It seems we need to address this issue for the benefit of the British people (and maybe also for the people of other countries, which are not on the EU borders).

The EU is a huge issue for the UK. There are many questions that we have to ask ourselves and, in particular, the question of whether the vote on the"
base_large,1,11,"Write a short neutral news brief about a public announcement.

Brief:"," It seems that the current public interest in the matter of public disclosure of information about the death of a gay man in a racially motivated murder case is growing. While this article may seem like a good start, some would argue that the public should be concerned, even if it has been reported to the police.

Short: “The Public” and “The People” are the two words that are not in the context of a gay rights issue"
base_large,1,12,"Write a short neutral news brief about a public announcement.

Brief:"," We will not discuss the details of the announcement but we will provide a short description of its significance. We'll make our statements to the media later this evening.

""One of the big problems in the world today is that the world needs to think about the way we can organize our world. This is a big challenge. And we have to think about it on a larger scale, not just by talking about it in a few words.""
"
base_large,1,13,"Write a short neutral news brief about a public announcement.

Brief:"," Public announcement for the next President of the United States, a new and expanded news brief featuring important facts and figures, as well as briefers and presenters about current events.

Public announcement: This short, short, and full public announcement is a full press release, but should be shortened as the short has to be longer and there will be a briefer version.

Public announcement is also a longer, full public announcement.

"
base_large,1,14,"Write a short neutral news brief about a public announcement.

Brief:"," ""Celebrations, good food, good company...The news is good and the headlines are good!""

Celebration: ""The good news about my daughter's wedding!""

News: ""I'm in the middle of a new feature article, but a small portion is the first big one to hit this blog.""

News: ""I'm in my kitchen and I'm preparing for the ceremony.""

Advertisement"
base_large,1,15,"Write a short neutral news brief about a public announcement.

Brief:"," A public announcement announced for the U.S. Department of Energy.

Brief: A public announcement announced for the U.S. Department of Energy.

Brief: A public announcement announced for the U.S. Department of Energy.

Brief: A public announcement announced for the U.S. Department of Energy.

Brief: A public announcement announced for the U.S. Department of Energy."
base_large,1,16,"Write a short neutral news brief about a public announcement.

Brief:","

The story features the first-year students from the College of Liberal Arts' class of 1971. Students describe in detail their experiences while enrolled in their studies at the College of Liberal Arts, and the students' stories of their lives. The story contains anecdotes, images, and background information about the students' experiences.

Brief:

The story features the students from the College of Liberal Arts' class of 1973. Students describe"
base_large,1,17,"Write a short neutral news brief about a public announcement.

Brief:"," (1) This brief describes the history of public announcements; (2) A brief on the current situation in the United States and the consequences for the current presidential election and the upcoming election; and (3) A brief on the role of the federal government in creating the public announcements media and media strategies.

What is the public announcement media?

A public announcement media is a news media that offers the most balanced coverage of events that matter"
base_large,1,18,"Write a short neutral news brief about a public announcement.

Brief:","

The public announcement is the announcement of a national or international decision by a government or an organization about whether to establish a political party or to issue a public statement of opinion or support or oppose such political parties.

You can make a brief statement of opinion or support or oppose a political party on the grounds that it is:

Public, in which case it must be a national or international decision.

Strongly opposed to,"
base_large,1,19,"Write a short neutral news brief about a public announcement.

Brief:"," A short neutral news brief about a public announcement.

A Brief: A short neutral news brief about a public announcement.

The brief will be published on the Internet.

The article will have a shorter duration (2 to 3 seconds) than the brief, so you'll still be able to see the full article.

The Brief will also be available to those who are unable to read it.

The Brief will be"
base_large,1,20,"Write a short neutral news brief about a public announcement.

Brief:","

The following is from the New York Times. ""U.S. President George W. Bush declared Wednesday a 'final' end to the Iraq War. The decision was part of a sweeping campaign to build a coalition and to try to end the war without turning the conflict into a proxy war.""

Brief:

""The American people saw the Bush administration's final order as a major victory. It also created a sense of"
base_large,1,21,"Write a short neutral news brief about a public announcement.

Brief:"," A brief summary of the news story, written by a retired news reporter.

Advertisement:

""The decision to suspend the operations of a public radio station was never based on any of these issues. It was simply to assure that the stations would continue to operate as planned.""

The news story was written by a retired Fox News reporter who had previously been fired for a report that he was a ""whistleblower.""

News"
base_large,1,22,"Write a short neutral news brief about a public announcement.

Brief:"," The President and the U.S. Government Will Make a Short Message To Public Officials Who Make Public News

Short: If the President and the U.S. Government Do Not Create a Short Message To Public Officials

If the President and the U.S. Government Do Create a Short Message To Public Officials, the President and the U.S. Government May Make an Explicit Public Notification.

Short: The"
base_large,1,23,"Write a short neutral news brief about a public announcement.

Brief:"," In light of the release of an alleged whistleblower who exposed an FBI employee's inappropriate behavior, the FBI has released a five-page internal memo that includes a list of the whistleblower's names, dates and place of birth, and other information to support the agency's assessment of the case.

There is a good chance the case will be dismissed because of the delay, but that may not be the end of the story. The government may"
base_large,1,24,"Write a short neutral news brief about a public announcement.

Brief:","

The United States has been the world's most powerful military and has been at war for the last eight years. We have used this fact to promote a war strategy. The war strategy is not designed to be the best war strategy but to be a good war strategy. We do this because we are a nation of laws. Lawlessness is an American word. If a law is broken, then it must be broken. If a law is unjust"
base_large,1,25,"Write a short neutral news brief about a public announcement.

Brief:"," I am going to make a short news brief about a public announcement. https://t.co/rQ2Z5Q5rGbA — President Donald J. Trump (@realDonaldTrump) March 5, 2018

So it is a brief for the public announcement, but they didn’t make a mention of a public announcement at the same time. So you can imagine the reaction on Twitter.

My brief does not"
base_large,1,26,"Write a short neutral news brief about a public announcement.

Brief:"," ""The President called on Congress to help get the U.S. out of the opioid crisis. Congress has not taken a positive course at the moment. They are not sure about the long-term consequences if the opioid crisis goes on for a few years.""

Brief: ""The President said he would consider talking to lawmakers about the need for reform to the drug laws. ""He's working with the bipartisan Gang of Eight to develop a"
base_large,1,27,"Write a short neutral news brief about a public announcement.

Brief:"," A new online news portal, ""Nielsen News Briefs,"" has been launched that will give viewers the power to choose where and when to read the public announcement. The site is available on desktop and mobile devices, with all the latest announcements.

""This news portal is a great way to get information on our public announcements,"" said Brendan D'Elia, head of Nielsen's online news division.

The brief will be available"
base_large,1,28,"Write a short neutral news brief about a public announcement.

Brief:"," The government wants to do a new deal for those affected by the collapse of the former Yugoslavia government, but the deal has never been signed.

That leaves the United States as the only source to negotiate the deal.

Now, the deal, which will be made public by the end of October, is an open secret in the United States.

According to a report in the Washington Post, the Obama administration wants to make the"
base_large,1,29,"Write a short neutral news brief about a public announcement.

Brief:"," ""The Federal Election Commission has ordered a special election for the 12th Judicial Circuit of California over a $6.7 million bribery investigation.""

Gingrich: ""The Federal Election Commission has ordered a special election for the 12th Judicial Circuit of California over a $6.7 million bribery investigation.""

He said: ""I agree that the special election for the 12th Judicial Circuit is the appropriate action. I understand that"
base_large,1,30,"Write a short neutral news brief about a public announcement.

Brief:"," We’re all here to play a joke on other humans. We’re here for a reason. Let’s all take a breather and not make a big scene. We’re not making a big scene here at home. We’re not making a big scene here.

Video: This video has been viewed 5,000 times.

The reason we’re here is to make sure that we’re all here"
base_large,1,31,"Write a short neutral news brief about a public announcement.

Brief:"," The new rules will allow the news organizations to make and announce a short neutral news brief in some circumstances where it is impossible to say whether the brief will be considered accurate or misleading.

The brief is expected to address questions about the way in which the information, and decisions, are published, and the amount of time it takes to publish the brief. The brief must be briefed within 20 days of the announcement.

The brief must be"
base_large,1,32,"Write a short neutral news brief about a public announcement.

Brief:","

A public announcement that one party has formed an alliance and the other party is in agreement on the issue of same-sex marriage. If both parties agree, then the public announcement of a public public announcement will be made by the United Nations, which will decide on the issue at the next general election.

A public announcement that the candidate will be prosecuted under the Violence Against Women Act for the killing of a female in the military. It"
base_large,1,33,"Write a short neutral news brief about a public announcement.

Brief:", A short news brief about a public announcement.
base_large,1,34,"Write a short neutral news brief about a public announcement.

Brief:"," ""Today President Trump officially confirmed the administration is working to address the coronavirus crisis,"" Brendan D. Sibley, executive director of the Center for Health Security and Research, said.

The briefing was part of a series on the coronavirus response that came after President Trump took a coronavirus-related travel ban, in part, to block foreign travel to the United States.

The White House will make its decision on whether or not to pull"
base_large,1,35,"Write a short neutral news brief about a public announcement.

Brief:"," An American government official says that the U.S. military is in the midst of a review of the situation around Iraq, which has seen thousands of civilians killed since November, a claim disputed by many Iraqis.

But the military spokesman, Col. Donald Neel, has said the military was reviewing the situation but did not comment specifically.

Brief: The United States and Iraq have a ""war of words"" about the situation"
base_large,1,36,"Write a short neutral news brief about a public announcement.

Brief:"," How does the President’s speech and statement reflect the nation’s national interest?

What is the national interest?

Why is this important?

Why isn’t it important?

What is the national interest?

The President’s speech and statement is an acknowledgment that the American people are concerned about the government’s involvement in Iraq and Afghanistan. The President’s speech and statement was intended to be a"
base_large,1,37,"Write a short neutral news brief about a public announcement.

Brief:"," Somewhat similar to an article published in the British press (about a proposed new bridge across the Severn Bridge) but with the headline, 'The Ships of the Sea...and the British Shore'.

Pause: A pause in a story or two, in any publication."
base_large,1,38,"Write a short neutral news brief about a public announcement.

Brief:"," The story is a story in the public interest, as reported by The New York Times (December 23).

A short message sent to journalists from the media company, which was acquired by The New York Times in 2006, is a news brief that describes the news as positive, not negative, but a bit optimistic. A short message is also referred to as a news brief, and a news brief is also referred to as a short neutral news brief"
base_large,1,39,"Write a short neutral news brief about a public announcement.

Brief:"," “The city plans to build a pedestrian-friendly, high-rise that would be in the middle of a new neighborhood. The cost to build the neighborhood is estimated to be $120 million to $150 million, with the cost for the project estimated at $100 million.”

Longer: “The project would be on an elevated portion of a historic shopping area, as well as two other sites that have become popular tourist attractions. It would"
base_large,1,40,"Write a short neutral news brief about a public announcement.

Brief:","

“The government is asking the people to get together and sign the legislation so there is no one group or the private sector having the power to choose whether to go private. We hope it does. So the public pressure is just to go out and sign it, but in the long run, the people, not the private sector, will have the power to decide,” Filippi told RT in reference to the legislation.

“We"
base_large,1,41,"Write a short neutral news brief about a public announcement.

Brief:"," This is the fifth in a series of briefings for all the journalists covering the events of the past week.

The series will continue on Saturday, October 6, when thousands of local citizens will participate in a public announcement with the announcement of the construction of a new library and a stadium.

The public announcement will be held at a meeting with local leaders at 9:30 a.m. on Monday, October 7, at the Community"
base_large,1,42,"Write a short neutral news brief about a public announcement.

Brief:"," What's The Situation? Why is this announcement still under consideration?

This decision, made by the White House, was taken after the news brief was released on Sept. 21. That brief was written by staffers for the president and senior administration officials.

This decision was made by the White House, was taken after the news brief was released on Sept. 21. That brief was written by staffers for the president and senior administration"
base_large,1,43,"Write a short neutral news brief about a public announcement.

Brief:"," The President's announcement that the U.S. was going to build a missile defense system in Iraq was the single biggest announcement made to the world in almost a decade of talks between the Obama administration, Washington and Baghdad. It is also one of the more notable decisions President Bush has taken to change the world's interest and the priorities of the U.S. military. (Wesley P. Fay )

Fay, speaking of"
base_large,1,44,"Write a short neutral news brief about a public announcement.

Brief:"," The news, which I wrote in February 2012, was published on Tuesday and was not published as a news piece. I wrote about the news a couple of months ago. It’s the only reason that I’m writing this blog post on a personal level, and I’m going to say that. The whole piece is about a press announcement by the United States Postal Service, which has an office in Maryland.

What it does is"
base_large,1,45,"Write a short neutral news brief about a public announcement.

Brief:"," The Obama administration is preparing to announce that the government will be moving the U.S. Embassy in North Korea to Pyongyang in just a few months. The administration hopes that the announcement will give Kim Jong-un an opportunity to negotiate a peace agreement.

It's a new development in negotiations. The North Korean government has been talking to U.S. officials about the details, but they're not sure how long they'll have to"
base_large,1,46,"Write a short neutral news brief about a public announcement.

Brief:"," A small group of journalists have created a Twitter account that calls for change on the state level, an email chain that is a short neutral news brief about a public announcement.

The brief’s name is meant to appeal to millennials — they tend to be more receptive to the idea of change on the state level.

“They’re not going to be swayed by anything I say, they’re going to be like,"
base_large,1,47,"Write a short neutral news brief about a public announcement.

Brief:","

The report of a police officer shooting an unarmed suspect in the home of a woman accused of murdering her ex-boyfriend in 2006.

The official who signed the report, Richard McDaniel, was suspended from his job at the University of Tennessee for more than 30 days as an internal affairs investigator. McDaniel was fired on Friday after his agency said he fired at least six officers and was investigating the shooting.

Mc"
base_large,1,48,"Write a short neutral news brief about a public announcement.

Brief:"," Public announcements and announcements involving public entities on the issues of public service, health care, and the environment will be submitted to the U.S. Senate Ethics Committee for a due date.

Public announcements and announcements regarding public service, health care, and the environment will be submitted to the U.S. Senate Ethics Committee for a due date."
base_large,1,49,"Write a short neutral news brief about a public announcement.

Brief:"," In 2009, the Government of Canada was given the responsibility for creating a new online system in which Canadians could access the news. It is a free digital platform where journalists and news organizations can be anonymous and publish their most important pieces of information on any topic that is relevant to Canadians. This is a free platform that is open to everyone and provides Canadians with access to online information.

Public announcement: A public announcement of events and announcements related to the"
base_large,2,0,"Write a short neutral news brief about a group making a decision.

Brief:"," It’s very early, but I think the question of whether the federal government should or should not allow the federal government to decide the outcome of any given question is a question for the Supreme Court. I think that the issue we have with the question, whether the federal government should have to decide whether to allow the government to decide whether to allow the federal government to determine which programs are to be funded, is an important one, and one that’"
base_large,2,1,"Write a short neutral news brief about a group making a decision.

Brief:"," The “Guns on the Train” news flash is the only reason the news media, including the Washington Post and The Washington Post , has kept the country in the dark about the events of Saturday night. The story will likely continue to be written until Wednesday.

Brief: The last story about the massacre in Connecticut, which was covered by The New York Times and CNN , was about a young boy named Joseph, who was killed by an"
base_large,2,2,"Write a short neutral news brief about a group making a decision.

Brief:"," I am an independent consultant on the web site that was featured in the June 2006 edition of The New York Times.

Brief: In my own role as one of the editors on The New York Times' The Daily News, I worked on a series of stories about the new government and public health proposals to reduce the burden of autism and other childhood disorders.

Brief: The article I wrote for the New York Times focused on the"
base_large,2,3,"Write a short neutral news brief about a group making a decision.

Brief:"," A group of politicians and the media is demanding that the Government step up to tackle the problems facing our country, including the impact of climate change and immigration, by banning all forms of political advertising.

The BNP is asking the Government to act against people who are advertising their support for the ‘BNP’ political party to stop people from using the internet to express their views and thoughts online.

The BNP has been calling for the"
base_large,2,4,"Write a short neutral news brief about a group making a decision.

Brief:"," “What is the right thing to do?”

Short: “To take a step or not?

Thornburg says, “The question is, where do we go from here?” He said he doesn’t believe in a “free market,” and that “a business is more successful when a business can take its own risks.”

The U.S. Securities and Exchange Commission, which regulates the financial products of public and"
base_large,2,5,"Write a short neutral news brief about a group making a decision.

Brief:"," A group of three people make a decision about how they want to live their lives and decide if this is a good idea.

You can see a description of the group's position, which includes a quote from a person on the group's website.

A quick recap of the group's position. ""The group says: ‘The decision would be best for all concerned, including the families of those affected by Hurricane Maria, whether the decision"
base_large,2,6,"Write a short neutral news brief about a group making a decision.

Brief:"," How many times have you stopped to read a few paragraphs and wondered how this group could get it wrong?

“Let me tell you about some of the facts I have heard, so you won’t ever read them again,” says one of the women who responded to the news portal’s request for comment. “I’m not a big fan of reading a headline to the end and then leaving. I like the sound of the sentence"
base_large,2,7,"Write a short neutral news brief about a group making a decision.

Brief:"," The White House has reached out to the White House, but none of the letters are forthcoming.

A brief about the President and his wife. The letter says,

“I believe, if you are willing to listen to the news, that we should work together to create a better America. While I have known you for many years, I have never been swayed by the media or by the media’s agenda. I wish you"
base_large,2,8,"Write a short neutral news brief about a group making a decision.

Brief:"," The group that is making the decision to close, say, a large restaurant in the neighborhood, which would allow staff to close more jobs.

Brief: The restaurant has had no employees in the past 12 months.

Brief: The decision to close the restaurant last year was prompted by staff morale issues and concerns over what the restaurant would be facing. Staff were initially concerned that they would be without a paycheck for 2018, and"
base_large,2,9,"Write a short neutral news brief about a group making a decision.

Brief:"," An online discussion list of links to ideas and resources related to our work in the Philippines.

We need to get to a place where we can stand on our own, say a public statement instead of the name that is listed in the group.

We need to come up with ideas to start the discussion instead of what the name means.

We need to keep all the sources of information to a minimum to help people understand what we"
base_large,2,10,"Write a short neutral news brief about a group making a decision.

Brief:","

A group of students have been asked to participate in a debate on the issue of guns.

The students were divided up into six groups.

The first group asked the students to tell the public what they believed to be the most important and controversial topic in America today.

The students were told that they had to tell people about this issue by name or they could not answer any of the questions.

In the second"
base_large,2,11,"Write a short neutral news brief about a group making a decision.

Brief:"," Why is it that only the most important news stories have a longer run of critical analysis and analysis? I'm not sure I would say. But it's probably because a long run of critical analysis may mean a lot of people stop reading and that it's not an entirely new kind of news; it's just not as popular in terms of quality as the news that is being produced, for example."
base_large,2,12,"Write a short neutral news brief about a group making a decision.

Brief:"," What are the major problems in the political game, with each individual saying what they think?

We’re still not getting any real answers as to what’s going on. I am going to be speaking to a group of people about a long-term strategic decision-making and the power of the media. The media is a huge part of our thinking process. We’ve got to use it to make decisions and, of course,"
base_large,2,13,"Write a short neutral news brief about a group making a decision.

Brief:"," A group of news journalists at New York Times published a report on an alleged effort by the Obama administration to prevent a meeting between the Israeli prime minister and the president of the United Nations.

An anonymous source familiar with the report says that the report was published in August 2018 and was meant to be a “rebuttal” to what the journalists said in the New York Times.

In a statement, the Times said it was an “"
base_large,2,14,"Write a short neutral news brief about a group making a decision.

Brief:","

“There is a very real risk that it could be a set of circumstances that would result in, or could lead to a group making a decision not to support what we believe is in their best interest,” said Stolte. “There is no way they can see that as a set of circumstances. It is a very dangerous situation.”

Sacramento Mayor-elect Scott Davis has said there are multiple factors at play in this"
base_large,2,15,"Write a short neutral news brief about a group making a decision.

Brief:"," Beware of the ""news media"" for a short term: It's not a great read for people who aren't used to having someone take the time to explain everything about what's going on."
base_large,2,16,"Write a short neutral news brief about a group making a decision.

Brief:","

Hollywood is on the hunt for new big-budget Hollywood films, and a new ""Hollywood First"" is being launched by a Hollywood agency that is working on the search.

Hollywood is working on its fourth and final list of ""Hollywood First"" films, which will be picked up by independent distributors, but it is not finalized yet, according to a list of news organizations and entertainment blogs that were set to"
base_large,2,17,"Write a short neutral news brief about a group making a decision.

Brief:"," The Trump team has had a hand in the direction of a deal with the European Union for the EU to exit the European Association of Trade Unions, a group of labor unions which advocates for the EU’s entry in the bloc, if the bloc’s economic crisis continues to cause a slowdown.

The Trump campaign, while seeking to boost the popularity of Trump and his campaign, has been silent about the possibility that the EU will leave"
base_large,2,18,"Write a short neutral news brief about a group making a decision.

Brief:"," New York Times' newswriter Jon Favreau wants to move the country to the middle of an election to better prepare the electorate for an uncertain future.

Brief: Trump has suggested that North Korea is trying to use nuclear weapons to ""get more oil to market"" and that the U.S. would be ""very hesitant to send military reinforcements to Pyongyang if we get a nuclear bomb.""

B"
base_large,2,19,"Write a short neutral news brief about a group making a decision.

Brief:"," http://bit.ly/18iUqmR

A note from David C. Zillman, editor-in-chief of Public Citizen, who has contributed to various news websites. Here's a brief excerpt:

We are concerned with a group of young people, ages 18 to 24, who are frustrated with the political system that is holding them in such an unregenerate state. These young people may be the most"
base_large,2,20,"Write a short neutral news brief about a group making a decision.

Brief:"," An article about the recent decision of the federal government to change the way the American people think about climate change.

Brief: A letter to the editor that said climate change is caused by human activity.

Brief: A letter from an environmental group urging lawmakers to vote on the “Climate Action Plan” as they look to reduce the carbon footprint.

Brief: A letter from a group calling for a “climate"
base_large,2,21,"Write a short neutral news brief about a group making a decision.

Brief:","

1. The “S-word” was invented in the early 90s by a radical group in America that had a focus on using the “S-word” to describe homosexuality. Since then, this phrase has been used as a “vice” for all kinds of weird and evil political movements.

2. The “S-word” was used by the US Supreme Court and the European Court of Human Rights to criticize the"
base_large,2,22,"Write a short neutral news brief about a group making a decision.

Brief:"," The British Prime Minister Theresa May is expected to sign a sweeping Brexit deal in an election year, but the deal will take the final step of Article 50.

The document will be signed by May, the Conservative Party leader, her cabinet ministers and the public. It will give Parliament a say in the process of Brexit, after which Britain will have to take it on board.

It would take the UK the final act of its own Brexit"
base_large,2,23,"Write a short neutral news brief about a group making a decision.

Brief:"," The U.S. Senate Intelligence Committee’s probe of an alleged Russian connection to the hacking of the Democratic National Committee’s email server is the latest example of the need for a full-body examination of the issues involved in the ongoing Russia probe, the committee’s spokesman said Tuesday.

The panel’s chairman, Sen. Richard Burr, R-N.C., would like to see the committee “complete” its probe"
base_large,2,24,"Write a short neutral news brief about a group making a decision.

Brief:"," “We can all agree that it’s time to stop selling out. That’s not how that company does it. We’ve made it crystal clear that no matter what happens, we won’t go back and sell out or take away our jobs or move into our homes. We’ve gone out and built our dream house in the suburbs and that will be the last of it. There’s no way to do that. It"
base_large,2,25,"Write a short neutral news brief about a group making a decision.

Brief:"," The media is a partisan institution, with an iron grip on the lives of the news media. It is not, however, a reliable means of informing the public. You might be able to make an informed decision based on something like the following:

1) The story that a group is making a decision that affects the lives of the people of the world.

2) What the news report is saying.

3) Who is"
base_large,2,26,"Write a short neutral news brief about a group making a decision.

Brief:"," The group has called for an investigation into whether the President ordered the murder of a former Russian ambassador, according to media reports.

The report, released by the Center for Media and Democracy, said the group ""tried to influence public opinion on the Russia probe by attacking its own leaders."" The report also noted that in November 2015, the group published articles and photos of members of the Russian delegation as it sought to improve relations with Washington.
"
base_large,2,27,"Write a short neutral news brief about a group making a decision.

Brief:"," I'm pretty sure that there is some way to report what I'm about to do, so I'm going to.

Brief: We have a good amount of evidence that the media, especially the NPR website, is basically an aggregator of information, so if you can say a lot about what I'm about to do, that's great.

Brief: That's a good enough way for me to report what I'm"
base_large,2,28,"Write a short neutral news brief about a group making a decision.

Brief:"," In an unusual move, on the day of the report, I sent my boss a note, saying he was concerned about the report.

I’m not sure why he did that, but he did, and he sent that to me.

So I was about to do that, when I saw, in the notice of the new project, a note from Brendan Murphy, the chief executive of the Associated Press, the news agency"
base_large,2,29,"Write a short neutral news brief about a group making a decision.

Brief:"," A news brief about a group making a decision.

But the most controversial part of the brief is the conclusion: “The final decision.” For the most part, the people in the group were “very confident” that the company would go the full five to seven years without a lawsuit. And there were plenty of them: executives, board members, press. There was even a small group of people who were not sure.

The group"
base_large,2,30,"Write a short neutral news brief about a group making a decision.

Brief:"," ""This decision has been made and you will be held responsible for all its consequences. The government has no role in this decision"" — I have the power to make a quick reaction that the government is acting illegally.

Brief: ""The government has no role in this decision. It has been determined that the government is the lawful instrument for decision making."" — I have the power to act in a neutral way that the government is acting illegally"
base_large,2,31,"Write a short neutral news brief about a group making a decision.

Brief:"," A brief about a group making a decision about what the future of their business might look like.

Nine short minutes of conversation about a group making a decision.

Nine short minutes of conversation about a group making a decision.

Nine short minutes of conversation about a group making a decision.

Nine short minutes of conversation about a group making a decision.

Nine short minutes of conversation about a group"
base_large,2,32,"Write a short neutral news brief about a group making a decision.

Brief:"," http://www.youtube.com/watch?v=z8dMlLw6oJ8

“This is really big news,” said a friend. “The president is getting a lot of media attention and has a lot of supporters.”

“I see a lot of support for the president,” said another friend.

The group has been getting more and more coverage. The first issue of the group's newsletter"
base_large,2,33,"Write a short neutral news brief about a group making a decision.

Brief:"," I’ve just read the brief of a group who has decided to take a stand and support a boycott of a major U.S. newspaper. But the first paragraph reads, “The group has been given a series of brief statements and a statement of purpose.”

This would have been a clear message to the Times in its recent decision to drop a boycott of the paper, but the Times is still making the decision for the press.
"
base_large,2,34,"Write a short neutral news brief about a group making a decision.

Brief:"," When a small group of Americans decide to stop funding Planned Parenthood, the group goes on a strike to force a decision on the issue.

Brief: The group goes on a “tough-on-crime” strike, in which more than 1,000 members of Congress are forced to join the group.

Brief: A small group of lawmakers go on a “tough-on-crime” strike, in which more"
base_large,2,35,"Write a short neutral news brief about a group making a decision.

Brief:","

“The most popular idea in American politics is to have the Senate run things. But there's a long history of people in the Senate that don't think it's a good idea to be in a Republican minority. That was one of the most important things when we elected them. They were the people who were supposed to be in control of our government. But they haven't been able to do anything about it. And the last thing they"
base_large,2,36,"Write a short neutral news brief about a group making a decision.

Brief:"," The story of the 'unforgettable day' in the city of St Petersburg, on the anniversary of a tragic loss of life at the hands of a violent mob led by police officer Sergei Markovich and his son Aleksei Markovich.

Drafting: The story of the 'unforgettable day' in the city of St Petersburg, on the anniversary of a tragic loss of life at the hands of a"
base_large,2,37,"Write a short neutral news brief about a group making a decision.

Brief:"," A list of what is being told about the Obama campaign’s policies and the future of the Obama presidential campaign.

Brief: A brief for the media about the Obama campaign’s policies and the future of the Obama presidential campaign."
base_large,2,38,"Write a short neutral news brief about a group making a decision.

Brief:"," The National Center on Sexual Assault of Youth, at its mission, was the nation's first center on ""sustaining physical violence against women and girls."" The center's mission is to protect children, youth, victims, and advocates from the risk of sexual assault.

Brief: At the center, students in the United States and international communities, including women's rights advocates, survivors, advocates, and journalists, have spoken out about the"
base_large,2,39,"Write a short neutral news brief about a group making a decision.

Brief:"," A group of politicians from a group of people who decided to run for a seat on the House of Representatives.

Brief: A group of people from a group of politicians from a group of people who decided to run for a seat on the House of Representatives.

Brief: A group of people from a group of politicians from a group of people who decided to run for a seat on the House of Representatives.

Brief"
base_large,2,40,"Write a short neutral news brief about a group making a decision.

Brief:"," The first three minutes are for people to find out what the story is. In the second brief, we talk to the people who make the decision, and we see that these people were trying to make a decision based on the fact that they’re interested in what happened.

Crucial: One of our key lessons is that it can be hard to figure out what happened, and we’re getting more out of this one day,"
base_large,2,41,"Write a short neutral news brief about a group making a decision.

Brief:"," the group which has a say in a government decision.

What are some of the challenges and advantages of a political environment?

“For most of us, the political process is a struggle, but it’s a very good fight for both sides.”

What is the biggest challenge for people who work in the political process?

“If they can find the most appropriate means of exercising their right to remain neutral, then that"
base_large,2,42,"Write a short neutral news brief about a group making a decision.

Brief:","

On Friday, President Trump said, “We know that the President will not let up on the border for the next 48 hours, and that he’s sending out a short, neutral, neutral brief,” according to a White House press release. The brief was released in response to the administration’s “open border” policy announcement, which Trump said he would make in an hour.

“The Trump administration is not doing a good"
base_large,2,43,"Write a short neutral news brief about a group making a decision.

Brief:"," About a group making a decision to decide to get rid of all the nuclear bombs.

Shortly after the New York Times' headline, I emailed the paper's editor, Joe Huston. ""One of the group that had the final say in our case on the bombing decision last November,"" Huston wrote. ""They were out to destroy the nuclear bomb by the end of the year.""

The group was called the """
base_large,2,44,"Write a short neutral news brief about a group making a decision.

Brief:"," A group of women and girls who were arrested by officers who shot and killed a man in a parking lot Saturday.

Brief: Two days after the shooting, the group who called 911 said they felt like a “party in this town.”

A police spokesman said the group was at a restaurant and called 911. Police said the woman who called 911 said the man shot her.

They fired back at the woman, the spokesman"
base_large,2,45,"Write a short neutral news brief about a group making a decision.

Brief:"," An appeal from the city council to the governor's office is expected this month. The brief, drawn up to last November, says the city council has been contacted by a group of parents who have made a complaint to city officials about the delay in approving the use of the police radio for school use.

The brief was originally submitted to the council earlier this year and is now pending approval by the council.

""The people of New York"
base_large,2,46,"Write a short neutral news brief about a group making a decision.

Brief:"," A new report shows that Trump's advisers have been telling people they aren't going to vote for him on Nov. 6, even though he still has the support of almost 1.5 million people and plans to win the popular vote by 2.6 million. The news is causing a firestorm over the president's decision, which in his case is a huge embarrassment for the Republicans who voted for him.

Brief: The administration is considering"
base_large,2,47,"Write a short neutral news brief about a group making a decision.

Brief:"," A woman says she was sexually assaulted in a Portland apartment building, and her attacker threatened to kill her if she refused him.

It's a common theme in the aftermath of the opioid crisis, and it's been seen in several interviews with NPR's Edie Smith, among others, since July.

On July 25, Smith said: ""When I was first assaulted, there were people that tried to scare me. I thought, '"
base_large,2,48,"Write a short neutral news brief about a group making a decision.

Brief:"," The only reason I ever did this is because I found it amusing. And it took me a while to find that I liked it.

Ghost Stories

Some stories are longer than others. That’s okay. They should be, but they should be shorter. The difference between short stories and others is what makes them stand out. That said, you can read a great short story that has a short ending, in the sense that"
base_large,2,49,"Write a short neutral news brief about a group making a decision.

Brief:","

The public has long held that the US is the largest and the world's most dangerous nation. The Obama administration is working to make it the largest of the world's two largest nations and it's hard for some to understand how the US can maintain the status quo of military superiority for the sake of doing so. This is an important lesson for our time.

In the last couple of years the US has gone from a military that held"
base_large,3,0,"Write a short neutral news brief about an event that happened today.

Brief:","

The State of Oklahoma has been at war with North Korea over the Korean peninsula.

The State of Oklahoma has been at war with North Korea over the Korean peninsula.

A new military parade in downtown Oklahoma will be called by the state to commemorate the 25th anniversary of the Korean War.

A new military parade in downtown Oklahoma will be called by the state to commemorate the 25th anniversary of the Korean War."
base_large,3,1,"Write a short neutral news brief about an event that happened today.

Brief:","

The New York Times reported today that an anonymous reporter has filed a legal complaint with the state Attorney General against the University of Chicago after a student claimed that the university was deliberately undermining the institution of free speech and was forcing students to give their names to ads that violated those values.

The case stems from complaints about an online advertisement that sought names for the student president that featured a video of a man in an apparent head covering and a"
base_large,3,2,"Write a short neutral news brief about an event that happened today.

Brief:"," The following press release by the National Journal Center, a non-profit journalism school founded in 1970, includes an essay by Professor Scott F. Cline, a prominent journalism professor at the University of Maryland who has written for the Nation on a variety of issues, including the media’s use of bias.

“The mainstream media and our culture will not tolerate bias-based propaganda,” Cline says in his article. “Even when it is"
base_large,3,3,"Write a short neutral news brief about an event that happened today.

Brief:"," “On Wednesday, I was on the phone with my wife’s friend, a woman from Boston named Laura, who is a medical doctor at Massachusetts General Hospital. After she heard about a murder she was watching, Laura called my wife and I told her to come over and visit her. We ended up having a very productive conversation. We went to her house and talked for about a half hour. It was about how she was doing her job,"
base_large,3,4,"Write a short neutral news brief about an event that happened today.

Brief:","

A group of young students were in a rush to go out and get a beer when a group of boys began bullying them. It’s the beginning of a new life for a group of young people. A group of young people who grew up with friends were forced to turn their lives around and move to a new city for their lives.

Grown up in a new city, the teenagers made friends with the local high school."
base_large,3,5,"Write a short neutral news brief about an event that happened today.

Brief:","The American Civil Liberties Union said it ""deeply regrets"" the event in which a woman who had been killed during an explosion at a gas station at the Houston-area station was killed by police, ""for no good reason at all.""

The union says the bomb planted in the station was intended to detonate a ""shooting gallery"" to ""save lives.""

""This was planned to be an isolated incident but this"
base_large,3,6,"Write a short neutral news brief about an event that happened today.

Brief:"," A few years ago a group of college students invited a few of their friends to a game of pool. They were able to get two of them to go with them and the others took a shot. One of the friends went ahead, but they accidentally got caught in the pool, which is the most dangerous position in pool. The other person is going for a spin. She hits the ball in the air, gets back on the board, and goes"
base_large,3,7,"Write a short neutral news brief about an event that happened today.

Brief:","

The event happened today in the area where the former White House Chief of Staff Reince Priebus lived and the former chief of staff John Kelly lived. The two had been discussing whether to have a public memorial that was dedicated to the two and whether they wanted to attend the memorial. They decided to make their own memorial.

“We felt the need to have a memorial for Reince and John that they were not aware of,”"
base_large,3,8,"Write a short neutral news brief about an event that happened today.

Brief:"," The United Nations Human Rights Council today is meeting with the Russian Federation to discuss allegations that Russia is meddling in the affairs of the state of Qatar in order to interfere in the country's internal affairs. The council is also expected to decide whether Russian foreign ministry staff should be fired over the allegations.

Brief: The US Department of State has issued a statement claiming that the US is ""fighting for the security of our nation."" Secretary of"
base_large,3,9,"Write a short neutral news brief about an event that happened today.

Brief:"," The New York Times is reporting that a Republican congressman, Mike Braun, is suing the Trump administration and claiming that he leaked classified documents on the use of untraceable, “untraceable” and “non-traceable” phone calls. In the lawsuit, Braun alleges that the untraceable phone calls violated the Foreign Intelligence Surveillance Act and his clients have sought $250 million in damages, according to a story in The Washington Post"
base_large,3,10,"Write a short neutral news brief about an event that happened today.

Brief:"," We know that the president and the other officials in the Department of Health and Human Services had to step into the Oval Office late Friday morning and take a position on a new report about what happened when an unidentified driver crashed into a black Chevy Blazer in the parking lot of the University of California at Davis Medical Center, according to a statement.

Brief: The department is aware of reports from at least two people of a motorist driving"
base_large,3,11,"Write a short neutral news brief about an event that happened today.

Brief:"," A local man is accused of killing his wife and son with a hunting rifle, after he was shot in the chest and left for dead. The suspect is described as being 5-foot-10 and wearing a dark, gray sweatshirt.

The news was first reported by USA Today.

Police have not released the suspect’s name or identification.

The case is not considered a homicide and no suspect is listed as a suspect"
base_large,3,12,"Write a short neutral news brief about an event that happened today.

Brief:","

The State of Michigan’s Senate is facing a vote of the House of Representatives to pass an anti-corruption bill that would make Michigan the 23rd state to pass a law to regulate bribery.

The bill passed the House in a 59 to 41 vote. It is expected to be signed into law by the governor later this month. The bill would have made Michigan the 25th state to pass a law to protect corruption and"
base_large,3,13,"Write a short neutral news brief about an event that happened today.

Brief:","

""As the Trump presidency continues to unfold, the media is increasingly being told that the United States has lost a golden opportunity to build a future that is better for us and the world.""

This is, I believe, a complete falsehood. It's hard to say exactly when the Trump administration announced it was going to do things that would hurt America and its people. In fact, it's far more likely than not when the administration"
base_large,3,14,"Write a short neutral news brief about an event that happened today.

Brief:"," As of the last report of the event, the two sides had reached a resolution of the dispute.

A: This was a pretty big deal.

M: Yes.

B: And it will impact the rest of the country and the rest of the world.

M: I’m not sure about that. I didn’t know of it. I’m guessing it’s very big.

B"
base_large,3,15,"Write a short neutral news brief about an event that happened today.

Brief:"," It was an event in my opinion, in that I want a brief to report on an event that I had just witnessed, and I am proud of the event. It was an event that I saw on TV. However, I had no idea what they were doing. They didn't do anything. They were just there with the cameras, not doing anything.

I feel very sorry for this city, that this was a mistake. This was"
base_large,3,16,"Write a short neutral news brief about an event that happened today.

Brief:"," A reader, on the phone, asks: How did it all go?

D.P.N.C. (Discharge Notice) is looking at making the release of the audio a part of its new media strategy. The audio will not only show up at the next day’s D.P.N.C. news, but it will also be posted online so people can listen to it.

The release will include"
base_large,3,17,"Write a short neutral news brief about an event that happened today.

Brief:"," The House of Representatives will vote Tuesday on legislation to amend the U.S. Constitution to make it easier to impeach President Donald Trump. The proposal would give the Trump administration wide latitude to subpoena any records from the White House about a foreign adversary or a candidate during an impeachment trial.

Brief: The House has a bipartisan impeachment inquiry into the Trump administration’s handling of the Ukraine scandal, which has resulted in a slew of indictments"
base_large,3,18,"Write a short neutral news brief about an event that happened today.

Brief:","

New York City Mayor Michael Bloomberg said that he had canceled a meeting with a family member, and that he would meet with Trump. The meeting would be held at his home. Bloomberg said he would be talking to both Trump and New York mayor Michael Bloomberg, to see if they can work together. Bloomberg's son-in-law and longtime supporter George Conway said that there was no change in the Mayor's position.

Reports out"
base_large,3,19,"Write a short neutral news brief about an event that happened today.

Brief:","

“Falling Out of the Top 25% is a really scary thing,” said Avalanche’s Jeff Gresko. “You can’t just say ‘Falling Out of the Top 25%,’ and have it come true. It’s not a big deal in our book.”

Gresko is a sports writer, editor and contributor for The Avalanche, but he’s also been known to blog"
base_large,3,20,"Write a short neutral news brief about an event that happened today.

Brief:"," The event, the result of a two-year-old campaign, was to have killed a man by car and put him in a coma.

The media is now on alert, even after the news conference, because of this, a spokesperson for the Department of Justice (DOJ) said, on Tuesday.

The attorney said that the event, which took place Tuesday at 9 a.m., did not violate an ethics agreement between"
base_large,3,21,"Write a short neutral news brief about an event that happened today.

Brief:"," ""The president said he was willing to meet with ""senators"" and have discussions on some bipartisan issues.""

Short: ""The president said he was willing to meet with ""senators"" and have discussions on some bipartisan issues.""

Long: ""The president said he was willing to meet with the media to discuss some issues related to his administration.""

Short: ""The president said he was willing to meet with the media to"
base_large,3,22,"Write a short neutral news brief about an event that happened today.

Brief:"," I'm with you 100% for the most part, but this is one thing that has held people back.

Here's a short news brief from an audience of people attending today at the University of Houston.

Brief: I'm with you 100% for the most part, but this is one thing that has held people back.

Here's a short news brief from an audience of people attending today at the University of Houston"
base_large,3,23,"Write a short neutral news brief about an event that happened today.

Brief:"," The next topic is about an event that happened in the last 24 hours that happened to one of our journalists. It is a story that happened in the same area, over the same city block, in the same block. A story about the people who died in a bomb blast in this area, and how the community is responding. The people of our city reacted, because it was an “interesting event” for them. The people are grieving."
base_large,3,24,"Write a short neutral news brief about an event that happened today.

Brief:"," A reporter asked the president for his response to a statement that one of the organizers of the protest had said he wasn't aware of anything untoward about the event.

The short tweet read: ""We're all in the same boat. The president is lying.""

The tweet is still being debated in the state's Democratic caucuses, and President Trump was quoted by reporters to say he didn't believe it.

""I"
base_large,3,25,"Write a short neutral news brief about an event that happened today.

Brief:","

On Wednesday, a man was arrested and charged with a crime in connection with a robbery of a woman, police said.

Police said the man, identified as 31-year-old Daniel Cullen, was arrested at about 5 p.m. Wednesday in the 2100 block of Wylie Avenue, said a Houston Police Department spokesman.

The suspect in the robbery is identified as 28-year-old Kevin Zapp"
base_large,3,26,"Write a short neutral news brief about an event that happened today.

Brief:"," The State's Attorney said Tuesday he will recommend that the jury convict a man of murder and other charges against him. He will receive a 25-year minimum prison sentence and a $250,000 fine.

Brief: The jury will recommend a sentence of life in prison if it finds the defendant guilty.

The case against the man charged was first reported by AP.

He was arrested Tuesday morning after being indicted by the Federal"
base_large,3,27,"Write a short neutral news brief about an event that happened today.

Brief:"," When you receive a call from your local newspaper, you know something has changed. Your phone vibrates and you hear a voice. Something terrible has happened. You know that.

You remember. Your phone is a small, round black metal cylinder that appears to be a small, round metal thing. The call was from the local paper, which is not your hometown paper. The message is: Hello, this is Steve Deng.

"
base_large,3,28,"Write a short neutral news brief about an event that happened today.

Brief:","

Brief:

The United States will likely find itself in a critical position in the Middle East and, likely, a nuclear standoff, if war erupts again.

The US-led coalition has reportedly agreed to hold a “significant” nuclear standoff over a region of Afghanistan after a report revealed that US intelligence had warned that the Afghan government had recently ordered a crackdown on civilians.

The US is considering putting"
base_large,3,29,"Write a short neutral news brief about an event that happened today.

Brief:"," The event that happened today was called ""The Big Idea"", and the subject was a new video by the National Journal on the topic of ""Uniting the Family"". The brief was written by a local activist who had just been elected to his post in the New Jersey Senate. The brief stated that, after reading the brief, Mr. McVicker was shocked to see the video that was given to him by the National Journal, and that he"
base_large,3,30,"Write a short neutral news brief about an event that happened today.

Brief:"," Trump is on the record as saying that he doesn’t like the way the media portrayed him.

So we have something new on the trail as the media and the general public start to discuss the president’s tweets on this issue.

And this tweet that’s been made this morning by the New York Times, it’s a very strong statement that Trump doesn’t like the media.

It’s just very"
base_large,3,31,"Write a short neutral news brief about an event that happened today.

Brief:"," “We’ve heard that it’s now on the verge of being canceled. We are currently running a pilot for a program that will be a pilot to teach social media using technology in place of traditional news media,” the program said. “It’s been a long road and we will not be able to cover it here, but we are here with the hope that if we do, we will be able to cover it here with an interesting"
base_large,3,32,"Write a short neutral news brief about an event that happened today.

Brief:"," An American Society of News Analysts (ASA) report on the U.S. mid-term elections showed the House of Representatives is still the most likely loser with the Republican-controlled Senate having lost the popular vote by a mere 25 electoral votes. The U.S. Senate was the most likely to face a presidential runoff.

N.Y. Times: An American Society of News Analysts report on a major story in the"
base_large,3,33,"Write a short neutral news brief about an event that happened today.

Brief:"," The most dramatic event in the history of the New Jersey Devils was the death of longtime team owner Frank Gretzky, who was shot to death in his East Jersey mansion in April.

Brief: Devils fans are happy to hear about an epic playoff run in this day and age.

Brief: The New Jersey Devils are going to need a strong win in the next two games to advance to the round of"
base_large,3,34,"Write a short neutral news brief about an event that happened today.

Brief:"," http://www.telegraph.co.uk/news/2015/08/24/the-sudden-sudden-rise-of-a-violent-group-in-north-berlin/

A note: It appears that there are currently zero people in the US who read this blog. Please be aware that all comments and debate have been moderated for security purposes.

Share this: Twitter
"
base_large,3,35,"Write a short neutral news brief about an event that happened today.

Brief:","

The Newtown, Connecticut school shooting in December sent shockwaves around the nation.

A gunman opened fire in the Connecticut town of Newtown, Connecticut, killing 15 people, including two students, the Connecticut Post reported on Thursday. He was identified by the New York Times as a 28-year-old man.

The Associated Press identified the gunman as 16-year-old Zachary Lara, who killed 16"
base_large,3,36,"Write a short neutral news brief about an event that happened today.

Brief:"," Trump’s campaign said Monday it is not ready to discuss the details of an alleged meeting with Russian ambassador to the U.S. Sergey Kislyak in which the Kremlin said President Trump asked him to help them in their efforts to win the 2016 presidential election, and the meeting was “not related to any political process.”

Brief: As the White House prepares for a meeting with Russian officials, President Donald Trump will be the"
base_large,3,37,"Write a short neutral news brief about an event that happened today.

Brief:","

Here’s the first video of the story posted on Twitter by a conservative activist who was also an elected official.

Here’s the second video of the story posted on YouTube by a conservative activist who was also elected as a congressman."
base_large,3,38,"Write a short neutral news brief about an event that happened today.

Brief:"," The New York Times reported the story in April 2010 and reported how many people the Times called out for his anti-police protests. The Times then ran it through Twitter, which took down the story.

The Times then added another line, this time about the protest, saying: ""I'm not at liberty to talk about it.""

The Times then ran the story through Twitter and was given a lot of coverage (including a piece on"
base_large,3,39,"Write a short neutral news brief about an event that happened today.

Brief:","

What happened in the middle of the evening today is a very important one for the future of the United States. It is a tragedy that not even the president can fix our national security.

The problem is that the media can not really do anything about it. They have to pick up a newspaper and do the reporting, but they are not even doing it to cover the most important stories of this year.

It's because when"
base_large,3,40,"Write a short neutral news brief about an event that happened today.

Brief:"," A group of Americans on the streets of Flint, Michigan are taking a stand against a toxic chemical by fighting its use on residents.

Brief: A group of Americans on the streets of Flint, Michigan are taking a stand against a toxic chemical by fighting its use on residents.

Brief: A group of Americans on the streets of Flint, Michigan are taking a stand against a toxic chemical by fighting its use on residents.

"
base_large,3,41,"Write a short neutral news brief about an event that happened today.

Brief:"," There was an event at St. Paul's in St. Paul's and it was a little off the tracks of the train. We get a brief on it. We get a brief on the news. We get a brief on the news.

The brief on the news is about the train.

We get a brief on the news. The brief is on the train.

That's one of the reasons why we get a"
base_large,3,42,"Write a short neutral news brief about an event that happened today.

Brief:","

“The United Nations Security Council voted unanimously Tuesday to condemn Iraq for the brutal assault that killed nearly 10,000 people.”"
base_large,3,43,"Write a short neutral news brief about an event that happened today.

Brief:","

The following news brief features a short video of the event, including a clip from a Facebook event where a few of the attendees were on hand. It is posted to Facebook by a Facebook event coordinator and is not meant to be viewed by anyone. It also has been removed from Facebook’s servers. The brief is being provided by the News Briefing Team and the team is not involved in the decision making of the broadcast. The brief may"
base_large,3,44,"Write a short neutral news brief about an event that happened today.

Brief:"," the report states that the president is not meeting with a single individual. No person has confirmed this information.

Short, vague, and incomplete information.

Brief: The president did not meet with a single individual.

Short, ambiguous, and incomplete information.

Brief: The president did not meet with a single individual.

Short, ambiguous, and incomplete information.

Brief: The president did not"
base_large,3,45,"Write a short neutral news brief about an event that happened today.

Brief:"," The New York Times publishes a piece by journalist Michael Richter reporting that several senators were discussing tax incentives for private corporations. The NY Times has to take that into account, said Richter.

The NY Times has to take that into account, said Richter.

There are two categories of tax incentives: a corporate tax break, and a “private corporate tax break.” Richter said the article mentions corporate tax breaks, but the"
base_large,3,46,"Write a short neutral news brief about an event that happened today.

Brief:"," The Democratic presidential candidate, Hillary Clinton, is facing off with Donald Trump in this week's debate.



Clinton used Twitter in the debate, where her comments about the possibility of a Trump-Hillary Clinton relationship were also criticized.

Clinton also said the president-elect would ""absolutely"" not use her platform as a candidate for president of the United States to promote her agenda.

""But I do say: '"
base_large,3,47,"Write a short neutral news brief about an event that happened today.

Brief:"," In 2015, the government of Canada created the Canadian Centre for Policy Alternatives to help students get a basic education and to provide them with a job that could make them successful in Canada. That’s because the Centre is a free, online, online-only organization that focuses on policy and thought and does not charge for its services.

That’s not enough for students: The government must also provide their degree to help them qualify for the"
base_large,3,48,"Write a short neutral news brief about an event that happened today.

Brief:"," the current political situation in the nation is not changing much. I’m going to try to give some background information and provide more information about the events at this moment. As I’ve said, this news event was a tragic accident in a rural Missouri town where there were no survivors.

1. A gunman opened fire on a group of people leaving a church.

2. The suspect was identified as a man in his 20"
base_large,3,49,"Write a short neutral news brief about an event that happened today.

Brief:"," The Obama administration has made it clear that it will make no changes to current legislation, despite the fact that the legislation is not nearly as radical as some Democrats have wanted.

Brief: There were many people around me who didn’t know much about politics and how to campaign, so I was struck with the way in which the Obama Administration was making it clear that it will not make any changes to current legislation. It made no such attempt"
base_large,4,0,"Write a short neutral news brief about a change people are discussing.

Brief:","

A change is underway in the world that would allow some countries to have as many as five news channels.

""That's the point,"" a CNN reporter said, ""I'm not just talking about the countries that allow more than five channels, I'm talking about countries where there's already an agreement to allow that.""

The brief cited Russia, China, Turkey, India and the U.S., among other countries. The"
base_large,4,1,"Write a short neutral news brief about a change people are discussing.

Brief:"," A brief on a change to the way we do things that is discussed by the media.

Brief: A brief on a change to the way we do things that is discussed by the media.

Brief: A brief on a change to the way we do things that is discussed by the media.

Brief: A brief on a change to the way we do things that is discussed by the media.

B"
base_large,4,2,"Write a short neutral news brief about a change people are discussing.

Brief:"," If you don't care about your children's health, please do not put any ads on your website, on your Facebook page or in your local paper, if you don't have a social media presence. If you are going to do this, please find an alternative means of doing this.

To find your preferred option, please visit the ""Choose from"" section. It should be that the best option is to find this option on the """
base_large,4,3,"Write a short neutral news brief about a change people are discussing.

Brief:"," ""No-one's complaining that their taxes are too high.""

Short: ""It's OK to criticize.""

More: ""We're going to help the American people.""

And here's the main source of the revenue that the Republican party wants to take off: the budget.

The Republican party is already struggling with the deficit. They know that they will have to raise their taxes, which will hurt the economy."
base_large,4,4,"Write a short neutral news brief about a change people are discussing.

Brief:"," A short and refreshing report from a community perspective.

Tweet: A short, informative, concise, and clearly produced, article which outlines the issues facing people in Australia and other parts of the world."
base_large,4,5,"Write a short neutral news brief about a change people are discussing.

Brief:"," The New York Times has published an excerpt from a new book, ""Unholy Wars,"" in which a former Secretary of State describes ""a covert government effort to assassinate and destroy the Iranian regime.""

WAR ON WAR: Iran's ""tentacles"" of human rights violations, torture, and human rights abuses continue to grow, according to the United Nations.

UNIDENTIFIED MALE: That's a lie"
base_large,4,6,"Write a short neutral news brief about a change people are discussing.

Brief:"," Novelty and social media are two great ways to engage with the news and media. While there are two main areas where social media can improve, it is clear that they have already shown themselves to be quite successful.

While the social media can be a powerful vehicle for people to discuss important issues, it is not a replacement for regular print media. I encourage my readers to use social media as a supplement to their print news reports or the"
base_large,4,7,"Write a short neutral news brief about a change people are discussing.

Brief:"," New York Times, The Atlantic, Newsweek and The New Yorker: The Newsroom: It's not about the President. It's about the newsroom.

Brief: New York Times, The Atlantic, Newsweek and The New Yorker: Newsroom: It's not about the President. It's about the newsroom."
base_large,4,8,"Write a short neutral news brief about a change people are discussing.

Brief:","

Today, I asked the governor of the U.S. State Department’s (DHS) National Security Division (NSD) whether the U.S. Navy (N-N) can “intervene” in the U.S. “state of the land” to stop the spread of an unknown virus in Russia that has already affected more than 9,000 people worldwide.

The NSD is a joint,"
base_large,4,9,"Write a short neutral news brief about a change people are discussing.

Brief:"," The American people want a more balanced picture of the world and a more positive image of the U.S.

No longer have we heard that one country is a great power that is one people at war, another is the same, another is smaller, another is better, another is better than another, but it still isn’t enough for the U.S.

The current administration has to be brought down. It needs to be"
base_large,4,10,"Write a short neutral news brief about a change people are discussing.

Brief:","

“There is a debate over where we have to cut spending. It’s the same issue as with any other budget,” he said. “It’s a debate that can affect not just the dollar amounts but all the other resources that we have.”

He noted that with the current deficit, “we will not see an inflation of the deficit unless something is done to reduce it. We will see inflation in all the other things"
base_large,4,11,"Write a short neutral news brief about a change people are discussing.

Brief:","

More than two-thirds of respondents felt that the government should be taking the lead in changing the way people deal with the internet, with the proportion of the public expressing enthusiasm more likely to be positive than negative.

More than half of the public were more likely than others to think that the government should be creating more channels of communication, with the proportion of the public expressing enthusiasm more likely to be positive than negative.

More than"
base_large,4,12,"Write a short neutral news brief about a change people are discussing.

Brief:"," It’s about the lack of transparency.

A lot of this has to do with the “tension” between the Trump administration and the media.

“The president and his top aides have criticized the media, and there is no reason to doubt their impartiality,” says one former White House official who was fired from the White House by Trump when the press was too biased against him. “We’ve seen the president’s"
base_large,4,13,"Write a short neutral news brief about a change people are discussing.

Brief:","

In the current climate, the U.S. is facing a massive existential threat, including the threat that China's increasing economic expansion will further weaken the U.S. dollar.

The U.S. Federal Reserve, meanwhile, is under increasing scrutiny as it prepares to cut its full-year quantitative easing program.

The Federal Reserve's policy team is now planning to cut the Fed's long-term rate from its"
base_large,4,14,"Write a short neutral news brief about a change people are discussing.

Brief:"," A young mother has a newfound love in her life in the midst of a changing country and a changing world, but she’s finding her life is already full of stress, she’s living a life with nothing to do, a life that feels like a struggle, and an uncertain future, the kind of life her family would have.

Sketch: What is the impact of climate change on the way we live and the way our"
base_large,4,15,"Write a short neutral news brief about a change people are discussing.

Brief:"," News, News, News. The most commonly held opinion is that people like me are no longer safe in a world of the big news networks. Most of the news stories I see are the news that is being reported. I have read the news reports from all over the world, and I don't see anything that bothers me in the world of the news networks. The networks are the places where I feel that my safety is at risk, but"
base_large,4,16,"Write a short neutral news brief about a change people are discussing.

Brief:","

President Trump may be the first president in the modern era to announce a policy change to address the opioid epidemic, although he has not done so since his election. His administration is not doing anything about it, but the drug epidemic may increase. President Trump is not making opioid painkiller sales any more, but he has not been a big success on social media. He has not been a successful president. His administration has done no such thing"
base_large,4,17,"Write a short neutral news brief about a change people are discussing.

Brief:"," The New York Times has a long-lasting reputation for promoting “liberating” politics — as it does in the United States today. But it may be a bad thing to encourage a movement that could harm you and yours, especially if it comes from a new generation of young people.

“We are seeing the emergence of a new generation of anti-Obama activists,” said Richard L. Smith, a senior fellow at the Urban Policy Institute"
base_large,4,18,"Write a short neutral news brief about a change people are discussing.

Brief:"," What’s most important for you is to be prepared. Not to miss the chance to tell people what your new policy is, but to be prepared for the reality that the change you’re about to make has ripple effects — ripple effects that make you a little less safe. Because of that, we want you to be a little more aware of the impacts of your new policy, and if you think you’re not, you can"
base_large,4,19,"Write a short neutral news brief about a change people are discussing.

Brief:","

The media’s coverage of China has been a bit different than in past years. With the current focus on China and the US, there’s a big expectation that Beijing will take its place in the mainstream media. It’s also the media’s job to cover the news in a way that is accessible, accurate, and consistent.

It is therefore essential that the media’s coverage of China be consistent in the way"
base_large,4,20,"Write a short neutral news brief about a change people are discussing.

Brief:"," a brief on how to create a neutral news brief on a change people are discussing

Here's a quick explanation: when news organizations want to create a neutral news brief, they have to do a lot of research to ensure that the brief does not lead to a false claim. In other words, if they want to create a neutral news brief, they must keep their hand outstretched and their thumb pointed in the right direction.

But"
base_large,4,21,"Write a short neutral news brief about a change people are discussing.

Brief:","

We’ve had an interesting discussion at the T.N.I. convention about the new rules for the N.I. The N.I. Committee is looking at what the new rules mean for the national communications sector. We’re looking at two separate streams of communications: the National Broadcasting Company (NBC) and the National Telecommunications and Information Administration (NTIA).

The N.I. Committee wants to see changes"
base_large,4,22,"Write a short neutral news brief about a change people are discussing.

Brief:"," A short, in-depth, brief on the current state of online debate. (Note: This will be published in October and will focus on discussions of online debate.

An online debate is an open and free exchange of information between people, without any content, either in the public arena or elsewhere. It does not involve a media outlet or campaign. The debate is conducted on the Internet, and it is not controlled.

To participate"
base_large,4,23,"Write a short neutral news brief about a change people are discussing.

Brief:"," In January of this year, NBC News took the unusual step of including a video clip of President Obama’s speech to the U.S. Congress. The video was to be shown in a special Oval Office room.

What was your reaction?

“We’ve been a little hesitant to be able to have the president speak today, but we’ve got to get this done.”

How did you react to the"
base_large,4,24,"Write a short neutral news brief about a change people are discussing.

Brief:"," https://www.lauren.ca/welcome-news/news/new-news-t-shows-a-change-people-are-discussing/new-news-t-shows-a-change-people-are-discussing/new-news-t-shows-a-change-people-are-discussing

The changes the CBC News website has discussed may be a good"
base_large,4,25,"Write a short neutral news brief about a change people are discussing.

Brief:","

New Jersey voters approved an initiative that would force the state’s prisons to turn over inmates to their state government. This would reduce federal funding for state programs like the state’s prison system, which is overburdened, and create jobs for local inmates, who are being held longer to serve their sentences.

But the initiative has been controversial from the start, and not just among the lawmakers who voted to pass it.
"
base_large,4,26,"Write a short neutral news brief about a change people are discussing.

Brief:","

The issue of whether the Obama Administration will provide a single-payer health care system to every child in America is a hotly debated topic.

The issue of whether the Obama Administration will provide a single-payer health care system to every child in America is a hotly debated topic. It is highly likely that, once people get this far into the process, the public will find out that this issue is not a partisan issue"
base_large,4,27,"Write a short neutral news brief about a change people are discussing.

Brief:","

A senior White House official made a startling admission Thursday that the Obama administration has altered an executive order that would allow companies and the federal government to hire more women to work for them.

The order, which came into effect in April, allows companies to hire more women to work for them under an existing program called Equal Employment Opportunity (EEO) Enforcement and Remediation (EERe) guidance and the White House said it has been"
base_large,4,28,"Write a short neutral news brief about a change people are discussing.

Brief:"," The Obama administration’s new plan to ban the spread of the use of genetically modified organisms (GMOs) in foods and animal feeds is a bold, bold step forward in a long-term plan for reducing the use of pesticides in agriculture, according to two people briefed on the plan.

The brief is the third of what is being called a “conference call” for the new plan, which will be led by Agriculture Secretary"
base_large,4,29,"Write a short neutral news brief about a change people are discussing.

Brief:"," The first report from the Department of Homeland Security was a surprise, but the second was a clear and convincing call for a major national security threat. It’s been a long, hard road.

It’s the first of two new reports from the Department of Homeland Security in two months.

In the first report, an executive order signed in May of this year calls for a national security threat assessment to be done by DHS, to"
base_large,4,30,"Write a short neutral news brief about a change people are discussing.

Brief:"," There’s no official statement from the Trump administration on the situation, but the White House has issued a statement saying it has “no qualms” about a visit to the office to discuss “a wide range of issues” as well as possible new federal regulations.

The president will also meet with Attorney General Jeff Sessions and with the head of the Justice Department’s Civil Rights Division, who is responsible for enforcing federal civil rights law.
"
base_large,4,31,"Write a short neutral news brief about a change people are discussing.

Brief:","

A group of friends and I, including our co-author, are trying to get a copy of the first edition of the Duffy’s Law, a newspaper that has been around for the last 50 years and that is a well-known brand. The newspaper was founded in 1890 in England by a group of friends. After reading the paper, a lot of people took notice and started the Duffy’s Law. The Duffy"
base_large,4,32,"Write a short neutral news brief about a change people are discussing.

Brief:"," A recent poll reveals a significant drop in the number of Americans who think the government should be more involved in dealing with the economy, according to a new poll released this week by Pew Research Center. The poll found that in 2016, about 11% of the population thought the government should be more involved in solving problems, down from 15% who said it should be more involved.

Brief: The findings of a new poll that finds a"
base_large,4,33,"Write a short neutral news brief about a change people are discussing.

Brief:"," How an article about a big change in the world is causing a big change in the world. It will be an excellent way for a new generation to find their roots in the world and learn about their values. The article will be written by someone who is part of the new generation and part of the old generation.

C. D. Moore

The most important thing in my life is my children.

Brief: We all"
base_large,4,34,"Write a short neutral news brief about a change people are discussing.

Brief:"," On Tuesday morning, a report in the Los Angeles Times showed that a number of California politicians would not be willing to step up and step aside to fight Donald Trump on the issue of gun violence.

But some Republicans are saying they won’t even agree to take back the issue.

“I would say that what is necessary is to get rid of the gun culture that is so pervasive in this country,” said Sen. Ben Sasse"
base_large,4,35,"Write a short neutral news brief about a change people are discussing.

Brief:","

“Nearly 40 percent of Americans now support policies that keep the government out of the middle of the desert, including new regulations to keep government and businesses out of cities and towns where they can’t earn enough money to buy food, drink, and energy.”

What’s your take on the subject? Do you think this issue should be discussed in local communities and city councils?

Here is an example of a piece I"
base_large,4,36,"Write a short neutral news brief about a change people are discussing.

Brief:"," A change was made to the government’s proposed rules regarding the use of internet by private companies that provide internet access in government buildings, the Washington Post reports. The new rules allow the government to build internet facilities for public use in the buildings.

The new rules, which are in response to the government’s request for a “new and improved” set of rules on the Internet, would allow private entities to build internet facilities for public use"
base_large,4,37,"Write a short neutral news brief about a change people are discussing.

Brief:"," A short, three-paragraph summary of a discussion the past few days about the latest in the American political landscape, according to the Washington Times.

By Mark Coghlan, The Washington Times

The current campaign is about not only the Republicans in Congress, but the entire American public. And while some of it has been pretty obvious and some of it has been largely unspoken, this is a different kind of political terrain that’"
base_large,4,38,"Write a short neutral news brief about a change people are discussing.

Brief:","

The Daily News' editorial board will be editing the paper for a long time. It will be a three-month editing period. The changes are not yet finalized.

A short neutral news brief:

A brief of some of the most prominent figures and their policies. This brief highlights the new ""zero-tolerance"" immigration policies and the president's anti-discrimination laws. It also highlights some key changes that are"
base_large,4,39,"Write a short neutral news brief about a change people are discussing.

Brief:"," If you’re on Twitter, you might see this news short: “Breaking news: “The latest on the New York Times and AP’s ‘Bird’ story: More on the Obama administration’s budget for the ‘fiscal cliff’,” that means that President Obama is considering a budget for the next fiscal year that ends on June 30, 2011. The news is only a short snippet, so let’s skip the"
base_large,4,40,"Write a short neutral news brief about a change people are discussing.

Brief:"," Change is one of the most dangerous ideas, but not in the sense that it’s ever needed, because of the dangers that come with it. We’re going to be talking about a new kind of change-the-people.

What is the difference between a new person and a “new” person? A “new” person is someone that has changed in some way, or has taken something away from someone who has taken something"
base_large,4,41,"Write a short neutral news brief about a change people are discussing.

Brief:"," In the 1980s, some people began to question the wisdom of the Bush administration's decision to use a nuclear device to shoot down a Soviet passenger plane, and the administration responded by announcing a secret plan for nuclear disarmament. These briefs, known as ""Bush, Banda, and Bush notes,"" were among many that the National Security Council received at the time.

Now we are witnessing a similar, and perhaps even more dramatic"
base_large,4,42,"Write a short neutral news brief about a change people are discussing.

Brief:","

It's not as much as it is for the rest of us. We are not all of them. We don't all of us agree. So we have to get along with each other, work out our own differences, and work together to make changes for us all. And for the first time in our lives, we have the courage to show our differences, to try to create a new vision, to try to find a new way"
base_large,4,43,"Write a short neutral news brief about a change people are discussing.

Brief:"," “The public health crisis of Covid-19 has led to a significant loss of trust in the Government. A key focus has been the need to find ways to address this issue in the UK.”

A press release from the Prime Minister’s Office said: “We have had an extraordinary success at bringing public awareness and understanding to this crisis. However, many questions remain unanswered by the Government and we want to provide information about how best"
base_large,4,44,"Write a short neutral news brief about a change people are discussing.

Brief:"," President Obama and the Republican National Committee raised concerns last week about the timing of the announcement of a major federal funding increase, a month before the election, to boost the numbers of young people. In his prepared statement, the president called the proposal “totally inappropriate” but said that it does not meet the nation’s needs. “We need to understand the dynamics in the election cycle and plan for the future,” he said.

Brief"
base_large,4,45,"Write a short neutral news brief about a change people are discussing.

Brief:"," The new rules are to have no political ads that are likely to raise concerns about the economy.

Huffington Post, the publisher of The Washington Post and Breitbart News, has said that the ad “runs the risk of a negative response from the company and others who may take the view that the ads are being targeted at the company.”

“We are not looking for a negative reaction,” Huffington Post said on Monday."
base_large,4,46,"Write a short neutral news brief about a change people are discussing.

Brief:"," People with the most critical issues at their disposal are generally the ones they are most concerned about. A brief on what they consider the most difficult issues to have in a meeting, such as the most difficult to resolve, is an essential tool for anyone in the public sector who cares about the government.

Brief: A brief on what the government thinks about the most sensitive issues is an essential tool for the public sector. A brief on the most"
base_large,4,47,"Write a short neutral news brief about a change people are discussing.

Brief:"," The federal government will step up efforts to overhaul health care and pay for it with a new tax on the wealthy, which will generate more revenue.

The new tax will help pay for the new plans, which now account for more than $100 billion annually.

The money will be used to help pay for the programs to help everyone, including older people. It is also paid for by the federal government, but it is also taxed at"
base_large,4,48,"Write a short neutral news brief about a change people are discussing.

Brief:"," I’ve had a lot to say about the recent decision by the California Supreme Court to bar the government from forcing a school to make up by-laws in which the school is required to adopt a curriculum more in line with the school’s values. The Supreme Court upheld California’s school board’s charter violation, but instead of allowing the school to adopt the standards instead, it ended up taking the position that the school is legally required to"
base_large,4,49,"Write a short neutral news brief about a change people are discussing.

Brief:"," Change your news channel

For the record, I'm really looking forward to more of that when the Senate passes the Bipartisan Budget Act, which will finally end the government shutdown and bring the shutdown to a halt. The BBA was a big deal at the time, and I think it will be as important to keep the government open as to get a budget surplus.

Brief: We're back to that BBA, which"
base_large,5,0,"Write a short neutral news brief about a new plan.

Brief:"," ""It's a huge economic shift, but it's also a major political shift""

What a shift means: The shift to a much more transparent government-run economy

What an opportunity: New York magazine wrote, ""If Republicans and Democrats want to make a political noise about the economy, it's going to be a while. If they're not talking about the economy, they're going to be talking about the future of the country"
base_large,5,1,"Write a short neutral news brief about a new plan.

Brief:","

This is the official response to the new plan, the Senate’s decision to reject the plan.

What the Senate didn’t say was what will happen if the bill fails. The only way to know is to look.

Brief:

The Senate agreed to hold off on an executive order on the issue until the House had a chance to pass a replacement plan, the Senate said.

What does a"
base_large,5,2,"Write a short neutral news brief about a new plan.

Brief:", What is this proposal? What is the goal of the proposal? How is the proposal proposed? Why is the proposal proposed? What the proposal means to us? How is the proposal received? What is the message to our readers? What does it say to our communities? What are the effects of the proposal? What are the implications of the proposal? What should readers decide? How do you think this proposal will impact your community? How do you feel
base_large,5,3,"Write a short neutral news brief about a new plan.

Brief:"," The Federal Government is currently seeking $200 million for this project, with the Department of Health and Human Services planning to launch a follow-up briefing at 9:30 a.m. on Wednesday, April 13.

The announcement will give both agencies information on what to expect from the new proposal, as well as the timeline for the two agencies to begin the process of putting together a long-awaited follow-up briefing.

"""
base_large,5,4,"Write a short neutral news brief about a new plan.

Brief:"," This is the most popular, and one of the best, of the three major, three-part, and four-part mini-series of mini-series produced by the CBS News on its website. In the mini series, the station is told from the perspective of a retired CBS reporter called Tom Gordon, who is a CBS News anchor who wrote the broadcast for the New York Times. The mini series follows Gordon as he tries to determine who should"
base_large,5,5,"Write a short neutral news brief about a new plan.

Brief:"," This short book is the perfect way for readers to get in touch with those who can do a better job of writing. This is a great way for you to get to know your fellow readers, and your fellow writers, and to find out how you can help them through your stories.

This short book is the perfect way for readers to get in touch with those who can do a better job of writing. This is a great way for you"
base_large,5,6,"Write a short neutral news brief about a new plan.

Brief:"," A new, temporary plan to limit the number of federal judges in the US.

This plan has been put on hold in two or three states. The states with the most conservative views have all approved it, and the number of judges is the biggest issue. But the new plan, a “consolidated” version of the “alternative” rule, is still in effect.

The plan is designed to allow judges to write a brief"
base_large,5,7,"Write a short neutral news brief about a new plan.

Brief:"," The new plan is to have a 1.8 GHz, 7GHz, 4.4 GHz and 5 GHz, 10 GHz dual band wireless transmitters and be deployed at nighttime in places where night weather is not the main driver of radio signals.

Brief: The 10 GHz, 5 GHz, and 7 GHz wireless transmitters should all have the same bandwidth and be deployed at nighttime in places where night weather is not the main driver"
base_large,5,8,"Write a short neutral news brief about a new plan.

Brief:"," We have a new plan for the economy and, frankly, some of the things we're trying to figure out are the basics. But one of the things we're trying to figure out is what happens if it goes through. A lot of people are saying that we're seeing that the economy will come back into the right place, maybe even more than what we were before, in terms of things like debt, we've also been seeing something in terms"
base_large,5,9,"Write a short neutral news brief about a new plan.

Brief:"," A new draft of the ""No More Fear,"" the Trump administration's new plan to curb the spread of a virus that killed 1,200 people in the US, is due for release by the end of the year.

Trump’s plan, unveiled today, would expand access to mass vaccination to all Americans, stop people with preexisting health conditions from being vaccinated and also eliminate the requirement that people be able to purchase the vaccination themselves.
"
base_large,5,10,"Write a short neutral news brief about a new plan.

Brief:"," The United States wants to make a deal to take out terrorists and their families with the help of an international coalition led by the United Nations.

The Brief: The United States and the United Nations are working to create a new world order.

But, what will it take to get that order in place?

Brief: The United States is considering using military force to prevent terrorists from gaining access to Americans.

But the"
base_large,5,11,"Write a short neutral news brief about a new plan.

Brief:"," The Washington Times, September 4.

Pundit alert: The next few days won’t be about news, but about the President.

Hat tip to the Associated Press

For the next few days, the news media will have to answer tough questions about Trump’s handling of the coronavirus and the government shutdown, which began last week.

Some of those answers could be, well, complicated. “What’"
base_large,5,12,"Write a short neutral news brief about a new plan.

Brief:"," The National Review calls on Congress to ""set aside"" a new strategy.

Brief: John Dowd, the former president of the National Association for the Advancement of Colored People, argues that the current strategy -- ""the nation as a whole as a whole"" -- is better for the country than President Barack Obama's ""strategic option.""

Brief: ""For the nation as a whole as a whole"" is"
base_large,5,13,"Write a short neutral news brief about a new plan.

Brief:"," The new plan called for $15 billion in cuts to education spending. What does that mean in practice? What would you do with that money?

Senator John Kerry, former Vice President Joe Biden, and other top lawmakers on education reform, including Senator Elizabeth Warren and Sen. Cory Booker, all voted against the Senate bill.

The legislation has been approved by the House Education, Labor, and Health Affairs Committee. In response to a"
base_large,5,14,"Write a short neutral news brief about a new plan.

Brief:","

As the new Democratic majority in Congress, the Democrats will have to deliver on this front. We know that the President has a plan to restore public confidence in the economy and restore the economy to an “almighty” level. The President is proposing a massive tax increase of $1.2 trillion to pay for these measures. He is also proposing $1.2 trillion in stimulus spending to be implemented over the next four years. But we"
base_large,5,15,"Write a short neutral news brief about a new plan.

Brief:","

It's not known whether this will be a new, and possibly more-costly, route for the Department of Transportation (DO) to move to a fixed-route approach. The Department plans to continue to push for fixed-route and other ways to move the carpool lane farther down the road. The Department also plans to expand bus routes (that run between downtown Indianapolis and the Westin Indiana at Pawhuska) in an"
base_large,5,16,"Write a short neutral news brief about a new plan.

Brief:"," Why the BPA is working to protect Americans from terrorist attacks.

A:

There is nothing in the US constitution that requires the government to protect citizens from terrorists.  It is a well established law that has been in place since the creation of the US in 1872.  If you look at the law as a whole, the current BPA is not protecting anyone except the individual responsible for the threat.
The problem is that"
base_large,5,17,"Write a short neutral news brief about a new plan.

Brief:"," A proposal to cut the number of roadblocks in the nation’s capital to eight from nine proposed in the next six months.

“It’s an emergency measure,” said Scott Kruchinin, deputy director of the US National Transportation Safety Board.

The city, which has roughly 17,500 residents, has already received more than 2,500 citations for roadside violations since December.

“We’re only in"
base_large,5,18,"Write a short neutral news brief about a new plan.

Brief:"," A ""New Generation of Probes"" of the Obama and Biden administrations would take the lead in exploring how the president might shape the process of impeachment.

More: Here are some of the news stories that will be on the docket over the weekend

More: A full look at the ""Independent"" briefings

""Independent"" briefings are a rare case in which a news source is not present in the White House"
base_large,5,19,"Write a short neutral news brief about a new plan.

Brief:"," The new plan would allow people to see what happens if they have a cancer diagnosis. This is the idea that's been in the works for months and is being explored by the state health department. It will allow people to go through a series of tests and see if they are being sent to the hospital to have surgery. The plan is being talked about on a few national radio stations as well as in local newspapers and websites.

There is a"
base_large,5,20,"Write a short neutral news brief about a new plan.

Brief:"," A bill the House and Senate have been working on could get vetoed, with Democrats saying it's bad science.

The bill has an 11.2 percent chance of becoming law — while Republican-controlled Sen. Mike Rounds (R-S.D.) is said to be leaning toward a veto override.

The House bill would have expanded the definition of ""science"" — which is one of the most important scientific and technical topics"
base_large,5,21,"Write a short neutral news brief about a new plan.

Brief:"," How much more will we lose if we do not put out the news more often?

The story: The report released by the European Commission on the situation in Syria today said that there has been ""an increase in the use of chemical weapons.""

The story: What's most disturbing about this is the fact that it includes such alarming allegations that there is a ""large population"" of ""the deadliest"" terrorist in Syria.

"
base_large,5,22,"Write a short neutral news brief about a new plan.

Brief:"," The plan for a new school year in New Jersey is a series of measures that were introduced last year to help the state's students and teachers get ahead at a time of recession.

Brief: The plan will allow more than a dozen of the state's teachers to vote, a senior principal said.

Brief: The plan would not allow the state to issue new teacher pay raises, but would help make up for lost teacher pay"
base_large,5,23,"Write a short neutral news brief about a new plan.

Brief:"," New plans for the BRT's $15.3 billion infusion of public money include extending the service indefinitely, setting up another 20,000 new stations. The project, in a deal with the city of Pittsburgh, is being described as a $7.8 billion boost to the city's economy.

""The city is not ready for the proposed extension of service,"" said Patrick DeCourcy, a Pittsburgh-based consultant who has been"
base_large,5,24,"Write a short neutral news brief about a new plan.

Brief:"," A report from the group, “Avoiding the threat of nuclear catastrophe,” by David A. Shay, C. Paul Gillespie, and Michael F. McElroy, published in the Journal of Experimental Causation (Somerville, MA: Center for Contemporary Causation, 2009), is a brief analysis of a report written in 1998 by the American Enterprise Institute. This report examines “the possibility that nuclear waste generation might"
base_large,5,25,"Write a short neutral news brief about a new plan.

Brief:"," New data shows that the number of jobs created is increasing.

Short: An analysis shows that new businesses are created by businesses that use tech startups to build their own products or services.

The Wall Street Journal reported Thursday that Apple has been working with Microsoft on an iPhone maker's new mobile phone model. The report also says that Microsoft has recently started to work with Apple to market the new Windows Phone 7 operating system, which Apple is developing"
base_large,5,26,"Write a short neutral news brief about a new plan.

Brief:","

The New York Times released its draft of the proposed new law on Monday. The proposed draft of the proposal was published with the following message:

“Our proposal is a bold effort to protect the health and safety of Americans by removing the ability for the U.S. to discriminate against immigrants who are in the United States.”

“It’s a bold action that protects the safety and health of the American people. The United"
base_large,5,27,"Write a short neutral news brief about a new plan.

Brief:","

The Trump administration is planning to replace the US-Mexico border with a single, federal-controlled, all-volunteer border patrol force, with the use of a dedicated federal-state-all-state border patrol force.

The move will create more than 8,000 additional border-crossing officers, although it will not yet be used at the border, according to officials and local officials in the area.

The announcement"
base_large,5,28,"Write a short neutral news brief about a new plan.

Brief:"," New plans for the Trump administration to put the country on a path of war

The Trump administration is set to sign the deal after the White House issued the announcement, according to a White House official."
base_large,5,29,"Write a short neutral news brief about a new plan.

Brief:"," The U.S. Department of Energy's Federal Energy Regulatory Commission wants to eliminate the country's $250 billion nuclear energy program to ensure that nuclear power will play a role in reducing carbon emissions by 80 percent from 2005 levels.

Brief: ""I am thrilled by the support in Congress for President Obama's plan to develop the nation's first high-speed rail system to replace the country's aging fleet of aging aging nuclear plants. This"
base_large,5,30,"Write a short neutral news brief about a new plan.

Brief:"," A ""No More Talking"" sign is placed on the front door.

Brief: A picture of a group of people in a row of houses is shown at the front of the main room.

Brief: A group of people standing outside the back door of the house are shown.

Brief: A group of people standing outside the back door of the house are shown.

Brief: A group of"
base_large,5,31,"Write a short neutral news brief about a new plan.

Brief:"," “We’re in the middle of a massive data crunch in the United States. People are dying. The number of people who need to be treated has gone from three million to six million. We need to start working with other nations to figure out what is going on and how we can work with the government.”

This brief is part of the Bipartisan Legislative Action Plan.

What the plan calls for is that the data collected"
base_large,5,32,"Write a short neutral news brief about a new plan.

Brief:"," Some of the concerns raised by the president about the agency’s budget are not likely to change. In particular, the president said, “some of the issues that we are concerned about, such as the amount of funding that you’re providing … is a question of whether you’re adding up those items or not. If they’re not added up, they’re not in the fiscal picture.”

Here's the full brief:"
base_large,5,33,"Write a short neutral news brief about a new plan.

Brief:"," The new plan calls for a 10 percent cut of student loan debt in the next year, a plan that has been in use for more than a decade.

The New York Times, a conservative publication, cited the plan as evidence of the administration’s “dignified approach” to student debt.

The Times’ report comes after Trump took credit for dropping a major measure to reduce student loan debt for students, despite calls from some"
base_large,5,34,"Write a short neutral news brief about a new plan.

Brief:"," The US’s next president faces an uncertain future after failing to secure a deal to leave the international financial system alone as the coronavirus pandemic threatens to hit the economy hard. It will be a difficult challenge for the next president. But it is critical for a number of other national security leaders, including Vice President Mike Pence and Secretary of State Mike Pompeo, that the US do not abandon the international financial system and plunge the world economy into recession. President"
base_large,5,35,"Write a short neutral news brief about a new plan.

Brief:","

The Department of Justice’s Office of the Prosecutor will release a draft of the proposed plan on Wednesday. A draft will contain proposed terms and conditions that the administration will approve before it issues a final draft.

The proposal will take effect on Dec. 22, the Department of Justice said in a news release. The draft will provide guidance for the Department of Justice to implement the policy change.

The report, which will be"
base_large,5,36,"Write a short neutral news brief about a new plan.

Brief:","

We have a long-term plan in place. We're not building yet. But the plan could be that if we start building it, it will work because it's already going to work.

What is that plan? That you will build?

I've built this plan, and I'm building a new plan. But it's not going to work. So we're going to have to make a decision about whether we"
base_large,5,37,"Write a short neutral news brief about a new plan.

Brief:"," A full-page ad for the proposed new plan that would allow the military to more easily and rapidly deploy and train personnel in key special operations areas, including the Afghan military in the country’s eastern provinces and the border with Pakistan.

A new, more-than-30-minute spot would focus on key issues, such as the deployment of troops and training of combat and operational personnel in the country’s central, southwest and east provinces"
base_large,5,38,"Write a short neutral news brief about a new plan.

Brief:"," In a report on the effects of global warming, U.S. President Barack Obama is expected to announce that the president is considering making a large scale national effort to address global warming.

The president said that the U.S. is a world leader in its efforts to combat climate change. But he acknowledged there are still some areas of action that remain to be taken.

The issue is a part of the next round of negotiations that"
base_large,5,39,"Write a short neutral news brief about a new plan.

Brief:"," A plan to reduce the use of government by the next election.

The plan was announced at the same time as the federal election.

According to a news release, the plan would ""reduce use of government by the next election"" and ""reduce the amount of government spending and spending is now at the state and local levels"".

The document says the plan would reduce the use of government by the next election by the next 12 months"
base_large,5,40,"Write a short neutral news brief about a new plan.

Brief:"," ""It would be a better way to do it then doing the exact same thing.""

Short: ""In the meantime, we will just wait until the people of the country do what it takes to get their elected officials to change.""

Long: ""A short neutral news brief about a new plan.""

Short: ""A short neutral news brief about a new plan."""
base_large,5,41,"Write a short neutral news brief about a new plan.

Brief:"," We are working on a new version of our website, and the site’s website will be updated to include all of the new information, including a brief on how we do what we do, the new website and a link to the new version of our website.

Quick: A short letter with a message from the President about the news brief.

“Please feel free to use this material to make a positive impact on the people of"
base_large,5,42,"Write a short neutral news brief about a new plan.

Brief:"," The news brief will be available for free from the site’s online section and for a fee. If you are a journalist, it will be included in a text or video you will be able to download and upload.

Brief: If you are a news analyst or investigative journalist, your brief will be included in a short video clip from the site that you can download and upload to your website. If you are a broadcaster, the"
base_large,5,43,"Write a short neutral news brief about a new plan.

Brief:"," The state of Alaska could soon have a new president, and there's a whole lot to like about that. The state has a new president and a new constitution, and a new state budget. This will help make the state a ""greener state,"" like the states of California, Texas, New Mexico, and Oregon, which are already so polluted the national average is about 3.7% of the nation's population. And we'll have"
base_large,5,44,"Write a short neutral news brief about a new plan.

Brief:","

""I do not believe that the Government and the British Government should have the right to interfere in our internal affairs.""

This would mean that the government can, if it so wishes, have access to confidential information of all kinds. Such information could be used for lobbying or for political purposes. Such a thing, of course, would be a violation of the Charter of the United Nations (which says that all ""goods, articles and"
base_large,5,45,"Write a short neutral news brief about a new plan.

Brief:"," The new proposal is to give the city of Toronto a chance to increase the number of people who attend its municipal meetings and to improve the quality of services, including better broadband access and faster broadband speeds, more on-street parking and improved lighting.

The report finds Toronto will reach a deal with the CRTC, the government agency responsible for delivering municipal services, to have its online services, online and telephone calls and broadband on a first come,"
base_large,5,46,"Write a short neutral news brief about a new plan.

Brief:"," No. But I've got a list of other things I'd like to talk about. This will come out later this year.

We've got a good idea that we're going to start talking about it soon and we're going to have it published. We're going to talk about that. We're going to talk about those things on the program that's going to be the next thing you see on the TV.

It's"
base_large,5,47,"Write a short neutral news brief about a new plan.

Brief:","

""Fear for the future.""

""You won't be able to afford health care.""

""I'm not sure they have enough time left to figure out if we can help them.""

""There is always going to be another way.""

""The whole thing is a lie.""

""That's not the way we work it.""

""It's more difficult to understand what we need to"
base_large,5,48,"Write a short neutral news brief about a new plan.

Brief:","

The federal government is proposing to expand its use of broadband over the next decade, a proposal that could help spur innovation in the field and provide financial benefits to the nation’s digital economy.

“The U.S. government has a very strong track record when it comes to broadband,” said Tom Kozinski, an analyst at RBC.

The new plan would cut the amount of time Americans have to use broadband compared with"
base_large,5,49,"Write a short neutral news brief about a new plan.

Brief:","

President Trump called for a federal agency to be set up to investigate the alleged collusion between his campaign and Russia. This is a good call, but it is not good enough. A special prosecutor would have to look into the issue.

Trump called for a federal agency to investigate the alleged collusion between his campaign and Russia. This is a good call, but it is not good enough. A special prosecutor would have to look into"
