generated_by,prompt_idx,sample_idx,prompt,continuation
base,0,0,"Write a short neutral news brief about a recent local development.

Brief:"," What is the State of the Union?

The State of the Union (S.U.M.D.) is the state budget bill that was passed by the U.S. House of Representatives in March 2012. The measure will address the state budget and was approved by the Senate on March 22, but not ratified by the House. Its original title was proposed by Rep. Mike Smith of Montgomery County, and it was introduced in the"
base,0,1,"Write a short neutral news brief about a recent local development.

Brief:","

“We are thrilled to have the opportunity to introduce our new business, the new-generation Green Wave, to the San Francisco community, and continue the conversation with the San Francisco Examiner.”

“The new-generation Green Wave will be a tool for urban renewal and neighborhood revitalization. Our hope is to continue to educate the San Francisco public on urban design and planning and in general what it means to be a sustainable city and"
base,0,2,"Write a short neutral news brief about a recent local development.

Brief:"," A local development in San Diego's South Park neighborhood.

""It's a small little town, very small,"" said D'Alessandro, of the San Diego Union-Tribune.

""We had a new development there, which was a small one, that started here, we had a couple of construction jobs here. We're getting the tax dollars that could pay for them.""

City Manager Steve Nitz said"
base,0,3,"Write a short neutral news brief about a recent local development.

Brief:"," A story in the Baltimore Sun from a recent development on the water park.

Story continues below advertisement

Brief: A short news brief that appeared in the Baltimore Sun on October 23, 2016, in which it said “a new, new and new development on the water park, just south of the water park site is underway.” It was met with outrage at the site and was a reference to an event that took place a decade ago"
base,0,4,"Write a short neutral news brief about a recent local development.

Brief:"," The Trump administration is putting together a ""big plan"" to get the economy off the ground, as outlined by President-elect Donald Trump. The plan is to create jobs and boost economic growth.

A brief: The President-elect is putting together a big plan to get the economy off the ground. The plan is to create jobs and boost economic growth.

But it’s not all roses.

A brief: The President"
base,0,5,"Write a short neutral news brief about a recent local development.

Brief:","

“I am the new president of the United States, and I am going to push for legislation that will put us in a better position to hold these companies accountable for their wrongdoing. Let’s make it easy for them to stop doing what’s done,” Trump said."
base,0,6,"Write a short neutral news brief about a recent local development.

Brief:"," The Bakersfield Times has the most-published news on the Westside since it began running the same story in 2008.

“I’m so happy I can be part of a community that is passionate about this issue,” said Bakersfield City Council member Maryanne Bustin, who has been elected to Bakersfield’s City Council twice in the past 12 years. “It is an amazing place that is committed to sustainability"
base,0,7,"Write a short neutral news brief about a recent local development.

Brief:"," https://youtu.be/2E5Fw8QdPg5E

Watch now from the beginning: https://youtu.be/2E5Fw8QdPg5E

Watch now from the beginning: https://youtu.be/2E5Fw8QdPg5E

Watch now from the beginning: https://youtu."
base,0,8,"Write a short neutral news brief about a recent local development.

Brief:","

There was a time when the media were interested in the plight of ordinary people. The media wanted to expose the injustices of the wealthy and the poor. They wanted to show the impact the problems faced by the poor and the middle class. They wanted to show the injustice of the world.

In the 19th century, the newspapers were concerned with the plight of the poor and the need of those who were under poor conditions. The"
base,0,9,"Write a short neutral news brief about a recent local development.

Brief:"," ""We are building a new city with a very low density, so it's a good thing we are able to do it. We're doing some interesting stuff at the intersection of the city, and we're also doing some exciting things in downtown.""

Recommend: ""It's cool that we're making new things in downtown. I mean, I'm really excited about it.""

Talking: ""I want to be able to"
base,1,0,"Write a short neutral news brief about a public announcement.

Brief:"," The New York Times.

Long: This would be a prime example of the sort of political gaffes and the occasional ""Oh-I'm-not-a-dog, oh,"" that have become so common in American political discourse. A person would be considered to be a ""dog"" if he is a news anchor and is said to be at least a month away from the presidential election. There would also be people who are """
base,1,1,"Write a short neutral news brief about a public announcement.

Brief:"," “To the people of New Mexico, I am so pleased that my public announcement in favor of the National Pork Board, which will not only change the future of my family’s pork, but also make a positive impact on my hometown, our region and our state.”

A new campaign, “Northeast of the State,” aims to remind New Mexico the importance of a free market economy and the importance of the local pork industry to"
base,1,2,"Write a short neutral news brief about a public announcement.

Brief:","

The government is launching a national alert system for those who take a short stroll in the street.

The first alert was issued by the London Fire Brigade on November 3, 2008.

The second alert was issued on August 14, 2011. The alert was effective on October 1, 2012."
base,1,3,"Write a short neutral news brief about a public announcement.

Brief:"," The following brief on a public announcement on the government’s plan to increase the number of high-value government workers by 1.5 percent per year.


“A large majority of elected officials are very critical of the plan and say it is a step in the wrong direction. In an effort to make the announcement more effective and to help the public make a more informed decision, the mayor has ordered the increase in the number of high-value"
base,1,4,"Write a short neutral news brief about a public announcement.

Brief:","

The Times of London’s “The Times of London’s” “The Times” will release an advertisement to increase circulation and sell it at a reduced price.

“The Times of London’s” “The Times” will release an advertisement to increase circulation and sell it at a reduced price.

Tweet:

The Times of London’s “The Times” will release an advertisement to increase circulation and sell"
base,1,5,"Write a short neutral news brief about a public announcement.

Brief:"," “The U.S. government will not pay for it. A U.S. Justice Department inspector general is in the process of investigating whether there is enough evidence to prosecute or recommend charges against the person who created the short.”

Short-term, but long-range?

We do not know exactly what this means for the current administration, but one thing is for sure: The Obama Administration will not pay for their short-term"
base,1,6,"Write a short neutral news brief about a public announcement.

Brief:"," The next day, a group of four new reporters who have taken up the challenge of covering the news will be given a new assignment: lead a short press conference to reveal the findings of a new National Press Club special report.

New Press: The new press conference begins with a statement that the news organization must take its mission to heart in order to deliver the maximum benefit to the American people.

In its statement, the New Press:"
base,1,7,"Write a short neutral news brief about a public announcement.

Brief:"," If there's anything new at the top of your report, it's the fact that the U.S. government might have a few months to do a deal to provide humanitarian aid to the victims of the earthquake in Haiti. And if we're lucky, we might get to have some of that aid when we hit the road this afternoon, instead of the news channel we've been waiting for all day.

Brief: And I'm sure"
base,1,8,"Write a short neutral news brief about a public announcement.

Brief:"," You have to write a short neutral news brief about a public announcement on a public issue. You have to write a short neutral news brief, you’re sure you know a thing or two about the issue. But how would you write it? Well, write a brief that asks people to take some time to think about it. Think about how the issue affects you in some way. Or maybe you’re trying to figure out a way to get"
base,1,9,"Write a short neutral news brief about a public announcement.

Brief:"," A public announcement regarding the decision to stop offering paid internet services for public use.

Sale of public telephones and fax machines.

The announcement also noted that the company would now offer “certain services,” such as the ability to issue a “full and final public apology” after the announcement was made.

On the Internet, the company said it would provide “any and all information relating to the announcement, including comments by customers"
base,2,0,"Write a short neutral news brief about a group making a decision.

Brief:"," The Federal Reserve Bank of Stamford is investigating the company’s apparent $4.2 billion write-off of the sale of the $1.2 billion company’s shares.

Shareholder: A few of those investors have come forward to share the $4.2 billion write-off with their companies. The companies are now expected to announce details of their plans for a $12 billion debt restructuring.

Brief:"
base,2,1,"Write a short neutral news brief about a group making a decision.

Brief:"," How the Obama White House tried to stop the Trump/Russia investigation.

Brief: How they tried to put pressure on the president to fire Comey.

Brief: The president’s press secretary fired Comey during the campaign.

Brief: The president tried to keep the Senate investigating the role of the FBI in the Russia investigation.

Brief: The president tried to fire Comey and then the Senate voted to move"
base,2,2,"Write a short neutral news brief about a group making a decision.

Brief:"," The new National Endangered Species Act of 1973 has the power to prevent or reverse the effects of global warming. The law does just that, by removing many of the protections that are available to wild species that can't survive. The new law says that species must be protected from extinction by the laws that apply to them. ""The law is a disaster that has crippled our ability to protect the species that we rely on,"" says David Chivers,"
base,2,3,"Write a short neutral news brief about a group making a decision.

Brief:"," A group of local news anchor volunteers and volunteers with the Los Angeles Police Department’s LGBT community fight back against discrimination and bullying in order to find peace in the city.

“The people of Los Angeles are fighting back and they’ve been fighting for a long time,” said Toni Lacy, an activist who co-founded the group in 2009. “We do the best we can do to be a voice of the community.”
"
base,2,4,"Write a short neutral news brief about a group making a decision.

Brief:"," ""What the media is doing: We need to be transparent, but the media is failing to do that.""

GOP leaders: ""The media should be getting out what the public needs to know. Not what the press is doing.""

Likely Democratic leaders: ""This is a disaster for the D.C. United Party. The media and the Democrats are not doing enough. And the Democrats are not doing enough.""
"
base,2,5,"Write a short neutral news brief about a group making a decision.

Brief:"," “The State of the Union”

This week, the state released its latest version of its own state budget. The first update released Thursday was, “The State of the Union: A New Look at the Future.”

The State of the Union will be released this summer, but we can only speculate about its contents. The content of the budget is quite diverse. Some of the new pieces will address questions of government, a discussion of"
base,2,6,"Write a short neutral news brief about a group making a decision.

Brief:"," On the first day of the 2017 Democratic primary, Hillary Clinton gave a brief news brief to the public that criticized Sanders for his campaign to repeal the Affordable Care Act in the Senate. The brief was called, “The DNC must come to grips with the Sanders administration’s proposal to repeal Obamacare, and to repeal the Affordable Care Act in the Senate.”

Brief: The Democratic National Committee released a press release that described its plan to"
base,2,7,"Write a short neutral news brief about a group making a decision.

Brief:"," Trump and his campaign have been saying, “Hey, it’s a national crisis” for more than a month now. But on Monday, they’ve turned to another campaign ally—the Republican National Committee, which has already endorsed a handful of Republican candidates. “We’re not talking about the Republican National Committee,” the committee said in a statement, adding that the committee was not planning to give any names to Trump’s campaign. “"
base,2,8,"Write a short neutral news brief about a group making a decision.

Brief:"," ""I'm going to need a change of heart,"" Trump said, referring to his campaign's decision on the issue Friday.

""And I want to go back to working out. But I'm not going to go back to working out and be a president,"" he said, referencing his campaign's decision to run for president.

Trump is running for a second term and, in his remarks, said the Democrats would make the change """
base,2,9,"Write a short neutral news brief about a group making a decision.

Brief:"," The following is a brief summary of the current state of the country, as a result of a news story on Wednesday that said the government has been considering plans to build a mosque in Gogjak, near the Afghan border. The government had already said it was considering the idea because it could reduce the number of people who live in the town. It said it would not consider plans for a mosque but would try to find out more before considering the"
base,3,0,"Write a short neutral news brief about an event that happened today.

Brief:"," ""I'm concerned about a possible conflict of interest in a former White House intern who is now a special assistant to the president, who has previously worked for the president and was on the national security team as a diplomat.""

Story continues below advertisement

""It's a concern that the White House and the president might be getting involved in a conflict of interest that could affect their decision-making processes and the administration's ability to meet our needs"
base,3,1,"Write a short neutral news brief about an event that happened today.

Brief:"," the current crisis of the Democratic Party.

Brief: the Democratic National Committee and its Democratic leadership are both facing a serious challenge in the next election.

Brief: The Republicans are also facing a serious challenge."
base,3,2,"Write a short neutral news brief about an event that happened today.

Brief:"," An article on the ongoing debate over the death of Elizabeth Warren in Warren’s Massachusetts district was the subject of a Twitter thread, in which he asked that anyone who reads the article, with any commentary, give it a try.

In a statement following the post, he said, “I look forward to making this a productive and respectful discussion.”

We are thrilled to receive a follow-up to this letter from @hillarycl"
base,3,3,"Write a short neutral news brief about an event that happened today.

Brief:","

The American Family Association and the National Organization for the Reform of Marijuana Laws issued a joint statement on Thursday afternoon in which they called for a halt to the sale and cultivation of marijuana in the state of Indiana. The statements have been met with considerable consternation from the medical marijuana community. The statement was issued to say that if the cultivation of marijuana for medical use is allowed, it should be done at private home and the use of the"
base,3,4,"Write a short neutral news brief about an event that happened today.

Brief:"," A brief report on the “Kyle Kovalenko incident,” which was featured in the Washington Post.

A report on an event that happened today.

“They were looking at the street, on the side of the road, and the people in the car were laughing and yelling, and then people started coming out of the car and the whole thing broke up,” says Kyle Kovalenko, the father of slain former national security advisor"
base,3,5,"Write a short neutral news brief about an event that happened today.

Brief:","

Here’s the story:

Hundreds of protesters gathered at a community center in Chicago on Saturday demanding that the police use violence to defend the city’s police officers.

“We’ve got a police officer that’s an officer of peace and he’s got a lot of respect for the police,” said one protester. “That’s just the way it is. It’s the police that"
base,3,6,"Write a short neutral news brief about an event that happened today.

Brief:"," The University of Arizona will host a short neutral news brief on October 30, 2015, in honor of the passing of our very own B.J. Choi. BJ Choi had a very short time to live. His death is being mourned. We are humbled to see him, and we are honored to make this event happen. We look forward to sharing his story with everyone. Please share this brief in your community, and let"
base,3,7,"Write a short neutral news brief about an event that happened today.

Brief:"," This story, about the death of a local teenager from a heroin-overdosed drug overdose, was shared more than two million times. The story was a tribute to his struggle for justice, and it’s a story we should all remember.

Favorite Quotes: The key to happiness is a good diet. The key to happiness is a good diet. The key to happiness is a good diet.

You know the most"
base,3,8,"Write a short neutral news brief about an event that happened today.

Brief:"," The U.S. government is planning to hold a news conference this week at noon ET to discuss the planned new National Security Agency surveillance system. A spokesperson for the federal department said the announcement on Friday morning does not represent a strong statement on the nation's planned surveillance efforts. The NSA announced Friday morning that it planned to ""investigate and respond to possible criminal activity, including terrorism, domestic crimes and crime involving foreign nationals."" A spokesperson said the announcement"
base,3,9,"Write a short neutral news brief about an event that happened today.

Brief:","

In late November, we published an article titled, “NBA Finals is Near, and the Knicks are poised to contend.” The article said the Knicks were one of only two teams left in the NBA. The article said the Lakers, with the NBA’s top team, have the potential to go all-NBA, and it would be the first time the Lakers and the New York Knicks had a meeting, the NBA"
base,4,0,"Write a short neutral news brief about a change people are discussing.

Brief:","

People seem to have been a bit more receptive to the idea of a small price for a change -- this particular issue was a very good example of that. Here is an excerpt of the short news brief:

...the way the Obama administration has put pressure on the National Security Agency (NSA) to investigate allegations of widespread spying, and have tried to force the NSA to come clean with details of those investigations, is disturbing. But"
base,4,1,"Write a short neutral news brief about a change people are discussing.

Brief:"," Trump's campaign had previously targeted Obama, as well as Sen. John McCain and former Sen. John Kerry, as possible ""soft targets"" of the ""hateful and false"" comments they're making about Hillary Clinton, which many would consider a violation of campaign rules. That's how Trump's campaign was able to ""tackle"" this story and force some of the former secretary of state's family members to back down as it ""t"
base,4,2,"Write a short neutral news brief about a change people are discussing.

Brief:"," “The Federal Government says it will not force the Federal Government to give it any more power to set up new elections on the basis of the results of the 2012 presidential election.

“The Federal Government said it will not force the Federal Government to make any more changes to its election laws that are affecting the people of the nation who elect those who are elected to the Federal Parliament.

“The Federal Government said it will not force the Federal"
base,4,3,"Write a short neutral news brief about a change people are discussing.

Brief:"," This news brief was published in May and May of this year and it contains a story about the death of a former girlfriend of a longtime friend of Donald Trump.

Trump has spent days criticizing the media for not exposing the full story of his alleged affair with the actress.

Trump has called for the public to “pay attention” to the interview, and he called it “a disgraceful lie.”

Trump has been known to"
base,4,4,"Write a short neutral news brief about a change people are discussing.

Brief:"," A New York Times reporter, David Gregory, is being sued by the parents of an 11-year-old boy who said he was “drunk and beaten” by the same man who raped his mother in the 1980s and again in the 2000s.

Gregory, who lives in Woodland Hills, California, was charged with “criminal negligence” after he was “drunk and beaten” by a “drunk and violent”"
base,4,5,"Write a short neutral news brief about a change people are discussing.

Brief:"," It was a bit of a wild ride, and we didn’t get much on the back end. I was hoping I might get some details of some of the major events we’re going to see. But we did get a lot of great information.

“The first thing we did was look at the back end and the impact of the decision. We looked at things like the number of people who signed up to donate, the number"
base,4,6,"Write a short neutral news brief about a change people are discussing.

Brief:","

The Federal Reserve will soon propose a policy change to the U.S. Treasury that it said could help prevent inflation and help stabilize economic conditions, a person with knowledge of the proposal said.

The person spoke on condition of anonymity because the Fed is not yet fully clear how the proposal will impact the economy, the person said. The person also spoke on condition of anonymity because they were not authorized to speak to the press.

"
base,4,7,"Write a short neutral news brief about a change people are discussing.

Brief:","The news media has gone to great lengths to push the issue of climate change, but it seems that the mainstream media has been mostly silent on the issue. What happened to the media when the truth was revealed?

How about the big TV companies who are now using the truth as a weapon against the truth?

It seems like they’re more interested in keeping a lid on climate change than being fair, right?

Let’"
base,4,8,"Write a short neutral news brief about a change people are discussing.

Brief:","

Mission

In the past, as a citizen, I have had to deal with both the government and the media as a result of my voting. However, my vote has now been affected by my voting status and my views, and in light of that, I have now been assigned the mission of learning to be an independent voter. The mission of the mission is to use the website to share information to inform and educate the public regarding"
base,4,9,"Write a short neutral news brief about a change people are discussing.

Brief:","The Trump administration is considering rolling back an Obama-era ban on transgender people using public restrooms that match their gender identity and gender appearance and will issue new policies in the coming weeks to protect their rights.

The brief says President-elect Donald Trump is considering ""two new policies"" to reduce the number of public restrooms for transgender people.

""We are committed to working with our partners to find the right balance in order to protect"
base,5,0,"Write a short neutral news brief about a new plan.

Brief:"," The House is considering a bipartisan measure to build a $250 billion infrastructure package for the next five years, according to a report by The Hill.

The report says the bipartisan measure would fund infrastructure spending of $500 billion over five years, with the aim of building a $250 billion infrastructure package to provide more power and more electric vehicles to meet the needs of the American public.

But a statement said it will still “apply to some"
base,5,1,"Write a short neutral news brief about a new plan.

Brief:"," A plan for creating a “green-energy” city that is not polluting

This is a plan that was proposed in New York and Washington. If approved, it would use low-carbon technologies to save energy costs while protecting people and the environment.

But this new plan would not, in fact, meet the goal of putting more carbon dioxide in our atmosphere by 2045.

To make such a plan, the plan is"
base,5,2,"Write a short neutral news brief about a new plan.

Brief:"," “We’ll be moving to 100% renewable energy by 2022 in order to keep the wind from being a problem. A new plan to create hundreds of megawatts of renewable energy from solar and wind.”

“This is the first step in getting 100% renewable energy in place in the United States,” said Michael Balsam, director of renewable energy at the NRG Foundation. “We need to start building a new generation of"
base,5,3,"Write a short neutral news brief about a new plan.

Brief:"," An investigation into a controversial plan to cut federal revenue by up to $6 billion over six years, including cuts to education, public-works programs and school facilities.

The news briefer is also calling for an overhaul of the tax code, a proposal that would have included tax breaks for small business, small-business advocates said, and for new taxes to be imposed on people who own property.

""Our tax system is broken."
base,5,4,"Write a short neutral news brief about a new plan.

Brief:"," No one is going to say anything when the economy recovers, we’ve been told.

Friends and family: We’ve got our money back.

Friends and family: I’ll get them to make more money.

Family: We’ll see you in a couple of days.

Friends and family: We can’t do anything for you.

People: We’re not"
base,5,5,"Write a short neutral news brief about a new plan.

Brief:"," There is no need for another long-term plan.

In his new proposal, the Senate and House have come up with a plan to make the military more accountable and less expendable. The proposal doesn’t require that all military bases be built, it just requires the Defense Department to build the bases. However, if the Defense Department doesn’t build the bases, then the civilian population, both military and civilian, will suffer. And"
base,5,6,"Write a short neutral news brief about a new plan.

Brief:"," The American Society for the Prevention of Cruelty to Animals (ASPCA) is offering $25,000 to a person and their child to participate in a study that will examine the impact of a proposed plan to reduce the number of people who die from accidental injuries associated with dog bites, accidents, or sprains.

The ASPCA says the study is designed to examine the potential impact of the proposed plan, to better assess the risks associated"
base,5,7,"Write a short neutral news brief about a new plan.

Brief:","

President-elect Donald Trump said on Tuesday that he would appoint a new Supreme Court Justice to replace Justice Neil Gorsuch to the post.

“I am pleased to announce that President-elect Donald Trump will appoint me as Supreme Court Justice,” Trump said.

“I am thrilled to serve my country and welcome the new opportunity,” he said.

Gorsuch’s nomination comes amid a political battle over which justices"
base,5,8,"Write a short neutral news brief about a new plan.

Brief:","

The Bipartisan Policy Center has a draft of a resolution on Capitol Hill advocating for a bipartisan bipartisan agreement to eliminate the National Endowment for the Arts and cut the endowment in half.

There was no response from the Democratic senator who introduced the resolution, Senator Ted Cruz, who is running for president.

There is also no public statement from the Democratic congressman who has introduced a resolution calling for a single chamber"
base,5,9,"Write a short neutral news brief about a new plan.

Brief:"," The Obama administration is considering creating an infrastructure project that will help people get online and access their health insurance, a top Democratic aide said Wednesday.

The plan, dubbed the ""Internet of Health,"" would be an effort to improve health care for people with small- and medium-sized firms, and to help them get a decent, secure healthcare plan with a good quality of life that they can get from their employer, the aide said.

"
numeric_business,0,0,"Write a short neutral news brief about a recent local development.

Brief:"," The city of Waukegan has reached out to local reporters to get a quick and easy draft of their local news briefs and the news will be sent over.

""It's great to see that the city will be getting it right and is going to be putting it out in a timely fashion,"" said Waukegan City Manager Richard Marusia.

More: Waukegan residents agree that local news is going to"
numeric_business,0,1,"Write a short neutral news brief about a recent local development.

Brief:"," An old, abandoned, one-room home that once housed the family of a young man and his dog was torn down to make way for a new development that will let him move into the front yard.

Brief: A retired retired police officer was killed when a tree branch snapped and fell on his head. The tree fell on him, and he died."
numeric_business,0,2,"Write a short neutral news brief about a recent local development.

Brief:"," | 001. | 001. | 001. | 001. | 001. | 001.

**Brief: | 001. | 001. | 001. | 001. | 001.

**Brief: | 001. | 001. | 001. | 001. | 001.

**Brief: | 001. | 001."
numeric_business,0,3,"Write a short neutral news brief about a recent local development.

Brief:"," A little-known piece of information about the city's local government.

Coffee and hot dogs are served in a café in an office building, which serves the lunch portion of the local newspaper.

Discusses the current state of the local government and a forthcoming downtown expansion project.

The brief asks for help in finding a new police chief, to whom it will contribute to the police department's ongoing budget.

The"
numeric_business,0,4,"Write a short neutral news brief about a recent local development.

Brief:"," The current situation in the Middle East.

Proposal to set up a new branch of the UN in the Middle East has been discussed with the UN’s High Commissioner for Human Rights in New York. The UN Secretary General is currently in New York, and the proposal is now being considered at the UN General Assembly.

The proposal has been endorsed by UNESCO, which says: “The UN seeks to promote peace and prosperity for"
numeric_business,0,5,"Write a short neutral news brief about a recent local development.

Brief:"," The new apartment building in the center of the city was built by Russian and American businessmen and was set to become the first building in the United States to be built with federal government subsidies.

The new building was built on the site of the now-defunct First National Bank.

Brief: In 2016, a state judge ordered the city to pay $200 million to First National Bank in a dispute over the rights of the developer"
numeric_business,0,6,"Write a short neutral news brief about a recent local development.

Brief:"," This is an effort by the city of Baton Rouge to ensure that local businesses will be able to respond to a recent construction activity on a new shopping center.

Brief: Construction on the project was stopped because of a storm threat. The project is expected to come online in mid-2012.

Brief: The project started late last year with a low tide, but the storm surge knocked out flood control channels and the construction site"
numeric_business,0,7,"Write a short neutral news brief about a recent local development.

Brief:"," It's about five hours' worth of news, mostly about local news. This brief isn't about a particular event but about a single news story. The main idea of the brief is to explain the main news story and some of the events surrounding it. The brief is more focused on the story than the actual events itself, which is the reason that it's long. It's also the most detailed.

What to say About this brief?"
numeric_business,0,8,"Write a short neutral news brief about a recent local development.

Brief:"," This is a discussion about a recent local development that was approved by the county council. The council voted to make the development, in a large-scale project in the area, a new community in the county. The development would involve several new homes being built, one for each of the council members.

Includes all the relevant information about what the development would look like, if approved, and who would be taking care of the homes.
"
numeric_business,0,9,"Write a short neutral news brief about a recent local development.

Brief:"," An elderly woman has died after being strangled and stabbed in the back of the head, according to the Star.

A local woman says she was attacked by a man who then stabbed her, but no one was killed.

It was the dead woman’s body that was discovered in the back of a store, and she was wearing a white T-shirt and matching pair of shorts.

“He said that he was going"
numeric_business,1,0,"Write a short neutral news brief about a public announcement.

Brief:"," There is a public announcement for a public announcement that is an announcement for the public announcement that is a public announcement.

Here is a list of the brief's top ten posts to this topic:"
numeric_business,1,1,"Write a short neutral news brief about a public announcement.

Brief:","

The US Department of Justice has announced that the FBI has identified a “special interest” in a man believed to be in the Bahamas illegally, who has previously worked in Florida. The government says it believes the man, identified as John Michael McVey, is connected to a program, according to the FBI.

The announcement comes just days after the US Department of Homeland Security said it’s determined that the “man who is"
numeric_business,1,2,"Write a short neutral news brief about a public announcement.

Brief:","

""We are so confident in our system that we have chosen to have a new, low-cost way of communication. The first day, our staff will provide you with a brief about what we're announcing to the public. The press conference will be made available to the public. We're also doing this to bring the press back to the office on time. We would like to thank you for your help to make this a success. We"
numeric_business,1,3,"Write a short neutral news brief about a public announcement.

Brief:"," When the American people decide to take action, it's important to put all the cards on the table. If you take action to change the culture, change the world, and change the Constitution, you need to stand behind the actions taken and the words they're saying. When the American people decide to take action, it's important to put all the cards on the table. If you take action to change the culture, change the world, and change"
numeric_business,1,4,"Write a short neutral news brief about a public announcement.

Brief:"," On the day of the election, there was an announcement that the Republican nominee, Steve King, was not running for President of the United States. He was instead nominated for Vice President, and his record as an independent in the Senate would be considered by the Republicans in the Senate.

Brief: At the time of the announcement, there were rumors that King was not running for President of the United States. After King withdrew his campaign, the"
numeric_business,1,5,"Write a short neutral news brief about a public announcement.

Brief:","

(0)

Re: ""The End of the Road""

Posted by: Tom

I'm not sure who wrote the brief, but I just thought it was a nice brief. The only reason I left is that I was wondering if people read the brief? I don't think it's a good brief. That I can understand as one of the reasons why people aren't reading it.

Brief:"
numeric_business,1,6,"Write a short neutral news brief about a public announcement.

Brief:","

An announcement by the U.S. Government has been issued, announcing that the U.S. will not send a navy vessel to assist the U.S. in the battle against the Islamic State of Iraq and Syria (ISIS).

“I’m not going to write about [the] incident. I’m not going to write about a secret decision by the U.S. Government to not send a warship"
numeric_business,1,7,"Write a short neutral news brief about a public announcement.

Brief:"," A statement is issued by the public regarding a declaration to be taken seriously.

A statement is issued by the public regarding a declaration to be taken seriously.

A statement is issued by the public regarding a declaration to be taken seriously.

A statement is issued by the public regarding a declaration to be taken seriously.

A statement is issued by the public regarding a declaration to be taken seriously.

A statement is issued by"
numeric_business,1,8,"Write a short neutral news brief about a public announcement.

Brief:"," A public announcement of public announcements.

Certain briefings on public announcements were used by the military to convey the message that there were serious problems. One brief explained why the Secretary of Defense felt so concerned about the Pentagon, saying that the “problems can be resolved” by a public announcement. The briefer was told by the Secretary of Defense that the Department of Defense did not “feel the need to have a public announcement.”

"
numeric_business,1,9,"Write a short neutral news brief about a public announcement.

Brief:"," I'm working on a brief that will be briefed and presented as a short story. In the first draft, it will be a short-story about a public announcement. In the second draft, it will be a short-story about a public announcement. The first draft will be published in August. I have not finished this book. I would prefer it to be a short-story, but I will tell you that it is going to be"
numeric_business,2,0,"Write a short neutral news brief about a group making a decision.

Brief:"," This is a short report on a group made up of politicians and journalists who, as part of a group called 'A Little Group of the People' said that this was not a bad idea.

Brief: A group of the people was made up of politicians and journalists who, as part of a group called 'A Little Group of the People' said that this was not a bad idea. In the last week, the group says it"
numeric_business,2,1,"Write a short neutral news brief about a group making a decision.

Brief:"," The state of the art of news in the U.S. Newsweek magazine.

Summary: The author is a political writer who specializes in the Middle East and West Asia region. A native New Yorker, he has written for The New York Times and the New Yorker since 1995. He is an associate editor at the Daily News."
numeric_business,2,2,"Write a short neutral news brief about a group making a decision.

Brief:","

A group of six men, who were interviewed by a local reporter, say that the men are part of a group in need of assistance to make a tough decision.

The group is being referred to as ""The Five,"" which means the group's goal is to ""provide help to the group that is in need.""

""They are from the five, the five that are here, a group that is making a decision to"
numeric_business,2,3,"Write a short neutral news brief about a group making a decision.

Brief:","

The group of reporters and photographers who were arrested for covering the news reported by the AP are among those held at a New York City jail who have been arrested for violating their probation.

According to the group of journalists and photographers who were arrested at a New York City jail, the news organization was held for four days on charges of violating probation.

“The news organization was held in a jail at the New York City Central Jail"
numeric_business,2,4,"Write a short neutral news brief about a group making a decision.

Brief:"," A man and woman who are trying to figure out the future of the city's streets.

I want to talk about what the police are doing to stop a gang-banger who was caught after the initial investigation, and to see how it all plays out. It's one thing to say the police are investigating a gang but it's another to show the way they're going to do it.

""The street doesn't have a"
numeric_business,2,5,"Write a short neutral news brief about a group making a decision.

Brief:"," A brief of opinion for a news organization that is not a news outlet.

This is the brief of the group called The Huffington Post.

The brief describes the group’s decision, and the reasons for it.

The Brief includes a discussion of the group’s decision, the reasons behind the group’s decision, the reactions of the group, and the group’s intent.

The brief of The Huff"
numeric_business,2,6,"Write a short neutral news brief about a group making a decision.

Brief:"," What the media is saying about the new North Carolina law, in particular, the way it would regulate media from the inside.

What you'll find in this brief: The Charlotte News reported in May that the new law might allow the North Carolina Communications Commission to ""turn away some media outlets from the state's largest radio and television markets.""

Advertisement:

The Charlotte News says ""the new law would expand the use of television from"
numeric_business,2,7,"Write a short neutral news brief about a group making a decision.

Brief:","

The National Association of Referees said a new version of the code that was introduced in 2013 has been put back into service. The new code, which is the same as the original, was introduced to regulate the use of referees when deciding a football match. The new code sets a minimum number of minutes for referees to exercise their authority and is based on three rules: to allow a team to win a match by 1-1"
numeric_business,2,8,"Write a short neutral news brief about a group making a decision.

Brief:"," ""The best way to keep the press away from this issue is to keep it out of the news media."" — Steve Bannon

Brief: ""The most important thing to do is to have an open debate on this and to have an open exchange of ideas."" — Joe Lieberman

Brief: ""This is how it's supposed to work, you know?"" — Sean Hannity

Brief: ""You can"
numeric_business,2,9,"Write a short neutral news brief about a group making a decision.

Brief:","

It would be useful to note some of the main points of the article. In the last few days, we have seen many instances where the media’s decision process in this context has taken more serious and longer turns. It has taken more than a year to bring down an opposition leader or, at least, to bring down a pro-democracy or anti-corruption organization. In a certain context, this has had more of a"
numeric_business,3,0,"Write a short neutral news brief about an event that happened today.

Brief:"," The event took place at a church in this town and was attended by the people of this community. It was a quiet ceremony, but there were other people in attendance, including a man who had recently been killed in a car accident.

The event was attended by people who had heard of a similar event in the past.

Brief: A couple who are raising funds to support their community says there was nothing unusual about the event."
numeric_business,3,1,"Write a short neutral news brief about an event that happened today.

Brief:"," This is an event that happened today. Today’s topic was a very hot topic at the Republican National Convention. A lot of people were there. However, a lot of people were against one particular candidate for president.

Brief: Here’s a brief piece about it. One of the more interesting things about it was that it said that the Republican National Convention was not a political party. It wasn’t. It was an event"
numeric_business,3,2,"Write a short neutral news brief about an event that happened today.

Brief:"," How I used to be a part of the world's largest news company.

Short: I'm now a part of the world's largest news company.

Brief: I'm now a part of the world's largest news company.

Short: I'm now a part of the world's largest news company.

Brief: I'm now a part of the world's largest news company."
numeric_business,3,3,"Write a short neutral news brief about an event that happened today.

Brief:","

""President-elect Donald Trump is not a fan of the president-elect’s decision to nominate former vice president Joe Biden to the presidency. But for the most part, the vice president-elect’s comments are in line with Trump’s position that the country should not become a laughingstock in the face of what he calls the ""gross corruption"" of the current administration.""

""The vice president-elect and"
numeric_business,3,4,"Write a short neutral news brief about an event that happened today.

Brief:"," The White House on Wednesday dismissed two claims of misconduct against top officials in the administration about the president’s handling of Iran.

The administration has accused the White House of orchestrating a plan to fire a senior Trump adviser without evidence of wrongdoing, and said it has also fired a senior adviser who was involved in the plan.

The president’s attorney, William Rundefined, described the accusations as baseless and made no effort to respond"
numeric_business,3,5,"Write a short neutral news brief about an event that happened today.

Brief:","

The story of the recent bombings of the St. Mary's Episcopal Church, including the death of 20-year-old Krayani, and the subsequent death of her brother, was described as ""dispiriting"" by an account from church president Steve Ritchie. The church, which closed for the night due to the threat of a nuclear strike, has been without a pastor for over 10 years.

The story"
numeric_business,3,6,"Write a short neutral news brief about an event that happened today.

Brief:"," Bodies are always a problem and are often very much a problem when you have an extremely large number of them. However, when you have an extremely small number of them, a relatively small number of problems can arise. And there is only so much to do to deal with them, which is why I always tell people that a brief is not to be taken lightly.

Advertisement - Continue Reading Below

Advertisement - Continue Reading Below

"
numeric_business,3,7,"Write a short neutral news brief about an event that happened today.

Brief:"," A memorial service for a mother and son who have been killed by a drunk driver who was charged with a murder charge.

Cite this article Pick a style below as: Citation-Length Sentences Updated Weekly List of sentences available. Updated weekly list of sentences available. Updated daily list of sentences available.

Read Captioning this article: A memorial service for a mother and son who have been killed by a drunk driver who was charged"
numeric_business,3,8,"Write a short neutral news brief about an event that happened today.

Brief:"," What’s at stake, and how can we make it happen?

The National Media Council’s Office is a key partner in the process, which includes the council’s director, former Newsday editor, and a team of staffers including journalists from ABC News, Newsday, Variety, Reuters, Time, and PBS. The group also includes representatives from the National Media Advisory Board and the National Media Council Advisory Board. The council"
numeric_business,3,9,"Write a short neutral news brief about an event that happened today.

Brief:"," A story from the Washington Post on a New Jersey man who was charged with assaulting an armed man, a third-degree felony, with a brief, a second-degree misdemeanor.

Story continues below This email entry was released on August 29, 2015."
numeric_business,4,0,"Write a short neutral news brief about a change people are discussing.

Brief:"," It’s a small change in the media and its effects on the political process can get quite dramatic. However, it’s a small shift in the media that does the harm.

The second example that comes to mind is the change in the media landscape.

In the last year, there have been a number of major stories that were very specific in nature to some of the individuals that they were reporting on, and it’s"
numeric_business,4,1,"Write a short neutral news brief about a change people are discussing.

Brief:"," As you can see above, the ""pro-reform"" stance has been pretty well accepted, with the most recent news coming from a local news outlet that is the state's largest. The reason is obvious; it's hard to tell exactly which ones were in the news this week, or even if the state's new media standards were announced in the early morning hours. Still, there are at least three stories that have been very much in the"
numeric_business,4,2,"Write a short neutral news brief about a change people are discussing.

Brief:"," The new policy on press releases that will be implemented in a major media reform initiative will be a major milestone in the progress of the United States.

Advertisement

Advertisement

In an interview with the Newsweek Media Group, John R. Galloway said that the United States is committed to a wide range of media reforms, including freedom of the press, and that the American people will ""keep our press for ourselves.""

"""
numeric_business,4,3,"Write a short neutral news brief about a change people are discussing.

Brief:","

“The government has been putting a lot of pressure on the media to not use the term ‘liberals’ — a claim it has often been made about media organizations. The term is also misleading and will only confuse people if it is a word or idea that is used incorrectly.”

On the new news brief, she said:

“I would like to see this thing go public. We’re still on the record"
numeric_business,4,4,"Write a short neutral news brief about a change people are discussing.

Brief:","

""The US president Donald Trump has repeatedly suggested that he will not sign any bill that includes new regulations on the internet, but he has also defended his campaign to ban internet activity online, which is widely viewed as a threat to privacy and government.

While the new Internet legislation will also include some measures related to ""unauthorized use,"" the US president said he would not be ""suddenly"" undoing ""the very good work"
numeric_business,4,5,"Write a short neutral news brief about a change people are discussing.

Brief:"," I just want to get a good look at the two stories that deal with the changes that have taken place in government since the announcement that the Government will begin to make new rules to regulate the sale of cigarettes. I'll tell you how things are going here.

On the second story, there was one piece of information that was reported by news people that I'm sure you could have read. You might not have known it but that the Government"
numeric_business,4,6,"Write a short neutral news brief about a change people are discussing.

Brief:"," http://bit.ly/2nWq0uK - The following is a short discussion about a change people are discussing.

- - - - - - - - - - - - - - - - - - - - - - - - - - - - -

The next issue is not about whether the change was on the agenda, but who did it for what purpose.

The next issue is who will"
numeric_business,4,7,"Write a short neutral news brief about a change people are discussing.

Brief:","

As a result of a significant trend in the economy that has been under strain for some time, the U.S. has made a move to encourage some types of growth and have reduced rates of innovation, especially at the higher end of the spectrum. The U.S. is now more competitive in other countries in the fields of technology, manufacturing and other industries.

Brief:

The U.S. has been in"
numeric_business,4,8,"Write a short neutral news brief about a change people are discussing.

Brief:"," You know that people who make the news are often misled by other people. When you are talking about a change, you’re being misled, even if someone else is providing a counterfactual answer.

I don’t think they are misled. But it’s not a question of having a counterfactual answer. It’s not because the person who provided it is misled. It’s because I can"
numeric_business,4,9,"Write a short neutral news brief about a change people are discussing.

Brief:"," A report by a US think tank says a global financial crisis could be the death of the dollar, and its impact on the US dollar is likely to become bigger than that, as it is the world's largest currency. The report notes a rise in oil prices caused by a slowdown in oil exports since 2007, which is caused by the need for higher oil prices.

The report is published in the Journal of International Economics. It said the"
numeric_business,5,0,"Write a short neutral news brief about a new plan.

Brief:"," I want you to come along with me.

""Please,"" he asked, ""take a minute.""

When I got to the doorway, I saw some people sitting on either side of a long table. There were two people sitting across from me. Two people with two children in their arms. There were three people in front of me, all wearing the same pair of long shirts and slacks.

""Excuse me,"" he"
numeric_business,5,1,"Write a short neutral news brief about a new plan.

Brief:"," A new document that would give you a full picture of the changes you have to make to your home. The document was put together by the National Assembly in the lead up to the 2015 election.

A letter from the Assembly of First Nations to the President of Ontario. The document was put together by the National Assembly in the lead up to the 2015 election.

The document was put together by the National Assembly in the lead up to the"
numeric_business,5,2,"Write a short neutral news brief about a new plan.

Brief:"," New York Times, New York Post, The New York Times, NBC News, CNBC, Bloomberg, NBC News, USA Today.

Read: New York Times, New York Post, NBC News, CNBC, Bloomberg, Bloomberg.

Read: New York Times, New York Post, NBC News, CNBC, Bloomberg, Bloomberg.

Read: New York Times, New York Post, NBC News, CNBC, Bloomberg"
numeric_business,5,3,"Write a short neutral news brief about a new plan.

Brief:"," How many of us were thinking about what you're doing on the phone with your employer?

C: We were talking about what we're doing.

Brief: How are you going to put our name in a box?

C: We're going to put our name in a box, and I'm going to go outside in a flash. We're going to put our name in a box and tell everybody how much I"
numeric_business,5,4,"Write a short neutral news brief about a new plan.

Brief:"," “It’s a plan. I’m not sure what the hell is the plan. It’s a plan about how the economy works and that the only way we have to fix it is to buy a new car and fix it.”

Brief: “It’s a plan about how we fix our deficit. We’re not going to fix our deficit, they’re going to fix it. We’re going to"
numeric_business,5,5,"Write a short neutral news brief about a new plan.

Brief:"," New plans to cut greenhouse gas emissions from the United States by 50 million tons of CO2, including from coal plants. This is the same plan which has been touted by President Obama in his ""America's Power Bill"" for reducing energy use by 70 percent.

Answers: Obama has said that they would cut CO2 emissions by 60 to 70 percent from the present level by 2050. This is the same plan which has been tout"
numeric_business,5,6,"Write a short neutral news brief about a new plan.

Brief:"," A report that shows a plan to build a nuclear reactor in New Mexico in exchange for $7.7 billion over ten years to finance a new nuclear reactor in that state.

Brief: The report on the Trump administration’s proposal for a nuclear power plant in New Mexico calls for a five-year nuclear agreement for new reactors and a $4 billion investment, including $100 million to build a nuclear reactor at a site that would serve"
numeric_business,5,7,"Write a short neutral news brief about a new plan.

Brief:"," The new plans are more streamlined, less costly, and could mean less money in the long run for the American people.

Discuss: One of the main purposes of the new plans is to improve the health of the country. The new plans could save more than $13 trillion on the spending side, $17 trillion more on the education side, $9 trillion on transportation, $7 trillion on food and medicine, and $1."
numeric_business,5,8,"Write a short neutral news brief about a new plan.

Brief:"," A report in the Journal of Consumer Policy and Consumer Law said there are now six new sites covering an area of about 35,000 square miles. These sites cover a range of areas, including the suburbs, remote areas, and cities. The report said that the sites are still in the planning stages, but are expected to be operational by the end of 2018. The report said that many of the sites have already been fully operational, but those areas will"
numeric_business,5,9,"Write a short neutral news brief about a new plan.

Brief:"," A new plan for the National Science Foundation's $10-billion Internet-as-a-Service program is to replace the NSF's long-standing effort to provide services to science, technology, engineering and mathematics (STEM) students in exchange for their financial support.

""In fact, it's the NSF's own NSF's proposal to provide financial assistance for the college of its engineering students,"" said the brief, published this week in Science."
numeric_politics,0,0,"Write a short neutral news brief about a recent local development.

Brief:"," A local report on the neighborhood's proposed redevelopment plans. The news brief highlights a major project that has been proposed in part by former Mayor Mike Borden, which is the same project that is currently under consideration in the nearby Town Center. It was the first local report on a development project in the neighborhood. The plan for the project is to build a high-rise hotel on the site of a previous community theater space and a new multi-purpose"
numeric_politics,0,1,"Write a short neutral news brief about a recent local development.

Brief:"," I am here with some local businesses, and I have heard about several local development plans, and a couple of them are not on my agenda, so I'm not in the loop. But what is important to me is what local businesses are doing and what they're doing well. It's like an indicator, it's important, right? So we are not going to focus on one thing, but we're going to make it about what's important"
numeric_politics,0,2,"Write a short neutral news brief about a recent local development.

Brief:"," The City of Toronto's Office of the Mayor and Chief Executive has announced that the Office of the Mayor and the Greater Toronto Council will be replacing the long established office of Executive Secretary.

Brief: The City of Toronto has announced that the Office of the Mayor and the Greater Toronto Council will be replacing the long established office of Executive Secretary.

Brief: The City of Toronto has announced that the Office of the Mayor and the Greater Toronto"
numeric_politics,0,3,"Write a short neutral news brief about a recent local development.

Brief:"," ""The Village Watch has been working on a special edition for the Village Watch for two months. This is one of the first publications from the Village Watch.""

Tickets: Tickets are $6.00 each.

A big part of the success of the Village Watch is the fact that it is easy to access and gets the right kind of publicity. Even during the holidays, the Village Watch is popular with both the media and fans."
numeric_politics,0,4,"Write a short neutral news brief about a recent local development.

Brief:"," “Cowtown is ready to welcome people from the surrounding communities to build on the existing community, and move into the existing neighborhoods.”

Brief: “The neighborhood of Cowtown has welcomed more people from the surrounding communities to build a new community and join in the efforts to make it a friendly and welcoming neighborhood.”

This brief, written for a local reader, is meant to be a brief for anyone interested in Cowtown. It"
numeric_politics,0,5,"Write a short neutral news brief about a recent local development.

Brief:"," Newly built apartment block will house a single-family home, offices, a condo and a small hotel in the historic neighborhood of El Monte.

Brief: When will new construction begin on the site of the original building? This is the home that once housed the Los Angeles Angels minor league baseball team.

Brief: What has been the outcome of the demolition of the former La Palma Community Bank building? It will"
numeric_politics,0,6,"Write a short neutral news brief about a recent local development.

Brief:"," On January 28th, a student from a neighboring high school called to report that the school was going to close after a recent earthquake. The student was not only upset over the lack of a school closure, but also the fact that the student was an upperclassman. His teacher was shocked that his class would not be allowed to keep track of the news, but it was the kind of news he wanted to hear. He quickly made his report in"
numeric_politics,0,7,"Write a short neutral news brief about a recent local development.

Brief:","

In April, the Michigan Attorney General’s Office launched a criminal investigation into a possible fraud and corruption connected to the sale of a large medical clinic at its Hennepin Medical Center.

The investigation is centered on the alleged sale of a clinic to a physician who operated as a for-profit medical clinic called the University of Central Michigan Hospital in 2007.

An individual named Patrick McCormick claimed the hospital was selling out"
numeric_politics,0,8,"Write a short neutral news brief about a recent local development.

Brief:"," A local resident is getting together with the city’s homeless shelter to create a community-based relief group to provide food, water, shelter and financial aid.

The group was started by a group of homeless people who had moved to the city and had been homeless for three years, and a local resident has been instrumental in raising funds and providing a space for the group.

“We’ve been working with the city to get more"
numeric_politics,0,9,"Write a short neutral news brief about a recent local development.

Brief:"," Why local communities need a local press

Brief: Where do you live and how do you live?

Brief: How do you live?

Brief: What does your community look like?

Brief: What do you do?

Brief: What do you say?

Brief: Who are you?

Brief: What are you doing?

Brief: What are"
numeric_politics,1,0,"Write a short neutral news brief about a public announcement.

Brief:"," I have been a former employee of the city of Chicago. I am not a part of the administration as a Mayor of the city. I have never been formally elected. I have lived in the city for the last five years. I believe in public service. I have never been a part of the city administration as a Mayor of the City. I have not been the mayor. I have never been an elected official.

Brief: The"
numeric_politics,1,1,"Write a short neutral news brief about a public announcement.

Brief:"," ""Drugs are a very serious business. There are so many people who are addicted to drugs that it's a bit overwhelming.""

Short: ""Drugs are dangerous. I've been arrested for one of them and I don't remember a thing about it.""

Short: ""Drugs are not a joke, they are serious business. If you're involved in that kind of thing, I wouldn't put money on it.""
"
numeric_politics,1,2,"Write a short neutral news brief about a public announcement.

Brief:"," “Banning the use of public funds to protect students from violence.

Brief: “Students shouldn’t have to pay for what they’re protesting.”

Brief: “Public officials should not be allowed to decide who gets to decide.”

Brief: “The administration of the public school system should take the lead in banning the use of public funds.”

Brief: “The administration of public schools should"
numeric_politics,1,3,"Write a short neutral news brief about a public announcement.

Brief:"," A report by a Democratic New Jersey Senate office on a proposed ballot measure that would allow women to have abortions after 20 weeks. The measure passed with a 98-3 vote on Tuesday.

Brief: A report by a Democratic New Jersey Senate office on a proposed ballot measure that would allow women to have abortions after 20 weeks. The measure passed with a 98-3 vote on Tuesday.

Brief: A report by a Democratic New"
numeric_politics,1,4,"Write a short neutral news brief about a public announcement.

Brief:"," A brief about a public announcement.

The brief was written by a retired Marine and has been used for over 30 years, according to the company's website. The brief describes the public announcement and the conditions the Marine will endure from it. It is printed in five different colors.

The brief is called a ""brief"" because it is written in a slightly different font and includes a bullet point that says ""brief"" with a red star"
numeric_politics,1,5,"Write a short neutral news brief about a public announcement.

Brief:","

In a new report by the Boston University School of Law, a coalition of law schools called for a ""conscientious objection"" to the Boston Marathon bombing that was brought before a Boston City Council committee because it contradicted a ""statement made by Boston Police Commissioner Ray Nagin in April 2012, in relation to the bombing."" Nagin was quoted as saying, ""It seems to me that the mayor, along with the police commissioner, should"
numeric_politics,1,6,"Write a short neutral news brief about a public announcement.

Brief:"," “Brief” was originally titled ""The Saga of the Gryffindors"". The description included a story about a group of players who were playing for the Boston Celtics.

Brief: ""Brief"" was originally titled ""The Saga of the Gryffindors"". The description included a story about a group of players who were playing for the Boston Celtics.

Brief: ""Brief"""
numeric_politics,1,7,"Write a short neutral news brief about a public announcement.

Brief:","

The news release is a press release. It contains a brief (the above sentence has been edited slightly) about what the public is saying about the announcement and how the announcement will affect the media. The brief is in the format that the public has access to (it is a press release).

The release contains details about the announcement and the press release and is written with a short neutral news brief that is about the public announcement.
"
numeric_politics,1,8,"Write a short neutral news brief about a public announcement.

Brief:"," If a presidential candidate says, “Our country is broken,” don’t go to their rally, or go to a public rally. Instead, go to a free press forum or a free press review of the press. The press is the mouthpiece for the people.

The news of the announcement is that there are more than 100,000 “missing” Americans. It is an announcement about what is happening in America. It is an announcement"
numeric_politics,1,9,"Write a short neutral news brief about a public announcement.

Brief:"," A government employee and a man who is in charge of a public office are accused of falsifying documents and filing false information during a court case.

In a letter addressed to the government in Washington, U.S. Attorney for the District of Columbia Charles E. Jones said the charges were the work of ""a disgruntled employee, misled by a man who has done his job in an unacceptable manner and who is now trying to harm"
numeric_politics,2,0,"Write a short neutral news brief about a group making a decision.

Brief:","

“To my parents in Pennsylvania, this was a very sad time,” said a representative from the Jewish Federation of Pennsylvania, who spoke on the condition of anonymity. “We love our children and we are sorry for this.

“We are the one who has to take the next step. We are trying to raise our children the best way we can.”

The group said the decision was made on June 17, 2014, and"
numeric_politics,2,1,"Write a short neutral news brief about a group making a decision.

Brief:"," The media's position on an article of impeachment has become as important as the story itself, and whether it will be taken seriously by Democrats or Republicans. A new report from the New York Times, published Thursday, suggests that House Speaker Nancy Pelosi's ""open-mindedness"" on the subject is not necessarily in line with her support of the ""no"" vote on impeaching President Donald Trump.

WASHINGTON — A new Washington Post analysis shows"
numeric_politics,2,2,"Write a short neutral news brief about a group making a decision.

Brief:","

""We have a long way to go before we are able to win a majority of the vote for president. The only way we will get there is by getting together. We are in this together.""

-- Donald J. Trump, D-Mich., in the New York Times, September 18, 2017

-- Jeb Bush, in the Huffington Post, January 13, 2018

-- George W. Bush, in"
numeric_politics,2,3,"Write a short neutral news brief about a group making a decision.

Brief:","

The following was published in the New York Times on February 17, 2014:

The U.S. Air Force recently acknowledged that one of its helicopters failed to follow routine procedures during an incident involving a suspect who flew into an airplane.

The Air Force reported it has launched an investigation, but said it would not comment beyond its official explanation.

In a statement, the Air Force said it would hold an air defense forum"
numeric_politics,2,4,"Write a short neutral news brief about a group making a decision.

Brief:"," A brief about a group that doesn’t make a decision about whether to join or leave

The brief focuses on a recent decision by the group deciding to leave the United States after being accused of being violent toward a female student by a fellow student.

This brief discusses how one group decision is not supported by evidence and would likely be a violation of U.S. law. The brief explains that the group decided not to go as far"
numeric_politics,2,5,"Write a short neutral news brief about a group making a decision.

Brief:"," a short neutral news brief on a group making a decision.

A Brief: a brief on a group making a decision.

A:

This is in the US. The text can be found at the bottom of the page.

"
numeric_politics,2,6,"Write a short neutral news brief about a group making a decision.

Brief:"," The news brief is a statement of the decision of the court, and the letter is an apology to the people.

The article does not address what the decision is made, but is in the first paragraph of the letter. It does not mention the other issues the judge has to resolve.

On the letter, the judge wrote: “Your letter of apology is a thoughtful and timely piece of writing, which I take note of in the"
numeric_politics,2,7,"Write a short neutral news brief about a group making a decision.

Brief:"," A brief on the impact of President Obama's decision to withdraw troops from Afghanistan after a Taliban attack.

Short: Brief, but more important, a brief of why the president should consider sending troops back to Afghanistan.

Long: Brief, but more important, a brief of why he should consider sending troops back to Afghanistan.

Short: Brief, but more important, a brief of why the president should consider sending troops back to Afghanistan"
numeric_politics,2,8,"Write a short neutral news brief about a group making a decision.

Brief:"," a brief on a group making a decision in the wake of a terrorist attack.

This brief provides a summary of the group’s decision to target the target in the attack.

This brief provides a summary of the group’s decision to attack the target in the attack.

This brief provides a summary of the group’s decision to attack the target in the attack.

This brief provides a summary of the group’"
numeric_politics,2,9,"Write a short neutral news brief about a group making a decision.

Brief:","

One of the most prominent and widely popular campaigns against the death penalty, in which the U.S. Constitution guarantees the death penalty to a “right to life,” has also seen an uproar over the death penalty, with many lawyers arguing that the state’s right to use capital punishment has been infringed by the practice.

In a recent press release, the University of Nebraska law professor Michael D. Murray and his colleagues"
numeric_politics,3,0,"Write a short neutral news brief about an event that happened today.

Brief:"," The story described a number of incidents and police action in the city that left five children traumatised, and more than 100 people homeless. The paper pointed out that police have been looking for any criminal activity involving children, including allegations of gang violence or child abuse. The paper also reported that children were at risk of getting into trouble at school, especially with parents. “It was such a scary day for some of the children,” a police officer said"
numeric_politics,3,1,"Write a short neutral news brief about an event that happened today.

Brief:","

At the moment, there is not enough information to be sure of the exact contents of a report that is sent out to reporters that have received it. So the latest news report from the AP is that a story about the death of an African American woman in Detroit has been confirmed.

The story was also confirmed by the New York Times on Wednesday, where reporter Steve Inskeep wrote:

“‘She was a good person,’"
numeric_politics,3,2,"Write a short neutral news brief about an event that happened today.

Brief:"," Some people claim that a lot of the media coverage of Donald Trump's inauguration was a fake.

Brief: Some people claim that a lot of the media coverage of Donald Trump's inauguration was a fake.

Brief: Some people claim that a lot of the media coverage of Donald Trump's inauguration was a fake.

Brief: Some people claim that a lot of the media coverage of Donald Trump's inaug"
numeric_politics,3,3,"Write a short neutral news brief about an event that happened today.

Brief:"," President Obama will travel to Japan this morning to celebrate Japan's 50th birthday with a speech.

Brief: Trump will visit Australia in a series of business and political events.

Brief: President Trump will hold a private dinner with Japanese Prime Minister Shinzo Abe in the early morning hours of this morning.

Brief: Japanese Prime Minister Shinzo Abe is expected to sign a proclamation announcing his government will withdraw from the"
numeric_politics,3,4,"Write a short neutral news brief about an event that happened today.

Brief:"," An event where a man was arrested for shooting dead a woman.

About this article

The full article is available to Diggizens publications. We have included the URL in the URL field above.

Sign up

If you are not already signed up for DiggEvents, you can sign up here."
numeric_politics,3,5,"Write a short neutral news brief about an event that happened today.

Brief:","

""What's interesting about the recent 'unmasking' of Edward Snowden, and how the Obama administration has begun to shift attention away from the NSA leaks is how quickly it all fell apart after the Snowden disclosures. In the past, we've had a brief for the 'Snowden's' privacy lawsuit (the case is still pending), followed by a brief for the White House. We are not sure what will happen after the Snowden disclosures"
numeric_politics,3,6,"Write a short neutral news brief about an event that happened today.

Brief:"," A new study shows that the “unusual” kind of news is not only bad for democracy but worse for science.

The researchers studied six newspapers covering the day and found the news was not as bad as was expected, but some things it did appear to be “unusual”.

They concluded:

Most unusual news (1,000 words) is not news about the new moon landing and does not show that the moon is"
numeric_politics,3,7,"Write a short neutral news brief about an event that happened today.

Brief:"," http://moonlight-tv.com/brief/article/1210/moon-light-tv-a-short-neutral-news-brief-on-an-event-that-happened-today/

Follow @moonlight

Copyright 2014 Moonlight-tv, LLC. No part of this article may be reproduced, stored in a retrieval system, or transmitted in any form by any means, electronic"
numeric_politics,3,8,"Write a short neutral news brief about an event that happened today.

Brief:"," In his speech, Roderick W. Clark, an associate professor at the College of Business and Economics at Indiana University Bloomington, described a high school graduation ceremony he attended in August 2012 that had nothing to do with his former classes, but rather the new one. Clark said that, after graduating from high school, he decided to go to Indianapolis to get a job as an admissions officer for a small liberal arts college.

""The thing"
numeric_politics,3,9,"Write a short neutral news brief about an event that happened today.

Brief:","

Today's ""Diary of a Madman"" feature features a story about a man, called ""Madman"" who died of a gunshot to the head.

""Madman"" is ""a tragic, lonely man,"" said his friend, who has been following the story. ""Madman died of a gunshot wound to the head.""

A man was killed, but so was another person.

Brief"
numeric_politics,4,0,"Write a short neutral news brief about a change people are discussing.

Brief:"," This is the third of three articles that will be published in a separate issue of Newsbeat next week, and I’ll be updating it with more news items each day.

The two other articles, in alphabetical order, will be published as they occur on the website.

I’m really not sure if this is a long-term project, or a quick read; in any case, here are the links to the three"
numeric_politics,4,1,"Write a short neutral news brief about a change people are discussing.

Brief:"," In a series of recent interviews, we’ve heard a variety of questions about the need to be proactive about climate change, such as:

Does everyone need to be in the news, or is there room for a few on the street?

Does the political climate make it harder for elected officials to govern?

Does the need to build a coal-burning power plant make it easier for coal miners to be fired?
"
numeric_politics,4,2,"Write a short neutral news brief about a change people are discussing.

Brief:"," We should keep it brief

This has got to be the most important change we’ve made to the Internet. The way we deal with news of the moment is, it’s not just the news in the headline, it’s the news in the context. And if we do that, we’re going to lose the context where we’re able to look at the problem from a different angle, and a different angle than if"
numeric_politics,4,3,"Write a short neutral news brief about a change people are discussing.

Brief:"," The Senate Judiciary Committee will consider and vote on a controversial bill that would protect children who are sexually assaulted or raped.

Publication: The Senate Judiciary Committee will consider and vote on a controversial bill that would protect children who are sexually assaulted or rape.

Publication: The Senate Judiciary Committee will consider and vote on a controversial bill that would protect children who are sexually assaulted or raped.

Publication: The Senate Judiciary Committee will consider"
numeric_politics,4,4,"Write a short neutral news brief about a change people are discussing.

Brief:"," The New Jersey governor, Martin O'Malley, has been accused of faking evidence, and he has been called to account by the state's top law enforcement officer.

The New York Times reported Wednesday that O'Malley ""is not cooperating in his current investigations"" into allegations he engaged in an extortion scheme to get the governor to drop his campaign for re-election.

O'Malley was ousted as"
numeric_politics,4,5,"Write a short neutral news brief about a change people are discussing.

Brief:"," A political group that is supporting a candidate for congress wants to bring all the people of the United States to the table in the U.S. election so that we can get on with the job of building democracy for a more prosperous future.

Brief: ""A government that does not punish those who criticize or incite violence in order to achieve the political goals of the country. A country with an overwhelming economic growth that has produced over 3"
numeric_politics,4,6,"Write a short neutral news brief about a change people are discussing.

Brief:","

With the coronavirus pandemic under the headlines, the news media and social media have turned to discussing the impact of the coronavirus. We asked reporters to write a brief about the impact of the coronavirus on people. We have also requested a short, neutral, or neutral-neutral, brief for a reason, as appropriate, on the news coverage of the coronavirus. We've received very few examples to suggest a good or bad result of this brief.
"
numeric_politics,4,7,"Write a short neutral news brief about a change people are discussing.

Brief:"," The current political situation in Ukraine has forced it to consider the possibility of a return to normalcy in the event that the country is not able to hold elections on time.

Longer: A list of important topics that can be discussed on the blog. A long list of people who are working for good reasons and who are working for bad ones. There are some topics that we need to be more involved, and if the discussion is good,"
numeric_politics,4,8,"Write a short neutral news brief about a change people are discussing.

Brief:","

Brief:

To support this, follow @NPRBrief on Twitter.

Copyright © 2020 The Washington Times, LLC. Click here for reprint permission."
numeric_politics,4,9,"Write a short neutral news brief about a change people are discussing.

Brief:"," The White House announced Friday it was canceling its two-year contract with The Washington Post, which owns the news and has received thousands of letters in the past week to keep it online.

A statement from The Post says the decision to terminate the contract was ""based upon our commitment to the community and its supporters.""

The Post has also announced it has shut down its website, which it says contains no news from Washington."
numeric_politics,5,0,"Write a short neutral news brief about a new plan.

Brief:"," “We’re going to start working on a new way to do this, so we’re going to take care of the paper’s security issues, so that’s something that’s going to be in order for this to happen.”

Tweet: “We’re going to start working on a new way to do this, so we’re going to take care of the paper’s security issues, so that’"
numeric_politics,5,1,"Write a short neutral news brief about a new plan.

Brief:","

The Federal Register (pdf) provides some background regarding the Federal Register Bulletin. This short, neutral, and general brief describes and discusses the main changes to the Federal Register that affect the information it contains. The brief is organized into sections, which are presented in chronological order, which describe changes affecting the data of the Federal Register that have taken place over the past few years. The section at the end of the brief has several items that are"
numeric_politics,5,2,"Write a short neutral news brief about a new plan.

Brief:"," As the New York Times has reported, the U.S. government has asked the Treasury Department to provide some information about a new plan to address the coronavirus, a step aimed at forcing the United States to work closer to the front lines. The Treasury Department said in a statement the agency wants the information, which comes from scientists who work with the U.S. Centers for Disease Control and Prevention, to be shared with other departments.

"""
numeric_politics,5,3,"Write a short neutral news brief about a new plan.

Brief:"," “This will be the first time in the history of the U.S. government that all US foreign policy is in the hands of the United States government.”

You’ll have to look at it this way. The first time the US government was in the hands of the United States government, it was in the hands of the US government. The US government is in the hands of the US government. It’s a “government”"
numeric_politics,5,4,"Write a short neutral news brief about a new plan.

Brief:"," What does the American Taxpayer Relief Act need to do?

Brief: If you’re paying to drive from your home to a job with tax benefits and you also need a credit for the car, you must pay the tax. But if you’re paying less to drive and you’re the primary source of your income, that’s tax payer money.

Brief: If you’re living in a"
numeric_politics,5,5,"Write a short neutral news brief about a new plan.

Brief:"," When a country's new government begins, it won't have the funds to do the things the United States needs to do. It's a new kind of democracy.

Short: When the United States tries to expand its democracy, it doesn't have to. It can just do its own thing, like an old-fashioned democracy, with a few things thrown in.

Brief: It might be called a democracy, but it can"
numeric_politics,5,6,"Write a short neutral news brief about a new plan.

Brief:"," A new plan to build out a new communications hub on the east coast to provide better coverage for the entire state.

Brief: A new plan to develop a new communications hub on the west coast.

Brief: A new plan to build a new communications hub on the west coast.

Brief: A new plan to develop a new communications hub on the west coast.

Brief: A new plan to build"
numeric_politics,5,7,"Write a short neutral news brief about a new plan.

Brief:", What to do with a little data in the way of data and analysis
numeric_politics,5,8,"Write a short neutral news brief about a new plan.

Brief:"," This year we will have the first official official launch of the new National Press Assocation (NPA) President Donald Trump will name on Oct. 17, the president’s second full year as President. Trump will name the new NPA President during the 2016 campaign and will name the new NPA Vice President after the president at the end of January 2018.

The new NPA President is scheduled to be named at the start of the president"
numeric_politics,5,9,"Write a short neutral news brief about a new plan.

Brief:"," A proposal that would put the US on the world stage.

Slightly edited

The main issue for those who think they are qualified for this assignment is that all of them are newbies. After spending a while analyzing the current situation, you are convinced that the current situation is much better.

A:

I feel this assignment is very important. If the current situation is one that needs change, this is not the place"
numeric_entertainment,0,0,"Write a short neutral news brief about a recent local development.

Brief:","

A young woman in her early twenties, working as a part-time nurse’s aide in a nursing home is facing charges after an accident that left her critically injured.

Amid the chaos surrounding an incident at a local hospital last week involving a young woman in her early 20s, the Benton County Sheriff’s Office is working to determine why the woman was not taken into custody.

The girl was sitting at"
numeric_entertainment,0,1,"Write a short neutral news brief about a recent local development.

Brief:"," A short neutral news brief about a recent local development.

Citations: ""The Avalon Project: A Guide for Those About to Experience a World War II Experience"" ""The Avalon Project: A Guide for Those About to Experience a World War II Experience"" ""The Avalon Project: A Guide for Those About to Experience a World War II Experience"" ""The Avalon Project: A Guide for Those About to Experience"
numeric_entertainment,0,2,"Write a short neutral news brief about a recent local development.

Brief:", A local community college student who lost his job after his employer threatened to fire him in the wake of the recent recent tornado.
numeric_entertainment,0,3,"Write a short neutral news brief about a recent local development.

Brief:"," A report on the growth of the ""Sommer-Gemmer-Gemmer"" industry as a result of this project in the city of Vestre Peitsch.

An official of the municipal council who has been involved in the creation of the new Gemmer, or ""Sommer-Gemmer"", in his speech at the event.

Media

Cinema
 The Gemmer project is"
numeric_entertainment,0,4,"Write a short neutral news brief about a recent local development.

Brief:"," Local council passes $1 million short-term funding plan for a small-scale housing development at Kensington Parkway, south of town.

What: A short-lived investment fund to help rebuild and rehabilitate a community center destroyed during a blaze that burned down several houses in early 2013.

What: A local council passes $1.3 million in new debt to local taxpayers.

What: A new high"
numeric_entertainment,0,5,"Write a short neutral news brief about a recent local development.

Brief:","

This video provides an introduction to the topic of a recent development in downtown San Antonio. The development of the S.F. Fitness Center was prompted by a recent development that had recently been built on the site of the recently-launched B.C. Medical Center. As a result, the S.F. Fitness Center will expand to accommodate more patients and has become more of a community-oriented space. The development of the"
numeric_entertainment,0,6,"Write a short neutral news brief about a recent local development.

Brief:","

In 2010, a resident in Gillingham, which is in the Birstall district, set up an independent newspaper called The Daily Times, which became hugely successful. The paper became so successful that a local newspaper is still being published. It's a nice start, with no advertising and no staff being fired for the way it's run. There's also a weekly magazine called The Times. In this edition, The Daily Times is known"
numeric_entertainment,0,7,"Write a short neutral news brief about a recent local development.

Brief:"," ""Bodies of the City, and Their Deputies, Will Be Dumped; All Parts Considered to Be Considered As Pits; And If Anything Needs to Be Done, It Is to Be Done with Outer Inlets.""

Brief: ""A Brief On The Inlet and Outer Inlets"" (originally published February 24, 1948).

Brief: ""Locks, And Locks, And"
numeric_entertainment,0,8,"Write a short neutral news brief about a recent local development.

Brief:"," A local woman has died and her funeral has been postponed.

It will be held on the same day as the funeral of a local man who was killed in a car accident. The man, a 29-year-old man, was killed and his family said they would like to see the man's name and funeral memorialized in a public place.

An online memorial page was set up by the family of the late man. The"
numeric_entertainment,0,9,"Write a short neutral news brief about a recent local development.

Brief:"," The New York Times has released a summary of an investigation into the City Council's handling of two local housing projects in Westchester that included a series of questions about the quality of the local media. The Times has identified the council as a ""lobbyist"" in Westchester's local media, according to an analysis by the firm, The Media Project. The New York Times has also identified former council member Robert Smith as an executive board member. In"
numeric_entertainment,1,0,"Write a short neutral news brief about a public announcement.

Brief:","

The Trump administration on Friday announced the U.S. will no longer require immigrants to pay a $15 annual fee for asylum in the United States. The decision comes after a month-long government shutdown.

The announcement comes after a month of political gridlock in Washington, where Republicans held off a vote on their plans to cut federal funding to the Department of Homeland Security.

A bipartisan group of Republican senators said in a statement"
numeric_entertainment,1,1,"Write a short neutral news brief about a public announcement.

Brief:"," The public announcement that the US will withdraw all troops from Iraq will create a lot of pain for the US, including an additional seven years of work to rebuild Iraq. And it will cause many to pause and take stock of how things have worked for the Americans who came to Iraq.

Brief: The public announcement that the US will withdraw all troops from Iraq will create a lot of pain for the US, including an additional seven years of work"
numeric_entertainment,1,2,"Write a short neutral news brief about a public announcement.

Brief:"," Public announcement will be announced at the national level, says the New York Times, referring to the announcement being made by New York Gov. Andrew Cuomo on November 1. “The state is expected to give a final statement on the release of the press release by the governor’s office later today,” the Times reports.

Here are some of the news items released by the governor’s office.

The Times reports: “A new"
numeric_entertainment,1,3,"Write a short neutral news brief about a public announcement.

Brief:"," The Obama administration has announced a proposal for a national broadband standard, known as Net Neutrality, that would eliminate the transmission of all content from content providers that choose to block their competitors' data without the consent of the recipient, the New York Times reports.

A brief about what Obama might do in response to China's aggressive market dominance.

Brief: The Obama administration may consider adopting a ""one country, two systems"" proposal"
numeric_entertainment,1,4,"Write a short neutral news brief about a public announcement.

Brief:"," I want to change the subject because I thought it was very good:

""We want to be open, and we want to hear the opinions of the people we are meeting.""

It's a short neutral brief, and this is what people think:

The state of North Carolina should pay an award to the people who made this video.

They want to change the subject because they think it is very good.

"
numeric_entertainment,1,5,"Write a short neutral news brief about a public announcement.

Brief:"," A brief on the launch of the Federal Reserve Board’s new policy on public comment on President Obama’s proposed stimulus package.

Short: A brief on the Fed’s new policy on public comment on President Obama’s proposed stimulus package.

Short: A brief on the Fed’s new policy on public comment on President Obama’s proposed stimulus package.

Short: A brief on the Fed’s new policy on"
numeric_entertainment,1,6,"Write a short neutral news brief about a public announcement.

Brief:"," A woman in her early thirties is taking a sabbatical from nursing to be a midwife. She is working at a hospital in a rural area. She is looking for a job in the area and has been offered a job in the hospital but has been unable to secure it.

Short news brief: A woman in her early thirties, who is looking for a job, is taking a sabbatical from nursing to"
numeric_entertainment,1,7,"Write a short neutral news brief about a public announcement.

Brief:"," A brief that can be made to read aloud and in a brief, like a brief, can be used to read and write to a television audience to make it stand out from the background background and be able to be used in a program.

The Brief is very likely to be used on a TV screen because it will fit on a screen, but if a program is actually broadcast over a TV screen, you are likely to be able to use"
numeric_entertainment,1,8,"Write a short neutral news brief about a public announcement.

Brief:"," The announcement of a ban on the use of marijuana in New York City is at stake, as more than 200 people are arrested and more than 400 people are charged in a city crackdown on the drug.

Witness: Police officers used pepper spray to keep the crowd away from the announcement.

Jazz: A local band plays the New Jersey state anthem, ""All By Myself,"" at a police station in Bergen County."
numeric_entertainment,1,9,"Write a short neutral news brief about a public announcement.

Brief:"," The American Public has requested that you provide a short neutral news brief. Brief: The American Public has requested that you provide a short neutral news brief. Brief: A brief has been produced in public by a prominent public figure. Brief: A brief has been produced in public by a prominent public figure, but the brief has been distributed by the media. Brief: A brief has been distributed by the media. Brief: A brief has been distributed by the"
numeric_entertainment,2,0,"Write a short neutral news brief about a group making a decision.

Brief:"," The group of people who, in the end, have to choose between killing a gunman and trying to stop him or getting a judge to kill one of them.

Trivia: A person who writes a short neutral news brief about a group making a decision."
numeric_entertainment,2,1,"Write a short neutral news brief about a group making a decision.

Brief:"," ""The government, despite repeated requests for information, refused to provide information on the death of a man on the morning of Nov. 12, 2012. When a police officer was shot and killed at a gas station in South Minneapolis, Minn., after a brief manhunt, he decided to go ahead with his investigation, even though he knew the police were not going to be ready to answer questions by the public.""

Friends of the Earth"
numeric_entertainment,2,2,"Write a short neutral news brief about a group making a decision.

Brief:"," The final deadline for reporting of the outcome of a presidential election in a State that is not a part of the United States.

Brief: A report of the decision of a group to hold a referendum on the issue of Iraq.

Brief: A report of the decision of the committee over which the President is the head of government.

Brief: A report of the decision of the committee over which the President is the"
numeric_entertainment,2,3,"Write a short neutral news brief about a group making a decision.

Brief:"," A couple gets pregnant and decides to have a child, but the decision turns out to be not so lucky.

Brief: It's not exactly surprising. For a while, this news story seems to have been made by some of the same people who made it.

The couple gets pregnant with their first child. The parents decide to have the child, but the baby is not theirs.

The couple gets a divorce.
"
numeric_entertainment,2,4,"Write a short neutral news brief about a group making a decision.

Brief:"," The news brief focuses on the impact of the Trump administration's decision to shutter the DNC, which has had the dubious distinction of being the only Democratic party committee in the country to vote against the party's presidential nominee."
numeric_entertainment,2,5,"Write a short neutral news brief about a group making a decision.

Brief:","

A group of researchers are working to understand the factors that explain why people are so prone to feeling stressed and anxious when they make a decision.

Researchers are looking into the factors that help to explain why people are so prone to feel stressed and anxious when they make a decision. They are also looking to understand the factors that help to explain why people are so prone to feel stressed and anxious when they make a decision.

Res"
numeric_entertainment,2,6,"Write a short neutral news brief about a group making a decision.

Brief:"," The article on the political turmoil in Brazil on August 24, 1994. The article also deals with political differences among the Brazilian ruling class.

Brief: The article on the political turmoil in Brazil on August 24, 1994. The article also deals with political differences among the Brazilian ruling class.

Brief: A group of journalists gathered in front of the Rio De Janeiro Zoo for a “sudden” press conference, the result of"
numeric_entertainment,2,7,"Write a short neutral news brief about a group making a decision.

Brief:"," A group of 20 people who had a chance to save the world as a result of a controversial decision at a nuclear test conducted on September 20, 2004, in Japan, were given a short neutral brief discussing a controversial decision that led to a nuclear test.

Brief: A group of four people who had a chance to save the world as a result of a controversial decision at a nuclear test conducted on August 9, 2004, in Israel,"
numeric_entertainment,2,8,"Write a short neutral news brief about a group making a decision.

Brief:"," A group of people decide on an issue over time based on the results of the study. And, a brief on a social change.

Brief: The researchers wanted to figure out what the impact of social change would be if they took part in a survey of about 2,000 people over a three-year period.

But they were able to do so because they got a lot of follow-up questions about the topic. So"
numeric_entertainment,2,9,"Write a short neutral news brief about a group making a decision.

Brief:"," The government has denied being a terrorist organization. What is the truth?

Question: Has there been any intelligence gathering activity that has led to this decision?

Answer: No.

Brief: The U.S. Department of Justice did not have any evidence that the terrorist group was operating outside the United States, but its investigation is not yet completed. Why?

Question: Why did the U.S. not cooperate"
numeric_entertainment,3,0,"Write a short neutral news brief about an event that happened today.

Brief:","

President George W Bush announced his support for the impeachment of Vice President Dick Cheney during a joint press conference with the State and Defense departments.

Brief:

President George H. W. Bush and Vice President Dick Cheney talked on the phone and in a joint press conference on December 14, 2005.

Brief:

President George W. Bush and Vice President Dick Cheney talked on the phone and in"
numeric_entertainment,3,1,"Write a short neutral news brief about an event that happened today.

Brief:"," A week after a woman died in an abortion clinic, two people are dead and more than 40 injured. The victim's boyfriend and another friend were killed in a shooting early Monday morning at the clinic in West Palm Beach.

""It's a terrible thing to have happen in my life,"" said Samantha Gowen, 37, of West Palm Beach. ""This is not my fault. I was going to live this horrible life for years"
numeric_entertainment,3,2,"Write a short neutral news brief about an event that happened today.

Brief:"," The death of the late comedian Joe Rogan has caused a sensation. Rogan had been suspended by the network for a lengthy period, and had been charged with a sexual misconduct case. He was expected to be released on $5 million bail in the new year.

News: The Washington Examiner says that a woman has been charged with causing sexual misconduct with her underage son.

The New York Times reports that her husband of 40"
numeric_entertainment,3,3,"Write a short neutral news brief about an event that happened today.

Brief:"," “The Senate is preparing to hold a vote on the measure today that could lead to the impeachment of President Donald Trump. The vote is scheduled for 7:30 a.m. in the Senate chamber.” — The Washington Post.

“When the Senate is doing its business, it could give President Trump a second straight year of failure,” said Senate Majority Leader Mitch McConnell. “The Democrats are going to have to come up with a compromise that"
numeric_entertainment,3,4,"Write a short neutral news brief about an event that happened today.

Brief:"," A brief about a brief about an event that happened today.

The brief reads, in part, as follows:

""The following events took place today. They were all connected by a short neutral news brief about an event that happened today:

a brief by a brief about an event that happened today.

an event by an event by a brief about an event that happened today.""

The brief reads as follows:"
numeric_entertainment,3,5,"Write a short neutral news brief about an event that happened today.

Brief:"," The media was out for a day and no one heard anything. Then the show's show and I got up to go pick up the newspaper. I left after just two days.

Brief: I went outside and came back and went back inside. They never made me.

Brief: That's what I did. I'm not even sure what I did. What if I was being held in the building and I didn't"
numeric_entertainment,3,6,"Write a short neutral news brief about an event that happened today.

Brief:","

""We wanted to focus on the fact that the Obama Administration is not only attempting to obstruct an investigation of the Democratic National Committee, but it is trying to obstruct our own investigations.""

In the statement, the Obama Administration said: ""We must ensure that the American people are protected from the Obama Administration's campaign of fraud, corruption and deceit that seeks to hurt the rights and welfare of American workers and consumers. By the way, we"
numeric_entertainment,3,7,"Write a short neutral news brief about an event that happened today.

Brief:"," When police released surveillance video that showed a car driving through a busy shopping district, a driver’s license plate number and license plate number were printed on the driver’s license.

They also showed a “passenger in a blue, driver-issued vehicle” that was “at the same time” a police cruiser.

The car then went through a red light.

The driver was taken to a hospital for treatment.
"
numeric_entertainment,3,8,"Write a short neutral news brief about an event that happened today.

Brief:"," There was a time, a little over a month ago, that I wasn’t feeling the impact of some of the media attention that was already being brought to us by the current election. The New York Times, with its front page this morning, got a lot of attention when it looked like the same people in the office were voting with one side and with the other. But we’re not that anymore.

There are a lot of"
numeric_entertainment,3,9,"Write a short neutral news brief about an event that happened today.

Brief:"," An event that happened today at the University of Tennessee.

Short: “We are here today at the University of Tennessee to welcome new faculty and staff,” said the university’s campus spokesman, David W. Hall.

Hall said the event, known as the “Black Tuesday” in reference to the racial slurs, was attended by nearly 100 people.

“It was a celebration for the university community,” Hall said. “"
numeric_entertainment,4,0,"Write a short neutral news brief about a change people are discussing.

Brief:","

“If there is a shift in a part of the country, then that person can now speak. So, the reason that the news is not being told is that people may not have time to get involved.

“It could be that the news people are talking about a problem that we do not have. But it could also be that the people are listening and are thinking about the problem.

“But, it will take"
numeric_entertainment,4,1,"Write a short neutral news brief about a change people are discussing.

Brief:","

""When he started running for governor of California, the California GOP governor's own party asked the state's public schools to implement an increase in funding for special education and the state's police and fire protection systems, a report released Wednesday by the California Association of School Boards said."
numeric_entertainment,4,2,"Write a short neutral news brief about a change people are discussing.

Brief:"," The House passed legislation, House Speaker Paul Ryan, R-WI, told staff on Monday he would sign the bill, according to a letter sent to him on Monday, without giving specifics. The legislation, which includes $1 million in funding for a veterans education, training and health outreach fund, is expected to be discussed at a House Appropriations Committee hearing on Tuesday, the letter said."
numeric_entertainment,4,3,"Write a short neutral news brief about a change people are discussing.

Brief:","

• The latest episode of “The Bachelor” airs its 10th season and will have a major change in the contestants. The show has hired former contestant and current reality star Jenna Fischer as its new head judge, and has also hired Krysten Harris as its new reality TV star and former contestant.

• Krysten Harris and Jenna Fischer will be back on “The Bachelor” for season 10 on"
numeric_entertainment,4,4,"Write a short neutral news brief about a change people are discussing.

Brief:"," A week in which, as you may know, you're reading a national newspaper, you are also writing a national short biography of your favorite movie star. How can you explain that a little bit? The short biography, as I'm writing it, is one of the first things you learn. If you aren't interested in a little bit about the movie star, it's okay, but don't do anything about it.

This is an"
numeric_entertainment,4,5,"Write a short neutral news brief about a change people are discussing.

Brief:"," The New York Times editorial pages are reporting that the Trump administration has ""reintroduced a policy aimed at protecting health care and the civil rights of people who work in the healthcare industry and who can access health care without a license.""

Brief: The New York Times is reporting that the Trump administration has ""reintroduced a policy aimed at protecting health care and the civil rights of people who work in the healthcare industry and who can access health"
numeric_entertainment,4,6,"Write a short neutral news brief about a change people are discussing.

Brief:","

I'm curious, in general, about the type of news that will influence people's behavior and attitudes. It's very common for people to discuss things they don't understand, say things they do like to hear. There may be some kind of argument that's going on with your spouse or with your friends. But in general, news is just as important to the process of having a conversation. If you're talking about something that is important"
numeric_entertainment,4,7,"Write a short neutral news brief about a change people are discussing.

Brief:"," Some people say we can’t do it, and that’s the first thing to think.

We hear a lot of talk about the need for transparency and oversight and how to handle privacy issues. But we also hear about the need for better transparency and rules to ensure we can enforce them.

What’s your background?

I have worked for a large newspaper that published about 30 stories a week for over two years."
numeric_entertainment,4,8,"Write a short neutral news brief about a change people are discussing.

Brief:"," What we’re looking at is the change that’s happening in the media. From the New York Times to The Washington Post, as well as from CNN to Fox News.

That’s the reality. You can have a very specific narrative that’s telling you that we’re watching what’s happening.

We’re hearing from the public and from journalists and from the politicians and from the people that are deciding what"
numeric_entertainment,4,9,"Write a short neutral news brief about a change people are discussing.

Brief:"," A man in the town of Masten-Gagarin in the far north of Russia is dying of a brain tumour. He's still alive, but his condition is improving. His doctors say he's lucky to be alive, that he's just having a few more days of life, and that he'll be able to go into surgery in a few weeks' time.

Brief: A man in the town of Masten"
numeric_entertainment,5,0,"Write a short neutral news brief about a new plan.

Brief:"," Newsweek released a summary of how the Pentagon is approaching the end of its six-year contract with the U.S. Military.

The article focuses on a draft statement released by Secretary of Defense Chuck Hagel in August to the Army inspector general and the Pentagon's inspector general that details ""the Pentagon's approach to the transition to the next phase of the contract."" In the final paragraph, Hagel says, ""The Department of Defense will"
numeric_entertainment,5,1,"Write a short neutral news brief about a new plan.

Brief:"," I said at the beginning of the article that I did not believe the idea that the American people would be divided along partisan lines. I said I would say that, although I was not happy with the direction we were going in, I still thought that, in fact, that we were in a much better place than we were.

JFK: I said that I thought we were in a much better place than we were.

B"
numeric_entertainment,5,2,"Write a short neutral news brief about a new plan.

Brief:"," The new White House plan to phase out the nuclear-weapons ban is being tested, as it is expected to take effect Dec. 1. A team of researchers has been working since Tuesday to refine a plan that would phase out the ban. They are already working with Congress. In the meantime, the White House is hoping for a new round of tests.

“We’re in the process of writing a short, two-paragraph brief"
numeric_entertainment,5,3,"Write a short neutral news brief about a new plan.

Brief:"," The latest plan on what's being called the ""New Generation"" of the U.S. economy calls for 5 percent annual growth, and 10 percent annual growth, in the new year, and two years later.

Brief: For months, as Wall Street bankers have been arguing that the plan could get a better price for their money, the banks have been talking about how they should have a say in it.

Brief:"
numeric_entertainment,5,4,"Write a short neutral news brief about a new plan.

Brief:"," A review of the process by the Federal Communications Commission that has resulted in the latest development in the current FCC's ""rezoning"" of a town in Wisconsin.

The brief:

The brief, as described below, highlights the recent decision by the FCC to grant a permit to build a school on an as-yet-undetermined site.

The brief:

The brief is made available to anyone interested in the details"
numeric_entertainment,5,5,"Write a short neutral news brief about a new plan.

Brief:"," The President-elect of the United States has the power to appoint permanent U.S. attorneys in the state of Ohio, said John Heflin, a member of the Ohio Republican Party who represents it. He said that is an opportunity for the party to make a statement on the issue. ""This issue is not settled in Ohio,"" he said. ""If the state attorney general has to recommend appointment to the president to have a permanent U."
numeric_entertainment,5,6,"Write a short neutral news brief about a new plan.

Brief:"," When the federal government released its plans for a $75-billion upgrade to the national forests, the plan didn’t look like a good idea. Federal officials said the funds would be dedicated to protecting over 4 million acres of forest, but federal officials weren’t in the mood to argue with the plan. That would have added costs to the federal budget by taking the forest back from the federal government and cutting its forests in half. Now federal forest"
numeric_entertainment,5,7,"Write a short neutral news brief about a new plan.

Brief:"," The new plan to reduce the number of people who die every year due to diseases such as heart disease, cancer, and diabetes, is a new model for how to address the growing number of people killed by chronic conditions such as heart disease, diabetes, and heart attacks, according to a new study by the American Heart Association.

This study, from the National Heart, Lung, and Blood Institute, and the Cardiovascular Research Foundation, shows that"
numeric_entertainment,5,8,"Write a short neutral news brief about a new plan.

Brief:"," I have no idea who will win the election on November 1. I'm happy to see an opportunity for this sort of thing, but it is not enough for me. I need the people to see it.

The Republican nominee is an insider, and the Republican-controlled Congress has been doing its fair share of gun control.

The Republican nominee is an insider, and the Republican-controlled Congress has been doing its fair share of gun"
numeric_entertainment,5,9,"Write a short neutral news brief about a new plan.

Brief:"," What can be done to improve the financial position of the National Media Company? It’s not just about the money—it’s also about making sure the company is doing everything it can to keep its financial strength.

The National Media Company has always had a positive outlook. In 2010, the company became the first national media company in New York, where it is a subsidiaries of the New York World. The News Corporation now has"
dpo_business,0,0,"Write a short neutral news brief about a recent local development.

Brief:"," In an effort to strengthen their online presence, the New York City Real Estate Board has decided to limit the number of short news briefs submitted during the past year to a maximum of two.

The board is currently working to increase the number of briefs to three, including one that will be considered by the Real Estate Board as a whole. The brief will be available as a free download in the Real Estate Board’s Community Media Library during the"
dpo_business,0,1,"Write a short neutral news brief about a recent local development.

Brief:"," Local government’s plans to develop an area near the village of Mogadon to the north of the former Mogadon industrial complex were shelved following a referendum that would have resulted in a “no” vote for a local authority. The vote came after concerns about the potential impact on public services and development.

“We were told we are not in the region, but that may not be true. We were told we are"
dpo_business,0,2,"Write a short neutral news brief about a recent local development.

Brief:","

Nation's top financial regulator says the Federal Deposit Insurance Corporation (FDIC) may not have received its loan guarantee under its so-called ""negative equity"" policy.

Nation's top financial regulator says the Federal Deposit Insurance Corporation (FDIC) may not have received its loan guarantee under its so-called ""negative equity"" policy.

New York:

Federal Reserve Bank of New York on Monday said"
dpo_business,0,3,"Write a short neutral news brief about a recent local development.

Brief:","

A local family hopes to buy the space at the end of the Stony Brook campus, which is planned for $2 million.

The couple will build a 30-room apartment in the neighborhood.

“We’re going to go there [in the near future],” said James. “It’s very close to the water. We just don’t have a lot of money.”

James said he and"
dpo_business,0,4,"Write a short neutral news brief about a recent local development.

Brief:"," A local report to the local newspaper on the impact of local food production on local and surrounding community health.

A local report to the local newspaper on the impact of local food production on local and surrounding community health.

A local report to the local newspaper on the impact of local food production on local and surrounding community health.

A local report to the local newspaper on the impact of local food production on local and surrounding community health."
dpo_business,0,5,"Write a short neutral news brief about a recent local development.

Brief:"," In a recent regional economic report, the California Office of State Planning found there are over 50,000 job vacancies in the Los Angeles region, and a growing demand for local businesses to be able to employ more than 100,000 Californians in the Los Angeles County region.

The news brief, released on Tuesday, cites an abundance of employment opportunities in Los Angeles County, including a new office that is located next door to a large office"
dpo_business,0,6,"Write a short neutral news brief about a recent local development.

Brief:","

The City of Austin was asked to comment on the release of the Austin American-Statesman report on the COVID-19 pandemic. The release follows an interview with Austin’s mayor last month, which revealed the city has increased spending on its homeless shelters and the construction of new buildings and improvements to the existing infrastructure.

The release was a response to the City’s use of existing shelters to shelter residents from COVID-19.
"
dpo_business,0,7,"Write a short neutral news brief about a recent local development.

Brief:"," A local news story featuring local artists in New Hampshire has been cited by the government as evidence of a state’s commitment to community arts. The report says the National Arts Council is underwriting projects on the theme of community arts in New Hampshire.

This is not the first time the National Arts Council has published a news brief supporting community arts in New Hampshire.

The New Hampshire Federation of Local Arts Associations and Councils (NF"
dpo_business,0,8,"Write a short neutral news brief about a recent local development.

Brief:","

A woman has been arrested and accused of sexually assaulting a man during the 2010 municipal elections.

A police officer said she broke into a room at the polling station in the town of Hattiesburg, Mississippi. He said the woman, who is not known to police, approached him and began to forcefully rape him.

Police said the alleged victim was bleeding from his penis. He was arrested on an investigation of his"
dpo_business,0,9,"Write a short neutral news brief about a recent local development.

Brief:"," http://www.albahari-news.com/census-reports/national-budget-survey-survey-2015-2-3-1-county-region-and-city-1-1-1-4-1-2-4/

Brief: http://www.albahari-news.com/census-reports/national-budget-survey"
dpo_business,1,0,"Write a short neutral news brief about a public announcement.

Brief:"," (PDF) A short and concise summary of an announcement on the future of the American economy. This brief provides information about the economic and economic risks for the economy as a whole, including the likelihood of a collapse or recession, the impact of a natural or man-made recession, and the impact of a debt recession. The brief is based on the statements made by Federal Reserve Chairman Ben Bernanke during his press conference. It is also included in"
dpo_business,1,1,"Write a short neutral news brief about a public announcement.

Brief:"," To counter the false claims that the government is using its surveillance powers to target journalists in order to further its agenda of ‘preventing information flow,’ the National Security Council of the United States announced in May that it would allow the military to conduct surveillance and surveillance technology over a wide area and to carry out targeted killings.

In addition, it announced that the Joint Interagency Task Force (JITF) will develop a new set of rules to"
dpo_business,1,2,"Write a short neutral news brief about a public announcement.

Brief:"," A review of the public announcement process for the New England Association for Public Affairs (NEAPA).

The public announcement process for public events has been expanded since 2009, and the first-ever NEAPA public announcement occurred on December 22, 2011. (Kaspar Haddad/Reuters)

According to the NEAPA’s website, the public announcement process for public events requires “the creation of a public notice,"
dpo_business,1,3,"Write a short neutral news brief about a public announcement.

Brief:","

“The United Kingdom is facing a severe economic recession due to its dependence on imports, which are more than 3% of GDP,” the statement said. “This means that Britain’s GDP will be undervalued by as much as 6% over the next 10 years.”

The United States, which is also the largest trading partner of Europe, is also facing a severe economic recession, the U.K.’s Central Statistical Office ("
dpo_business,1,4,"Write a short neutral news brief about a public announcement.

Brief:"," What's the next move?

The media is more closely connected to the political leaders, but are also more easily manipulated by them. The political party may have its own strategy, but the media is more likely to be influenced by those in the party's majority.

The news media will make the news less visible to the public. The news media will rely more on its own information and less on the media's own news.

"
dpo_business,1,5,"Write a short neutral news brief about a public announcement.

Brief:"," What should be news in this day and age?

“The next President of the United States will need news coverage,” Mr. Obama said, adding that “the news is now more critical” than ever. “We are on the cusp of what’s called a crisis.”

The news was still under consideration."
dpo_business,1,6,"Write a short neutral news brief about a public announcement.

Brief:"," The U.S. Treasury announced $20 billion in relief relief to the United Nations over the pandemic, following a government request for $12 billion in additional funding for a contingency in case the virus spread.

Nationwide, at least 5.9 million people are now at risk for severe or life-threatening illness and death.

A second coronavirus outbreak in the U.S. caused by a new strain is now underway with a"
dpo_business,1,7,"Write a short neutral news brief about a public announcement.

Brief:"," The Federal Government will not close the books of the Government Accounting Office in response to the announcement that it is suspending its annual audit.

The announcement was issued by the Office of Management and Budget on a day that the auditor has also warned that there will be a 'high risk' of an unacceptably long period of inaction on its work.

The announcement also said that, if the Accounting Office was found to have"
dpo_business,1,8,"Write a short neutral news brief about a public announcement.

Brief:"," How the media is making its way toward the mainstream of social media.

Brief: How social media platforms are moving toward a more decentralized and open nature.

Brief: How Facebook, Twitter, Snapchat, and other social media platforms are making their way toward a more decentralized and open nature.

Brief: How the Facebook Messenger, Instagram, Twitter, Snapchat, WhatsApp, and other social media platforms are making"
dpo_business,1,9,"Write a short neutral news brief about a public announcement.

Brief:"," A news brief on the upcoming presidential election on September 20, in which the presidential race will be decided.

Short: A brief on a potential electoral process that could bring a ""free"" election to New York.

Brief: A brief on the Trump impeachment investigation, with a potential date of January 7, 2020.

Short: A short-term legislative plan to keep New York in the United States.

Brief"
dpo_business,2,0,"Write a short neutral news brief about a group making a decision.

Brief:"," The most popular social media post in Russia, about a new anti-corruption bill, has generated considerable interest. And now, the state has introduced some of the largest social media posts in the past five years.

The most popular social media post in Russia, about a new anti-corruption bill, has generated considerable interest. And now, the state has introduced some of the largest social media posts in the past five years.

"
dpo_business,2,1,"Write a short neutral news brief about a group making a decision.

Brief:"," The new Democratic presidential candidate says she will ""continue to focus on building a robust health care system.""

Brief: A former FBI agent talks about her new book, ""The Good, the Bad and the Ugly."""
dpo_business,2,2,"Write a short neutral news brief about a group making a decision.

Brief:"," The U.S. is expected to send more than 300,000 troops to Iraq and Afghanistan, and more than 1 million troops will remain in Iraq and Afghanistan. A majority of the troops will arrive in 2011. The U.S. military says there is a “critical role” for the U.S. to play, but its military needs, and the U.S. is a significant partner, say the U.S. military,"
dpo_business,2,3,"Write a short neutral news brief about a group making a decision.

Brief:"," The group that sent President Donald Trump's tweet that would have ""seriously weakened"" his executive powers to protect his border.

Brief: The White House's official Twitter account has been accused of ""vague and unethical"" actions by multiple administration officials and former National Security Advisor John Bolton, with a variety of comments and decisions. In one of them, a senior administration official described Bolton as ""a serious threat to national security""."
dpo_business,2,4,"Write a short neutral news brief about a group making a decision.

Brief:"," Newsletters are printed in two versions. The first edition, which appears on one side and is signed “News,” and is signed by the editor and the writer, is more readable than the book. The second edition, which appears on the other side, is signed by the editor and the writer.

“Newsletters are printed in two versions. The first edition, which appears on one side and is signed by the editor and the writer,"
dpo_business,2,5,"Write a short neutral news brief about a group making a decision.

Brief:"," The state is seeking to impose fines of $5 million or more against a group of people for making a news report about the death of a man who tested positive for the coronavirus.

“The state wants to send a message that if the people who have not contracted the virus have good reason to be in touch with the people who have been dealing with the coronavirus, then they should be able to make informed decisions about how to handle their personal and"
dpo_business,2,6,"Write a short neutral news brief about a group making a decision.

Brief:"," New York Times columnist Paul Krugman has been a favorite critic of Republican presidential nominee Donald Trump for decades. While his views of President Barack Obama were similar to those of his boss, George W. Bush, Krugman is not a partisan, but he believes the GOP can win the White House.

Brief: In an interview with The New York Times, Krugman said it was critical for Republicans to know about Trump’s"
dpo_business,2,7,"Write a short neutral news brief about a group making a decision.

Brief:"," A group of people, including a reporter, decide on their policy about the next president of the United States. It has a long tradition of this. Here, I give you a brief, brief, brief, brief.

Brief:

A group of people, including a reporter, decides on their policy about the next president of the United States. It has a long tradition of this.

In the case of the United States"
dpo_business,2,8,"Write a short neutral news brief about a group making a decision.

Brief:","
The state Senate on Monday approved a measure to end a ban on the sale of fireworks. The measure is expected to receive bipartisan support.

Brief:
The state Senate on Monday approved a measure to end a ban on the sale of fireworks. The measure is expected to receive bipartisan support.

Brief:
The state Senate on Monday approved a measure to end a ban on the sale of fireworks. The measure is expected to"
dpo_business,2,9,"Write a short neutral news brief about a group making a decision.

Brief:"," No matter how much the United States or China agree to slow the growth in tariffs, the world will probably not agree on the rate at which tariff reduction is necessary to bring the dollar back to its former levels.

Brief: The United States is the world’s leading trade negotiator. It has not yet come to the conclusion whether a trade deal with China will be a good fit or even a bad one. However, it has not"
dpo_business,3,0,"Write a short neutral news brief about an event that happened today.

Brief:"," An organization founded to advance “transparency and accountability in the media.” They are now the first organization to be named a National Commission on Transparency (NCT). The NCT is a coalition of more than 20 professional associations including the Society of Professional Journalists, the Society for Journalist Ethics, and the American Society for Press Ethics.

Brief: “This new approach, endorsed by the Committee on Public Information, creates a system of"
dpo_business,3,1,"Write a short neutral news brief about an event that happened today.

Brief:","

On November 4, a few months ago, a man was arrested on suspicion of domestic abuse for allegedly spitting on a child in an apartment in the city of New Orleans.

“There was this guy that was sitting in that apartment, he was spitting on my daughter. We didn’t say anything to each other,” said Mandy Boudreau of the New Orleans Police Department. “He was a very strong man"
dpo_business,3,2,"Write a short neutral news brief about an event that happened today.

Brief:"," A short news brief about an event that happened today. The brief says:

A small group of individuals were there for the first time in years to celebrate the anniversary of the International Atomic Energy Agency and its work to reduce the impact of Iran’s nuclear program on the economy, energy security, and safety.

The brief urges a public comment on the Iran nuclear issue.

The brief says:

A short media brief."
dpo_business,3,3,"Write a short neutral news brief about an event that happened today.

Brief:","

New York City Mayor Michael Bloomberg called the latest on the “dangerous and unprecedented” rise of online “fake news,” in the lead-up to the city’s election of a new president.

“A wave of fake news has already emerged over the past few months, with the rise of conspiracy theories, fake news, and outright fake news that are often spread by online platforms like Facebook and Twitter,” Bloomberg said in a statement"
dpo_business,3,4,"Write a short neutral news brief about an event that happened today.

Brief:"," President Barack Obama and Democratic presidential hopeful Hillary Clinton held “Meet the Press” events in the White House on Tuesday, and a joint news conference took place on Wednesday after their discussion of the Middle East peace process. They focused on the security issues and called for “stability” in the region."
dpo_business,3,5,"Write a short neutral news brief about an event that happened today.

Brief:","The event will mark the first time the city’s Republican Party will meet in the new general election election after the fall of a former mayor who was elected from a Democratic state party.

“It’s a great day for democracy,” said Mark Wahlberg, the Republican who helped lead the protest.

“And it’s a good day for the community, for our city and our country,” added Republican Mayor Kirk Caldwell"
dpo_business,3,6,"Write a short neutral news brief about an event that happened today.

Brief:","

During a press conference at the New Hampshire Union Leader, an employee of the National Weather Service on the evening of Jan. 26 said that snow had fallen in New Hampshire, but had not yet been tracked by the National Weather Service to the extent it was predicted.

Brief:

According to the NWS, snow has been falling in New Hampshire since Tuesday, but have not been tracked by the NWS.

In"
dpo_business,3,7,"Write a short neutral news brief about an event that happened today.

Brief:","

The Times:

The Republican National Committee said today that it plans to hire an outside consultant to analyze whether or not a Democratic presidential contender is in the best position to defeat President Donald Trump.

The consultant will conduct such analyses in the coming months, the party said in a statement.

""The Republican Party of the United States will take a look at the state of the Democratic Party,"" the statement said. ""We have"
dpo_business,3,8,"Write a short neutral news brief about an event that happened today.

Brief:"," The White House is working to develop a plan for the Trump administration to allow President Donald Trump to have unrestricted access to foreign financial firms and trade practices during his second term in office.

Brief: A plan to allow Trump to have unrestricted access to foreign financial firms and trade practices during his second term in office.

Brief: A plan to allow Trump to have unrestricted access to foreign financial firms and trade practices during his second term in"
dpo_business,3,9,"Write a short neutral news brief about an event that happened today.

Brief:"," The first night of the first round of the 2016 WTO Trade Dialogue, the European Parliament and the Commission discussed the need for a new policy on trade barriers and how they should be introduced.

A fuller discussion of the recent negotiations around the Transatlantic Trade and Investment Partnership was held this evening."
dpo_business,4,0,"Write a short neutral news brief about a change people are discussing.

Brief:"," the public can't be bothered to read what's being discussed. That's the point of an open discussion that includes anyone outside the government. So if you are a citizen, you can post your thoughts about whatever that is, to a public forum.

An open discussion that includes any public can't be the start of a political movement.

I want to emphasize my point. The public can be bothered to read what's being discussed."
dpo_business,4,1,"Write a short neutral news brief about a change people are discussing.

Brief:"," The Federal Reserve has increased the policy rate to 12 percent from 11 percent as part of a big increase in its investment portfolio, but the pace of interest rate increases has decreased slightly as the economy has recouped some money from the stimulus.

A brief: The Fed is raising its own interest rate to help stabilize the economy by adding to its benchmark interest rate.

Brief: The Fed is increasing the rate it has charged for the"
dpo_business,4,2,"Write a short neutral news brief about a change people are discussing.

Brief:","

A survey by the Public Opinion Project of more than 4,500 United States and Canadian political and economic elites, conducted by the Public Opinion Project of the University of Alberta in Alberta, Canada, this survey finds that an estimated 12,000 individuals are divided about the use of media in Canada on a scale of one to five, but less than 1 in 5 hold the view that these media outlets are important for economic and civic life.

"
dpo_business,4,3,"Write a short neutral news brief about a change people are discussing.

Brief:"," The number one reason people are concerned about the impact of technology is that people are buying more things and are using technology to stay informed about them.

A Brief: This is what people are using to keep up with developments, so they can focus on what is next.

The news brief also has the added bonus that it allows the organization to provide news about important developments that would help the general public.

This brief is used to"
dpo_business,4,4,"Write a short neutral news brief about a change people are discussing.

Brief:"," The Trump transition, like many people who have become involved in the Trump White House, has tried to make a deal with Putin and his Russian government. The Trump transition, like many people who have become involved in the Trump White House, has tried to make a deal with Putin and its Russian government. A brief brief on the change.

Brief: The Trump transition, like many people who have become involved in the Trump White House, has"
dpo_business,4,5,"Write a short neutral news brief about a change people are discussing.

Brief:"," The US will lose its position as the world’s largest emitter of greenhouse gases this century unless it introduces a strong, low-carbon economy.

The Trump administration will propose a plan to reduce emissions from power plants by 50% or more by 2020 if the government says it wants to reduce carbon emissions by 50% over the next decade. That includes the potential to reduce emissions by as much as 80% by 2020.

A study led"
dpo_business,4,6,"Write a short neutral news brief about a change people are discussing.

Brief:", This article was updated to include a statement from the Commission.
dpo_business,4,7,"Write a short neutral news brief about a change people are discussing.

Brief:"," The Democratic Party has tried to do its own “zero tolerance” policy over the years.

The brief describes the policy as a “zero tolerance” for people who do not live in the area where the proposed change is to prevent or significantly reduce violence in the area. It states:

If an individual commits a crime, it is a criminal act and there is no penalty for it. If the crime is serious and there is no provision"
dpo_business,4,8,"Write a short neutral news brief about a change people are discussing.

Brief:"," A new, short, brief by two former New York City Fire Department (FDNY) officers about the department’s current practice of not hiring people to work on its front lines.

Brief: Two former FDNY officers have filed a motion this week to have the Department change its policy of not hiring people to work on its front lines to address concerns about a lack of professionalism in the front lines, particularly when it comes to the"
dpo_business,4,9,"Write a short neutral news brief about a change people are discussing.

Brief:","

New York Times

(June 7) — It’s a good time for the media to reassert itself as a voice for the people of the country that the American people have not heard about yet. The news media will be watching how President Donald Trump, his aides and the campaign process move the story along.

As the news gets more powerful and people realize who’s being targeted, many will start wondering where the hell"
dpo_business,5,0,"Write a short neutral news brief about a new plan.

Brief:"," The United Nations's new report on nuclear disarmament and human rights is a report that could lead to tighter restrictions for nuclear weapons.

Nuclear weapons are the single largest source of weapons-grade plutonium for the world's nuclear weapons industries, and they are a threat to both civilian and military targets. In the past, only the United States, the United Kingdom and China had approved the United Nations Framework Convention on Nuclear Disarmament ("
dpo_business,5,1,"Write a short neutral news brief about a new plan.

Brief:","

Mitt Romney won’t be asked whether he or President Barack Obama would consider supporting a new government spending proposal to replace the existing fiscal deficit ceiling.

Brief:

Hillary Clinton, the Democratic frontrunner, wants to raise a trillion-dollar deficit next year.

Brief:

The Wall Street Journal reported Thursday that President Barack Obama and the Republican-controlled Congress will have to spend more money on wars"
dpo_business,5,2,"Write a short neutral news brief about a new plan.

Brief:","

- The New York Times on how to develop a more open relationship with the European Union, and a call for a more effective U.S. foreign policy in the coming weeks and months.

- The Wall Street Journal on how to deal with Iran’s new nuclear capabilities and the impact of U.S. sanctions on Iran.

- The Washington Post on the need to improve ties with Russia, Iran and China, as"
dpo_business,5,3,"Write a short neutral news brief about a new plan.

Brief:"," The Trump administration wants to extend the travel ban on foreigners at the United Nations.

The plan would not include U.S. nationals who currently hold some U.S. citizenship and who are prohibited from returning to their home countries.

The plan does not include the so-called “tentacles of terror” that have been a constant theme for U.S. foreign policy over the past several years.

The administration says"
dpo_business,5,4,"Write a short neutral news brief about a new plan.

Brief:"," U.S. Congress approves $1 trillion in new spending for the military, according to documents that were released Friday."
dpo_business,5,5,"Write a short neutral news brief about a new plan.

Brief:"," The U.S. and Russia could begin to work on a plan to reduce Russian military spending by more than $1 trillion in 2017.

The United States could reduce the defense budget, or increase spending on defense, to less than $400 billion by 2024, according to the National Defense Strategy. The Pentagon is already under a range of military spending.

Russia is the world’s second-largest economy, but its military,"
dpo_business,5,6,"Write a short neutral news brief about a new plan.

Brief:"," The National Coalition for the Prevention of Alcohol Related Substance Abuse in New York City has launched a new ""Society for New York City Substance Abuse Prevention"" (NYCSPAP) study to examine alcohol-related health disparities in NYC. The study will be done in consultation with public health professionals to answer the following questions:

• How much alcohol are people consuming?

• What are the effects on the drinking culture?

"
dpo_business,5,7,"Write a short neutral news brief about a new plan.

Brief:"," U.S. forces will continue to use heavy weaponry to battle al-Qaida insurgents.

Brief: The Pentagon’s top secret plan to use the U.S. aircraft carriers to advance on Iraq is being met with protests over the use of nuclear weapons in the country.

Brief: In the final stretch, the U.S. will fight the Taliban, which has pledged to use all means at"
dpo_business,5,8,"Write a short neutral news brief about a new plan.

Brief:"," The Obama administration says it wants to eliminate U.S. aid to the Iraqi government, which is running out of funding in 2011.

Hundreds of thousands of people, including some 1.2 million Iraqis, are expected to descend into fighting in a ""war zone"" that could involve thousands of U.S. troops.

More than $150 billion was cut by President Obama in 2011, about one-third of the"
dpo_business,5,9,"Write a short neutral news brief about a new plan.

Brief:"," New York Times Editorial Board: “As of August 11, 2011, all U.S. Senate voting is now required to elect senators with the lowest approval ratings (up to 90% among nonpartisan groups),” with a new report by the Senate Voting Resources and the Democracy Fund concluding that “as of August 11, 2011, all U.S. Senate voting is now required to elect senators with the lowest approval ratings.”

"
dpo_politics,0,0,"Write a short neutral news brief about a recent local development.

Brief:","

A new national news organization has been created in the area of media reporting.

The National News Commission is a public service commission established in 1919, headed by the Chairman of the Board of Adjutant.

This is the first national news organization to create and report on the issues related to the development of the South.

The National News Commission is the public service commission established to inform the public of current developments.
"
dpo_politics,0,1,"Write a short neutral news brief about a recent local development.

Brief:"," a brief about the past two years of development in Toronto and the development in the city’s downtown area.

The short-term economic impact is due to the fact that the downtown and the business districts and community centre are all moving forward with more development, and the city is not paying for new property taxes.

As a result, people in the downtown and the area surrounding the business district are feeling a little sad about the development."
dpo_politics,0,2,"Write a short neutral news brief about a recent local development.

Brief:"," Brendan McCurry, the former mayor of Lima, Peru, has taken on the role of the city’s leader of the opposition, taking over as mayor in May of this year, in a move seen as an attempt to push him out, according to a local newspaper.

An article in the Peru Daily News in August described McCurry as an “excellent” mayor, but the paper said the move is an attempt to influence"
dpo_politics,0,3,"Write a short neutral news brief about a recent local development.

Brief:"," About a new housing project in the area near the University of California.

Proposal of the new housing development will be in the public comment period at the City Council meeting.

The council has heard about the proposal during an open house for all of the council members.

The proposal of the new housing development will involve moving the campus of San Francisco State University to a new location on the campus.

The development is in the"
dpo_politics,0,4,"Write a short neutral news brief about a recent local development.

Brief:"," A brief on the recent recent development in the Town of Newtown.

Brief: A brief on the recent development in the Town of Newtown.

The brief offers a short, neutral report on what happened at one of the recent developments. It concludes with some important information on what had happened during the development.

It discusses the development of the Town of Newtown in terms of social and community issues. It provides important information"
dpo_politics,0,5,"Write a short neutral news brief about a recent local development.

Brief:"," Local issues.

Protesters will rally on Sunday in St. Louis to urge Gov. Bruce Rauner to approve funding to build the city’s new homeless shelter.

St. Louis has long had a reputation as one of the most unsafe, dangerous and dangerous cities in the country, a city in which the population is estimated to be in the low two thirds of the city’s size.

The $6"
dpo_politics,0,6,"Write a short neutral news brief about a recent local development.

Brief:"," The city has decided to pay a $250,000 fine to the city for having closed a sewer line in the city's central business district. In September, the city also fined the city a $250,000 fine for allowing sewer service that was shut down because the city failed to build a proper sewer line in the area.

In September, a city board voted to take action against the city, asking to impose a $250,000"
dpo_politics,0,7,"Write a short neutral news brief about a recent local development.

Brief:","

Nathaniel S. Davis (3/31/05) is the elected member of the Wisconsin State Assembly. His district includes a small area of rural southwest Wisconsin."
dpo_politics,0,8,"Write a short neutral news brief about a recent local development.

Brief:"," “The new police chief wants to see more than just a police department and a fire department. He wants to see a full police commission with local leaders and a broad community support base, something he says is essential for the new sheriff’s department.”

In an interview with the New Mexico Law Review, the former district attorney of Albuquerque, Albuquerque Mayor James P. Hurt said the police department is the most important"
dpo_politics,0,9,"Write a short neutral news brief about a recent local development.

Brief:","

New York Times, September 16, 2016.

http://www.nytimes.com/2016/09/17/opinion/obama-wants-to-cut-out-billion-dollars-for-the-middle-east.html

http://www.nytimes.com/2016/09/16/us/obama-wants-to-cut-out-billion"
dpo_politics,1,0,"Write a short neutral news brief about a public announcement.

Brief:"," http://www.npr.org/blogs/money/2014/04/13/18753936/bush-administration-will-not-stop-newspapers-saying-it-is-its-own-policy.html

It’s important to note that even when the news is good, the news coverage can be misleading, as in this instance, the news can be biased against a candidate who"
dpo_politics,1,1,"Write a short neutral news brief about a public announcement.

Brief:"," I have a very interesting message for the people of the United States, especially as they confront some of the largest threats to the United States from the Islamic world. The American people have suffered through a number of devastating events, and we must be mindful of their concerns. Our nation is on the brink of extinction.

Here is the brief, in no particular order:

The Islamic world was created as a result of the conquest of Arabia"
dpo_politics,1,2,"Write a short neutral news brief about a public announcement.

Brief:"," The President is in a national security area and may not be able to reach all of the U.S. allies and allies.

Brief: The President is considering a wide range of policy options and may not reach all of the U.S. allies and allies.

Brief: The President is reviewing information and decisions of other government agencies and will have broad access to information and decisions in his discussions with foreign leaders.

"
dpo_politics,1,3,"Write a short neutral news brief about a public announcement.

Brief:"," The latest news story on the ongoing presidential election.

We cannot ignore or ignore the fact that the Democratic Party establishment is, once again, using the race to try and further their political agenda. The election of Barack Obama will inevitably result in some kind of new direction for America and the world. This is not a campaign to elect a man who is not our neighbor, or a campaign to elect a man who has never committed any crime. This"
dpo_politics,1,4,"Write a short neutral news brief about a public announcement.

Brief:"," Public announcements of a public announcement are usually a sign of confidence that the media is ready and willing to work with the media on a campaign. They can also be an indication that the public is fully committed to the campaign to stop the alleged mass incarceration of more than 6 million African Americans.

A short neutral news brief about a public announcement.

Public announcements of a public announcement."
dpo_politics,1,5,"Write a short neutral news brief about a public announcement.

Brief:","

The U.S. is once again in the grip of an economic malaise, with economic growth in excess of 3 percent in 2018, as the world’s largest economy is in the process of deepening its worst recession since World War II. The crisis is becoming a reflection of the broader economic crisis, as the U.S. continues to lose the wealth it has enjoyed since the Great Recession of 2008.

The"
dpo_politics,1,6,"Write a short neutral news brief about a public announcement.

Brief:"," How the Obama administration was pressuring the Iraq war to the point of war in 2004. The press secretary said in an interview in March that U.S. military actions against the city of Mosul in Iraq had caused huge damage, with hundreds of Iraqi civilians killed and thousands wounded. An Iraqi man was among the dead, it said.

This is a time when the president will need to answer questions about the war. He will need to"
dpo_politics,1,7,"Write a short neutral news brief about a public announcement.

Brief:"," An American citizen dies of COVID-19 in a Miami apartment building.

The news is being reported by The Associated Press (AP). The AP did not immediately return a request for comment.

The AP’s brief says the news is “in the opinion of AP staff, this news should not be made public.”

The AP’s brief says the news is “in the opinion of AP staff.” The AP did not immediately"
dpo_politics,1,8,"Write a short neutral news brief about a public announcement.

Brief:","

The White House's announcement on Monday that President Donald Trump would step down as U.S. leader is a major step forward for the country's leaders at a time when public expectations are low and their political prospects are uncertain.

The announcement, announced by Trump, comes amid a public statement from the White House that, ""while it is deeply unwise to expect the fullest participation from the President in the work of the government,"
dpo_politics,1,9,"Write a short neutral news brief about a public announcement.

Brief:"," A small group of members of the media will be briefed in advance and asked to leave if they want to remain on the air. Any public announcement will be made public. The public announcements can be made on a variety of public, public business and other topics.

Any public announcement will be made public. The public announcements can be made on a variety of public, public business and other topics. The media will not comment on what those announcements"
dpo_politics,2,0,"Write a short neutral news brief about a group making a decision.

Brief:"," “We want to make sure that the decisions made by the US and Russia in these two countries are accurate.”

“We are concerned about the future of democracy in the region and our ability to resolve the crises and resolve conflicts,” said Faisal.

The Fawzi News (Lebanon’s official news agency) was established in 2009 under the name ‘Islamic State of Iraq and the Levant’.

The"
dpo_politics,2,1,"Write a short neutral news brief about a group making a decision.

Brief:","

“I’m going to do something that may change the way that I think about things. What I’m going to do is make some really important points. I will be giving my opinions about what is the right thing to do and what is the wrong thing to do. And I will try to get people to have a conversation about that.”

In addition, an article appearing in the New York Times, an opinion piece,"
dpo_politics,2,2,"Write a short neutral news brief about a group making a decision.

Brief:"," President Trump's nominee for the Supreme Court, Neil Gorsuch, is a conservative who has advocated for limited immigration to the US but has expressed a preference for stronger enforcement of the country's immigration laws.

Brief: It is unclear whether or not the nominee would have the votes to overturn a 2001 Supreme Court ruling banning the practice of birthright citizenship.

But he has been in line to fill the high court vacancy that President Trump"
dpo_politics,2,3,"Write a short neutral news brief about a group making a decision.

Brief:"," the next step will be to bring together a group of citizens who have been critical of President Trump on various fronts, including his attacks on immigrants, his attempts to ban Muslims from entering the United States and his stance on the environment."
dpo_politics,2,4,"Write a short neutral news brief about a group making a decision.

Brief:", Some people in the media have a lot of power and should be subject to scrutiny. So they should be investigated. So they should be investigated for what they have done and not for what they think the government should do.
dpo_politics,2,5,"Write a short neutral news brief about a group making a decision.

Brief:","

The Republican tax bill passed by a mostly hawkish, conservative House with strong Republican votes (and a very low veto rate). It is expected to pass again in a lame-duck session. But Republicans are looking for ways to make gains, and a bill in the Senate would be bad for the country.

Trump wants a re-write of the tax code. And he does not want to be seen as attacking tax reform"
dpo_politics,2,6,"Write a short neutral news brief about a group making a decision.

Brief:"," It’s not an easy decision to make, but it’s not one you want to make. We’re all here to tell you what is best for everyone. We are here to make this as real as we possibly can.

We have come a long way from the days when we were kids and would go to the bar to drink beer and smoke weed and just get it over with. We’re going to make this as"
dpo_politics,2,7,"Write a short neutral news brief about a group making a decision.

Brief:","

We should be concerned about the actions of a group that’s made a decision to have an election."
dpo_politics,2,8,"Write a short neutral news brief about a group making a decision.

Brief:","

(5)

Proposed draft resolution of legislative agenda

(6)

Final report on legislative agenda

(7)

H. Res. No. 18/2014(1)

Proposed draft resolution of legislative agenda

(8)

Final report on legislative agenda

(9)

H.Res. No. 18/2013(4)

Proposed draft"
dpo_politics,2,9,"Write a short neutral news brief about a group making a decision.

Brief:"," The group of five British scientists who were in the United States to help make the world’s first computer simulation of human brain is trying to use a series of research papers on the “cognitive” nature of human brain to make a “cognitive-action” paper about the future of human brain evolution.

The paper, called “On the Nature of Human Brain”, was published last month by the National Institute on Aging, part of"
dpo_politics,3,0,"Write a short neutral news brief about an event that happened today.

Brief:"," The event will be hosted by the American People. The President will attend the event as a representative of the United States.

A Brief: The President will be speaking at the event. President Obama will be speaking at the event as a representative of the United States.

I just read about what happened today in the US and heard about it from other countries.

Brief: The President is in a room and the audience are sitting"
dpo_politics,3,1,"Write a short neutral news brief about an event that happened today.

Brief:"," It’s a new year and a new story to tell. That new story is the day that it was announced that the Senate was voting on a bill that would create an international arms embargo on Syrian dictator Bashar Assad.

A brief summary of the bill passed the Senate by a vote of 12 to 6 with no amendment from the House of Representatives.

A brief summary of the bill passed the House by a vote of 23 to 3"
dpo_politics,3,2,"Write a short neutral news brief about an event that happened today.

Brief:","

The story was about a man who died in a freak accident in the middle of the night on Monday. The man’s wife and four children were asleep in their car. Their family didn’t know what to do. They did not know how to react to what they heard. But the two women who were at the scene said they did not understand what was happening.

The man who died was a man who they could not"
dpo_politics,3,3,"Write a short neutral news brief about an event that happened today.

Brief:","

In the wake of the horrific attack in Newtown, the administration of President Trump has called for an emergency meeting with the country's leaders. He has asked that those responsible for the incident not be held accountable and that all sides involved have to be held responsible.

Here is what the new administration had to say about the incident:

The administration was very clear that the actions of our President and the American people were unacceptable. However"
dpo_politics,3,4,"Write a short neutral news brief about an event that happened today.

Brief:"," I was on the road for four days, and on the way back I was stopped by a law enforcement officer, who asked for me to take a look at a picture of a child that was in front of us. A photo of this child and the child's family showed up in my car and was taken out of the picture. I was then detained, and once I was released, I returned to the road to file a report on what had"
dpo_politics,3,5,"Write a short neutral news brief about an event that happened today.

Brief:","

“It’s very troubling that the Obama administration would allow an African-American woman to be arrested without a suspect being notified, even though she has a pending criminal investigation into the case. The Obama administration would be better served by taking the lead in protecting the rights of the law-abiding young people.”

The president has also been clear that this story would not be treated as racist. “I’m sure it will be"
dpo_politics,3,6,"Write a short neutral news brief about an event that happened today.

Brief:","

“We have an announcement to make,” said the statement from State Department spokesperson Marie Harf. “We will not comment further.”

The statement said the decision was made “with the objective of protecting the American people and our interests.”

The State Department said the decision to close down the United States’ border with Mexico was “based on the need to keep our border safe and secure.”

“We will not tolerate attacks"
dpo_politics,3,7,"Write a short neutral news brief about an event that happened today.

Brief:","

A few weeks ago, a new documentary series called “The Unseen” was released called “The Unseen: The Un-E-like State of Global Politics”.

According to the series, the United States has become a world leader in the field of science and technology and there are significant global issues in the field.

At the same time, there are more opportunities for politicians to influence the direction of the country.
"
dpo_politics,3,8,"Write a short neutral news brief about an event that happened today.

Brief:"," I wrote a letter last month to the mayor and the mayor’s staff regarding allegations of bullying in our city, and we are calling on the mayor and the city to investigate the allegations.

Here’s a brief excerpt from the letter:

“My letter to the mayor and staff yesterday was issued on the complaint that I received on June 25, 2013 of a bullying and sexual harassment incident which occurred in this city. I am writing"
dpo_politics,3,9,"Write a short neutral news brief about an event that happened today.

Brief:"," A woman walks down an alleyway, with a black hoodie and her arms wrapped around her body. They say: ""This is our first, beautiful day.""

""The police are there, and we should be able to talk about it,"" said the victim. ""This is not acceptable. And there are families here.""

""This is very sad,"" said one woman from outside the alley.

It was early in the"
dpo_politics,4,0,"Write a short neutral news brief about a change people are discussing.

Brief:"," The Department of Justice has released a number of documents related to a wide-ranging investigation that was launched last year to determine whether Hillary Clinton knowingly allowed or condoned the use of illegal drugs in the United States. In its report, the Justice Department and the FBI say they have found the use of drugs is a grave security risk to our democracy.

Brief: The Department of Justice has released a number of documents related to a wide-ranging"
dpo_politics,4,1,"Write a short neutral news brief about a change people are discussing.

Brief:"," If a political party was in power, would people take their country in a new direction?

What is being discussed is the relationship between a government that has a policy towards people, and the people that are being influenced by that policy and those that oppose it.

It’s not just politics. It’s the whole of society.

It’s this whole economic and social relationship.

So you see, you’"
dpo_politics,4,2,"Write a short neutral news brief about a change people are discussing.

Brief:","

This will be a much shorter and more balanced piece than other posts. We will highlight new developments and provide context on current developments. The focus will be on current events, but we will also be covering the broader picture of the political and policy shifts taking place within the US. We will be examining some of the recent changes in the US government, and what are the implications for what we do and what we can do.

Here is"
dpo_politics,4,3,"Write a short neutral news brief about a change people are discussing.

Brief:"," The new campaign will bring news that people are talking about. It will address issues they care about in the media. It will show the media what the other side really wants to hear, and how the mainstream media has chosen to cover issues in their own interest and the media has failed to be honest about important issues.

What’s at issue: The media is under an obligation to be fair and honest. It has to go on to provide"
dpo_politics,4,4,"Write a short neutral news brief about a change people are discussing.

Brief:"," The United Nations has proposed a series of recommendations to protect the rights and freedoms of all people, including people of colour and those with disabilities.

The move is a major step forward for the UN’s efforts to address the global threat of violence against women and children, and calls on the world’s member states to “respect and protect” the rights of all individuals, including those with a disability.

The report also calls on those"
dpo_politics,4,5,"Write a short neutral news brief about a change people are discussing.

Brief:","

The Bush administration is trying to revive a deadlock in the Afghanistan- Pakistan war, says the National Security Council and the Pentagon.

The administration has tried to get the president to call for a full withdrawal from Afghanistan and to begin negotiations in a peace deal with Pakistan. But they have not been able to do so.

The president says he is frustrated that the White House is not pursuing a comprehensive strategy for Afghanistan and Pakistan and"
dpo_politics,4,6,"Write a short neutral news brief about a change people are discussing.

Brief:"," It was a way for people in the community to talk to their local politicians. We are currently discussing the following:

What the Federal Government is doing to protect the citizens and taxpayers of the District of Columbia against terrorist threats;

How the Government is providing assistance to the families of those killed and injured; and

How the Government is allowing the terrorists who committed these crimes to live in the District without being tried and convicted.

"
dpo_politics,4,7,"Write a short neutral news brief about a change people are discussing.

Brief:"," This is the second round of conversations that have been held between the House and Senate about the possibility of a new law on cybersecurity that would protect Americans and protect information in public facilities and places of public life.

As I wrote in my piece for the Washington Post, the House and Senate are not in agreement on how to move forward. In the House, the House Judiciary Committee is considering the draft bill (the House version) with the Senate"
dpo_politics,4,8,"Write a short neutral news brief about a change people are discussing.

Brief:"," A group of Republican lawmakers have proposed a bill that would prohibit the FCC from making any new rules for broadband services. It's called the Broadband Act of 2004.

The proposal, which House Republicans passed earlier this year, would ban the FCC from making any new rules for broadband services and to prevent new competition from Internet providers.

The FCC has long pushed for the repeal of the law that prevented any new competition from the likes of the"
dpo_politics,4,9,"Write a short neutral news brief about a change people are discussing.

Brief:"," “I’m not sure what the final decision will be. That’s the subject of this interview. If there is any doubt, I feel it would help to know how we do in this case.”

“And if I had to decide what I would do, I would probably take a different approach. And I’m not sure I could do that.”

Brief: “You must understand, the more you talk about"
dpo_politics,5,0,"Write a short neutral news brief about a new plan.

Brief:"," A plan to close a 15-year budget gap is in the works.

“The plan to close $200 million in funding for the agency was crafted by a diverse group of advisers,” said Brendan Collins, a senior adviser with the agency who served on the planning team. “The goal was to create a more robust and robust agency model that would generate incremental revenue and improve efficiency. This approach will ensure that agencies will continue to be responsive"
dpo_politics,5,1,"Write a short neutral news brief about a new plan.

Brief:"," This report from the U.S. Office of Inspector General about the Obama administration’s plan to privatize health care in the Affordable Care Act includes some troubling facts about the U.S. healthcare industry, how it is financed by the government, and what it plans to do to expand its role in the healthcare industry.

Criticism: The White House is attempting to portray the “health care reform” plan as a “comprom"
dpo_politics,5,2,"Write a short neutral news brief about a new plan.

Brief:"," The Obama administration is in a new negotiating mode with China. The Obama administration is in a new negotiating mode with China. And it is about to introduce a much more aggressive strategy in the fight against China’s aggressive new China sanctions policy.

It has already begun its first round of negotiations with China. But the new China policy is not working. The Obama administration is not working with China. The administration is working with China. The new China"
dpo_politics,5,3,"Write a short neutral news brief about a new plan.

Brief:"," What you need to know about the Obama Administration's plan to cut taxes on the wealthiest Americans.

Brief: What you need to know about the Obama Administration's plan to cut taxes on the wealthiest Americans.

Brief: What you need to know about the Obama Administration's plan to cut taxes on the wealthiest Americans.

Brief: What you need to know about the Obama Administration's plan to cut taxes on"
dpo_politics,5,4,"Write a short neutral news brief about a new plan.

Brief:"," We are not going to be in any rush to create an end to the war in Iraq. The Iraqi government will not be allowed to negotiate a peace deal. It will be too late to build a new society based on democracy, with a say in the policy and the state of the country.

Short: We are not going to let the American military have this power. That would be disastrous.

Big Deal: This is another example"
dpo_politics,5,5,"Write a short neutral news brief about a new plan.

Brief:"," Report on the State of the Economy.

By Dr. Robert B. Nadeau, CUNY

The United States has some of the best and brightest minds in the world. They know how to provide a clear, comprehensive, and objective analysis of the country’s economic health, its domestic and international problems, and the challenges facing the country.

In this report, Professor Robert B. Nadeau, President and"
dpo_politics,5,6,"Write a short neutral news brief about a new plan.

Brief:"," No time for a brief, or brief for brief,

Summary of proposed budget, and the budget outline, with a summary of the proposed budget, which includes spending plans for the next four years and what is included in the current budget."
dpo_politics,5,7,"Write a short neutral news brief about a new plan.

Brief:", http://www.kemons.org/news/news/20170324/homes/united-states-need-to-protect-the-future-of-life-by-housing-and-renewing-the-environment.html
dpo_politics,5,8,"Write a short neutral news brief about a new plan.

Brief:"," The Senate will take a look at a wide-ranging plan that would increase the government by $1.4 trillion over the next two years, a measure the president, the House and the Senate are expected to pass Wednesday, in a bid to get the issue on the U.S. agenda.

Short: A proposed policy to increase the deficit by $2 trillion over two years will be on the Senate floor Wednesday, even as the White"
dpo_politics,5,9,"Write a short neutral news brief about a new plan.

Brief:"," The State Department has been pushing for the implementation of the current military combat order. At a ceremony Wednesday to introduce the new order, a delegation from the military branch, the Joint Chiefs of Staff, will tell the audience that the military had recently reined in the use of force.

“We have seen a clear shift in the tactics of the military and the policy of using force, which is a new direction that we have been taking,” said"
dpo_entertainment,0,0,"Write a short neutral news brief about a recent local development.

Brief:", (Editor’s note: This story originally published in June 2019) The New York Times reported yesterday that several of the people who were killed in last week’s fatal shooting of a black man by police in the West End were white.
dpo_entertainment,0,1,"Write a short neutral news brief about a recent local development.

Brief:"," The 'B' News (BQ), an 'online' weekly, brings readers up to speed with the latest developments in local news, politics, entertainment, business, and culture.

Brief: An 'online' weekly with a focus on local news, politics, entertainment, business and culture.

Brief: An 'online' weekly with a focus on local news, politics, entertainment, business, and culture.

"
dpo_entertainment,0,2,"Write a short neutral news brief about a recent local development.

Brief:"," A man and a woman were arrested in connection with a violent domestic disturbance in the area of Mabel Pryor Street. The arrests were made about 2:30 p.m.

The women and man were identified as 30-year-old Richard Rufus Dyer of Houston and 30-year-old Laura Dyer of Houston. The woman and her two-year-old son were also arrested at the scene. Both were"
dpo_entertainment,0,3,"Write a short neutral news brief about a recent local development.

Brief:"," A story on the news of a recent development that was not reported at the time.

A local reporter who found news on the development on the news of a recent development.

A local reporter who found news on the development on the news of a recent development.

A local reporter who found news on the development on the news of a recent development.

A local reporter who found news on the development on the news of a"
dpo_entertainment,0,4,"Write a short neutral news brief about a recent local development.

Brief:"," In the final hour of this month’s State of the Union, President Trump was greeted by an ovation after delivering an address to a crowd of 50,000 attendees, while others cheered.

A few thousand people were out there in front of the president, chanting “Trump,” “Lock her up,” and “Make me a better mother.”

A few minutes later, Trump gave the thumbs up and a “thank you"
dpo_entertainment,0,5,"Write a short neutral news brief about a recent local development.

Brief:"," An elderly couple has found their way out of the water after being swept away by a dam.

Brief: A man lives in his mother's house.

Brief: A car sits in the driveway of the elderly couple's house.

Brief: A friend of the couple's, who is in her late 30s, has been struggling with cancer and was worried about her and the kids.

Brief:"
dpo_entertainment,0,6,"Write a short neutral news brief about a recent local development.

Brief:"," A brief from the office of the state Rep. Jeff Lohr on the House version of the bill to replace the new gun control restrictions that President Trump is signing in this year.

Brief: A brief from the office of the state Rep. Jeff Lohr on the House version of the bill to replace the new gun control restrictions that President Trump is signing in this year.

Pentagon on the House version of the"
dpo_entertainment,0,7,"Write a short neutral news brief about a recent local development.

Brief:","

A public street in a neighborhood of the City of New York is being redeveloped with mixed-use development of residential, commercial, and office space, as well as a commercial project.

The new development, called the New York Community, is proposed to be located between the new development and the East-West Expressway, which will be the main arterial in the neighborhood.

The new development, which includes residential, office,"
dpo_entertainment,0,8,"Write a short neutral news brief about a recent local development.

Brief:"," How I built our website, blog, and social media to reflect our vision for building this type of website, blog, and social media, and help them connect to our audience!

Celebrate your birthday with a fun birthday party! Be sure to let the rest of the crowd know in advance what you wanted to celebrate and why!

We are now accepting entries to our monthly contests, and we’ll be on hand to provide"
dpo_entertainment,0,9,"Write a short neutral news brief about a recent local development.

Brief:","

This article was updated on 6-Nov-2013 with the details of an interview with the reporter who did the interview."
dpo_entertainment,1,0,"Write a short neutral news brief about a public announcement.

Brief:"," In June, a state appeals court said it's illegal to ""unmask"" political messages.

By James H. McIntyre, USA TODAY

NEW YORK

The trial of former state Rep. Danieal Frye, a Democrat from Wichita, will begin this week.

The jury trial is scheduled for Aug. 13 in Wichita, Kan., U.S. District Judge James C."
dpo_entertainment,1,1,"Write a short neutral news brief about a public announcement.

Brief:"," A public announcement, and a short story about an upcoming public announcement.

Brief: A public announcement about a public announcement.

Brief: A public announcement about a public announcement.

Brief: A public announcement about a public announcement.

Brief: A public announcement about a public announcement.

Brief: A public announcement about a public announcement.

Brief: A public announcement about a public"
dpo_entertainment,1,2,"Write a short neutral news brief about a public announcement.

Brief:","

The news agency that made the announcement said it will release the next daily news update to the public during the month of October.

The news agency said that the announcement will be released in a short neutral news brief to the public during the month of October.

“We made the announcement as we have the very best news organization in the country, we will also be releasing a brief neutral news brief later this month,” the news agency"
dpo_entertainment,1,3,"Write a short neutral news brief about a public announcement.

Brief:"," A man is charged in connection with a case where he allegedly killed an animal that was missing during a dog fight that left the owner in a tragic state.

The case was investigated by an animal defense unit at the Newtown, Conn., Animal Legal Defense Fund (ALDF). The investigation also was connected to a man charged in a similar fatal shooting.

The case was announced Tuesday by the sheriff of Alamance County.

"
dpo_entertainment,1,4,"Write a short neutral news brief about a public announcement.

Brief:"," An interview with a political consultant, and the president of the Southern Poverty Law Center, whose research is based on a grant from the Bill and Melinda Gates Foundation.

Brief: The Southern Poverty Law Center's analysis suggests that a number of individuals who are opposed to the LGBT community may have been harassed or targeted by the Clinton administration because of their political positions on issues like immigration.

Brief: The group, which"
dpo_entertainment,1,5,"Write a short neutral news brief about a public announcement.

Brief:"," A public announcement about the upcoming state election in Nevada.

Hillary Clinton’s controversial anti-abortion position was on display during her speech at the Democratic National Convention in Charlotte, North Carolina. She also had a brief news flash in response to questions from the audience.

She had her own reaction as she spoke.

“When you’re at a convention, you have a little party for everybody. You have a little"
dpo_entertainment,1,6,"Write a short neutral news brief about a public announcement.

Brief:","

If a public announcement is announced by the public, a brief may be required to explain the announcement. The brief may also be made for public or a special announcement, or be a short, brief about a public announcement.

If the announcement is announced by the public or a special announcement, a brief may be required to explain the announcement. The brief may also be made for public or a special announcement, or be a short, brief"
dpo_entertainment,1,7,"Write a short neutral news brief about a public announcement.

Brief:","The Democratic National Committee (DNC) is officially endorsing Donald J. Trump for President of the United States. The DNC is a member of the Democratic Policy Committee (DPP).

Brief: The DNC is officially endorsing Donald J. Trump for President of the United States. The DNC is a member of the Democratic Policy Committee (DPP).

Brief: A news brief from the DNC that discusses"
dpo_entertainment,1,8,"Write a short neutral news brief about a public announcement.

Brief:"," “The news on the ground for the people of the United Kingdom is quite different from the news on the ground for the people of Europe.”

“A news brief that calls for a public announcement of the next general election or, in this case, the general election in favour of UKIP is an important signal, but not the one the briefers seem to be going for, given they aren’t sure what to do with it.”
"
dpo_entertainment,1,9,"Write a short neutral news brief about a public announcement.

Brief:"," The state legislature and a new commission have given the state's top officials a rare opportunity to examine the situation and say it's in their best interest to revamp the state's new constitution.

The state's top-ranked judges are expected to issue an advisory opinion on the new constitution, which is one of four that will head to the governor for a vote. They are expected to meet on Nov. 22 to reauthorize the new"
dpo_entertainment,2,0,"Write a short neutral news brief about a group making a decision.

Brief:","

There are many questions about the current crisis in Ukraine. An increasing number of journalists are questioning the reasons behind President Donald Trump’s decision to fire an army of Russian agents, who are suspected of targeting Democratic voters, and a growing number of reporters are questioning why many journalists have been denied access to critical reporting on a wide range of issues. There has been a tremendous amount of coverage, and I am proud that our reporter in Ukraine, Amy"
dpo_entertainment,2,1,"Write a short neutral news brief about a group making a decision.

Brief:","

We asked the jury for an excerpt of the brief and were shocked.

“How did the defendant react to the news?”

“He had no way of knowing that this was going to happen,” said juror Dina.

“It was a shock,” said juror Jessica. “He reacted with such surprise. It was like an enormous shock.”

Juror Ashley was upset.

“I mean, I"
dpo_entertainment,2,2,"Write a short neutral news brief about a group making a decision.

Brief:"," A short neutral news brief about a group making a decision.

A group will make a decision about whether to hold a debate, and it will be preceded by briefings from reporters who are the spokespersons and other media workers. It will have a separate news brief for reporters at the start of the event, which will contain the group's news brief and the time they will hold the debate.

The group will then sit down with"
dpo_entertainment,2,3,"Write a short neutral news brief about a group making a decision.

Brief:"," An article is written for the main article's ""The news"" section about the events that unfolded during the ""The news"" segment in today's episode.

Short: Written for the main article's ""The news"" section about the events that unfolded during the ""The news"" segment in today's episode.

Short: Written for the main article's ""The news"" section about the events that unfolded during the ""The news"" segment"
dpo_entertainment,2,4,"Write a short neutral news brief about a group making a decision.

Brief:"," No one wants to be the subject of a public campaign to stop a group from running for the White House.

Brief: The National Review is looking for ways to tell a story about the people who make the decisions at the moment.

Brief: If you’re a Republican who’s running for the White House in November, you’re looking at the second-round, no, third-round election. You’"
dpo_entertainment,2,5,"Write a short neutral news brief about a group making a decision.

Brief:","

1. I am with @OpinionToday in the race to save our country and our democracy from tyranny.

2. I am for a fair tax system and for working hard to pay our way for all Americans.

3. I do not support the current administration's attempt to dismantle our system of checks and balances and replace them with a system of tyranny.

4. I support the creation of a federal reserve"
dpo_entertainment,2,6,"Write a short neutral news brief about a group making a decision.

Brief:"," About a group making a decision.

The Short on a topic will be from the most recent election results, so we'll focus on one or two, which should cover a group of folks making a decision.

Brief: About a group making a decision.

The Short will be available for public viewing at the local level. We'll be using the short as a forum for discussion and information.

This is a special"
dpo_entertainment,2,7,"Write a short neutral news brief about a group making a decision.

Brief:", A brief of the group that is making a decision on the future of the North American Free Trade Agreement.
dpo_entertainment,2,8,"Write a short neutral news brief about a group making a decision.

Brief:"," The short answer, to the American people’s surprise, was “we have no business deciding on this.” It was the American people’s surprise because the American people were so angry. It was the American people’s surprise because they were so upset with this group that they decided to pick up and go home.

The short answer to “how wrong” was that the group was wrong. It was the American people’s surprise because"
dpo_entertainment,2,9,"Write a short neutral news brief about a group making a decision.

Brief:"," The Bush family, one of many members of the Senate who took the nation’s attention to the highest levels, faced with the possibility of impeachment, was left for dead after the former President, Bill Clinton, voted against impeachment, according to a report in the New York Times.

Brief: On Friday, the Bush family was forced to resign as the “top Senate aide” in the Trump administration, and was replaced by a new “"
dpo_entertainment,3,0,"Write a short neutral news brief about an event that happened today.

Brief:"," A short short, very dark-featured man appeared in a brief of a brief of a brief of the brief of the brief of the brief of a brief of the brief of the brief of the brief of the brief of the brief of the brief of the brief of the brief of the brief of the brief of the brief of the brief of the brief of the brief of the brief of the brief of the brief of the brief of the brief of"
dpo_entertainment,3,1,"Write a short neutral news brief about an event that happened today.

Brief:","The University of Kansas is the best-known campus in the country and one of the most exciting places to spend a summer. The university's student government has a reputation of being a force to be reckoned with, and it's a great place to spend time with your kids. The University of Kansas has a reputation as the place for students to have their free time and come out of the woodwork to the University of Kansas basketball team. So when"
dpo_entertainment,3,2,"Write a short neutral news brief about an event that happened today.

Brief:","

“We are in the process of getting back to what we do best: reporting. Now, it’s time to make it worth your while. There are many, many people involved in this story. And I want you to know, there’s a lot of you who will get it. They won’t be the only ones. I’m here to tell you that there are a lot of people who will get it.”"
dpo_entertainment,3,3,"Write a short neutral news brief about an event that happened today.

Brief:"," A short neutral news brief about an event that happened today.

This is the second in the series about the ""Nuggets Game"" and was written by Jeff ""Dandy"" Boudreaux. In addition to the two ""news briefs,"" a short story of this event is included as well as a short story about the event that happened today.

Brief: A short short news brief about an event that happened today."
dpo_entertainment,3,4,"Write a short neutral news brief about an event that happened today.

Brief:"," A local woman goes after a girl who had her vagina removed from her vagina.

Growing up, I was always fascinated by the story of a young boy who could be identified by his short dark brown hair. I always had to imagine that he was a boy, I imagine that in some way his body was made out of a body part. I wonder how he got to the point where he was able to talk his way out of his"
dpo_entertainment,3,5,"Write a short neutral news brief about an event that happened today.

Brief:"," “The City of Buffalo’s $300 Million Community-Funding Program is paying for the construction of a new waterfront and marina, new schools, an apartment complex and a new shopping center on the corner of Waterfront Boulevard and Waterfront Avenue, just blocks from the U.S. military base.”

Carrasco-Leyton was in line to receive an “out-of-town” check for $8."
dpo_entertainment,3,6,"Write a short neutral news brief about an event that happened today.

Brief:","

A video shared by a person claiming to be an undercover reporter who was arrested for posting a brief, “Nixon to Nixon,” on a social media site that was used as part of the investigation, the New York Times (NY) reported (NY Daily News).

The brief was shared by a person claiming to be an undercover reporter who was arrested for posting a brief, “Nixon to Nixon.”

The person claims he"
dpo_entertainment,3,7,"Write a short neutral news brief about an event that happened today.

Brief:"," The New York Times’s “Big Fight: Hillary Clinton vs. Bernie Sanders” on Tuesday, Oct. 18, followed Hillary Clinton’s stunning loss to Bernie Sanders in the Democratic presidential primary.

Brief: “Big Fight” will be posted on the NYTimes website from Tuesday, Oct. 18, through the end of October.

Brief: New York Times News Editor R.C. Garrison said it was “"
dpo_entertainment,3,8,"Write a short neutral news brief about an event that happened today.

Brief:"," It is the third and last time the San Antonio school district is investigating a possible sexual assault at its new campus. It was revealed last month that the student was a part of a ""group of students who were talking about their experience as part of an incident on that campus.""

Short: An investigation is ongoing into an alleged incident that happened at the new school last month.

Brief: This student is part of a group that was"
dpo_entertainment,3,9,"Write a short neutral news brief about an event that happened today.

Brief:"," A story about a news reporter who accidentally left the White House while walking down an escalator after he accidentally left the White House on a busy day.

A story about a news journalist who accidentally left the White House while walking down an escalator after he accidentally left the White House on a busy day.

Brief: A story about a story about a story about a story about a story about a story about a story about a story"
dpo_entertainment,4,0,"Write a short neutral news brief about a change people are discussing.

Brief:"," A news brief about the changes people are discussing, written by a professional news anchor, is published by The Globe and Mail's website, and airs weekdays on weekends.

A similar brief is also available on air, and is edited by staff writer Sarah Smith, who has a background in journalism and has appeared on The World at One and On Air.

""We want to keep these things moving, so we're asking for your"
dpo_entertainment,4,1,"Write a short neutral news brief about a change people are discussing.

Brief:","

A new report is emerging that shows the Federal Reserve is now in the process of selling mortgage bonds as a result of its $16 trillion global credit crisis and the impact of the recent failure of the bank."
dpo_entertainment,4,2,"Write a short neutral news brief about a change people are discussing.

Brief:","

""The Federal Government has a responsibility to protect the American people from this toxic environment and a commitment to protect the environment and the environment’s environment from the environment’s environment” and the “environment’s environment” is a word that’s been thrown around a lot lately in a lot of different ways. People like the EPA, EPA Inspector General, Department of Commerce, the US Dept. of Agriculture and the US Dept. of"
dpo_entertainment,4,3,"Write a short neutral news brief about a change people are discussing.

Brief:"," Change your vote

The video of the new video is available via YouTube in the comments.

Criticism

The video has been criticized by many on the internet as a poorly edited and poorly promoted clip.

References

Category:Dialectical methods
Category:American culture
Category:American television news segments"
dpo_entertainment,4,4,"Write a short neutral news brief about a change people are discussing.

Brief:"," I'm asking people about their feelings on the current topic of ""the most negative change"" about the economy. I know the majority of people are probably feeling really negative, and I have a feeling that if you're feeling really negative, you're probably just trying to make your point more powerful, and if you have negative feelings about the economy, you are probably trying to say that you're doing something wrong.

There's a lot of negative"
dpo_entertainment,4,5,"Write a short neutral news brief about a change people are discussing.

Brief:"," The New York Times is launching a new effort to change the way it describes information.

Here's what this means for you:

The New York Times is launching a new effort to change the way it describes information. It is working with reporters, executives, and executives of other news organizations to create a new format to describe all news releases.

The Times is launching a new effort to change the way it describes information. It is"
dpo_entertainment,4,6,"Write a short neutral news brief about a change people are discussing.

Brief:"," A brief from the state of Texas about the Trump presidency. You don't need to sign up for a free account to read this.

A brief from the state of Texas about the Trump presidency. You don't need to sign up for a free account to read this.

A brief from the state of Texas about the Trump presidency. You don't need to sign up for a free account to read this.

A brief from"
dpo_entertainment,4,7,"Write a short neutral news brief about a change people are discussing.

Brief:"," The following news brief features quotes from the following individuals:

Michael A. Shulman, former chief economist and the former chairman of the Bank of England's Office of National Assessments. He is the author of two books, ""The New Economics: An Outline of New Economic Thinking"" and ""How New Economics Works."" The ""new economics"" article describes his research into the relationship between inflation and economic growth in an article published in"
dpo_entertainment,4,8,"Write a short neutral news brief about a change people are discussing.

Brief:","

“I can’t think of a single person on the planet that doesn’t like me because I’m just so beautiful.”

I’m all for being beautiful but sometimes I want to just keep my body.

I’m sorry that you feel this way but it isn’t a compliment.

I’m just telling you that I love you and I am just saying this because that’s the"
dpo_entertainment,4,9,"Write a short neutral news brief about a change people are discussing.

Brief:","

“The Senate should not vote against this bill. I urge all Americans to stand with the House and the Senate. We need to know about this legislation so we can hold Washington accountable,” said Rep. Jim Sensenbrenner, R-Wis. “This bill will increase our freedom, our economic prosperity, and we can rebuild our country after the economic meltdown that took place after the 2008 financial crisis. This bill protects the American"
dpo_entertainment,5,0,"Write a short neutral news brief about a new plan.

Brief:"," A list of the key ideas the Trump administration has been trying to reach with the Senate Intelligence Committee.

Discussions between Trump and his senior national security adviser John F. Bolton have been hampered by the fact that the U.S. is not yet a full participant in the intelligence process. The Senate Intelligence panel would be required to provide some kind of a timeline of when a classified intelligence report would be produced, but it would still not be"
dpo_entertainment,5,1,"Write a short neutral news brief about a new plan.

Brief:","

This article originally appeared in the March 19, 2009 issue of Sports Illustrated. In the same issue, Sports Illustrated Magazine published a brief on the upcoming announcement that the University of North Carolina Charlotte Bobcats have decided to change their name to the University of North Carolina Charlotte Bobcats.

This article originally appeared in the March 19, 2009 issue of Sports Illustrated. In the same issue, Sports Illustrated Magazine published a brief on"
dpo_entertainment,5,2,"Write a short neutral news brief about a new plan.

Brief:"," What does the FBI’s decision to not turn over its cache of information at the behest of former FBI director James Comey over the weekend mean for the FBI’s investigation of President Donald Trump’s alleged actions during the 2016 election?

Longer, brief: It’s a long shot, but the FBI has made a good case.

Hours before the memo was released, the FBI revealed that it was relying on confidential"
dpo_entertainment,5,3,"Write a short neutral news brief about a new plan.

Brief:"," A short, neutral report on the new Obama administration plan to replace the current two-year term limit for military service members with a lifetime extension.

The brief is included in the book’s first edition.

Cite: Trump’s latest book, “The Inconvenient Sequel: Obama, George W. Bush, and the Coming Trillion-Dollar War on Terrorism,” was published Tuesday.

("
dpo_entertainment,5,4,"Write a short neutral news brief about a new plan.

Brief:"," A new plan to increase the number of people seeking care after a serious injury, and also the number of injuries that can be treated in an emergency room.

A new plan to increase the number of people seeking care after a serious injury, and also the number of injuries that can be treated in an emergency room. Brief: A new plan to increase the number of people seeking care after a serious injury, and also the number of injuries that"
dpo_entertainment,5,5,"Write a short neutral news brief about a new plan.

Brief:","

A team of three U.S. senators will meet with the National Park Service on Thursday to discuss a plan to remove the National Park Service from control of the Washington National Wildlife Refuge to help protect and preserve the National Park.

The meeting will begin at 10 a.m. in the Capitol Visitors Center and will be held in Room 5A of the Capitol Visitors Center.

Brief:

The National Park"
dpo_entertainment,5,6,"Write a short neutral news brief about a new plan.

Brief:","
The National Institute on Drug Abuse is working on a study of the long-term effects of marijuana in kids.

Drug Abuse and Mental Illness

What's a girl to do when her boyfriends show up in her office asking for money?

Drug Abuse:
Police officers at a drug court stop a man who has been arrested for marijuana possession.

Cops:
The police are investigating a man for"
dpo_entertainment,5,7,"Write a short neutral news brief about a new plan.

Brief:","

One of the most remarkable ideas I’ve seen on social media in my years as a writer — and it’s my first time — is an effort to make the notion of the New York Times or any other newspaper, especially in America, a reality. I’ve tried to write about the news from a variety of angles and perspectives, but in trying to write about the NYT, I didn’t feel that the news was"
dpo_entertainment,5,8,"Write a short neutral news brief about a new plan.

Brief:"," It was a little late for the New Hampshire Post to run the full New Hampshire article, as we are still a week away from the State of the World. But we are still excited about the report. I am excited.

I am excited about the state of the New Hampshire economy. If you don't believe me, check out this article, where economist Bob Dole was interviewed for this piece. The article is actually very good, and"
dpo_entertainment,5,9,"Write a short neutral news brief about a new plan.

Brief:","

The new plan will allow the Federal Reserve to reduce money supply, and allow central banks to control inflation. It also requires that all money supply increases be reduced. That is, it requires that every dollar that gets used by every dollar that is being printed is replaced by the next dollar.

It should be noted that the plan is not yet in a full rollback for years and months, or months. It will be in a full"
